time,open,high,low,close,volume
2023-06-01T00:00:00+00:00,1.31000,1.31040,1.30897,1.30937,100
2023-06-01T00:15:00+00:00,1.30937,1.30988,1.30897,1.30948,100
2023-06-01T00:30:00+00:00,1.30948,1.30988,1.30877,1.30917,100
2023-06-01T00:45:00+00:00,1.30917,1.30981,1.30877,1.30941,100
2023-06-01T01:00:00+00:00,1.30941,1.31012,1.30901,1.30972,100
2023-06-01T01:15:00+00:00,1.30972,1.31012,1.30827,1.30867,100
2023-06-01T01:30:00+00:00,1.30867,1.30907,1.30711,1.30751,100
2023-06-01T01:45:00+00:00,1.30751,1.30872,1.30711,1.30832,100
2023-06-01T02:00:00+00:00,1.30832,1.30872,1.30734,1.30774,100
2023-06-01T02:15:00+00:00,1.30774,1.30814,1.30670,1.30710,100
2023-06-01T02:30:00+00:00,1.30710,1.30869,1.30670,1.30829,100
2023-06-01T02:45:00+00:00,1.30829,1.30869,1.30782,1.30822,100
2023-06-01T03:00:00+00:00,1.30822,1.30943,1.30782,1.30903,100
2023-06-01T03:15:00+00:00,1.30903,1.30943,1.30857,1.30897,100
2023-06-01T03:30:00+00:00,1.30897,1.30970,1.30857,1.30930,100
2023-06-01T03:45:00+00:00,1.30930,1.30970,1.30806,1.30846,100
2023-06-01T04:00:00+00:00,1.30846,1.30919,1.30806,1.30879,100
2023-06-01T04:15:00+00:00,1.30879,1.31007,1.30839,1.30967,100
2023-06-01T04:30:00+00:00,1.30967,1.31013,1.30927,1.30973,100
2023-06-01T04:45:00+00:00,1.30973,1.31071,1.30933,1.31031,100
2023-06-01T05:00:00+00:00,1.31031,1.31112,1.30991,1.31072,100
2023-06-01T05:15:00+00:00,1.31072,1.31112,1.30927,1.30967,100
2023-06-01T05:30:00+00:00,1.30967,1.31069,1.30927,1.31029,100
2023-06-01T05:45:00+00:00,1.31029,1.31091,1.30989,1.31051,100
2023-06-01T06:00:00+00:00,1.31051,1.31091,1.30963,1.31003,100
2023-06-01T06:15:00+00:00,1.31003,1.31043,1.30851,1.30891,100
2023-06-01T06:30:00+00:00,1.30891,1.31018,1.30851,1.30978,100
2023-06-01T06:45:00+00:00,1.30978,1.31018,1.30932,1.30972,100
2023-06-01T07:00:00+00:00,1.30972,1.31064,1.30932,1.31024,100
2023-06-01T07:15:00+00:00,1.31024,1.31155,1.30984,1.31115,100
2023-06-01T07:30:00+00:00,1.31115,1.31207,1.31075,1.31167,100
2023-06-01T07:45:00+00:00,1.31167,1.31308,1.31127,1.31268,100
2023-06-01T08:00:00+00:00,1.31268,1.31308,1.31203,1.31243,100
2023-06-01T08:15:00+00:00,1.31243,1.31355,1.31203,1.31315,100
2023-06-01T08:30:00+00:00,1.31315,1.31355,1.31261,1.31301,100
2023-06-01T08:45:00+00:00,1.31301,1.31446,1.31261,1.31406,100
2023-06-01T09:00:00+00:00,1.31406,1.31537,1.31366,1.31497,100
2023-06-01T09:15:00+00:00,1.31497,1.31537,1.31360,1.31400,100
2023-06-01T09:30:00+00:00,1.31400,1.31440,1.31273,1.31313,100
2023-06-01T09:45:00+00:00,1.31313,1.31353,1.31205,1.31245,100
2023-06-01T10:00:00+00:00,1.31245,1.31397,1.31205,1.31357,100
2023-06-01T10:15:00+00:00,1.31357,1.31397,1.31301,1.31341,100
2023-06-01T10:30:00+00:00,1.31341,1.31412,1.31301,1.31372,100
2023-06-01T10:45:00+00:00,1.31372,1.31412,1.31284,1.31324,100
2023-06-01T11:00:00+00:00,1.31324,1.31366,1.31284,1.31326,100
2023-06-01T11:15:00+00:00,1.31326,1.31366,1.31258,1.31298,100
2023-06-01T11:30:00+00:00,1.31298,1.31338,1.31223,1.31263,100
2023-06-01T11:45:00+00:00,1.31263,1.31323,1.31223,1.31283,100
2023-06-01T12:00:00+00:00,1.31283,1.31343,1.31243,1.31303,100
2023-06-01T12:15:00+00:00,1.31303,1.31440,1.31263,1.31400,100
2023-06-01T12:30:00+00:00,1.31400,1.31484,1.31360,1.31444,100
2023-06-01T12:45:00+00:00,1.31444,1.31587,1.31404,1.31547,100
2023-06-01T13:00:00+00:00,1.31547,1.31672,1.31507,1.31632,100
2023-06-01T13:15:00+00:00,1.31632,1.31790,1.31592,1.31750,100
2023-06-01T13:30:00+00:00,1.31750,1.31831,1.31710,1.31791,100
2023-06-01T13:45:00+00:00,1.31791,1.31831,1.31671,1.31711,100
2023-06-01T14:00:00+00:00,1.31711,1.31837,1.31671,1.31797,100
2023-06-01T14:15:00+00:00,1.31797,1.31949,1.31757,1.31909,100
2023-06-01T14:30:00+00:00,1.31909,1.32046,1.31869,1.32006,100
2023-06-01T14:45:00+00:00,1.32006,1.32062,1.31966,1.32022,100
2023-06-01T15:00:00+00:00,1.32022,1.32114,1.31982,1.32074,100
2023-06-01T15:15:00+00:00,1.32074,1.32114,1.31964,1.32004,100
2023-06-01T15:30:00+00:00,1.32004,1.32124,1.31964,1.32084,100
2023-06-01T15:45:00+00:00,1.32084,1.32142,1.32044,1.32102,100
2023-06-01T16:00:00+00:00,1.32102,1.32142,1.32010,1.32050,100
2023-06-01T16:15:00+00:00,1.32050,1.32090,1.31905,1.31945,100
2023-06-01T16:30:00+00:00,1.31945,1.32070,1.31905,1.32030,100
2023-06-01T16:45:00+00:00,1.32030,1.32188,1.31990,1.32148,100
2023-06-01T17:00:00+00:00,1.32148,1.32188,1.32009,1.32049,100
2023-06-01T17:15:00+00:00,1.32049,1.32161,1.32009,1.32121,100
2023-06-01T17:30:00+00:00,1.32121,1.32161,1.32060,1.32100,100
2023-06-01T17:45:00+00:00,1.32100,1.32140,1.31976,1.32016,100
2023-06-01T18:00:00+00:00,1.32016,1.32056,1.31926,1.31966,100
2023-06-01T18:15:00+00:00,1.31966,1.32071,1.31926,1.32031,100
2023-06-01T18:30:00+00:00,1.32031,1.32160,1.31991,1.32120,100
2023-06-01T18:45:00+00:00,1.32120,1.32160,1.31971,1.32011,100
2023-06-01T19:00:00+00:00,1.32011,1.32078,1.31971,1.32038,100
2023-06-01T19:15:00+00:00,1.32038,1.32078,1.31889,1.31929,100
2023-06-01T19:30:00+00:00,1.31929,1.32022,1.31889,1.31982,100
2023-06-01T19:45:00+00:00,1.31982,1.32022,1.31901,1.31941,100
2023-06-01T20:00:00+00:00,1.31941,1.32072,1.31901,1.32032,100
2023-06-01T20:15:00+00:00,1.32032,1.32188,1.31992,1.32148,100
2023-06-01T20:30:00+00:00,1.32148,1.32189,1.32108,1.32149,100
2023-06-01T20:45:00+00:00,1.32149,1.32309,1.32109,1.32269,100
2023-06-01T21:00:00+00:00,1.32269,1.32309,1.32183,1.32223,100
2023-06-01T21:15:00+00:00,1.32223,1.32263,1.32081,1.32121,100
2023-06-01T21:30:00+00:00,1.32121,1.32185,1.32081,1.32145,100
2023-06-01T21:45:00+00:00,1.32145,1.32185,1.31993,1.32033,100
2023-06-01T22:00:00+00:00,1.32033,1.32073,1.31920,1.31960,100
2023-06-01T22:15:00+00:00,1.31960,1.32000,1.31898,1.31938,100
2023-06-01T22:30:00+00:00,1.31938,1.32005,1.31898,1.31965,100
2023-06-01T22:45:00+00:00,1.31965,1.32005,1.31842,1.31882,100
2023-06-01T23:00:00+00:00,1.31882,1.31922,1.31732,1.31772,100
2023-06-01T23:15:00+00:00,1.31772,1.31901,1.31732,1.31861,100
2023-06-01T23:30:00+00:00,1.31861,1.31901,1.31776,1.31816,100
2023-06-01T23:45:00+00:00,1.31816,1.31966,1.31776,1.31926,100
2023-06-02T00:00:00+00:00,1.31926,1.32061,1.31886,1.32021,100
2023-06-02T00:15:00+00:00,1.32021,1.32061,1.31952,1.31992,100
2023-06-02T00:30:00+00:00,1.31992,1.32032,1.31942,1.31982,100
2023-06-02T00:45:00+00:00,1.31982,1.32027,1.31942,1.31987,100
2023-06-02T01:00:00+00:00,1.31987,1.32062,1.31947,1.32022,100
2023-06-02T01:15:00+00:00,1.32022,1.32085,1.31982,1.32045,100
2023-06-02T01:30:00+00:00,1.32045,1.32099,1.32005,1.32059,100
2023-06-02T01:45:00+00:00,1.32059,1.32128,1.32019,1.32088,100
2023-06-02T02:00:00+00:00,1.32088,1.32234,1.32048,1.32194,100
2023-06-02T02:15:00+00:00,1.32194,1.32235,1.32154,1.32195,100
2023-06-02T02:30:00+00:00,1.32195,1.32235,1.32139,1.32179,100
2023-06-02T02:45:00+00:00,1.32179,1.32272,1.32139,1.32232,100
2023-06-02T03:00:00+00:00,1.32232,1.32272,1.32129,1.32169,100
2023-06-02T03:15:00+00:00,1.32169,1.32209,1.32081,1.32121,100
2023-06-02T03:30:00+00:00,1.32121,1.32276,1.32081,1.32236,100
2023-06-02T03:45:00+00:00,1.32236,1.32281,1.32196,1.32241,100
2023-06-02T04:00:00+00:00,1.32241,1.32292,1.32201,1.32252,100
2023-06-02T04:15:00+00:00,1.32252,1.32292,1.32095,1.32135,100
2023-06-02T04:30:00+00:00,1.32135,1.32175,1.32075,1.32115,100
2023-06-02T04:45:00+00:00,1.32115,1.32174,1.32075,1.32134,100
2023-06-02T05:00:00+00:00,1.32134,1.32174,1.31979,1.32019,100
2023-06-02T05:15:00+00:00,1.32019,1.32086,1.31979,1.32046,100
2023-06-02T05:30:00+00:00,1.32046,1.32118,1.32006,1.32078,100
2023-06-02T05:45:00+00:00,1.32078,1.32118,1.31933,1.31973,100
2023-06-02T06:00:00+00:00,1.31973,1.32043,1.31933,1.32003,100
2023-06-02T06:15:00+00:00,1.32003,1.32043,1.31955,1.31995,100
2023-06-02T06:30:00+00:00,1.31995,1.32078,1.31955,1.32038,100
2023-06-02T06:45:00+00:00,1.32038,1.32078,1.31963,1.32003,100
2023-06-02T07:00:00+00:00,1.32003,1.32092,1.31963,1.32052,100
2023-06-02T07:15:00+00:00,1.32052,1.32149,1.32012,1.32109,100
2023-06-02T07:30:00+00:00,1.32109,1.32149,1.31955,1.31995,100
2023-06-02T07:45:00+00:00,1.31995,1.32035,1.31849,1.31889,100
2023-06-02T08:00:00+00:00,1.31889,1.31972,1.31849,1.31932,100
2023-06-02T08:15:00+00:00,1.31932,1.32083,1.31892,1.32043,100
2023-06-02T08:30:00+00:00,1.32043,1.32083,1.31943,1.31983,100
2023-06-02T08:45:00+00:00,1.31983,1.32023,1.31933,1.31973,100
2023-06-02T09:00:00+00:00,1.31973,1.32035,1.31933,1.31995,100
2023-06-02T09:15:00+00:00,1.31995,1.32035,1.31912,1.31952,100
2023-06-02T09:30:00+00:00,1.31952,1.31992,1.31879,1.31919,100
2023-06-02T09:45:00+00:00,1.31919,1.31959,1.31834,1.31874,100
2023-06-02T10:00:00+00:00,1.31874,1.31914,1.31803,1.31843,100
2023-06-02T10:15:00+00:00,1.31843,1.31906,1.31803,1.31866,100
2023-06-02T10:30:00+00:00,1.31866,1.31906,1.31778,1.31818,100
2023-06-02T10:45:00+00:00,1.31818,1.31858,1.31748,1.31788,100
2023-06-02T11:00:00+00:00,1.31788,1.31894,1.31748,1.31854,100
2023-06-02T11:15:00+00:00,1.31854,1.31894,1.31700,1.31740,100
2023-06-02T11:30:00+00:00,1.31740,1.31797,1.31700,1.31757,100
2023-06-02T11:45:00+00:00,1.31757,1.31853,1.31717,1.31813,100
2023-06-02T12:00:00+00:00,1.31813,1.31853,1.31727,1.31767,100
2023-06-02T12:15:00+00:00,1.31767,1.31807,1.31661,1.31701,100
2023-06-02T12:30:00+00:00,1.31701,1.31814,1.31661,1.31774,100
2023-06-02T12:45:00+00:00,1.31774,1.31814,1.31671,1.31711,100
2023-06-02T13:00:00+00:00,1.31711,1.31751,1.31596,1.31636,100
2023-06-02T13:15:00+00:00,1.31636,1.31676,1.31580,1.31620,100
2023-06-02T13:30:00+00:00,1.31620,1.31708,1.31580,1.31668,100
2023-06-02T13:45:00+00:00,1.31668,1.31708,1.31532,1.31572,100
2023-06-02T14:00:00+00:00,1.31572,1.31612,1.31490,1.31530,100
2023-06-02T14:15:00+00:00,1.31530,1.31570,1.31450,1.31490,100
2023-06-02T14:30:00+00:00,1.31490,1.31610,1.31450,1.31570,100
2023-06-02T14:45:00+00:00,1.31570,1.31610,1.31515,1.31555,100
2023-06-02T15:00:00+00:00,1.31555,1.31680,1.31515,1.31640,100
2023-06-02T15:15:00+00:00,1.31640,1.31680,1.31521,1.31561,100
2023-06-02T15:30:00+00:00,1.31561,1.31601,1.31482,1.31522,100
2023-06-02T15:45:00+00:00,1.31522,1.31598,1.31482,1.31558,100
2023-06-02T16:00:00+00:00,1.31558,1.31690,1.31518,1.31650,100
2023-06-02T16:15:00+00:00,1.31650,1.31690,1.31599,1.31639,100
2023-06-02T16:30:00+00:00,1.31639,1.31679,1.31533,1.31573,100
2023-06-02T16:45:00+00:00,1.31573,1.31613,1.31442,1.31482,100
2023-06-02T17:00:00+00:00,1.31482,1.31529,1.31442,1.31489,100
2023-06-02T17:15:00+00:00,1.31489,1.31529,1.31375,1.31415,100
2023-06-02T17:30:00+00:00,1.31415,1.31528,1.31375,1.31488,100
2023-06-02T17:45:00+00:00,1.31488,1.31609,1.31448,1.31569,100
2023-06-02T18:00:00+00:00,1.31569,1.31609,1.31453,1.31493,100
2023-06-02T18:15:00+00:00,1.31493,1.31533,1.31400,1.31440,100
2023-06-02T18:30:00+00:00,1.31440,1.31554,1.31400,1.31514,100
2023-06-02T18:45:00+00:00,1.31514,1.31588,1.31474,1.31548,100
2023-06-02T19:00:00+00:00,1.31548,1.31662,1.31508,1.31622,100
2023-06-02T19:15:00+00:00,1.31622,1.31662,1.31544,1.31584,100
2023-06-02T19:30:00+00:00,1.31584,1.31624,1.31456,1.31496,100
2023-06-02T19:45:00+00:00,1.31496,1.31536,1.31406,1.31446,100
2023-06-02T20:00:00+00:00,1.31446,1.31556,1.31406,1.31516,100
2023-06-02T20:15:00+00:00,1.31516,1.31556,1.31421,1.31461,100
2023-06-02T20:30:00+00:00,1.31461,1.31501,1.31384,1.31424,100
2023-06-02T20:45:00+00:00,1.31424,1.31464,1.31364,1.31404,100
2023-06-02T21:00:00+00:00,1.31404,1.31444,1.31345,1.31385,100
2023-06-02T21:15:00+00:00,1.31385,1.31425,1.31323,1.31363,100
2023-06-02T21:30:00+00:00,1.31363,1.31504,1.31323,1.31464,100
2023-06-02T21:45:00+00:00,1.31464,1.31504,1.31342,1.31382,100
2023-06-02T22:00:00+00:00,1.31382,1.31422,1.31223,1.31263,100
2023-06-02T22:15:00+00:00,1.31263,1.31409,1.31223,1.31369,100
2023-06-02T22:30:00+00:00,1.31369,1.31501,1.31329,1.31461,100
2023-06-02T22:45:00+00:00,1.31461,1.31617,1.31421,1.31577,100
2023-06-02T23:00:00+00:00,1.31577,1.31617,1.31522,1.31562,100
2023-06-02T23:15:00+00:00,1.31562,1.31710,1.31522,1.31670,100
2023-06-02T23:30:00+00:00,1.31670,1.31812,1.31630,1.31772,100
2023-06-02T23:45:00+00:00,1.31772,1.31812,1.31666,1.31706,100
2023-06-05T00:00:00+00:00,1.31706,1.31804,1.31666,1.31764,100
2023-06-05T00:15:00+00:00,1.31764,1.31885,1.31724,1.31845,100
2023-06-05T00:30:00+00:00,1.31845,1.31924,1.31805,1.31884,100
2023-06-05T00:45:00+00:00,1.31884,1.31929,1.31844,1.31889,100
2023-06-05T01:00:00+00:00,1.31889,1.31929,1.31798,1.31838,100
2023-06-05T01:15:00+00:00,1.31838,1.31878,1.31760,1.31800,100
2023-06-05T01:30:00+00:00,1.31800,1.31840,1.31695,1.31735,100
2023-06-05T01:45:00+00:00,1.31735,1.31775,1.31591,1.31631,100
2023-06-05T02:00:00+00:00,1.31631,1.31692,1.31591,1.31652,100
2023-06-05T02:15:00+00:00,1.31652,1.31692,1.31561,1.31601,100
2023-06-05T02:30:00+00:00,1.31601,1.31716,1.31561,1.31676,100
2023-06-05T02:45:00+00:00,1.31676,1.31716,1.31527,1.31567,100
2023-06-05T03:00:00+00:00,1.31567,1.31703,1.31527,1.31663,100
2023-06-05T03:15:00+00:00,1.31663,1.31750,1.31623,1.31710,100
2023-06-05T03:30:00+00:00,1.31710,1.31852,1.31670,1.31812,100
2023-06-05T03:45:00+00:00,1.31812,1.31947,1.31772,1.31907,100
2023-06-05T04:00:00+00:00,1.31907,1.32043,1.31867,1.32003,100
2023-06-05T04:15:00+00:00,1.32003,1.32061,1.31963,1.32021,100
2023-06-05T04:30:00+00:00,1.32021,1.32061,1.31864,1.31904,100
2023-06-05T04:45:00+00:00,1.31904,1.32003,1.31864,1.31963,100
2023-06-05T05:00:00+00:00,1.31963,1.32003,1.31844,1.31884,100
2023-06-05T05:15:00+00:00,1.31884,1.31924,1.31796,1.31836,100
2023-06-05T05:30:00+00:00,1.31836,1.31916,1.31796,1.31876,100
2023-06-05T05:45:00+00:00,1.31876,1.31922,1.31836,1.31882,100
2023-06-05T06:00:00+00:00,1.31882,1.31922,1.31821,1.31861,100
2023-06-05T06:15:00+00:00,1.31861,1.32006,1.31821,1.31966,100
2023-06-05T06:30:00+00:00,1.31966,1.32033,1.31926,1.31993,100
2023-06-05T06:45:00+00:00,1.31993,1.32033,1.31915,1.31955,100
2023-06-05T07:00:00+00:00,1.31955,1.31995,1.31856,1.31896,100
2023-06-05T07:15:00+00:00,1.31896,1.32022,1.31856,1.31982,100
2023-06-05T07:30:00+00:00,1.31982,1.32022,1.31937,1.31977,100
2023-06-05T07:45:00+00:00,1.31977,1.32085,1.31937,1.32045,100
2023-06-05T08:00:00+00:00,1.32045,1.32085,1.31969,1.32009,100
2023-06-05T08:15:00+00:00,1.32009,1.32049,1.31897,1.31937,100
2023-06-05T08:30:00+00:00,1.31937,1.31985,1.31897,1.31945,100
2023-06-05T08:45:00+00:00,1.31945,1.32061,1.31905,1.32021,100
2023-06-05T09:00:00+00:00,1.32021,1.32061,1.31902,1.31942,100
2023-06-05T09:15:00+00:00,1.31942,1.32052,1.31902,1.32012,100
2023-06-05T09:30:00+00:00,1.32012,1.32153,1.31972,1.32113,100
2023-06-05T09:45:00+00:00,1.32113,1.32227,1.32073,1.32187,100
2023-06-05T10:00:00+00:00,1.32187,1.32304,1.32147,1.32264,100
2023-06-05T10:15:00+00:00,1.32264,1.32304,1.32106,1.32146,100
2023-06-05T10:30:00+00:00,1.32146,1.32217,1.32106,1.32177,100
2023-06-05T10:45:00+00:00,1.32177,1.32304,1.32137,1.32264,100
2023-06-05T11:00:00+00:00,1.32264,1.32304,1.32116,1.32156,100
2023-06-05T11:15:00+00:00,1.32156,1.32196,1.32061,1.32101,100
2023-06-05T11:30:00+00:00,1.32101,1.32141,1.32006,1.32046,100
2023-06-05T11:45:00+00:00,1.32046,1.32092,1.32006,1.32052,100
2023-06-05T12:00:00+00:00,1.32052,1.32092,1.31994,1.32034,100
2023-06-05T12:15:00+00:00,1.32034,1.32074,1.31987,1.32027,100
2023-06-05T12:30:00+00:00,1.32027,1.32133,1.31987,1.32093,100
2023-06-05T12:45:00+00:00,1.32093,1.32133,1.31934,1.31974,100
2023-06-05T13:00:00+00:00,1.31974,1.32014,1.31827,1.31867,100
2023-06-05T13:15:00+00:00,1.31867,1.31907,1.31738,1.31778,100
2023-06-05T13:30:00+00:00,1.31778,1.31818,1.31647,1.31687,100
2023-06-05T13:45:00+00:00,1.31687,1.31727,1.31544,1.31584,100
2023-06-05T14:00:00+00:00,1.31584,1.31738,1.31544,1.31698,100
2023-06-05T14:15:00+00:00,1.31698,1.31823,1.31658,1.31783,100
2023-06-05T14:30:00+00:00,1.31783,1.31823,1.31644,1.31684,100
2023-06-05T14:45:00+00:00,1.31684,1.31724,1.31644,1.31684,100
2023-06-05T15:00:00+00:00,1.31684,1.31724,1.31600,1.31640,100
2023-06-05T15:15:00+00:00,1.31640,1.31680,1.31555,1.31595,100
2023-06-05T15:30:00+00:00,1.31595,1.31635,1.31520,1.31560,100
2023-06-05T15:45:00+00:00,1.31560,1.31635,1.31520,1.31595,100
2023-06-05T16:00:00+00:00,1.31595,1.31656,1.31555,1.31616,100
2023-06-05T16:15:00+00:00,1.31616,1.31656,1.31542,1.31582,100
2023-06-05T16:30:00+00:00,1.31582,1.31622,1.31468,1.31508,100
2023-06-05T16:45:00+00:00,1.31508,1.31548,1.31427,1.31467,100
2023-06-05T17:00:00+00:00,1.31467,1.31507,1.31337,1.31377,100
2023-06-05T17:15:00+00:00,1.31377,1.31430,1.31337,1.31390,100
2023-06-05T17:30:00+00:00,1.31390,1.31482,1.31350,1.31442,100
2023-06-05T17:45:00+00:00,1.31442,1.31482,1.31373,1.31413,100
2023-06-05T18:00:00+00:00,1.31413,1.31453,1.31272,1.31312,100
2023-06-05T18:15:00+00:00,1.31312,1.31352,1.31195,1.31235,100
2023-06-05T18:30:00+00:00,1.31235,1.31275,1.31165,1.31205,100
2023-06-05T18:45:00+00:00,1.31205,1.31270,1.31165,1.31230,100
2023-06-05T19:00:00+00:00,1.31230,1.31338,1.31190,1.31298,100
2023-06-05T19:15:00+00:00,1.31298,1.31338,1.31229,1.31269,100
2023-06-05T19:30:00+00:00,1.31269,1.31381,1.31229,1.31341,100
2023-06-05T19:45:00+00:00,1.31341,1.31411,1.31301,1.31371,100
2023-06-05T20:00:00+00:00,1.31371,1.31411,1.31314,1.31354,100
2023-06-05T20:15:00+00:00,1.31354,1.31394,1.31284,1.31324,100
2023-06-05T20:30:00+00:00,1.31324,1.31364,1.31283,1.31323,100
2023-06-05T20:45:00+00:00,1.31323,1.31411,1.31283,1.31371,100
2023-06-05T21:00:00+00:00,1.31371,1.31411,1.31312,1.31352,100
2023-06-05T21:15:00+00:00,1.31352,1.31439,1.31312,1.31399,100
2023-06-05T21:30:00+00:00,1.31399,1.31439,1.31350,1.31390,100
2023-06-05T21:45:00+00:00,1.31390,1.31430,1.31288,1.31328,100
2023-06-05T22:00:00+00:00,1.31328,1.31377,1.31288,1.31337,100
2023-06-05T22:15:00+00:00,1.31337,1.31424,1.31297,1.31384,100
2023-06-05T22:30:00+00:00,1.31384,1.31424,1.31241,1.31281,100
2023-06-05T22:45:00+00:00,1.31281,1.31321,1.31223,1.31263,100
2023-06-05T23:00:00+00:00,1.31263,1.31303,1.31205,1.31245,100
2023-06-05T23:15:00+00:00,1.31245,1.31376,1.31205,1.31336,100
2023-06-05T23:30:00+00:00,1.31336,1.31481,1.31296,1.31441,100
2023-06-05T23:45:00+00:00,1.31441,1.31481,1.31371,1.31411,100
2023-06-06T00:00:00+00:00,1.31411,1.31546,1.31371,1.31506,100
2023-06-06T00:15:00+00:00,1.31506,1.31616,1.31466,1.31576,100
2023-06-06T00:30:00+00:00,1.31576,1.31616,1.31479,1.31519,100
2023-06-06T00:45:00+00:00,1.31519,1.31559,1.31471,1.31511,100
2023-06-06T01:00:00+00:00,1.31511,1.31551,1.31380,1.31420,100
2023-06-06T01:15:00+00:00,1.31420,1.31535,1.31380,1.31495,100
2023-06-06T01:30:00+00:00,1.31495,1.31574,1.31455,1.31534,100
2023-06-06T01:45:00+00:00,1.31534,1.31667,1.31494,1.31627,100
2023-06-06T02:00:00+00:00,1.31627,1.31737,1.31587,1.31697,100
2023-06-06T02:15:00+00:00,1.31697,1.31778,1.31657,1.31738,100
2023-06-06T02:30:00+00:00,1.31738,1.31834,1.31698,1.31794,100
2023-06-06T02:45:00+00:00,1.31794,1.31849,1.31754,1.31809,100
2023-06-06T03:00:00+00:00,1.31809,1.31849,1.31674,1.31714,100
2023-06-06T03:15:00+00:00,1.31714,1.31775,1.31674,1.31735,100
2023-06-06T03:30:00+00:00,1.31735,1.31775,1.31576,1.31616,100
2023-06-06T03:45:00+00:00,1.31616,1.31656,1.31490,1.31530,100
2023-06-06T04:00:00+00:00,1.31530,1.31636,1.31490,1.31596,100
2023-06-06T04:15:00+00:00,1.31596,1.31636,1.31447,1.31487,100
2023-06-06T04:30:00+00:00,1.31487,1.31527,1.31349,1.31389,100
2023-06-06T04:45:00+00:00,1.31389,1.31429,1.31253,1.31293,100
2023-06-06T05:00:00+00:00,1.31293,1.31424,1.31253,1.31384,100
2023-06-06T05:15:00+00:00,1.31384,1.31424,1.31267,1.31307,100
2023-06-06T05:30:00+00:00,1.31307,1.31347,1.31153,1.31193,100
2023-06-06T05:45:00+00:00,1.31193,1.31315,1.31153,1.31275,100
2023-06-06T06:00:00+00:00,1.31275,1.31315,1.31144,1.31184,100
2023-06-06T06:15:00+00:00,1.31184,1.31306,1.31144,1.31266,100
2023-06-06T06:30:00+00:00,1.31266,1.31348,1.31226,1.31308,100
2023-06-06T06:45:00+00:00,1.31308,1.31429,1.31268,1.31389,100
2023-06-06T07:00:00+00:00,1.31389,1.31537,1.31349,1.31497,100
2023-06-06T07:15:00+00:00,1.31497,1.31556,1.31457,1.31516,100
2023-06-06T07:30:00+00:00,1.31516,1.31628,1.31476,1.31588,100
2023-06-06T07:45:00+00:00,1.31588,1.31628,1.31437,1.31477,100
2023-06-06T08:00:00+00:00,1.31477,1.31581,1.31437,1.31541,100
2023-06-06T08:15:00+00:00,1.31541,1.31584,1.31501,1.31544,100
2023-06-06T08:30:00+00:00,1.31544,1.31635,1.31504,1.31595,100
2023-06-06T08:45:00+00:00,1.31595,1.31635,1.31461,1.31501,100
2023-06-06T09:00:00+00:00,1.31501,1.31601,1.31461,1.31561,100
2023-06-06T09:15:00+00:00,1.31561,1.31705,1.31521,1.31665,100
2023-06-06T09:30:00+00:00,1.31665,1.31705,1.31520,1.31560,100
2023-06-06T09:45:00+00:00,1.31560,1.31600,1.31477,1.31517,100
2023-06-06T10:00:00+00:00,1.31517,1.31573,1.31477,1.31533,100
2023-06-06T10:15:00+00:00,1.31533,1.31651,1.31493,1.31611,100
2023-06-06T10:30:00+00:00,1.31611,1.31651,1.31510,1.31550,100
2023-06-06T10:45:00+00:00,1.31550,1.31590,1.31433,1.31473,100
2023-06-06T11:00:00+00:00,1.31473,1.31513,1.31373,1.31413,100
2023-06-06T11:15:00+00:00,1.31413,1.31480,1.31373,1.31440,100
2023-06-06T11:30:00+00:00,1.31440,1.31541,1.31400,1.31501,100
2023-06-06T11:45:00+00:00,1.31501,1.31541,1.31436,1.31476,100
2023-06-06T12:00:00+00:00,1.31476,1.31516,1.31404,1.31444,100
2023-06-06T12:15:00+00:00,1.31444,1.31484,1.31379,1.31419,100
2023-06-06T12:30:00+00:00,1.31419,1.31459,1.31343,1.31383,100
2023-06-06T12:45:00+00:00,1.31383,1.31423,1.31324,1.31364,100
2023-06-06T13:00:00+00:00,1.31364,1.31404,1.31224,1.31264,100
2023-06-06T13:15:00+00:00,1.31264,1.31304,1.31224,1.31264,100
2023-06-06T13:30:00+00:00,1.31264,1.31417,1.31224,1.31377,100
2023-06-06T13:45:00+00:00,1.31377,1.31417,1.31316,1.31356,100
2023-06-06T14:00:00+00:00,1.31356,1.31456,1.31316,1.31416,100
2023-06-06T14:15:00+00:00,1.31416,1.31456,1.31294,1.31334,100
2023-06-06T14:30:00+00:00,1.31334,1.31420,1.31294,1.31380,100
2023-06-06T14:45:00+00:00,1.31380,1.31482,1.31340,1.31442,100
2023-06-06T15:00:00+00:00,1.31442,1.31523,1.31402,1.31483,100
2023-06-06T15:15:00+00:00,1.31483,1.31527,1.31443,1.31487,100
2023-06-06T15:30:00+00:00,1.31487,1.31527,1.31443,1.31483,100
2023-06-06T15:45:00+00:00,1.31483,1.31558,1.31443,1.31518,100
2023-06-06T16:00:00+00:00,1.31518,1.31653,1.31478,1.31613,100
2023-06-06T16:15:00+00:00,1.31613,1.31653,1.31489,1.31529,100
2023-06-06T16:30:00+00:00,1.31529,1.31569,1.31392,1.31432,100
2023-06-06T16:45:00+00:00,1.31432,1.31532,1.31392,1.31492,100
2023-06-06T17:00:00+00:00,1.31492,1.31632,1.31452,1.31592,100
2023-06-06T17:15:00+00:00,1.31592,1.31636,1.31552,1.31596,100
2023-06-06T17:30:00+00:00,1.31596,1.31636,1.31542,1.31582,100
2023-06-06T17:45:00+00:00,1.31582,1.31675,1.31542,1.31635,100
2023-06-06T18:00:00+00:00,1.31635,1.31675,1.31519,1.31559,100
2023-06-06T18:15:00+00:00,1.31559,1.31599,1.31463,1.31503,100
2023-06-06T18:30:00+00:00,1.31503,1.31543,1.31391,1.31431,100
2023-06-06T18:45:00+00:00,1.31431,1.31492,1.31391,1.31452,100
2023-06-06T19:00:00+00:00,1.31452,1.31492,1.31367,1.31407,100
2023-06-06T19:15:00+00:00,1.31407,1.31447,1.31303,1.31343,100
2023-06-06T19:30:00+00:00,1.31343,1.31429,1.31303,1.31389,100
2023-06-06T19:45:00+00:00,1.31389,1.31538,1.31349,1.31498,100
2023-06-06T20:00:00+00:00,1.31498,1.31538,1.31409,1.31449,100
2023-06-06T20:15:00+00:00,1.31449,1.31538,1.31409,1.31498,100
2023-06-06T20:30:00+00:00,1.31498,1.31538,1.31437,1.31477,100
2023-06-06T20:45:00+00:00,1.31477,1.31602,1.31437,1.31562,100
2023-06-06T21:00:00+00:00,1.31562,1.31622,1.31522,1.31582,100
2023-06-06T21:15:00+00:00,1.31582,1.31622,1.31487,1.31527,100
2023-06-06T21:30:00+00:00,1.31527,1.31567,1.31419,1.31459,100
2023-06-06T21:45:00+00:00,1.31459,1.31499,1.31304,1.31344,100
2023-06-06T22:00:00+00:00,1.31344,1.31384,1.31299,1.31339,100
2023-06-06T22:15:00+00:00,1.31339,1.31379,1.31271,1.31311,100
2023-06-06T22:30:00+00:00,1.31311,1.31351,1.31193,1.31233,100
2023-06-06T22:45:00+00:00,1.31233,1.31273,1.31159,1.31199,100
2023-06-06T23:00:00+00:00,1.31199,1.31239,1.31116,1.31156,100
2023-06-06T23:15:00+00:00,1.31156,1.31262,1.31116,1.31222,100
2023-06-06T23:30:00+00:00,1.31222,1.31262,1.31097,1.31137,100
2023-06-06T23:45:00+00:00,1.31137,1.31295,1.31097,1.31255,100
2023-06-07T00:00:00+00:00,1.31255,1.31295,1.31210,1.31250,100
2023-06-07T00:15:00+00:00,1.31250,1.31313,1.31210,1.31273,100
2023-06-07T00:30:00+00:00,1.31273,1.31313,1.31226,1.31266,100
2023-06-07T00:45:00+00:00,1.31266,1.31386,1.31226,1.31346,100
2023-06-07T01:00:00+00:00,1.31346,1.31463,1.31306,1.31423,100
2023-06-07T01:15:00+00:00,1.31423,1.31477,1.31383,1.31437,100
2023-06-07T01:30:00+00:00,1.31437,1.31477,1.31392,1.31432,100
2023-06-07T01:45:00+00:00,1.31432,1.31525,1.31392,1.31485,100
2023-06-07T02:00:00+00:00,1.31485,1.31611,1.31445,1.31571,100
2023-06-07T02:15:00+00:00,1.31571,1.31611,1.31507,1.31547,100
2023-06-07T02:30:00+00:00,1.31547,1.31643,1.31507,1.31603,100
2023-06-07T02:45:00+00:00,1.31603,1.31754,1.31563,1.31714,100
2023-06-07T03:00:00+00:00,1.31714,1.31754,1.31666,1.31706,100
2023-06-07T03:15:00+00:00,1.31706,1.31746,1.31601,1.31641,100
2023-06-07T03:30:00+00:00,1.31641,1.31681,1.31537,1.31577,100
2023-06-07T03:45:00+00:00,1.31577,1.31669,1.31537,1.31629,100
2023-06-07T04:00:00+00:00,1.31629,1.31712,1.31589,1.31672,100
2023-06-07T04:15:00+00:00,1.31672,1.31822,1.31632,1.31782,100
2023-06-07T04:30:00+00:00,1.31782,1.31907,1.31742,1.31867,100
2023-06-07T04:45:00+00:00,1.31867,1.31907,1.31765,1.31805,100
2023-06-07T05:00:00+00:00,1.31805,1.31845,1.31690,1.31730,100
2023-06-07T05:15:00+00:00,1.31730,1.31770,1.31632,1.31672,100
2023-06-07T05:30:00+00:00,1.31672,1.31712,1.31557,1.31597,100
2023-06-07T05:45:00+00:00,1.31597,1.31686,1.31557,1.31646,100
2023-06-07T06:00:00+00:00,1.31646,1.31772,1.31606,1.31732,100
2023-06-07T06:15:00+00:00,1.31732,1.31868,1.31692,1.31828,100
2023-06-07T06:30:00+00:00,1.31828,1.31868,1.31730,1.31770,100
2023-06-07T06:45:00+00:00,1.31770,1.31897,1.31730,1.31857,100
2023-06-07T07:00:00+00:00,1.31857,1.31897,1.31772,1.31812,100
2023-06-07T07:15:00+00:00,1.31812,1.31852,1.31754,1.31794,100
2023-06-07T07:30:00+00:00,1.31794,1.31889,1.31754,1.31849,100
2023-06-07T07:45:00+00:00,1.31849,1.31889,1.31710,1.31750,100
2023-06-07T08:00:00+00:00,1.31750,1.31790,1.31612,1.31652,100
2023-06-07T08:15:00+00:00,1.31652,1.31772,1.31612,1.31732,100
2023-06-07T08:30:00+00:00,1.31732,1.31772,1.31642,1.31682,100
2023-06-07T08:45:00+00:00,1.31682,1.31722,1.31608,1.31648,100
2023-06-07T09:00:00+00:00,1.31648,1.31707,1.31608,1.31667,100
2023-06-07T09:15:00+00:00,1.31667,1.31749,1.31627,1.31709,100
2023-06-07T09:30:00+00:00,1.31709,1.31749,1.31551,1.31591,100
2023-06-07T09:45:00+00:00,1.31591,1.31631,1.31511,1.31551,100
2023-06-07T10:00:00+00:00,1.31551,1.31591,1.31496,1.31536,100
2023-06-07T10:15:00+00:00,1.31536,1.31576,1.31492,1.31532,100
2023-06-07T10:30:00+00:00,1.31532,1.31572,1.31423,1.31463,100
2023-06-07T10:45:00+00:00,1.31463,1.31523,1.31423,1.31483,100
2023-06-07T11:00:00+00:00,1.31483,1.31632,1.31443,1.31592,100
2023-06-07T11:15:00+00:00,1.31592,1.31632,1.31526,1.31566,100
2023-06-07T11:30:00+00:00,1.31566,1.31617,1.31526,1.31577,100
2023-06-07T11:45:00+00:00,1.31577,1.31617,1.31445,1.31485,100
2023-06-07T12:00:00+00:00,1.31485,1.31525,1.31391,1.31431,100
2023-06-07T12:15:00+00:00,1.31431,1.31511,1.31391,1.31471,100
2023-06-07T12:30:00+00:00,1.31471,1.31511,1.31338,1.31378,100
2023-06-07T12:45:00+00:00,1.31378,1.31511,1.31338,1.31471,100
2023-06-07T13:00:00+00:00,1.31471,1.31609,1.31431,1.31569,100
2023-06-07T13:15:00+00:00,1.31569,1.31609,1.31432,1.31472,100
2023-06-07T13:30:00+00:00,1.31472,1.31618,1.31432,1.31578,100
2023-06-07T13:45:00+00:00,1.31578,1.31618,1.31508,1.31548,100
2023-06-07T14:00:00+00:00,1.31548,1.31653,1.31508,1.31613,100
2023-06-07T14:15:00+00:00,1.31613,1.31715,1.31573,1.31675,100
2023-06-07T14:30:00+00:00,1.31675,1.31715,1.31586,1.31626,100
2023-06-07T14:45:00+00:00,1.31626,1.31708,1.31586,1.31668,100
2023-06-07T15:00:00+00:00,1.31668,1.31745,1.31628,1.31705,100
2023-06-07T15:15:00+00:00,1.31705,1.31819,1.31665,1.31779,100
2023-06-07T15:30:00+00:00,1.31779,1.31819,1.31683,1.31723,100
2023-06-07T15:45:00+00:00,1.31723,1.31824,1.31683,1.31784,100
2023-06-07T16:00:00+00:00,1.31784,1.31934,1.31744,1.31894,100
2023-06-07T16:15:00+00:00,1.31894,1.31976,1.31854,1.31936,100
2023-06-07T16:30:00+00:00,1.31936,1.31984,1.31896,1.31944,100
2023-06-07T16:45:00+00:00,1.31944,1.31984,1.31812,1.31852,100
2023-06-07T17:00:00+00:00,1.31852,1.31892,1.31810,1.31850,100
2023-06-07T17:15:00+00:00,1.31850,1.31890,1.31775,1.31815,100
2023-06-07T17:30:00+00:00,1.31815,1.31907,1.31775,1.31867,100
2023-06-07T17:45:00+00:00,1.31867,1.31950,1.31827,1.31910,100
2023-06-07T18:00:00+00:00,1.31910,1.31966,1.31870,1.31926,100
2023-06-07T18:15:00+00:00,1.31926,1.31966,1.31809,1.31849,100
2023-06-07T18:30:00+00:00,1.31849,1.31924,1.31809,1.31884,100
2023-06-07T18:45:00+00:00,1.31884,1.31956,1.31844,1.31916,100
2023-06-07T19:00:00+00:00,1.31916,1.31956,1.31799,1.31839,100
2023-06-07T19:15:00+00:00,1.31839,1.31972,1.31799,1.31932,100
2023-06-07T19:30:00+00:00,1.31932,1.32010,1.31892,1.31970,100
2023-06-07T19:45:00+00:00,1.31970,1.32010,1.31839,1.31879,100
2023-06-07T20:00:00+00:00,1.31879,1.32023,1.31839,1.31983,100
2023-06-07T20:15:00+00:00,1.31983,1.32023,1.31857,1.31897,100
2023-06-07T20:30:00+00:00,1.31897,1.31937,1.31816,1.31856,100
2023-06-07T20:45:00+00:00,1.31856,1.31949,1.31816,1.31909,100
2023-06-07T21:00:00+00:00,1.31909,1.31973,1.31869,1.31933,100
2023-06-07T21:15:00+00:00,1.31933,1.31986,1.31893,1.31946,100
2023-06-07T21:30:00+00:00,1.31946,1.32021,1.31906,1.31981,100
2023-06-07T21:45:00+00:00,1.31981,1.32021,1.31931,1.31971,100
2023-06-07T22:00:00+00:00,1.31971,1.32011,1.31886,1.31926,100
2023-06-07T22:15:00+00:00,1.31926,1.31966,1.31808,1.31848,100
2023-06-07T22:30:00+00:00,1.31848,1.31888,1.31705,1.31745,100
2023-06-07T22:45:00+00:00,1.31745,1.31837,1.31705,1.31797,100
2023-06-07T23:00:00+00:00,1.31797,1.31898,1.31757,1.31858,100
2023-06-07T23:15:00+00:00,1.31858,1.31908,1.31818,1.31868,100
2023-06-07T23:30:00+00:00,1.31868,1.31966,1.31828,1.31926,100
2023-06-07T23:45:00+00:00,1.31926,1.31966,1.31852,1.31892,100
2023-06-08T00:00:00+00:00,1.31892,1.31932,1.31796,1.31836,100
2023-06-08T00:15:00+00:00,1.31836,1.31876,1.31768,1.31808,100
2023-06-08T00:30:00+00:00,1.31808,1.31937,1.31768,1.31897,100
2023-06-08T00:45:00+00:00,1.31897,1.31937,1.31747,1.31787,100
2023-06-08T01:00:00+00:00,1.31787,1.31828,1.31747,1.31788,100
2023-06-08T01:15:00+00:00,1.31788,1.31828,1.31688,1.31728,100
2023-06-08T01:30:00+00:00,1.31728,1.31832,1.31688,1.31792,100
2023-06-08T01:45:00+00:00,1.31792,1.31832,1.31717,1.31757,100
2023-06-08T02:00:00+00:00,1.31757,1.31797,1.31677,1.31717,100
2023-06-08T02:15:00+00:00,1.31717,1.31757,1.31654,1.31694,100
2023-06-08T02:30:00+00:00,1.31694,1.31744,1.31654,1.31704,100
2023-06-08T02:45:00+00:00,1.31704,1.31809,1.31664,1.31769,100
2023-06-08T03:00:00+00:00,1.31769,1.31809,1.31694,1.31734,100
2023-06-08T03:15:00+00:00,1.31734,1.31857,1.31694,1.31817,100
2023-06-08T03:30:00+00:00,1.31817,1.31857,1.31684,1.31724,100
2023-06-08T03:45:00+00:00,1.31724,1.31764,1.31629,1.31669,100
2023-06-08T04:00:00+00:00,1.31669,1.31709,1.31533,1.31573,100
2023-06-08T04:15:00+00:00,1.31573,1.31613,1.31440,1.31480,100
2023-06-08T04:30:00+00:00,1.31480,1.31587,1.31440,1.31547,100
2023-06-08T04:45:00+00:00,1.31547,1.31641,1.31507,1.31601,100
2023-06-08T05:00:00+00:00,1.31601,1.31641,1.31486,1.31526,100
2023-06-08T05:15:00+00:00,1.31526,1.31566,1.31411,1.31451,100
2023-06-08T05:30:00+00:00,1.31451,1.31491,1.31391,1.31431,100
2023-06-08T05:45:00+00:00,1.31431,1.31529,1.31391,1.31489,100
2023-06-08T06:00:00+00:00,1.31489,1.31605,1.31449,1.31565,100
2023-06-08T06:15:00+00:00,1.31565,1.31665,1.31525,1.31625,100
2023-06-08T06:30:00+00:00,1.31625,1.31687,1.31585,1.31647,100
2023-06-08T06:45:00+00:00,1.31647,1.31687,1.31522,1.31562,100
2023-06-08T07:00:00+00:00,1.31562,1.31602,1.31498,1.31538,100
2023-06-08T07:15:00+00:00,1.31538,1.31578,1.31424,1.31464,100
2023-06-08T07:30:00+00:00,1.31464,1.31511,1.31424,1.31471,100
2023-06-08T07:45:00+00:00,1.31471,1.31527,1.31431,1.31487,100
2023-06-08T08:00:00+00:00,1.31487,1.31527,1.31376,1.31416,100
2023-06-08T08:15:00+00:00,1.31416,1.31456,1.31316,1.31356,100
2023-06-08T08:30:00+00:00,1.31356,1.31463,1.31316,1.31423,100
2023-06-08T08:45:00+00:00,1.31423,1.31463,1.31271,1.31311,100
2023-06-08T09:00:00+00:00,1.31311,1.31423,1.31271,1.31383,100
2023-06-08T09:15:00+00:00,1.31383,1.31517,1.31343,1.31477,100
2023-06-08T09:30:00+00:00,1.31477,1.31625,1.31437,1.31585,100
2023-06-08T09:45:00+00:00,1.31585,1.31625,1.31517,1.31557,100
2023-06-08T10:00:00+00:00,1.31557,1.31610,1.31517,1.31570,100
2023-06-08T10:15:00+00:00,1.31570,1.31630,1.31530,1.31590,100
2023-06-08T10:30:00+00:00,1.31590,1.31662,1.31550,1.31622,100
2023-06-08T10:45:00+00:00,1.31622,1.31776,1.31582,1.31736,100
2023-06-08T11:00:00+00:00,1.31736,1.31821,1.31696,1.31781,100
2023-06-08T11:15:00+00:00,1.31781,1.31821,1.31693,1.31733,100
2023-06-08T11:30:00+00:00,1.31733,1.31859,1.31693,1.31819,100
2023-06-08T11:45:00+00:00,1.31819,1.31859,1.31775,1.31815,100
2023-06-08T12:00:00+00:00,1.31815,1.31880,1.31775,1.31840,100
2023-06-08T12:15:00+00:00,1.31840,1.31934,1.31800,1.31894,100
2023-06-08T12:30:00+00:00,1.31894,1.31934,1.31735,1.31775,100
2023-06-08T12:45:00+00:00,1.31775,1.31880,1.31735,1.31840,100
2023-06-08T13:00:00+00:00,1.31840,1.31918,1.31800,1.31878,100
2023-06-08T13:15:00+00:00,1.31878,1.31918,1.31837,1.31877,100
2023-06-08T13:30:00+00:00,1.31877,1.31922,1.31837,1.31882,100
2023-06-08T13:45:00+00:00,1.31882,1.31922,1.31833,1.31873,100
2023-06-08T14:00:00+00:00,1.31873,1.31913,1.31759,1.31799,100
2023-06-08T14:15:00+00:00,1.31799,1.31846,1.31759,1.31806,100
2023-06-08T14:30:00+00:00,1.31806,1.31846,1.31655,1.31695,100
2023-06-08T14:45:00+00:00,1.31695,1.31735,1.31655,1.31695,100
2023-06-08T15:00:00+00:00,1.31695,1.31770,1.31655,1.31730,100
2023-06-08T15:15:00+00:00,1.31730,1.31770,1.31677,1.31717,100
2023-06-08T15:30:00+00:00,1.31717,1.31773,1.31677,1.31733,100
2023-06-08T15:45:00+00:00,1.31733,1.31883,1.31693,1.31843,100
2023-06-08T16:00:00+00:00,1.31843,1.31977,1.31803,1.31937,100
2023-06-08T16:15:00+00:00,1.31937,1.31977,1.31810,1.31850,100
2023-06-08T16:30:00+00:00,1.31850,1.31960,1.31810,1.31920,100
2023-06-08T16:45:00+00:00,1.31920,1.31989,1.31880,1.31949,100
2023-06-08T17:00:00+00:00,1.31949,1.31989,1.31801,1.31841,100
2023-06-08T17:15:00+00:00,1.31841,1.31881,1.31768,1.31808,100
2023-06-08T17:30:00+00:00,1.31808,1.31848,1.31704,1.31744,100
2023-06-08T17:45:00+00:00,1.31744,1.31784,1.31602,1.31642,100
2023-06-08T18:00:00+00:00,1.31642,1.31692,1.31602,1.31652,100
2023-06-08T18:15:00+00:00,1.31652,1.31795,1.31612,1.31755,100
2023-06-08T18:30:00+00:00,1.31755,1.31795,1.31673,1.31713,100
2023-06-08T18:45:00+00:00,1.31713,1.31841,1.31673,1.31801,100
2023-06-08T19:00:00+00:00,1.31801,1.31888,1.31761,1.31848,100
2023-06-08T19:15:00+00:00,1.31848,1.31888,1.31720,1.31760,100
2023-06-08T19:30:00+00:00,1.31760,1.31886,1.31720,1.31846,100
2023-06-08T19:45:00+00:00,1.31846,1.31911,1.31806,1.31871,100
2023-06-08T20:00:00+00:00,1.31871,1.32013,1.31831,1.31973,100
2023-06-08T20:15:00+00:00,1.31973,1.32065,1.31933,1.32025,100
2023-06-08T20:30:00+00:00,1.32025,1.32123,1.31985,1.32083,100
2023-06-08T20:45:00+00:00,1.32083,1.32123,1.32005,1.32045,100
2023-06-08T21:00:00+00:00,1.32045,1.32159,1.32005,1.32119,100
2023-06-08T21:15:00+00:00,1.32119,1.32262,1.32079,1.32222,100
2023-06-08T21:30:00+00:00,1.32222,1.32349,1.32182,1.32309,100
2023-06-08T21:45:00+00:00,1.32309,1.32349,1.32254,1.32294,100
2023-06-08T22:00:00+00:00,1.32294,1.32395,1.32254,1.32355,100
2023-06-08T22:15:00+00:00,1.32355,1.32395,1.32312,1.32352,100
2023-06-08T22:30:00+00:00,1.32352,1.32392,1.32218,1.32258,100
2023-06-08T22:45:00+00:00,1.32258,1.32298,1.32108,1.32148,100
2023-06-08T23:00:00+00:00,1.32148,1.32188,1.32007,1.32047,100
2023-06-08T23:15:00+00:00,1.32047,1.32087,1.31935,1.31975,100
2023-06-08T23:30:00+00:00,1.31975,1.32015,1.31854,1.31894,100
2023-06-08T23:45:00+00:00,1.31894,1.31934,1.31853,1.31893,100
2023-06-09T00:00:00+00:00,1.31893,1.31981,1.31853,1.31941,100
2023-06-09T00:15:00+00:00,1.31941,1.31990,1.31901,1.31950,100
2023-06-09T00:30:00+00:00,1.31950,1.31990,1.31891,1.31931,100
2023-06-09T00:45:00+00:00,1.31931,1.32007,1.31891,1.31967,100
2023-06-09T01:00:00+00:00,1.31967,1.32007,1.31880,1.31920,100
2023-06-09T01:15:00+00:00,1.31920,1.31960,1.31872,1.31912,100
2023-06-09T01:30:00+00:00,1.31912,1.32013,1.31872,1.31973,100
2023-06-09T01:45:00+00:00,1.31973,1.32013,1.31910,1.31950,100
2023-06-09T02:00:00+00:00,1.31950,1.31990,1.31833,1.31873,100
2023-06-09T02:15:00+00:00,1.31873,1.32009,1.31833,1.31969,100
2023-06-09T02:30:00+00:00,1.31969,1.32061,1.31929,1.32021,100
2023-06-09T02:45:00+00:00,1.32021,1.32061,1.31950,1.31990,100
2023-06-09T03:00:00+00:00,1.31990,1.32030,1.31919,1.31959,100
2023-06-09T03:15:00+00:00,1.31959,1.32006,1.31919,1.31966,100
2023-06-09T03:30:00+00:00,1.31966,1.32029,1.31926,1.31989,100
2023-06-09T03:45:00+00:00,1.31989,1.32029,1.31883,1.31923,100
2023-06-09T04:00:00+00:00,1.31923,1.31963,1.31763,1.31803,100
2023-06-09T04:15:00+00:00,1.31803,1.31843,1.31693,1.31733,100
2023-06-09T04:30:00+00:00,1.31733,1.31841,1.31693,1.31801,100
2023-06-09T04:45:00+00:00,1.31801,1.31841,1.31676,1.31716,100
2023-06-09T05:00:00+00:00,1.31716,1.31756,1.31666,1.31706,100
2023-06-09T05:15:00+00:00,1.31706,1.31746,1.31593,1.31633,100
2023-06-09T05:30:00+00:00,1.31633,1.31673,1.31523,1.31563,100
2023-06-09T05:45:00+00:00,1.31563,1.31603,1.31444,1.31484,100
2023-06-09T06:00:00+00:00,1.31484,1.31524,1.31421,1.31461,100
2023-06-09T06:15:00+00:00,1.31461,1.31501,1.31341,1.31381,100
2023-06-09T06:30:00+00:00,1.31381,1.31421,1.31228,1.31268,100
2023-06-09T06:45:00+00:00,1.31268,1.31308,1.31134,1.31174,100
2023-06-09T07:00:00+00:00,1.31174,1.31214,1.31055,1.31095,100
2023-06-09T07:15:00+00:00,1.31095,1.31135,1.31053,1.31093,100
2023-06-09T07:30:00+00:00,1.31093,1.31133,1.30947,1.30987,100
2023-06-09T07:45:00+00:00,1.30987,1.31027,1.30832,1.30872,100
2023-06-09T08:00:00+00:00,1.30872,1.30912,1.30820,1.30860,100
2023-06-09T08:15:00+00:00,1.30860,1.30900,1.30798,1.30838,100
2023-06-09T08:30:00+00:00,1.30838,1.30926,1.30798,1.30886,100
2023-06-09T08:45:00+00:00,1.30886,1.30926,1.30739,1.30779,100
2023-06-09T09:00:00+00:00,1.30779,1.30819,1.30716,1.30756,100
2023-06-09T09:15:00+00:00,1.30756,1.30796,1.30691,1.30731,100
2023-06-09T09:30:00+00:00,1.30731,1.30771,1.30577,1.30617,100
2023-06-09T09:45:00+00:00,1.30617,1.30769,1.30577,1.30729,100
2023-06-09T10:00:00+00:00,1.30729,1.30769,1.30621,1.30661,100
2023-06-09T10:15:00+00:00,1.30661,1.30701,1.30524,1.30564,100
2023-06-09T10:30:00+00:00,1.30564,1.30604,1.30518,1.30558,100
2023-06-09T10:45:00+00:00,1.30558,1.30598,1.30437,1.30477,100
2023-06-09T11:00:00+00:00,1.30477,1.30547,1.30437,1.30507,100
2023-06-09T11:15:00+00:00,1.30507,1.30547,1.30430,1.30470,100
2023-06-09T11:30:00+00:00,1.30470,1.30510,1.30340,1.30380,100
2023-06-09T11:45:00+00:00,1.30380,1.30420,1.30232,1.30272,100
2023-06-09T12:00:00+00:00,1.30272,1.30367,1.30232,1.30327,100
2023-06-09T12:15:00+00:00,1.30327,1.30367,1.30233,1.30273,100
2023-06-09T12:30:00+00:00,1.30273,1.30382,1.30233,1.30342,100
2023-06-09T12:45:00+00:00,1.30342,1.30382,1.30294,1.30334,100
2023-06-09T13:00:00+00:00,1.30334,1.30477,1.30294,1.30437,100
2023-06-09T13:15:00+00:00,1.30437,1.30477,1.30350,1.30390,100
2023-06-09T13:30:00+00:00,1.30390,1.30430,1.30290,1.30330,100
2023-06-09T13:45:00+00:00,1.30330,1.30370,1.30233,1.30273,100
2023-06-09T14:00:00+00:00,1.30273,1.30389,1.30233,1.30349,100
2023-06-09T14:15:00+00:00,1.30349,1.30420,1.30309,1.30380,100
2023-06-09T14:30:00+00:00,1.30380,1.30420,1.30303,1.30343,100
2023-06-09T14:45:00+00:00,1.30343,1.30383,1.30205,1.30245,100
2023-06-09T15:00:00+00:00,1.30245,1.30329,1.30205,1.30289,100
2023-06-09T15:15:00+00:00,1.30289,1.30442,1.30249,1.30402,100
2023-06-09T15:30:00+00:00,1.30402,1.30464,1.30362,1.30424,100
2023-06-09T15:45:00+00:00,1.30424,1.30464,1.30265,1.30305,100
2023-06-09T16:00:00+00:00,1.30305,1.30345,1.30152,1.30192,100
2023-06-09T16:15:00+00:00,1.30192,1.30232,1.30054,1.30094,100
2023-06-09T16:30:00+00:00,1.30094,1.30134,1.29974,1.30014,100
2023-06-09T16:45:00+00:00,1.30014,1.30054,1.29863,1.29903,100
2023-06-09T17:00:00+00:00,1.29903,1.29943,1.29756,1.29796,100
2023-06-09T17:15:00+00:00,1.29796,1.29873,1.29756,1.29833,100
2023-06-09T17:30:00+00:00,1.29833,1.29969,1.29793,1.29929,100
2023-06-09T17:45:00+00:00,1.29929,1.29969,1.29817,1.29857,100
2023-06-09T18:00:00+00:00,1.29857,1.30011,1.29817,1.29971,100
2023-06-09T18:15:00+00:00,1.29971,1.30011,1.29926,1.29966,100
2023-06-09T18:30:00+00:00,1.29966,1.30078,1.29926,1.30038,100
2023-06-09T18:45:00+00:00,1.30038,1.30179,1.29998,1.30139,100
2023-06-09T19:00:00+00:00,1.30139,1.30284,1.30099,1.30244,100
2023-06-09T19:15:00+00:00,1.30244,1.30284,1.30092,1.30132,100
2023-06-09T19:30:00+00:00,1.30132,1.30172,1.30046,1.30086,100
2023-06-09T19:45:00+00:00,1.30086,1.30151,1.30046,1.30111,100
2023-06-09T20:00:00+00:00,1.30111,1.30258,1.30071,1.30218,100
2023-06-09T20:15:00+00:00,1.30218,1.30258,1.30080,1.30120,100
2023-06-09T20:30:00+00:00,1.30120,1.30160,1.30030,1.30070,100
2023-06-09T20:45:00+00:00,1.30070,1.30194,1.30030,1.30154,100
2023-06-09T21:00:00+00:00,1.30154,1.30194,1.30021,1.30061,100
2023-06-09T21:15:00+00:00,1.30061,1.30101,1.29995,1.30035,100
2023-06-09T21:30:00+00:00,1.30035,1.30075,1.29955,1.29995,100
2023-06-09T21:45:00+00:00,1.29995,1.30078,1.29955,1.30038,100
2023-06-09T22:00:00+00:00,1.30038,1.30181,1.29998,1.30141,100
2023-06-09T22:15:00+00:00,1.30141,1.30181,1.30023,1.30063,100
2023-06-09T22:30:00+00:00,1.30063,1.30161,1.30023,1.30121,100
2023-06-09T22:45:00+00:00,1.30121,1.30217,1.30081,1.30177,100
2023-06-09T23:00:00+00:00,1.30177,1.30297,1.30137,1.30257,100
2023-06-09T23:15:00+00:00,1.30257,1.30310,1.30217,1.30270,100
2023-06-09T23:30:00+00:00,1.30270,1.30412,1.30230,1.30372,100
2023-06-09T23:45:00+00:00,1.30372,1.30412,1.30299,1.30339,100
2023-06-12T00:00:00+00:00,1.30339,1.30379,1.30279,1.30319,100
2023-06-12T00:15:00+00:00,1.30319,1.30359,1.30214,1.30254,100
2023-06-12T00:30:00+00:00,1.30254,1.30361,1.30214,1.30321,100
2023-06-12T00:45:00+00:00,1.30321,1.30361,1.30276,1.30316,100
2023-06-12T01:00:00+00:00,1.30316,1.30356,1.30221,1.30261,100
2023-06-12T01:15:00+00:00,1.30261,1.30301,1.30141,1.30181,100
2023-06-12T01:30:00+00:00,1.30181,1.30274,1.30141,1.30234,100
2023-06-12T01:45:00+00:00,1.30234,1.30300,1.30194,1.30260,100
2023-06-12T02:00:00+00:00,1.30260,1.30350,1.30220,1.30310,100
2023-06-12T02:15:00+00:00,1.30310,1.30350,1.30243,1.30283,100
2023-06-12T02:30:00+00:00,1.30283,1.30323,1.30240,1.30280,100
2023-06-12T02:45:00+00:00,1.30280,1.30320,1.30157,1.30197,100
2023-06-12T03:00:00+00:00,1.30197,1.30287,1.30157,1.30247,100
2023-06-12T03:15:00+00:00,1.30247,1.30287,1.30093,1.30133,100
2023-06-12T03:30:00+00:00,1.30133,1.30173,1.30085,1.30125,100
2023-06-12T03:45:00+00:00,1.30125,1.30227,1.30085,1.30187,100
2023-06-12T04:00:00+00:00,1.30187,1.30270,1.30147,1.30230,100
2023-06-12T04:15:00+00:00,1.30230,1.30270,1.30093,1.30133,100
2023-06-12T04:30:00+00:00,1.30133,1.30173,1.30030,1.30070,100
2023-06-12T04:45:00+00:00,1.30070,1.30192,1.30030,1.30152,100
2023-06-12T05:00:00+00:00,1.30152,1.30227,1.30112,1.30187,100
2023-06-12T05:15:00+00:00,1.30187,1.30317,1.30147,1.30277,100
2023-06-12T05:30:00+00:00,1.30277,1.30407,1.30237,1.30367,100
2023-06-12T05:45:00+00:00,1.30367,1.30407,1.30315,1.30355,100
2023-06-12T06:00:00+00:00,1.30355,1.30490,1.30315,1.30450,100
2023-06-12T06:15:00+00:00,1.30450,1.30546,1.30410,1.30506,100
2023-06-12T06:30:00+00:00,1.30506,1.30546,1.30426,1.30466,100
2023-06-12T06:45:00+00:00,1.30466,1.30506,1.30395,1.30435,100
2023-06-12T07:00:00+00:00,1.30435,1.30475,1.30292,1.30332,100
2023-06-12T07:15:00+00:00,1.30332,1.30372,1.30268,1.30308,100
2023-06-12T07:30:00+00:00,1.30308,1.30457,1.30268,1.30417,100
2023-06-12T07:45:00+00:00,1.30417,1.30457,1.30282,1.30322,100
2023-06-12T08:00:00+00:00,1.30322,1.30379,1.30282,1.30339,100
2023-06-12T08:15:00+00:00,1.30339,1.30379,1.30205,1.30245,100
2023-06-12T08:30:00+00:00,1.30245,1.30285,1.30105,1.30145,100
2023-06-12T08:45:00+00:00,1.30145,1.30221,1.30105,1.30181,100
2023-06-12T09:00:00+00:00,1.30181,1.30221,1.30078,1.30118,100
2023-06-12T09:15:00+00:00,1.30118,1.30158,1.29970,1.30010,100
2023-06-12T09:30:00+00:00,1.30010,1.30050,1.29887,1.29927,100
2023-06-12T09:45:00+00:00,1.29927,1.30001,1.29887,1.29961,100
2023-06-12T10:00:00+00:00,1.29961,1.30022,1.29921,1.29982,100
2023-06-12T10:15:00+00:00,1.29982,1.30022,1.29825,1.29865,100
2023-06-12T10:30:00+00:00,1.29865,1.29905,1.29760,1.29800,100
2023-06-12T10:45:00+00:00,1.29800,1.29952,1.29760,1.29912,100
2023-06-12T11:00:00+00:00,1.29912,1.29952,1.29805,1.29845,100
2023-06-12T11:15:00+00:00,1.29845,1.29900,1.29805,1.29860,100
2023-06-12T11:30:00+00:00,1.29860,1.29900,1.29801,1.29841,100
2023-06-12T11:45:00+00:00,1.29841,1.29948,1.29801,1.29908,100
2023-06-12T12:00:00+00:00,1.29908,1.29973,1.29868,1.29933,100
2023-06-12T12:15:00+00:00,1.29933,1.30042,1.29893,1.30002,100
2023-06-12T12:30:00+00:00,1.30002,1.30051,1.29962,1.30011,100
2023-06-12T12:45:00+00:00,1.30011,1.30051,1.29896,1.29936,100
2023-06-12T13:00:00+00:00,1.29936,1.29976,1.29819,1.29859,100
2023-06-12T13:15:00+00:00,1.29859,1.29899,1.29718,1.29758,100
2023-06-12T13:30:00+00:00,1.29758,1.29876,1.29718,1.29836,100
2023-06-12T13:45:00+00:00,1.29836,1.29876,1.29703,1.29743,100
2023-06-12T14:00:00+00:00,1.29743,1.29783,1.29589,1.29629,100
2023-06-12T14:15:00+00:00,1.29629,1.29780,1.29589,1.29740,100
2023-06-12T14:30:00+00:00,1.29740,1.29780,1.29628,1.29668,100
2023-06-12T14:45:00+00:00,1.29668,1.29803,1.29628,1.29763,100
2023-06-12T15:00:00+00:00,1.29763,1.29803,1.29623,1.29663,100
2023-06-12T15:15:00+00:00,1.29663,1.29703,1.29615,1.29655,100
2023-06-12T15:30:00+00:00,1.29655,1.29695,1.29548,1.29588,100
2023-06-12T15:45:00+00:00,1.29588,1.29707,1.29548,1.29667,100
2023-06-12T16:00:00+00:00,1.29667,1.29735,1.29627,1.29695,100
2023-06-12T16:15:00+00:00,1.29695,1.29769,1.29655,1.29729,100
2023-06-12T16:30:00+00:00,1.29729,1.29832,1.29689,1.29792,100
2023-06-12T16:45:00+00:00,1.29792,1.29921,1.29752,1.29881,100
2023-06-12T17:00:00+00:00,1.29881,1.29921,1.29804,1.29844,100
2023-06-12T17:15:00+00:00,1.29844,1.29909,1.29804,1.29869,100
2023-06-12T17:30:00+00:00,1.29869,1.29909,1.29816,1.29856,100
2023-06-12T17:45:00+00:00,1.29856,1.29896,1.29722,1.29762,100
2023-06-12T18:00:00+00:00,1.29762,1.29883,1.29722,1.29843,100
2023-06-12T18:15:00+00:00,1.29843,1.29906,1.29803,1.29866,100
2023-06-12T18:30:00+00:00,1.29866,1.29981,1.29826,1.29941,100
2023-06-12T18:45:00+00:00,1.29941,1.29981,1.29831,1.29871,100
2023-06-12T19:00:00+00:00,1.29871,1.29920,1.29831,1.29880,100
2023-06-12T19:15:00+00:00,1.29880,1.29920,1.29831,1.29871,100
2023-06-12T19:30:00+00:00,1.29871,1.29966,1.29831,1.29926,100
2023-06-12T19:45:00+00:00,1.29926,1.29966,1.29785,1.29825,100
2023-06-12T20:00:00+00:00,1.29825,1.29865,1.29748,1.29788,100
2023-06-12T20:15:00+00:00,1.29788,1.29828,1.29744,1.29784,100
2023-06-12T20:30:00+00:00,1.29784,1.29824,1.29641,1.29681,100
2023-06-12T20:45:00+00:00,1.29681,1.29734,1.29641,1.29694,100
2023-06-12T21:00:00+00:00,1.29694,1.29790,1.29654,1.29750,100
2023-06-12T21:15:00+00:00,1.29750,1.29790,1.29692,1.29732,100
2023-06-12T21:30:00+00:00,1.29732,1.29807,1.29692,1.29767,100
2023-06-12T21:45:00+00:00,1.29767,1.29833,1.29727,1.29793,100
2023-06-12T22:00:00+00:00,1.29793,1.29833,1.29684,1.29724,100
2023-06-12T22:15:00+00:00,1.29724,1.29764,1.29648,1.29688,100
2023-06-12T22:30:00+00:00,1.29688,1.29847,1.29648,1.29807,100
2023-06-12T22:45:00+00:00,1.29807,1.29847,1.29728,1.29768,100
2023-06-12T23:00:00+00:00,1.29768,1.29808,1.29711,1.29751,100
2023-06-12T23:15:00+00:00,1.29751,1.29791,1.29611,1.29651,100
2023-06-12T23:30:00+00:00,1.29651,1.29691,1.29544,1.29584,100
2023-06-12T23:45:00+00:00,1.29584,1.29624,1.29463,1.29503,100
2023-06-13T00:00:00+00:00,1.29503,1.29647,1.29463,1.29607,100
2023-06-13T00:15:00+00:00,1.29607,1.29701,1.29567,1.29661,100
2023-06-13T00:30:00+00:00,1.29661,1.29791,1.29621,1.29751,100
2023-06-13T00:45:00+00:00,1.29751,1.29908,1.29711,1.29868,100
2023-06-13T01:00:00+00:00,1.29868,1.29935,1.29828,1.29895,100
2023-06-13T01:15:00+00:00,1.29895,1.30038,1.29855,1.29998,100
2023-06-13T01:30:00+00:00,1.29998,1.30047,1.29958,1.30007,100
2023-06-13T01:45:00+00:00,1.30007,1.30047,1.29947,1.29987,100
2023-06-13T02:00:00+00:00,1.29987,1.30135,1.29947,1.30095,100
2023-06-13T02:15:00+00:00,1.30095,1.30232,1.30055,1.30192,100
2023-06-13T02:30:00+00:00,1.30192,1.30340,1.30152,1.30300,100
2023-06-13T02:45:00+00:00,1.30300,1.30340,1.30256,1.30296,100
2023-06-13T03:00:00+00:00,1.30296,1.30401,1.30256,1.30361,100
2023-06-13T03:15:00+00:00,1.30361,1.30401,1.30299,1.30339,100
2023-06-13T03:30:00+00:00,1.30339,1.30498,1.30299,1.30458,100
2023-06-13T03:45:00+00:00,1.30458,1.30599,1.30418,1.30559,100
2023-06-13T04:00:00+00:00,1.30559,1.30599,1.30469,1.30509,100
2023-06-13T04:15:00+00:00,1.30509,1.30654,1.30469,1.30614,100
2023-06-13T04:30:00+00:00,1.30614,1.30654,1.30498,1.30538,100
2023-06-13T04:45:00+00:00,1.30538,1.30578,1.30401,1.30441,100
2023-06-13T05:00:00+00:00,1.30441,1.30534,1.30401,1.30494,100
2023-06-13T05:15:00+00:00,1.30494,1.30534,1.30405,1.30445,100
2023-06-13T05:30:00+00:00,1.30445,1.30490,1.30405,1.30450,100
2023-06-13T05:45:00+00:00,1.30450,1.30523,1.30410,1.30483,100
2023-06-13T06:00:00+00:00,1.30483,1.30523,1.30333,1.30373,100
2023-06-13T06:15:00+00:00,1.30373,1.30472,1.30333,1.30432,100
2023-06-13T06:30:00+00:00,1.30432,1.30472,1.30338,1.30378,100
2023-06-13T06:45:00+00:00,1.30378,1.30418,1.30322,1.30362,100
2023-06-13T07:00:00+00:00,1.30362,1.30402,1.30284,1.30324,100
2023-06-13T07:15:00+00:00,1.30324,1.30422,1.30284,1.30382,100
2023-06-13T07:30:00+00:00,1.30382,1.30482,1.30342,1.30442,100
2023-06-13T07:45:00+00:00,1.30442,1.30482,1.30351,1.30391,100
2023-06-13T08:00:00+00:00,1.30391,1.30431,1.30255,1.30295,100
2023-06-13T08:15:00+00:00,1.30295,1.30335,1.30207,1.30247,100
2023-06-13T08:30:00+00:00,1.30247,1.30287,1.30186,1.30226,100
2023-06-13T08:45:00+00:00,1.30226,1.30266,1.30085,1.30125,100
2023-06-13T09:00:00+00:00,1.30125,1.30165,1.30001,1.30041,100
2023-06-13T09:15:00+00:00,1.30041,1.30144,1.30001,1.30104,100
2023-06-13T09:30:00+00:00,1.30104,1.30192,1.30064,1.30152,100
2023-06-13T09:45:00+00:00,1.30152,1.30307,1.30112,1.30267,100
2023-06-13T10:00:00+00:00,1.30267,1.30422,1.30227,1.30382,100
2023-06-13T10:15:00+00:00,1.30382,1.30512,1.30342,1.30472,100
2023-06-13T10:30:00+00:00,1.30472,1.30512,1.30402,1.30442,100
2023-06-13T10:45:00+00:00,1.30442,1.30482,1.30320,1.30360,100
2023-06-13T11:00:00+00:00,1.30360,1.30400,1.30275,1.30315,100
2023-06-13T11:15:00+00:00,1.30315,1.30355,1.30266,1.30306,100
2023-06-13T11:30:00+00:00,1.30306,1.30353,1.30266,1.30313,100
2023-06-13T11:45:00+00:00,1.30313,1.30363,1.30273,1.30323,100
2023-06-13T12:00:00+00:00,1.30323,1.30363,1.30249,1.30289,100
2023-06-13T12:15:00+00:00,1.30289,1.30414,1.30249,1.30374,100
2023-06-13T12:30:00+00:00,1.30374,1.30414,1.30282,1.30322,100
2023-06-13T12:45:00+00:00,1.30322,1.30362,1.30273,1.30313,100
2023-06-13T13:00:00+00:00,1.30313,1.30446,1.30273,1.30406,100
2023-06-13T13:15:00+00:00,1.30406,1.30520,1.30366,1.30480,100
2023-06-13T13:30:00+00:00,1.30480,1.30520,1.30391,1.30431,100
2023-06-13T13:45:00+00:00,1.30431,1.30471,1.30329,1.30369,100
2023-06-13T14:00:00+00:00,1.30369,1.30483,1.30329,1.30443,100
2023-06-13T14:15:00+00:00,1.30443,1.30483,1.30285,1.30325,100
2023-06-13T14:30:00+00:00,1.30325,1.30365,1.30197,1.30237,100
2023-06-13T14:45:00+00:00,1.30237,1.30284,1.30197,1.30244,100
2023-06-13T15:00:00+00:00,1.30244,1.30293,1.30204,1.30253,100
2023-06-13T15:15:00+00:00,1.30253,1.30293,1.30133,1.30173,100
2023-06-13T15:30:00+00:00,1.30173,1.30213,1.30025,1.30065,100
2023-06-13T15:45:00+00:00,1.30065,1.30105,1.29954,1.29994,100
2023-06-13T16:00:00+00:00,1.29994,1.30099,1.29954,1.30059,100
2023-06-13T16:15:00+00:00,1.30059,1.30099,1.30010,1.30050,100
2023-06-13T16:30:00+00:00,1.30050,1.30205,1.30010,1.30165,100
2023-06-13T16:45:00+00:00,1.30165,1.30274,1.30125,1.30234,100
2023-06-13T17:00:00+00:00,1.30234,1.30389,1.30194,1.30349,100
2023-06-13T17:15:00+00:00,1.30349,1.30389,1.30197,1.30237,100
2023-06-13T17:30:00+00:00,1.30237,1.30277,1.30122,1.30162,100
2023-06-13T17:45:00+00:00,1.30162,1.30202,1.30005,1.30045,100
2023-06-13T18:00:00+00:00,1.30045,1.30085,1.29989,1.30029,100
2023-06-13T18:15:00+00:00,1.30029,1.30069,1.29950,1.29990,100
2023-06-13T18:30:00+00:00,1.29990,1.30030,1.29842,1.29882,100
2023-06-13T18:45:00+00:00,1.29882,1.29933,1.29842,1.29893,100
2023-06-13T19:00:00+00:00,1.29893,1.29933,1.29756,1.29796,100
2023-06-13T19:15:00+00:00,1.29796,1.29836,1.29710,1.29750,100
2023-06-13T19:30:00+00:00,1.29750,1.29790,1.29650,1.29690,100
2023-06-13T19:45:00+00:00,1.29690,1.29802,1.29650,1.29762,100
2023-06-13T20:00:00+00:00,1.29762,1.29802,1.29703,1.29743,100
2023-06-13T20:15:00+00:00,1.29743,1.29783,1.29645,1.29685,100
2023-06-13T20:30:00+00:00,1.29685,1.29725,1.29536,1.29576,100
2023-06-13T20:45:00+00:00,1.29576,1.29616,1.29519,1.29559,100
2023-06-13T21:00:00+00:00,1.29559,1.29629,1.29519,1.29589,100
2023-06-13T21:15:00+00:00,1.29589,1.29672,1.29549,1.29632,100
2023-06-13T21:30:00+00:00,1.29632,1.29771,1.29592,1.29731,100
2023-06-13T21:45:00+00:00,1.29731,1.29845,1.29691,1.29805,100
2023-06-13T22:00:00+00:00,1.29805,1.29845,1.29704,1.29744,100
2023-06-13T22:15:00+00:00,1.29744,1.29784,1.29617,1.29657,100
2023-06-13T22:30:00+00:00,1.29657,1.29758,1.29617,1.29718,100
2023-06-13T22:45:00+00:00,1.29718,1.29828,1.29678,1.29788,100
2023-06-13T23:00:00+00:00,1.29788,1.29830,1.29748,1.29790,100
2023-06-13T23:15:00+00:00,1.29790,1.29910,1.29750,1.29870,100
2023-06-13T23:30:00+00:00,1.29870,1.29922,1.29830,1.29882,100
2023-06-13T23:45:00+00:00,1.29882,1.29922,1.29789,1.29829,100
2023-06-14T00:00:00+00:00,1.29829,1.29869,1.29710,1.29750,100
2023-06-14T00:15:00+00:00,1.29750,1.29790,1.29594,1.29634,100
2023-06-14T00:30:00+00:00,1.29634,1.29708,1.29594,1.29668,100
2023-06-14T00:45:00+00:00,1.29668,1.29803,1.29628,1.29763,100
2023-06-14T01:00:00+00:00,1.29763,1.29901,1.29723,1.29861,100
2023-06-14T01:15:00+00:00,1.29861,1.29901,1.29813,1.29853,100
2023-06-14T01:30:00+00:00,1.29853,1.29933,1.29813,1.29893,100
2023-06-14T01:45:00+00:00,1.29893,1.30036,1.29853,1.29996,100
2023-06-14T02:00:00+00:00,1.29996,1.30111,1.29956,1.30071,100
2023-06-14T02:15:00+00:00,1.30071,1.30136,1.30031,1.30096,100
2023-06-14T02:30:00+00:00,1.30096,1.30136,1.30035,1.30075,100
2023-06-14T02:45:00+00:00,1.30075,1.30119,1.30035,1.30079,100
2023-06-14T03:00:00+00:00,1.30079,1.30119,1.29960,1.30000,100
2023-06-14T03:15:00+00:00,1.30000,1.30040,1.29884,1.29924,100
2023-06-14T03:30:00+00:00,1.29924,1.30008,1.29884,1.29968,100
2023-06-14T03:45:00+00:00,1.29968,1.30127,1.29928,1.30087,100
2023-06-14T04:00:00+00:00,1.30087,1.30138,1.30047,1.30098,100
2023-06-14T04:15:00+00:00,1.30098,1.30138,1.30036,1.30076,100
2023-06-14T04:30:00+00:00,1.30076,1.30116,1.30000,1.30040,100
2023-06-14T04:45:00+00:00,1.30040,1.30080,1.29989,1.30029,100
2023-06-14T05:00:00+00:00,1.30029,1.30142,1.29989,1.30102,100
2023-06-14T05:15:00+00:00,1.30102,1.30142,1.30051,1.30091,100
2023-06-14T05:30:00+00:00,1.30091,1.30241,1.30051,1.30201,100
2023-06-14T05:45:00+00:00,1.30201,1.30241,1.30078,1.30118,100
2023-06-14T06:00:00+00:00,1.30118,1.30158,1.30034,1.30074,100
2023-06-14T06:15:00+00:00,1.30074,1.30119,1.30034,1.30079,100
2023-06-14T06:30:00+00:00,1.30079,1.30119,1.30018,1.30058,100
2023-06-14T06:45:00+00:00,1.30058,1.30182,1.30018,1.30142,100
2023-06-14T07:00:00+00:00,1.30142,1.30261,1.30102,1.30221,100
2023-06-14T07:15:00+00:00,1.30221,1.30364,1.30181,1.30324,100
2023-06-14T07:30:00+00:00,1.30324,1.30391,1.30284,1.30351,100
2023-06-14T07:45:00+00:00,1.30351,1.30391,1.30199,1.30239,100
2023-06-14T08:00:00+00:00,1.30239,1.30297,1.30199,1.30257,100
2023-06-14T08:15:00+00:00,1.30257,1.30308,1.30217,1.30268,100
2023-06-14T08:30:00+00:00,1.30268,1.30308,1.30226,1.30266,100
2023-06-14T08:45:00+00:00,1.30266,1.30306,1.30173,1.30213,100
2023-06-14T09:00:00+00:00,1.30213,1.30303,1.30173,1.30263,100
2023-06-14T09:15:00+00:00,1.30263,1.30402,1.30223,1.30362,100
2023-06-14T09:30:00+00:00,1.30362,1.30402,1.30226,1.30266,100
2023-06-14T09:45:00+00:00,1.30266,1.30347,1.30226,1.30307,100
2023-06-14T10:00:00+00:00,1.30307,1.30347,1.30236,1.30276,100
2023-06-14T10:15:00+00:00,1.30276,1.30319,1.30236,1.30279,100
2023-06-14T10:30:00+00:00,1.30279,1.30414,1.30239,1.30374,100
2023-06-14T10:45:00+00:00,1.30374,1.30525,1.30334,1.30485,100
2023-06-14T11:00:00+00:00,1.30485,1.30559,1.30445,1.30519,100
2023-06-14T11:15:00+00:00,1.30519,1.30559,1.30406,1.30446,100
2023-06-14T11:30:00+00:00,1.30446,1.30587,1.30406,1.30547,100
2023-06-14T11:45:00+00:00,1.30547,1.30587,1.30431,1.30471,100
2023-06-14T12:00:00+00:00,1.30471,1.30511,1.30403,1.30443,100
2023-06-14T12:15:00+00:00,1.30443,1.30561,1.30403,1.30521,100
2023-06-14T12:30:00+00:00,1.30521,1.30561,1.30437,1.30477,100
2023-06-14T12:45:00+00:00,1.30477,1.30517,1.30382,1.30422,100
2023-06-14T13:00:00+00:00,1.30422,1.30570,1.30382,1.30530,100
2023-06-14T13:15:00+00:00,1.30530,1.30677,1.30490,1.30637,100
2023-06-14T13:30:00+00:00,1.30637,1.30677,1.30553,1.30593,100
2023-06-14T13:45:00+00:00,1.30593,1.30633,1.30527,1.30567,100
2023-06-14T14:00:00+00:00,1.30567,1.30607,1.30475,1.30515,100
2023-06-14T14:15:00+00:00,1.30515,1.30555,1.30386,1.30426,100
2023-06-14T14:30:00+00:00,1.30426,1.30466,1.30326,1.30366,100
2023-06-14T14:45:00+00:00,1.30366,1.30522,1.30326,1.30482,100
2023-06-14T15:00:00+00:00,1.30482,1.30522,1.30341,1.30381,100
2023-06-14T15:15:00+00:00,1.30381,1.30421,1.30276,1.30316,100
2023-06-14T15:30:00+00:00,1.30316,1.30356,1.30204,1.30244,100
2023-06-14T15:45:00+00:00,1.30244,1.30284,1.30103,1.30143,100
2023-06-14T16:00:00+00:00,1.30143,1.30189,1.30103,1.30149,100
2023-06-14T16:15:00+00:00,1.30149,1.30248,1.30109,1.30208,100
2023-06-14T16:30:00+00:00,1.30208,1.30329,1.30168,1.30289,100
2023-06-14T16:45:00+00:00,1.30289,1.30360,1.30249,1.30320,100
2023-06-14T17:00:00+00:00,1.30320,1.30436,1.30280,1.30396,100
2023-06-14T17:15:00+00:00,1.30396,1.30436,1.30238,1.30278,100
2023-06-14T17:30:00+00:00,1.30278,1.30318,1.30185,1.30225,100
2023-06-14T17:45:00+00:00,1.30225,1.30376,1.30185,1.30336,100
2023-06-14T18:00:00+00:00,1.30336,1.30376,1.30193,1.30233,100
2023-06-14T18:15:00+00:00,1.30233,1.30273,1.30137,1.30177,100
2023-06-14T18:30:00+00:00,1.30177,1.30217,1.30133,1.30173,100
2023-06-14T18:45:00+00:00,1.30173,1.30213,1.30077,1.30117,100
2023-06-14T19:00:00+00:00,1.30117,1.30168,1.30077,1.30128,100
2023-06-14T19:15:00+00:00,1.30128,1.30168,1.29980,1.30020,100
2023-06-14T19:30:00+00:00,1.30020,1.30060,1.29916,1.29956,100
2023-06-14T19:45:00+00:00,1.29956,1.30106,1.29916,1.30066,100
2023-06-14T20:00:00+00:00,1.30066,1.30106,1.29941,1.29981,100
2023-06-14T20:15:00+00:00,1.29981,1.30118,1.29941,1.30078,100
2023-06-14T20:30:00+00:00,1.30078,1.30118,1.29961,1.30001,100
2023-06-14T20:45:00+00:00,1.30001,1.30159,1.29961,1.30119,100
2023-06-14T21:00:00+00:00,1.30119,1.30201,1.30079,1.30161,100
2023-06-14T21:15:00+00:00,1.30161,1.30236,1.30121,1.30196,100
2023-06-14T21:30:00+00:00,1.30196,1.30236,1.30070,1.30110,100
2023-06-14T21:45:00+00:00,1.30110,1.30150,1.29963,1.30003,100
2023-06-14T22:00:00+00:00,1.30003,1.30106,1.29963,1.30066,100
2023-06-14T22:15:00+00:00,1.30066,1.30106,1.29948,1.29988,100
2023-06-14T22:30:00+00:00,1.29988,1.30028,1.29873,1.29913,100
2023-06-14T22:45:00+00:00,1.29913,1.30031,1.29873,1.29991,100
2023-06-14T23:00:00+00:00,1.29991,1.30121,1.29951,1.30081,100
2023-06-14T23:15:00+00:00,1.30081,1.30121,1.29933,1.29973,100
2023-06-14T23:30:00+00:00,1.29973,1.30123,1.29933,1.30083,100
2023-06-14T23:45:00+00:00,1.30083,1.30131,1.30043,1.30091,100
2023-06-15T00:00:00+00:00,1.30091,1.30131,1.30023,1.30063,100
2023-06-15T00:15:00+00:00,1.30063,1.30103,1.29929,1.29969,100
2023-06-15T00:30:00+00:00,1.29969,1.30009,1.29902,1.29942,100
2023-06-15T00:45:00+00:00,1.29942,1.30099,1.29902,1.30059,100
2023-06-15T01:00:00+00:00,1.30059,1.30099,1.29967,1.30007,100
2023-06-15T01:15:00+00:00,1.30007,1.30047,1.29878,1.29918,100
2023-06-15T01:30:00+00:00,1.29918,1.29958,1.29793,1.29833,100
2023-06-15T01:45:00+00:00,1.29833,1.29873,1.29704,1.29744,100
2023-06-15T02:00:00+00:00,1.29744,1.29784,1.29668,1.29708,100
2023-06-15T02:15:00+00:00,1.29708,1.29848,1.29668,1.29808,100
2023-06-15T02:30:00+00:00,1.29808,1.29848,1.29666,1.29706,100
2023-06-15T02:45:00+00:00,1.29706,1.29746,1.29592,1.29632,100
2023-06-15T03:00:00+00:00,1.29632,1.29778,1.29592,1.29738,100
2023-06-15T03:15:00+00:00,1.29738,1.29897,1.29698,1.29857,100
2023-06-15T03:30:00+00:00,1.29857,1.30012,1.29817,1.29972,100
2023-06-15T03:45:00+00:00,1.29972,1.30012,1.29871,1.29911,100
2023-06-15T04:00:00+00:00,1.29911,1.29951,1.29836,1.29876,100
2023-06-15T04:15:00+00:00,1.29876,1.30025,1.29836,1.29985,100
2023-06-15T04:30:00+00:00,1.29985,1.30025,1.29941,1.29981,100
2023-06-15T04:45:00+00:00,1.29981,1.30070,1.29941,1.30030,100
2023-06-15T05:00:00+00:00,1.30030,1.30070,1.29945,1.29985,100
2023-06-15T05:15:00+00:00,1.29985,1.30025,1.29830,1.29870,100
2023-06-15T05:30:00+00:00,1.29870,1.29910,1.29793,1.29833,100
2023-06-15T05:45:00+00:00,1.29833,1.29933,1.29793,1.29893,100
2023-06-15T06:00:00+00:00,1.29893,1.30000,1.29853,1.29960,100
2023-06-15T06:15:00+00:00,1.29960,1.30017,1.29920,1.29977,100
2023-06-15T06:30:00+00:00,1.29977,1.30017,1.29928,1.29968,100
2023-06-15T06:45:00+00:00,1.29968,1.30017,1.29928,1.29977,100
2023-06-15T07:00:00+00:00,1.29977,1.30017,1.29923,1.29963,100
2023-06-15T07:15:00+00:00,1.29963,1.30012,1.29923,1.29972,100
2023-06-15T07:30:00+00:00,1.29972,1.30092,1.29932,1.30052,100
2023-06-15T07:45:00+00:00,1.30052,1.30092,1.29940,1.29980,100
2023-06-15T08:00:00+00:00,1.29980,1.30042,1.29940,1.30002,100
2023-06-15T08:15:00+00:00,1.30002,1.30146,1.29962,1.30106,100
2023-06-15T08:30:00+00:00,1.30106,1.30230,1.30066,1.30190,100
2023-06-15T08:45:00+00:00,1.30190,1.30230,1.30073,1.30113,100
2023-06-15T09:00:00+00:00,1.30113,1.30264,1.30073,1.30224,100
2023-06-15T09:15:00+00:00,1.30224,1.30346,1.30184,1.30306,100
2023-06-15T09:30:00+00:00,1.30306,1.30346,1.30186,1.30226,100
2023-06-15T09:45:00+00:00,1.30226,1.30266,1.30130,1.30170,100
2023-06-15T10:00:00+00:00,1.30170,1.30210,1.30058,1.30098,100
2023-06-15T10:15:00+00:00,1.30098,1.30138,1.29951,1.29991,100
2023-06-15T10:30:00+00:00,1.29991,1.30146,1.29951,1.30106,100
2023-06-15T10:45:00+00:00,1.30106,1.30146,1.30044,1.30084,100
2023-06-15T11:00:00+00:00,1.30084,1.30214,1.30044,1.30174,100
2023-06-15T11:15:00+00:00,1.30174,1.30214,1.30041,1.30081,100
2023-06-15T11:30:00+00:00,1.30081,1.30121,1.29924,1.29964,100
2023-06-15T11:45:00+00:00,1.29964,1.30093,1.29924,1.30053,100
2023-06-15T12:00:00+00:00,1.30053,1.30164,1.30013,1.30124,100
2023-06-15T12:15:00+00:00,1.30124,1.30282,1.30084,1.30242,100
2023-06-15T12:30:00+00:00,1.30242,1.30326,1.30202,1.30286,100
2023-06-15T12:45:00+00:00,1.30286,1.30332,1.30246,1.30292,100
2023-06-15T13:00:00+00:00,1.30292,1.30396,1.30252,1.30356,100
2023-06-15T13:15:00+00:00,1.30356,1.30396,1.30218,1.30258,100
2023-06-15T13:30:00+00:00,1.30258,1.30308,1.30218,1.30268,100
2023-06-15T13:45:00+00:00,1.30268,1.30308,1.30214,1.30254,100
2023-06-15T14:00:00+00:00,1.30254,1.30294,1.30129,1.30169,100
2023-06-15T14:15:00+00:00,1.30169,1.30233,1.30129,1.30193,100
2023-06-15T14:30:00+00:00,1.30193,1.30233,1.30111,1.30151,100
2023-06-15T14:45:00+00:00,1.30151,1.30192,1.30111,1.30152,100
2023-06-15T15:00:00+00:00,1.30152,1.30192,1.30082,1.30122,100
2023-06-15T15:15:00+00:00,1.30122,1.30162,1.30038,1.30078,100
2023-06-15T15:30:00+00:00,1.30078,1.30118,1.30004,1.30044,100
2023-06-15T15:45:00+00:00,1.30044,1.30109,1.30004,1.30069,100
2023-06-15T16:00:00+00:00,1.30069,1.30224,1.30029,1.30184,100
2023-06-15T16:15:00+00:00,1.30184,1.30329,1.30144,1.30289,100
2023-06-15T16:30:00+00:00,1.30289,1.30415,1.30249,1.30375,100
2023-06-15T16:45:00+00:00,1.30375,1.30496,1.30335,1.30456,100
2023-06-15T17:00:00+00:00,1.30456,1.30496,1.30365,1.30405,100
2023-06-15T17:15:00+00:00,1.30405,1.30559,1.30365,1.30519,100
2023-06-15T17:30:00+00:00,1.30519,1.30559,1.30424,1.30464,100
2023-06-15T17:45:00+00:00,1.30464,1.30504,1.30333,1.30373,100
2023-06-15T18:00:00+00:00,1.30373,1.30414,1.30333,1.30374,100
2023-06-15T18:15:00+00:00,1.30374,1.30469,1.30334,1.30429,100
2023-06-15T18:30:00+00:00,1.30429,1.30469,1.30351,1.30391,100
2023-06-15T18:45:00+00:00,1.30391,1.30466,1.30351,1.30426,100
2023-06-15T19:00:00+00:00,1.30426,1.30466,1.30334,1.30374,100
2023-06-15T19:15:00+00:00,1.30374,1.30526,1.30334,1.30486,100
2023-06-15T19:30:00+00:00,1.30486,1.30526,1.30435,1.30475,100
2023-06-15T19:45:00+00:00,1.30475,1.30515,1.30429,1.30469,100
2023-06-15T20:00:00+00:00,1.30469,1.30517,1.30429,1.30477,100
2023-06-15T20:15:00+00:00,1.30477,1.30607,1.30437,1.30567,100
2023-06-15T20:30:00+00:00,1.30567,1.30724,1.30527,1.30684,100
2023-06-15T20:45:00+00:00,1.30684,1.30730,1.30644,1.30690,100
2023-06-15T21:00:00+00:00,1.30690,1.30730,1.30636,1.30676,100
2023-06-15T21:15:00+00:00,1.30676,1.30745,1.30636,1.30705,100
2023-06-15T21:30:00+00:00,1.30705,1.30745,1.30561,1.30601,100
2023-06-15T21:45:00+00:00,1.30601,1.30641,1.30543,1.30583,100
2023-06-15T22:00:00+00:00,1.30583,1.30707,1.30543,1.30667,100
2023-06-15T22:15:00+00:00,1.30667,1.30773,1.30627,1.30733,100
2023-06-15T22:30:00+00:00,1.30733,1.30773,1.30588,1.30628,100
2023-06-15T22:45:00+00:00,1.30628,1.30753,1.30588,1.30713,100
2023-06-15T23:00:00+00:00,1.30713,1.30753,1.30645,1.30685,100
2023-06-15T23:15:00+00:00,1.30685,1.30840,1.30645,1.30800,100
2023-06-15T23:30:00+00:00,1.30800,1.30840,1.30728,1.30768,100
2023-06-15T23:45:00+00:00,1.30768,1.30808,1.30660,1.30700,100
2023-06-16T00:00:00+00:00,1.30700,1.30752,1.30660,1.30712,100
2023-06-16T00:15:00+00:00,1.30712,1.30844,1.30672,1.30804,100
2023-06-16T00:30:00+00:00,1.30804,1.30844,1.30747,1.30787,100
2023-06-16T00:45:00+00:00,1.30787,1.30915,1.30747,1.30875,100
2023-06-16T01:00:00+00:00,1.30875,1.30966,1.30835,1.30926,100
2023-06-16T01:15:00+00:00,1.30926,1.30966,1.30853,1.30893,100
2023-06-16T01:30:00+00:00,1.30893,1.30933,1.30805,1.30845,100
2023-06-16T01:45:00+00:00,1.30845,1.30886,1.30805,1.30846,100
2023-06-16T02:00:00+00:00,1.30846,1.30886,1.30782,1.30822,100
2023-06-16T02:15:00+00:00,1.30822,1.30862,1.30751,1.30791,100
2023-06-16T02:30:00+00:00,1.30791,1.30868,1.30751,1.30828,100
2023-06-16T02:45:00+00:00,1.30828,1.30958,1.30788,1.30918,100
2023-06-16T03:00:00+00:00,1.30918,1.30978,1.30878,1.30938,100
2023-06-16T03:15:00+00:00,1.30938,1.30978,1.30813,1.30853,100
2023-06-16T03:30:00+00:00,1.30853,1.30893,1.30746,1.30786,100
2023-06-16T03:45:00+00:00,1.30786,1.30826,1.30715,1.30755,100
2023-06-16T04:00:00+00:00,1.30755,1.30823,1.30715,1.30783,100
2023-06-16T04:15:00+00:00,1.30783,1.30823,1.30656,1.30696,100
2023-06-16T04:30:00+00:00,1.30696,1.30736,1.30556,1.30596,100
2023-06-16T04:45:00+00:00,1.30596,1.30636,1.30513,1.30553,100
2023-06-16T05:00:00+00:00,1.30553,1.30593,1.30460,1.30500,100
2023-06-16T05:15:00+00:00,1.30500,1.30540,1.30348,1.30388,100
2023-06-16T05:30:00+00:00,1.30388,1.30437,1.30348,1.30397,100
2023-06-16T05:45:00+00:00,1.30397,1.30538,1.30357,1.30498,100
2023-06-16T06:00:00+00:00,1.30498,1.30546,1.30458,1.30506,100
2023-06-16T06:15:00+00:00,1.30506,1.30603,1.30466,1.30563,100
2023-06-16T06:30:00+00:00,1.30563,1.30682,1.30523,1.30642,100
2023-06-16T06:45:00+00:00,1.30642,1.30763,1.30602,1.30723,100
2023-06-16T07:00:00+00:00,1.30723,1.30862,1.30683,1.30822,100
2023-06-16T07:15:00+00:00,1.30822,1.30862,1.30768,1.30808,100
2023-06-16T07:30:00+00:00,1.30808,1.30892,1.30768,1.30852,100
2023-06-16T07:45:00+00:00,1.30852,1.30892,1.30721,1.30761,100
2023-06-16T08:00:00+00:00,1.30761,1.30892,1.30721,1.30852,100
2023-06-16T08:15:00+00:00,1.30852,1.30892,1.30783,1.30823,100
2023-06-16T08:30:00+00:00,1.30823,1.30863,1.30777,1.30817,100
2023-06-16T08:45:00+00:00,1.30817,1.30951,1.30777,1.30911,100
2023-06-16T09:00:00+00:00,1.30911,1.30951,1.30819,1.30859,100
2023-06-16T09:15:00+00:00,1.30859,1.30899,1.30745,1.30785,100
2023-06-16T09:30:00+00:00,1.30785,1.30903,1.30745,1.30863,100
2023-06-16T09:45:00+00:00,1.30863,1.30926,1.30823,1.30886,100
2023-06-16T10:00:00+00:00,1.30886,1.30926,1.30747,1.30787,100
2023-06-16T10:15:00+00:00,1.30787,1.30827,1.30634,1.30674,100
2023-06-16T10:30:00+00:00,1.30674,1.30714,1.30598,1.30638,100
2023-06-16T10:45:00+00:00,1.30638,1.30678,1.30480,1.30520,100
2023-06-16T11:00:00+00:00,1.30520,1.30639,1.30480,1.30599,100
2023-06-16T11:15:00+00:00,1.30599,1.30639,1.30483,1.30523,100
2023-06-16T11:30:00+00:00,1.30523,1.30563,1.30429,1.30469,100
2023-06-16T11:45:00+00:00,1.30469,1.30509,1.30403,1.30443,100
2023-06-16T12:00:00+00:00,1.30443,1.30485,1.30403,1.30445,100
2023-06-16T12:15:00+00:00,1.30445,1.30485,1.30389,1.30429,100
2023-06-16T12:30:00+00:00,1.30429,1.30500,1.30389,1.30460,100
2023-06-16T12:45:00+00:00,1.30460,1.30538,1.30420,1.30498,100
2023-06-16T13:00:00+00:00,1.30498,1.30538,1.30443,1.30483,100
2023-06-16T13:15:00+00:00,1.30483,1.30523,1.30346,1.30386,100
2023-06-16T13:30:00+00:00,1.30386,1.30541,1.30346,1.30501,100
2023-06-16T13:45:00+00:00,1.30501,1.30587,1.30461,1.30547,100
2023-06-16T14:00:00+00:00,1.30547,1.30587,1.30407,1.30447,100
2023-06-16T14:15:00+00:00,1.30447,1.30487,1.30393,1.30433,100
2023-06-16T14:30:00+00:00,1.30433,1.30534,1.30393,1.30494,100
2023-06-16T14:45:00+00:00,1.30494,1.30652,1.30454,1.30612,100
2023-06-16T15:00:00+00:00,1.30612,1.30652,1.30468,1.30508,100
2023-06-16T15:15:00+00:00,1.30508,1.30548,1.30350,1.30390,100
2023-06-16T15:30:00+00:00,1.30390,1.30430,1.30346,1.30386,100
2023-06-16T15:45:00+00:00,1.30386,1.30426,1.30327,1.30367,100
2023-06-16T16:00:00+00:00,1.30367,1.30501,1.30327,1.30461,100
2023-06-16T16:15:00+00:00,1.30461,1.30580,1.30421,1.30540,100
2023-06-16T16:30:00+00:00,1.30540,1.30580,1.30459,1.30499,100
2023-06-16T16:45:00+00:00,1.30499,1.30539,1.30440,1.30480,100
2023-06-16T17:00:00+00:00,1.30480,1.30540,1.30440,1.30500,100
2023-06-16T17:15:00+00:00,1.30500,1.30632,1.30460,1.30592,100
2023-06-16T17:30:00+00:00,1.30592,1.30632,1.30480,1.30520,100
2023-06-16T17:45:00+00:00,1.30520,1.30560,1.30455,1.30495,100
2023-06-16T18:00:00+00:00,1.30495,1.30535,1.30356,1.30396,100
2023-06-16T18:15:00+00:00,1.30396,1.30470,1.30356,1.30430,100
2023-06-16T18:30:00+00:00,1.30430,1.30470,1.30276,1.30316,100
2023-06-16T18:45:00+00:00,1.30316,1.30460,1.30276,1.30420,100
2023-06-16T19:00:00+00:00,1.30420,1.30466,1.30380,1.30426,100
2023-06-16T19:15:00+00:00,1.30426,1.30484,1.30386,1.30444,100
2023-06-16T19:30:00+00:00,1.30444,1.30484,1.30304,1.30344,100
2023-06-16T19:45:00+00:00,1.30344,1.30384,1.30240,1.30280,100
2023-06-16T20:00:00+00:00,1.30280,1.30320,1.30233,1.30273,100
2023-06-16T20:15:00+00:00,1.30273,1.30398,1.30233,1.30358,100
2023-06-16T20:30:00+00:00,1.30358,1.30408,1.30318,1.30368,100
2023-06-16T20:45:00+00:00,1.30368,1.30408,1.30276,1.30316,100
2023-06-16T21:00:00+00:00,1.30316,1.30472,1.30276,1.30432,100
2023-06-16T21:15:00+00:00,1.30432,1.30510,1.30392,1.30470,100
2023-06-16T21:30:00+00:00,1.30470,1.30517,1.30430,1.30477,100
2023-06-16T21:45:00+00:00,1.30477,1.30517,1.30366,1.30406,100
2023-06-16T22:00:00+00:00,1.30406,1.30446,1.30317,1.30357,100
2023-06-16T22:15:00+00:00,1.30357,1.30493,1.30317,1.30453,100
2023-06-16T22:30:00+00:00,1.30453,1.30493,1.30325,1.30365,100
2023-06-16T22:45:00+00:00,1.30365,1.30413,1.30325,1.30373,100
2023-06-16T23:00:00+00:00,1.30373,1.30442,1.30333,1.30402,100
2023-06-16T23:15:00+00:00,1.30402,1.30442,1.30327,1.30367,100
2023-06-16T23:30:00+00:00,1.30367,1.30471,1.30327,1.30431,100
2023-06-16T23:45:00+00:00,1.30431,1.30570,1.30391,1.30530,100
2023-06-19T00:00:00+00:00,1.30530,1.30656,1.30490,1.30616,100
2023-06-19T00:15:00+00:00,1.30616,1.30713,1.30576,1.30673,100
2023-06-19T00:30:00+00:00,1.30673,1.30713,1.30562,1.30602,100
2023-06-19T00:45:00+00:00,1.30602,1.30642,1.30456,1.30496,100
2023-06-19T01:00:00+00:00,1.30496,1.30536,1.30440,1.30480,100
2023-06-19T01:15:00+00:00,1.30480,1.30520,1.30395,1.30435,100
2023-06-19T01:30:00+00:00,1.30435,1.30475,1.30321,1.30361,100
2023-06-19T01:45:00+00:00,1.30361,1.30490,1.30321,1.30450,100
2023-06-19T02:00:00+00:00,1.30450,1.30490,1.30342,1.30382,100
2023-06-19T02:15:00+00:00,1.30382,1.30500,1.30342,1.30460,100
2023-06-19T02:30:00+00:00,1.30460,1.30605,1.30420,1.30565,100
2023-06-19T02:45:00+00:00,1.30565,1.30605,1.30433,1.30473,100
2023-06-19T03:00:00+00:00,1.30473,1.30613,1.30433,1.30573,100
2023-06-19T03:15:00+00:00,1.30573,1.30613,1.30508,1.30548,100
2023-06-19T03:30:00+00:00,1.30548,1.30588,1.30439,1.30479,100
2023-06-19T03:45:00+00:00,1.30479,1.30519,1.30364,1.30404,100
2023-06-19T04:00:00+00:00,1.30404,1.30444,1.30253,1.30293,100
2023-06-19T04:15:00+00:00,1.30293,1.30333,1.30252,1.30292,100
2023-06-19T04:30:00+00:00,1.30292,1.30332,1.30225,1.30265,100
2023-06-19T04:45:00+00:00,1.30265,1.30389,1.30225,1.30349,100
2023-06-19T05:00:00+00:00,1.30349,1.30469,1.30309,1.30429,100
2023-06-19T05:15:00+00:00,1.30429,1.30469,1.30283,1.30323,100
2023-06-19T05:30:00+00:00,1.30323,1.30363,1.30259,1.30299,100
2023-06-19T05:45:00+00:00,1.30299,1.30339,1.30232,1.30272,100
2023-06-19T06:00:00+00:00,1.30272,1.30312,1.30155,1.30195,100
2023-06-19T06:15:00+00:00,1.30195,1.30235,1.30095,1.30135,100
2023-06-19T06:30:00+00:00,1.30135,1.30175,1.30038,1.30078,100
2023-06-19T06:45:00+00:00,1.30078,1.30165,1.30038,1.30125,100
2023-06-19T07:00:00+00:00,1.30125,1.30165,1.30047,1.30087,100
2023-06-19T07:15:00+00:00,1.30087,1.30127,1.29953,1.29993,100
2023-06-19T07:30:00+00:00,1.29993,1.30033,1.29886,1.29926,100
2023-06-19T07:45:00+00:00,1.29926,1.29966,1.29872,1.29912,100
2023-06-19T08:00:00+00:00,1.29912,1.29968,1.29872,1.29928,100
2023-06-19T08:15:00+00:00,1.29928,1.29968,1.29827,1.29867,100
2023-06-19T08:30:00+00:00,1.29867,1.29955,1.29827,1.29915,100
2023-06-19T08:45:00+00:00,1.29915,1.29955,1.29806,1.29846,100
2023-06-19T09:00:00+00:00,1.29846,1.29927,1.29806,1.29887,100
2023-06-19T09:15:00+00:00,1.29887,1.29954,1.29847,1.29914,100
2023-06-19T09:30:00+00:00,1.29914,1.29954,1.29796,1.29836,100
2023-06-19T09:45:00+00:00,1.29836,1.29936,1.29796,1.29896,100
2023-06-19T10:00:00+00:00,1.29896,1.29936,1.29831,1.29871,100
2023-06-19T10:15:00+00:00,1.29871,1.29920,1.29831,1.29880,100
2023-06-19T10:30:00+00:00,1.29880,1.29944,1.29840,1.29904,100
2023-06-19T10:45:00+00:00,1.29904,1.29974,1.29864,1.29934,100
2023-06-19T11:00:00+00:00,1.29934,1.29974,1.29881,1.29921,100
2023-06-19T11:15:00+00:00,1.29921,1.29961,1.29774,1.29814,100
2023-06-19T11:30:00+00:00,1.29814,1.29923,1.29774,1.29883,100
2023-06-19T11:45:00+00:00,1.29883,1.30009,1.29843,1.29969,100
2023-06-19T12:00:00+00:00,1.29969,1.30009,1.29927,1.29967,100
2023-06-19T12:15:00+00:00,1.29967,1.30026,1.29927,1.29986,100
2023-06-19T12:30:00+00:00,1.29986,1.30026,1.29890,1.29930,100
2023-06-19T12:45:00+00:00,1.29930,1.30066,1.29890,1.30026,100
2023-06-19T13:00:00+00:00,1.30026,1.30110,1.29986,1.30070,100
2023-06-19T13:15:00+00:00,1.30070,1.30110,1.29964,1.30004,100
2023-06-19T13:30:00+00:00,1.30004,1.30120,1.29964,1.30080,100
2023-06-19T13:45:00+00:00,1.30080,1.30236,1.30040,1.30196,100
2023-06-19T14:00:00+00:00,1.30196,1.30236,1.30119,1.30159,100
2023-06-19T14:15:00+00:00,1.30159,1.30318,1.30119,1.30278,100
2023-06-19T14:30:00+00:00,1.30278,1.30318,1.30234,1.30274,100
2023-06-19T14:45:00+00:00,1.30274,1.30314,1.30157,1.30197,100
2023-06-19T15:00:00+00:00,1.30197,1.30289,1.30157,1.30249,100
2023-06-19T15:15:00+00:00,1.30249,1.30289,1.30171,1.30211,100
2023-06-19T15:30:00+00:00,1.30211,1.30306,1.30171,1.30266,100
2023-06-19T15:45:00+00:00,1.30266,1.30326,1.30226,1.30286,100
2023-06-19T16:00:00+00:00,1.30286,1.30326,1.30152,1.30192,100
2023-06-19T16:15:00+00:00,1.30192,1.30239,1.30152,1.30199,100
2023-06-19T16:30:00+00:00,1.30199,1.30323,1.30159,1.30283,100
2023-06-19T16:45:00+00:00,1.30283,1.30323,1.30238,1.30278,100
2023-06-19T17:00:00+00:00,1.30278,1.30327,1.30238,1.30287,100
2023-06-19T17:15:00+00:00,1.30287,1.30414,1.30247,1.30374,100
2023-06-19T17:30:00+00:00,1.30374,1.30414,1.30322,1.30362,100
2023-06-19T17:45:00+00:00,1.30362,1.30402,1.30320,1.30360,100
2023-06-19T18:00:00+00:00,1.30360,1.30420,1.30320,1.30380,100
2023-06-19T18:15:00+00:00,1.30380,1.30498,1.30340,1.30458,100
2023-06-19T18:30:00+00:00,1.30458,1.30498,1.30346,1.30386,100
2023-06-19T18:45:00+00:00,1.30386,1.30426,1.30249,1.30289,100
2023-06-19T19:00:00+00:00,1.30289,1.30391,1.30249,1.30351,100
2023-06-19T19:15:00+00:00,1.30351,1.30404,1.30311,1.30364,100
2023-06-19T19:30:00+00:00,1.30364,1.30404,1.30277,1.30317,100
2023-06-19T19:45:00+00:00,1.30317,1.30451,1.30277,1.30411,100
2023-06-19T20:00:00+00:00,1.30411,1.30543,1.30371,1.30503,100
2023-06-19T20:15:00+00:00,1.30503,1.30553,1.30463,1.30513,100
2023-06-19T20:30:00+00:00,1.30513,1.30670,1.30473,1.30630,100
2023-06-19T20:45:00+00:00,1.30630,1.30751,1.30590,1.30711,100
2023-06-19T21:00:00+00:00,1.30711,1.30810,1.30671,1.30770,100
2023-06-19T21:15:00+00:00,1.30770,1.30810,1.30680,1.30720,100
2023-06-19T21:30:00+00:00,1.30720,1.30760,1.30563,1.30603,100
2023-06-19T21:45:00+00:00,1.30603,1.30686,1.30563,1.30646,100
2023-06-19T22:00:00+00:00,1.30646,1.30742,1.30606,1.30702,100
2023-06-19T22:15:00+00:00,1.30702,1.30742,1.30626,1.30666,100
2023-06-19T22:30:00+00:00,1.30666,1.30706,1.30621,1.30661,100
2023-06-19T22:45:00+00:00,1.30661,1.30717,1.30621,1.30677,100
2023-06-19T23:00:00+00:00,1.30677,1.30717,1.30577,1.30617,100
2023-06-19T23:15:00+00:00,1.30617,1.30705,1.30577,1.30665,100
2023-06-19T23:30:00+00:00,1.30665,1.30720,1.30625,1.30680,100
2023-06-19T23:45:00+00:00,1.30680,1.30720,1.30612,1.30652,100
2023-06-20T00:00:00+00:00,1.30652,1.30692,1.30519,1.30559,100
2023-06-20T00:15:00+00:00,1.30559,1.30612,1.30519,1.30572,100
2023-06-20T00:30:00+00:00,1.30572,1.30612,1.30488,1.30528,100
2023-06-20T00:45:00+00:00,1.30528,1.30622,1.30488,1.30582,100
2023-06-20T01:00:00+00:00,1.30582,1.30622,1.30464,1.30504,100
2023-06-20T01:15:00+00:00,1.30504,1.30544,1.30438,1.30478,100
2023-06-20T01:30:00+00:00,1.30478,1.30518,1.30365,1.30405,100
2023-06-20T01:45:00+00:00,1.30405,1.30445,1.30343,1.30383,100
2023-06-20T02:00:00+00:00,1.30383,1.30442,1.30343,1.30402,100
2023-06-20T02:15:00+00:00,1.30402,1.30442,1.30267,1.30307,100
2023-06-20T02:30:00+00:00,1.30307,1.30347,1.30161,1.30201,100
2023-06-20T02:45:00+00:00,1.30201,1.30241,1.30156,1.30196,100
2023-06-20T03:00:00+00:00,1.30196,1.30236,1.30085,1.30125,100
2023-06-20T03:15:00+00:00,1.30125,1.30166,1.30085,1.30126,100
2023-06-20T03:30:00+00:00,1.30126,1.30166,1.30006,1.30046,100
2023-06-20T03:45:00+00:00,1.30046,1.30086,1.29910,1.29950,100
2023-06-20T04:00:00+00:00,1.29950,1.29999,1.29910,1.29959,100
2023-06-20T04:15:00+00:00,1.29959,1.30101,1.29919,1.30061,100
2023-06-20T04:30:00+00:00,1.30061,1.30189,1.30021,1.30149,100
2023-06-20T04:45:00+00:00,1.30149,1.30193,1.30109,1.30153,100
2023-06-20T05:00:00+00:00,1.30153,1.30193,1.30088,1.30128,100
2023-06-20T05:15:00+00:00,1.30128,1.30168,1.29984,1.30024,100
2023-06-20T05:30:00+00:00,1.30024,1.30064,1.29930,1.29970,100
2023-06-20T05:45:00+00:00,1.29970,1.30010,1.29886,1.29926,100
2023-06-20T06:00:00+00:00,1.29926,1.30072,1.29886,1.30032,100
2023-06-20T06:15:00+00:00,1.30032,1.30072,1.29900,1.29940,100
2023-06-20T06:30:00+00:00,1.29940,1.30088,1.29900,1.30048,100
2023-06-20T06:45:00+00:00,1.30048,1.30088,1.30002,1.30042,100
2023-06-20T07:00:00+00:00,1.30042,1.30082,1.29986,1.30026,100
2023-06-20T07:15:00+00:00,1.30026,1.30066,1.29929,1.29969,100
2023-06-20T07:30:00+00:00,1.29969,1.30120,1.29929,1.30080,100
2023-06-20T07:45:00+00:00,1.30080,1.30120,1.29965,1.30005,100
2023-06-20T08:00:00+00:00,1.30005,1.30062,1.29965,1.30022,100
2023-06-20T08:15:00+00:00,1.30022,1.30064,1.29982,1.30024,100
2023-06-20T08:30:00+00:00,1.30024,1.30064,1.29912,1.29952,100
2023-06-20T08:45:00+00:00,1.29952,1.29992,1.29846,1.29886,100
2023-06-20T09:00:00+00:00,1.29886,1.30042,1.29846,1.30002,100
2023-06-20T09:15:00+00:00,1.30002,1.30112,1.29962,1.30072,100
2023-06-20T09:30:00+00:00,1.30072,1.30168,1.30032,1.30128,100
2023-06-20T09:45:00+00:00,1.30128,1.30265,1.30088,1.30225,100
2023-06-20T10:00:00+00:00,1.30225,1.30265,1.30088,1.30128,100
2023-06-20T10:15:00+00:00,1.30128,1.30217,1.30088,1.30177,100
2023-06-20T10:30:00+00:00,1.30177,1.30277,1.30137,1.30237,100
2023-06-20T10:45:00+00:00,1.30237,1.30277,1.30132,1.30172,100
2023-06-20T11:00:00+00:00,1.30172,1.30212,1.30121,1.30161,100
2023-06-20T11:15:00+00:00,1.30161,1.30315,1.30121,1.30275,100
2023-06-20T11:30:00+00:00,1.30275,1.30315,1.30194,1.30234,100
2023-06-20T11:45:00+00:00,1.30234,1.30336,1.30194,1.30296,100
2023-06-20T12:00:00+00:00,1.30296,1.30336,1.30176,1.30216,100
2023-06-20T12:15:00+00:00,1.30216,1.30296,1.30176,1.30256,100
2023-06-20T12:30:00+00:00,1.30256,1.30296,1.30161,1.30201,100
2023-06-20T12:45:00+00:00,1.30201,1.30243,1.30161,1.30203,100
2023-06-20T13:00:00+00:00,1.30203,1.30243,1.30132,1.30172,100
2023-06-20T13:15:00+00:00,1.30172,1.30301,1.30132,1.30261,100
2023-06-20T13:30:00+00:00,1.30261,1.30360,1.30221,1.30320,100
2023-06-20T13:45:00+00:00,1.30320,1.30361,1.30280,1.30321,100
2023-06-20T14:00:00+00:00,1.30321,1.30406,1.30281,1.30366,100
2023-06-20T14:15:00+00:00,1.30366,1.30406,1.30309,1.30349,100
2023-06-20T14:30:00+00:00,1.30349,1.30462,1.30309,1.30422,100
2023-06-20T14:45:00+00:00,1.30422,1.30462,1.30323,1.30363,100
2023-06-20T15:00:00+00:00,1.30363,1.30414,1.30323,1.30374,100
2023-06-20T15:15:00+00:00,1.30374,1.30435,1.30334,1.30395,100
2023-06-20T15:30:00+00:00,1.30395,1.30435,1.30328,1.30368,100
2023-06-20T15:45:00+00:00,1.30368,1.30408,1.30219,1.30259,100
2023-06-20T16:00:00+00:00,1.30259,1.30299,1.30140,1.30180,100
2023-06-20T16:15:00+00:00,1.30180,1.30253,1.30140,1.30213,100
2023-06-20T16:30:00+00:00,1.30213,1.30253,1.30104,1.30144,100
2023-06-20T16:45:00+00:00,1.30144,1.30246,1.30104,1.30206,100
2023-06-20T17:00:00+00:00,1.30206,1.30247,1.30166,1.30207,100
2023-06-20T17:15:00+00:00,1.30207,1.30356,1.30167,1.30316,100
2023-06-20T17:30:00+00:00,1.30316,1.30440,1.30276,1.30400,100
2023-06-20T17:45:00+00:00,1.30400,1.30494,1.30360,1.30454,100
2023-06-20T18:00:00+00:00,1.30454,1.30494,1.30383,1.30423,100
2023-06-20T18:15:00+00:00,1.30423,1.30463,1.30274,1.30314,100
2023-06-20T18:30:00+00:00,1.30314,1.30368,1.30274,1.30328,100
2023-06-20T18:45:00+00:00,1.30328,1.30426,1.30288,1.30386,100
2023-06-20T19:00:00+00:00,1.30386,1.30528,1.30346,1.30488,100
2023-06-20T19:15:00+00:00,1.30488,1.30528,1.30376,1.30416,100
2023-06-20T19:30:00+00:00,1.30416,1.30456,1.30294,1.30334,100
2023-06-20T19:45:00+00:00,1.30334,1.30490,1.30294,1.30450,100
2023-06-20T20:00:00+00:00,1.30450,1.30547,1.30410,1.30507,100
2023-06-20T20:15:00+00:00,1.30507,1.30547,1.30463,1.30503,100
2023-06-20T20:30:00+00:00,1.30503,1.30601,1.30463,1.30561,100
2023-06-20T20:45:00+00:00,1.30561,1.30601,1.30436,1.30476,100
2023-06-20T21:00:00+00:00,1.30476,1.30527,1.30436,1.30487,100
2023-06-20T21:15:00+00:00,1.30487,1.30567,1.30447,1.30527,100
2023-06-20T21:30:00+00:00,1.30527,1.30592,1.30487,1.30552,100
2023-06-20T21:45:00+00:00,1.30552,1.30592,1.30431,1.30471,100
2023-06-20T22:00:00+00:00,1.30471,1.30511,1.30344,1.30384,100
2023-06-20T22:15:00+00:00,1.30384,1.30454,1.30344,1.30414,100
2023-06-20T22:30:00+00:00,1.30414,1.30546,1.30374,1.30506,100
2023-06-20T22:45:00+00:00,1.30506,1.30546,1.30379,1.30419,100
2023-06-20T23:00:00+00:00,1.30419,1.30459,1.30261,1.30301,100
2023-06-20T23:15:00+00:00,1.30301,1.30341,1.30161,1.30201,100
2023-06-20T23:30:00+00:00,1.30201,1.30309,1.30161,1.30269,100
2023-06-20T23:45:00+00:00,1.30269,1.30309,1.30203,1.30243,100
2023-06-21T00:00:00+00:00,1.30243,1.30283,1.30192,1.30232,100
2023-06-21T00:15:00+00:00,1.30232,1.30391,1.30192,1.30351,100
2023-06-21T00:30:00+00:00,1.30351,1.30418,1.30311,1.30378,100
2023-06-21T00:45:00+00:00,1.30378,1.30418,1.30281,1.30321,100
2023-06-21T01:00:00+00:00,1.30321,1.30409,1.30281,1.30369,100
2023-06-21T01:15:00+00:00,1.30369,1.30409,1.30210,1.30250,100
2023-06-21T01:30:00+00:00,1.30250,1.30290,1.30157,1.30197,100
2023-06-21T01:45:00+00:00,1.30197,1.30285,1.30157,1.30245,100
2023-06-21T02:00:00+00:00,1.30245,1.30285,1.30126,1.30166,100
2023-06-21T02:15:00+00:00,1.30166,1.30206,1.30014,1.30054,100
2023-06-21T02:30:00+00:00,1.30054,1.30098,1.30014,1.30058,100
2023-06-21T02:45:00+00:00,1.30058,1.30098,1.29977,1.30017,100
2023-06-21T03:00:00+00:00,1.30017,1.30170,1.29977,1.30130,100
2023-06-21T03:15:00+00:00,1.30130,1.30170,1.29994,1.30034,100
2023-06-21T03:30:00+00:00,1.30034,1.30147,1.29994,1.30107,100
2023-06-21T03:45:00+00:00,1.30107,1.30147,1.30040,1.30080,100
2023-06-21T04:00:00+00:00,1.30080,1.30193,1.30040,1.30153,100
2023-06-21T04:15:00+00:00,1.30153,1.30193,1.30100,1.30140,100
2023-06-21T04:30:00+00:00,1.30140,1.30220,1.30100,1.30180,100
2023-06-21T04:45:00+00:00,1.30180,1.30220,1.30099,1.30139,100
2023-06-21T05:00:00+00:00,1.30139,1.30179,1.30033,1.30073,100
2023-06-21T05:15:00+00:00,1.30073,1.30113,1.30021,1.30061,100
2023-06-21T05:30:00+00:00,1.30061,1.30173,1.30021,1.30133,100
2023-06-21T05:45:00+00:00,1.30133,1.30173,1.30056,1.30096,100
2023-06-21T06:00:00+00:00,1.30096,1.30136,1.29991,1.30031,100
2023-06-21T06:15:00+00:00,1.30031,1.30071,1.29971,1.30011,100
2023-06-21T06:30:00+00:00,1.30011,1.30051,1.29874,1.29914,100
2023-06-21T06:45:00+00:00,1.29914,1.29954,1.29830,1.29870,100
2023-06-21T07:00:00+00:00,1.29870,1.29927,1.29830,1.29887,100
2023-06-21T07:15:00+00:00,1.29887,1.29938,1.29847,1.29898,100
2023-06-21T07:30:00+00:00,1.29898,1.29962,1.29858,1.29922,100
2023-06-21T07:45:00+00:00,1.29922,1.29962,1.29831,1.29871,100
2023-06-21T08:00:00+00:00,1.29871,1.29911,1.29717,1.29757,100
2023-06-21T08:15:00+00:00,1.29757,1.29797,1.29604,1.29644,100
2023-06-21T08:30:00+00:00,1.29644,1.29684,1.29565,1.29605,100
2023-06-21T08:45:00+00:00,1.29605,1.29645,1.29492,1.29532,100
2023-06-21T09:00:00+00:00,1.29532,1.29589,1.29492,1.29549,100
2023-06-21T09:15:00+00:00,1.29549,1.29589,1.29452,1.29492,100
2023-06-21T09:30:00+00:00,1.29492,1.29595,1.29452,1.29555,100
2023-06-21T09:45:00+00:00,1.29555,1.29619,1.29515,1.29579,100
2023-06-21T10:00:00+00:00,1.29579,1.29658,1.29539,1.29618,100
2023-06-21T10:15:00+00:00,1.29618,1.29715,1.29578,1.29675,100
2023-06-21T10:30:00+00:00,1.29675,1.29720,1.29635,1.29680,100
2023-06-21T10:45:00+00:00,1.29680,1.29720,1.29622,1.29662,100
2023-06-21T11:00:00+00:00,1.29662,1.29702,1.29577,1.29617,100
2023-06-21T11:15:00+00:00,1.29617,1.29657,1.29472,1.29512,100
2023-06-21T11:30:00+00:00,1.29512,1.29622,1.29472,1.29582,100
2023-06-21T11:45:00+00:00,1.29582,1.29622,1.29542,1.29582,100
2023-06-21T12:00:00+00:00,1.29582,1.29622,1.29446,1.29486,100
2023-06-21T12:15:00+00:00,1.29486,1.29629,1.29446,1.29589,100
2023-06-21T12:30:00+00:00,1.29589,1.29648,1.29549,1.29608,100
2023-06-21T12:45:00+00:00,1.29608,1.29678,1.29568,1.29638,100
2023-06-21T13:00:00+00:00,1.29638,1.29678,1.29583,1.29623,100
2023-06-21T13:15:00+00:00,1.29623,1.29663,1.29494,1.29534,100
2023-06-21T13:30:00+00:00,1.29534,1.29693,1.29494,1.29653,100
2023-06-21T13:45:00+00:00,1.29653,1.29693,1.29534,1.29574,100
2023-06-21T14:00:00+00:00,1.29574,1.29614,1.29502,1.29542,100
2023-06-21T14:15:00+00:00,1.29542,1.29702,1.29502,1.29662,100
2023-06-21T14:30:00+00:00,1.29662,1.29702,1.29531,1.29571,100
2023-06-21T14:45:00+00:00,1.29571,1.29611,1.29531,1.29571,100
2023-06-21T15:00:00+00:00,1.29571,1.29611,1.29526,1.29566,100
2023-06-21T15:15:00+00:00,1.29566,1.29606,1.29465,1.29505,100
2023-06-21T15:30:00+00:00,1.29505,1.29647,1.29465,1.29607,100
2023-06-21T15:45:00+00:00,1.29607,1.29647,1.29547,1.29587,100
2023-06-21T16:00:00+00:00,1.29587,1.29627,1.29429,1.29469,100
2023-06-21T16:15:00+00:00,1.29469,1.29509,1.29423,1.29463,100
2023-06-21T16:30:00+00:00,1.29463,1.29503,1.29304,1.29344,100
2023-06-21T16:45:00+00:00,1.29344,1.29434,1.29304,1.29394,100
2023-06-21T17:00:00+00:00,1.29394,1.29523,1.29354,1.29483,100
2023-06-21T17:15:00+00:00,1.29483,1.29620,1.29443,1.29580,100
2023-06-21T17:30:00+00:00,1.29580,1.29620,1.29432,1.29472,100
2023-06-21T17:45:00+00:00,1.29472,1.29554,1.29432,1.29514,100
2023-06-21T18:00:00+00:00,1.29514,1.29554,1.29427,1.29467,100
2023-06-21T18:15:00+00:00,1.29467,1.29507,1.29420,1.29460,100
2023-06-21T18:30:00+00:00,1.29460,1.29500,1.29372,1.29412,100
2023-06-21T18:45:00+00:00,1.29412,1.29452,1.29326,1.29366,100
2023-06-21T19:00:00+00:00,1.29366,1.29406,1.29237,1.29277,100
2023-06-21T19:15:00+00:00,1.29277,1.29348,1.29237,1.29308,100
2023-06-21T19:30:00+00:00,1.29308,1.29348,1.29169,1.29209,100
2023-06-21T19:45:00+00:00,1.29209,1.29360,1.29169,1.29320,100
2023-06-21T20:00:00+00:00,1.29320,1.29360,1.29171,1.29211,100
2023-06-21T20:15:00+00:00,1.29211,1.29362,1.29171,1.29322,100
2023-06-21T20:30:00+00:00,1.29322,1.29362,1.29208,1.29248,100
2023-06-21T20:45:00+00:00,1.29248,1.29288,1.29108,1.29148,100
2023-06-21T21:00:00+00:00,1.29148,1.29247,1.29108,1.29207,100
2023-06-21T21:15:00+00:00,1.29207,1.29254,1.29167,1.29214,100
2023-06-21T21:30:00+00:00,1.29214,1.29319,1.29174,1.29279,100
2023-06-21T21:45:00+00:00,1.29279,1.29321,1.29239,1.29281,100
2023-06-21T22:00:00+00:00,1.29281,1.29352,1.29241,1.29312,100
2023-06-21T22:15:00+00:00,1.29312,1.29352,1.29172,1.29212,100
2023-06-21T22:30:00+00:00,1.29212,1.29294,1.29172,1.29254,100
2023-06-21T22:45:00+00:00,1.29254,1.29297,1.29214,1.29257,100
2023-06-21T23:00:00+00:00,1.29257,1.29408,1.29217,1.29368,100
2023-06-21T23:15:00+00:00,1.29368,1.29408,1.29209,1.29249,100
2023-06-21T23:30:00+00:00,1.29249,1.29289,1.29106,1.29146,100
2023-06-21T23:45:00+00:00,1.29146,1.29228,1.29106,1.29188,100
2023-06-22T00:00:00+00:00,1.29188,1.29330,1.29148,1.29290,100
2023-06-22T00:15:00+00:00,1.29290,1.29330,1.29231,1.29271,100
2023-06-22T00:30:00+00:00,1.29271,1.29362,1.29231,1.29322,100
2023-06-22T00:45:00+00:00,1.29322,1.29376,1.29282,1.29336,100
2023-06-22T01:00:00+00:00,1.29336,1.29376,1.29270,1.29310,100
2023-06-22T01:15:00+00:00,1.29310,1.29350,1.29262,1.29302,100
2023-06-22T01:30:00+00:00,1.29302,1.29366,1.29262,1.29326,100
2023-06-22T01:45:00+00:00,1.29326,1.29366,1.29173,1.29213,100
2023-06-22T02:00:00+00:00,1.29213,1.29253,1.29127,1.29167,100
2023-06-22T02:15:00+00:00,1.29167,1.29264,1.29127,1.29224,100
2023-06-22T02:30:00+00:00,1.29224,1.29264,1.29126,1.29166,100
2023-06-22T02:45:00+00:00,1.29166,1.29206,1.29119,1.29159,100
2023-06-22T03:00:00+00:00,1.29159,1.29199,1.29061,1.29101,100
2023-06-22T03:15:00+00:00,1.29101,1.29141,1.29027,1.29067,100
2023-06-22T03:30:00+00:00,1.29067,1.29143,1.29027,1.29103,100
2023-06-22T03:45:00+00:00,1.29103,1.29201,1.29063,1.29161,100
2023-06-22T04:00:00+00:00,1.29161,1.29311,1.29121,1.29271,100
2023-06-22T04:15:00+00:00,1.29271,1.29311,1.29225,1.29265,100
2023-06-22T04:30:00+00:00,1.29265,1.29305,1.29154,1.29194,100
2023-06-22T04:45:00+00:00,1.29194,1.29234,1.29115,1.29155,100
2023-06-22T05:00:00+00:00,1.29155,1.29195,1.29009,1.29049,100
2023-06-22T05:15:00+00:00,1.29049,1.29089,1.28947,1.28987,100
2023-06-22T05:30:00+00:00,1.28987,1.29047,1.28947,1.29007,100
2023-06-22T05:45:00+00:00,1.29007,1.29073,1.28967,1.29033,100
2023-06-22T06:00:00+00:00,1.29033,1.29073,1.28931,1.28971,100
2023-06-22T06:15:00+00:00,1.28971,1.29011,1.28855,1.28895,100
2023-06-22T06:30:00+00:00,1.28895,1.28935,1.28759,1.28799,100
2023-06-22T06:45:00+00:00,1.28799,1.28839,1.28681,1.28721,100
2023-06-22T07:00:00+00:00,1.28721,1.28762,1.28681,1.28722,100
2023-06-22T07:15:00+00:00,1.28722,1.28762,1.28623,1.28663,100
2023-06-22T07:30:00+00:00,1.28663,1.28795,1.28623,1.28755,100
2023-06-22T07:45:00+00:00,1.28755,1.28811,1.28715,1.28771,100
2023-06-22T08:00:00+00:00,1.28771,1.28811,1.28692,1.28732,100
2023-06-22T08:15:00+00:00,1.28732,1.28772,1.28676,1.28716,100
2023-06-22T08:30:00+00:00,1.28716,1.28756,1.28565,1.28605,100
2023-06-22T08:45:00+00:00,1.28605,1.28701,1.28565,1.28661,100
2023-06-22T09:00:00+00:00,1.28661,1.28761,1.28621,1.28721,100
2023-06-22T09:15:00+00:00,1.28721,1.28761,1.28649,1.28689,100
2023-06-22T09:30:00+00:00,1.28689,1.28783,1.28649,1.28743,100
2023-06-22T09:45:00+00:00,1.28743,1.28783,1.28648,1.28688,100
2023-06-22T10:00:00+00:00,1.28688,1.28728,1.28581,1.28621,100
2023-06-22T10:15:00+00:00,1.28621,1.28661,1.28516,1.28556,100
2023-06-22T10:30:00+00:00,1.28556,1.28596,1.28443,1.28483,100
2023-06-22T10:45:00+00:00,1.28483,1.28548,1.28443,1.28508,100
2023-06-22T11:00:00+00:00,1.28508,1.28582,1.28468,1.28542,100
2023-06-22T11:15:00+00:00,1.28542,1.28637,1.28502,1.28597,100
2023-06-22T11:30:00+00:00,1.28597,1.28637,1.28462,1.28502,100
2023-06-22T11:45:00+00:00,1.28502,1.28606,1.28462,1.28566,100
2023-06-22T12:00:00+00:00,1.28566,1.28606,1.28521,1.28561,100
2023-06-22T12:15:00+00:00,1.28561,1.28601,1.28492,1.28532,100
2023-06-22T12:30:00+00:00,1.28532,1.28572,1.28492,1.28532,100
2023-06-22T12:45:00+00:00,1.28532,1.28572,1.28476,1.28516,100
2023-06-22T13:00:00+00:00,1.28516,1.28556,1.28404,1.28444,100
2023-06-22T13:15:00+00:00,1.28444,1.28484,1.28379,1.28419,100
2023-06-22T13:30:00+00:00,1.28419,1.28494,1.28379,1.28454,100
2023-06-22T13:45:00+00:00,1.28454,1.28546,1.28414,1.28506,100
2023-06-22T14:00:00+00:00,1.28506,1.28645,1.28466,1.28605,100
2023-06-22T14:15:00+00:00,1.28605,1.28645,1.28492,1.28532,100
2023-06-22T14:30:00+00:00,1.28532,1.28666,1.28492,1.28626,100
2023-06-22T14:45:00+00:00,1.28626,1.28738,1.28586,1.28698,100
2023-06-22T15:00:00+00:00,1.28698,1.28789,1.28658,1.28749,100
2023-06-22T15:15:00+00:00,1.28749,1.28904,1.28709,1.28864,100
2023-06-22T15:30:00+00:00,1.28864,1.28904,1.28737,1.28777,100
2023-06-22T15:45:00+00:00,1.28777,1.28884,1.28737,1.28844,100
2023-06-22T16:00:00+00:00,1.28844,1.28979,1.28804,1.28939,100
2023-06-22T16:15:00+00:00,1.28939,1.28979,1.28809,1.28849,100
2023-06-22T16:30:00+00:00,1.28849,1.28911,1.28809,1.28871,100
2023-06-22T16:45:00+00:00,1.28871,1.29019,1.28831,1.28979,100
2023-06-22T17:00:00+00:00,1.28979,1.29019,1.28889,1.28929,100
2023-06-22T17:15:00+00:00,1.28929,1.29054,1.28889,1.29014,100
2023-06-22T17:30:00+00:00,1.29014,1.29152,1.28974,1.29112,100
2023-06-22T17:45:00+00:00,1.29112,1.29152,1.29056,1.29096,100
2023-06-22T18:00:00+00:00,1.29096,1.29136,1.28971,1.29011,100
2023-06-22T18:15:00+00:00,1.29011,1.29051,1.28903,1.28943,100
2023-06-22T18:30:00+00:00,1.28943,1.29062,1.28903,1.29022,100
2023-06-22T18:45:00+00:00,1.29022,1.29062,1.28963,1.29003,100
2023-06-22T19:00:00+00:00,1.29003,1.29043,1.28919,1.28959,100
2023-06-22T19:15:00+00:00,1.28959,1.28999,1.28905,1.28945,100
2023-06-22T19:30:00+00:00,1.28945,1.29088,1.28905,1.29048,100
2023-06-22T19:45:00+00:00,1.29048,1.29088,1.28949,1.28989,100
2023-06-22T20:00:00+00:00,1.28989,1.29029,1.28833,1.28873,100
2023-06-22T20:15:00+00:00,1.28873,1.29021,1.28833,1.28981,100
2023-06-22T20:30:00+00:00,1.28981,1.29021,1.28897,1.28937,100
2023-06-22T20:45:00+00:00,1.28937,1.28977,1.28870,1.28910,100
2023-06-22T21:00:00+00:00,1.28910,1.29064,1.28870,1.29024,100
2023-06-22T21:15:00+00:00,1.29024,1.29064,1.28932,1.28972,100
2023-06-22T21:30:00+00:00,1.28972,1.29012,1.28832,1.28872,100
2023-06-22T21:45:00+00:00,1.28872,1.29005,1.28832,1.28965,100
2023-06-22T22:00:00+00:00,1.28965,1.29005,1.28864,1.28904,100
2023-06-22T22:15:00+00:00,1.28904,1.28944,1.28797,1.28837,100
2023-06-22T22:30:00+00:00,1.28837,1.28982,1.28797,1.28942,100
2023-06-22T22:45:00+00:00,1.28942,1.28982,1.28837,1.28877,100
2023-06-22T23:00:00+00:00,1.28877,1.29013,1.28837,1.28973,100
2023-06-22T23:15:00+00:00,1.28973,1.29013,1.28893,1.28933,100
2023-06-22T23:30:00+00:00,1.28933,1.28973,1.28846,1.28886,100
2023-06-22T23:45:00+00:00,1.28886,1.28926,1.28778,1.28818,100
2023-06-23T00:00:00+00:00,1.28818,1.28868,1.28778,1.28828,100
2023-06-23T00:15:00+00:00,1.28828,1.28882,1.28788,1.28842,100
2023-06-23T00:30:00+00:00,1.28842,1.28882,1.28778,1.28818,100
2023-06-23T00:45:00+00:00,1.28818,1.28860,1.28778,1.28820,100
2023-06-23T01:00:00+00:00,1.28820,1.28860,1.28731,1.28771,100
2023-06-23T01:15:00+00:00,1.28771,1.28892,1.28731,1.28852,100
2023-06-23T01:30:00+00:00,1.28852,1.28997,1.28812,1.28957,100
2023-06-23T01:45:00+00:00,1.28957,1.29057,1.28917,1.29017,100
2023-06-23T02:00:00+00:00,1.29017,1.29134,1.28977,1.29094,100
2023-06-23T02:15:00+00:00,1.29094,1.29134,1.28951,1.28991,100
2023-06-23T02:30:00+00:00,1.28991,1.29031,1.28891,1.28931,100
2023-06-23T02:45:00+00:00,1.28931,1.28971,1.28820,1.28860,100
2023-06-23T03:00:00+00:00,1.28860,1.28900,1.28737,1.28777,100
2023-06-23T03:15:00+00:00,1.28777,1.28930,1.28737,1.28890,100
2023-06-23T03:30:00+00:00,1.28890,1.29027,1.28850,1.28987,100
2023-06-23T03:45:00+00:00,1.28987,1.29126,1.28947,1.29086,100
2023-06-23T04:00:00+00:00,1.29086,1.29140,1.29046,1.29100,100
2023-06-23T04:15:00+00:00,1.29100,1.29140,1.28968,1.29008,100
2023-06-23T04:30:00+00:00,1.29008,1.29048,1.28951,1.28991,100
2023-06-23T04:45:00+00:00,1.28991,1.29031,1.28844,1.28884,100
2023-06-23T05:00:00+00:00,1.28884,1.29021,1.28844,1.28981,100
2023-06-23T05:15:00+00:00,1.28981,1.29021,1.28885,1.28925,100
2023-06-23T05:30:00+00:00,1.28925,1.28965,1.28834,1.28874,100
2023-06-23T05:45:00+00:00,1.28874,1.29021,1.28834,1.28981,100
2023-06-23T06:00:00+00:00,1.28981,1.29021,1.28869,1.28909,100
2023-06-23T06:15:00+00:00,1.28909,1.29051,1.28869,1.29011,100
2023-06-23T06:30:00+00:00,1.29011,1.29051,1.28925,1.28965,100
2023-06-23T06:45:00+00:00,1.28965,1.29045,1.28925,1.29005,100
2023-06-23T07:00:00+00:00,1.29005,1.29045,1.28870,1.28910,100
2023-06-23T07:15:00+00:00,1.28910,1.29046,1.28870,1.29006,100
2023-06-23T07:30:00+00:00,1.29006,1.29046,1.28942,1.28982,100
2023-06-23T07:45:00+00:00,1.28982,1.29022,1.28905,1.28945,100
2023-06-23T08:00:00+00:00,1.28945,1.29022,1.28905,1.28982,100
2023-06-23T08:15:00+00:00,1.28982,1.29044,1.28942,1.29004,100
2023-06-23T08:30:00+00:00,1.29004,1.29044,1.28904,1.28944,100
2023-06-23T08:45:00+00:00,1.28944,1.28984,1.28814,1.28854,100
2023-06-23T09:00:00+00:00,1.28854,1.28912,1.28814,1.28872,100
2023-06-23T09:15:00+00:00,1.28872,1.28912,1.28718,1.28758,100
2023-06-23T09:30:00+00:00,1.28758,1.28887,1.28718,1.28847,100
2023-06-23T09:45:00+00:00,1.28847,1.28887,1.28770,1.28810,100
2023-06-23T10:00:00+00:00,1.28810,1.28850,1.28690,1.28730,100
2023-06-23T10:15:00+00:00,1.28730,1.28770,1.28649,1.28689,100
2023-06-23T10:30:00+00:00,1.28689,1.28729,1.28556,1.28596,100
2023-06-23T10:45:00+00:00,1.28596,1.28636,1.28512,1.28552,100
2023-06-23T11:00:00+00:00,1.28552,1.28603,1.28512,1.28563,100
2023-06-23T11:15:00+00:00,1.28563,1.28603,1.28500,1.28540,100
2023-06-23T11:30:00+00:00,1.28540,1.28580,1.28461,1.28501,100
2023-06-23T11:45:00+00:00,1.28501,1.28541,1.28410,1.28450,100
2023-06-23T12:00:00+00:00,1.28450,1.28490,1.28407,1.28447,100
2023-06-23T12:15:00+00:00,1.28447,1.28554,1.28407,1.28514,100
2023-06-23T12:30:00+00:00,1.28514,1.28554,1.28459,1.28499,100
2023-06-23T12:45:00+00:00,1.28499,1.28603,1.28459,1.28563,100
2023-06-23T13:00:00+00:00,1.28563,1.28603,1.28519,1.28559,100
2023-06-23T13:15:00+00:00,1.28559,1.28599,1.28428,1.28468,100
2023-06-23T13:30:00+00:00,1.28468,1.28508,1.28349,1.28389,100
2023-06-23T13:45:00+00:00,1.28389,1.28512,1.28349,1.28472,100
2023-06-23T14:00:00+00:00,1.28472,1.28512,1.28427,1.28467,100
2023-06-23T14:15:00+00:00,1.28467,1.28507,1.28399,1.28439,100
2023-06-23T14:30:00+00:00,1.28439,1.28483,1.28399,1.28443,100
2023-06-23T14:45:00+00:00,1.28443,1.28566,1.28403,1.28526,100
2023-06-23T15:00:00+00:00,1.28526,1.28566,1.28456,1.28496,100
2023-06-23T15:15:00+00:00,1.28496,1.28536,1.28423,1.28463,100
2023-06-23T15:30:00+00:00,1.28463,1.28503,1.28391,1.28431,100
2023-06-23T15:45:00+00:00,1.28431,1.28471,1.28273,1.28313,100
2023-06-23T16:00:00+00:00,1.28313,1.28364,1.28273,1.28324,100
2023-06-23T16:15:00+00:00,1.28324,1.28364,1.28279,1.28319,100
2023-06-23T16:30:00+00:00,1.28319,1.28359,1.28278,1.28318,100
2023-06-23T16:45:00+00:00,1.28318,1.28358,1.28267,1.28307,100
2023-06-23T17:00:00+00:00,1.28307,1.28347,1.28260,1.28300,100
2023-06-23T17:15:00+00:00,1.28300,1.28392,1.28260,1.28352,100
2023-06-23T17:30:00+00:00,1.28352,1.28392,1.28236,1.28276,100
2023-06-23T17:45:00+00:00,1.28276,1.28432,1.28236,1.28392,100
2023-06-23T18:00:00+00:00,1.28392,1.28432,1.28259,1.28299,100
2023-06-23T18:15:00+00:00,1.28299,1.28427,1.28259,1.28387,100
2023-06-23T18:30:00+00:00,1.28387,1.28427,1.28269,1.28309,100
2023-06-23T18:45:00+00:00,1.28309,1.28420,1.28269,1.28380,100
2023-06-23T19:00:00+00:00,1.28380,1.28420,1.28283,1.28323,100
2023-06-23T19:15:00+00:00,1.28323,1.28363,1.28181,1.28221,100
2023-06-23T19:30:00+00:00,1.28221,1.28271,1.28181,1.28231,100
2023-06-23T19:45:00+00:00,1.28231,1.28353,1.28191,1.28313,100
2023-06-23T20:00:00+00:00,1.28313,1.28435,1.28273,1.28395,100
2023-06-23T20:15:00+00:00,1.28395,1.28526,1.28355,1.28486,100
2023-06-23T20:30:00+00:00,1.28486,1.28641,1.28446,1.28601,100
2023-06-23T20:45:00+00:00,1.28601,1.28641,1.28454,1.28494,100
2023-06-23T21:00:00+00:00,1.28494,1.28534,1.28425,1.28465,100
2023-06-23T21:15:00+00:00,1.28465,1.28505,1.28330,1.28370,100
2023-06-23T21:30:00+00:00,1.28370,1.28472,1.28330,1.28432,100
2023-06-23T21:45:00+00:00,1.28432,1.28472,1.28380,1.28420,100
2023-06-23T22:00:00+00:00,1.28420,1.28519,1.28380,1.28479,100
2023-06-23T22:15:00+00:00,1.28479,1.28590,1.28439,1.28550,100
2023-06-23T22:30:00+00:00,1.28550,1.28709,1.28510,1.28669,100
2023-06-23T22:45:00+00:00,1.28669,1.28752,1.28629,1.28712,100
2023-06-23T23:00:00+00:00,1.28712,1.28842,1.28672,1.28802,100
2023-06-23T23:15:00+00:00,1.28802,1.28854,1.28762,1.28814,100
2023-06-23T23:30:00+00:00,1.28814,1.28854,1.28673,1.28713,100
2023-06-23T23:45:00+00:00,1.28713,1.28847,1.28673,1.28807,100
2023-06-26T00:00:00+00:00,1.28807,1.28847,1.28669,1.28709,100
2023-06-26T00:15:00+00:00,1.28709,1.28749,1.28569,1.28609,100
2023-06-26T00:30:00+00:00,1.28609,1.28728,1.28569,1.28688,100
2023-06-26T00:45:00+00:00,1.28688,1.28728,1.28596,1.28636,100
2023-06-26T01:00:00+00:00,1.28636,1.28715,1.28596,1.28675,100
2023-06-26T01:15:00+00:00,1.28675,1.28715,1.28522,1.28562,100
2023-06-26T01:30:00+00:00,1.28562,1.28602,1.28452,1.28492,100
2023-06-26T01:45:00+00:00,1.28492,1.28584,1.28452,1.28544,100
2023-06-26T02:00:00+00:00,1.28544,1.28584,1.28393,1.28433,100
2023-06-26T02:15:00+00:00,1.28433,1.28476,1.28393,1.28436,100
2023-06-26T02:30:00+00:00,1.28436,1.28581,1.28396,1.28541,100
2023-06-26T02:45:00+00:00,1.28541,1.28581,1.28432,1.28472,100
2023-06-26T03:00:00+00:00,1.28472,1.28561,1.28432,1.28521,100
2023-06-26T03:15:00+00:00,1.28521,1.28620,1.28481,1.28580,100
2023-06-26T03:30:00+00:00,1.28580,1.28648,1.28540,1.28608,100
2023-06-26T03:45:00+00:00,1.28608,1.28712,1.28568,1.28672,100
2023-06-26T04:00:00+00:00,1.28672,1.28760,1.28632,1.28720,100
2023-06-26T04:15:00+00:00,1.28720,1.28760,1.28563,1.28603,100
2023-06-26T04:30:00+00:00,1.28603,1.28643,1.28489,1.28529,100
2023-06-26T04:45:00+00:00,1.28529,1.28578,1.28489,1.28538,100
2023-06-26T05:00:00+00:00,1.28538,1.28691,1.28498,1.28651,100
2023-06-26T05:15:00+00:00,1.28651,1.28691,1.28543,1.28583,100
2023-06-26T05:30:00+00:00,1.28583,1.28644,1.28543,1.28604,100
2023-06-26T05:45:00+00:00,1.28604,1.28644,1.28475,1.28515,100
2023-06-26T06:00:00+00:00,1.28515,1.28638,1.28475,1.28598,100
2023-06-26T06:15:00+00:00,1.28598,1.28638,1.28545,1.28585,100
2023-06-26T06:30:00+00:00,1.28585,1.28630,1.28545,1.28590,100
2023-06-26T06:45:00+00:00,1.28590,1.28671,1.28550,1.28631,100
2023-06-26T07:00:00+00:00,1.28631,1.28671,1.28503,1.28543,100
2023-06-26T07:15:00+00:00,1.28543,1.28638,1.28503,1.28598,100
2023-06-26T07:30:00+00:00,1.28598,1.28710,1.28558,1.28670,100
2023-06-26T07:45:00+00:00,1.28670,1.28797,1.28630,1.28757,100
2023-06-26T08:00:00+00:00,1.28757,1.28797,1.28664,1.28704,100
2023-06-26T08:15:00+00:00,1.28704,1.28744,1.28600,1.28640,100
2023-06-26T08:30:00+00:00,1.28640,1.28680,1.28520,1.28560,100
2023-06-26T08:45:00+00:00,1.28560,1.28696,1.28520,1.28656,100
2023-06-26T09:00:00+00:00,1.28656,1.28696,1.28601,1.28641,100
2023-06-26T09:15:00+00:00,1.28641,1.28681,1.28574,1.28614,100
2023-06-26T09:30:00+00:00,1.28614,1.28659,1.28574,1.28619,100
2023-06-26T09:45:00+00:00,1.28619,1.28707,1.28579,1.28667,100
2023-06-26T10:00:00+00:00,1.28667,1.28707,1.28583,1.28623,100
2023-06-26T10:15:00+00:00,1.28623,1.28663,1.28544,1.28584,100
2023-06-26T10:30:00+00:00,1.28584,1.28688,1.28544,1.28648,100
2023-06-26T10:45:00+00:00,1.28648,1.28754,1.28608,1.28714,100
2023-06-26T11:00:00+00:00,1.28714,1.28754,1.28625,1.28665,100
2023-06-26T11:15:00+00:00,1.28665,1.28705,1.28523,1.28563,100
2023-06-26T11:30:00+00:00,1.28563,1.28706,1.28523,1.28666,100
2023-06-26T11:45:00+00:00,1.28666,1.28761,1.28626,1.28721,100
2023-06-26T12:00:00+00:00,1.28721,1.28784,1.28681,1.28744,100
2023-06-26T12:15:00+00:00,1.28744,1.28784,1.28681,1.28721,100
2023-06-26T12:30:00+00:00,1.28721,1.28871,1.28681,1.28831,100
2023-06-26T12:45:00+00:00,1.28831,1.28871,1.28774,1.28814,100
2023-06-26T13:00:00+00:00,1.28814,1.28854,1.28706,1.28746,100
2023-06-26T13:15:00+00:00,1.28746,1.28786,1.28610,1.28650,100
2023-06-26T13:30:00+00:00,1.28650,1.28690,1.28574,1.28614,100
2023-06-26T13:45:00+00:00,1.28614,1.28679,1.28574,1.28639,100
2023-06-26T14:00:00+00:00,1.28639,1.28679,1.28566,1.28606,100
2023-06-26T14:15:00+00:00,1.28606,1.28753,1.28566,1.28713,100
2023-06-26T14:30:00+00:00,1.28713,1.28789,1.28673,1.28749,100
2023-06-26T14:45:00+00:00,1.28749,1.28789,1.28699,1.28739,100
2023-06-26T15:00:00+00:00,1.28739,1.28818,1.28699,1.28778,100
2023-06-26T15:15:00+00:00,1.28778,1.28842,1.28738,1.28802,100
2023-06-26T15:30:00+00:00,1.28802,1.28870,1.28762,1.28830,100
2023-06-26T15:45:00+00:00,1.28830,1.28870,1.28789,1.28829,100
2023-06-26T16:00:00+00:00,1.28829,1.28875,1.28789,1.28835,100
2023-06-26T16:15:00+00:00,1.28835,1.28875,1.28793,1.28833,100
2023-06-26T16:30:00+00:00,1.28833,1.28952,1.28793,1.28912,100
2023-06-26T16:45:00+00:00,1.28912,1.28952,1.28798,1.28838,100
2023-06-26T17:00:00+00:00,1.28838,1.28947,1.28798,1.28907,100
2023-06-26T17:15:00+00:00,1.28907,1.28947,1.28818,1.28858,100
2023-06-26T17:30:00+00:00,1.28858,1.28982,1.28818,1.28942,100
2023-06-26T17:45:00+00:00,1.28942,1.28982,1.28800,1.28840,100
2023-06-26T18:00:00+00:00,1.28840,1.28880,1.28796,1.28836,100
2023-06-26T18:15:00+00:00,1.28836,1.28876,1.28782,1.28822,100
2023-06-26T18:30:00+00:00,1.28822,1.28913,1.28782,1.28873,100
2023-06-26T18:45:00+00:00,1.28873,1.28913,1.28762,1.28802,100
2023-06-26T19:00:00+00:00,1.28802,1.28842,1.28705,1.28745,100
2023-06-26T19:15:00+00:00,1.28745,1.28785,1.28617,1.28657,100
2023-06-26T19:30:00+00:00,1.28657,1.28711,1.28617,1.28671,100
2023-06-26T19:45:00+00:00,1.28671,1.28730,1.28631,1.28690,100
2023-06-26T20:00:00+00:00,1.28690,1.28730,1.28530,1.28570,100
2023-06-26T20:15:00+00:00,1.28570,1.28610,1.28453,1.28493,100
2023-06-26T20:30:00+00:00,1.28493,1.28533,1.28380,1.28420,100
2023-06-26T20:45:00+00:00,1.28420,1.28570,1.28380,1.28530,100
2023-06-26T21:00:00+00:00,1.28530,1.28570,1.28479,1.28519,100
2023-06-26T21:15:00+00:00,1.28519,1.28575,1.28479,1.28535,100
2023-06-26T21:30:00+00:00,1.28535,1.28575,1.28445,1.28485,100
2023-06-26T21:45:00+00:00,1.28485,1.28563,1.28445,1.28523,100
2023-06-26T22:00:00+00:00,1.28523,1.28638,1.28483,1.28598,100
2023-06-26T22:15:00+00:00,1.28598,1.28679,1.28558,1.28639,100
2023-06-26T22:30:00+00:00,1.28639,1.28679,1.28479,1.28519,100
2023-06-26T22:45:00+00:00,1.28519,1.28559,1.28465,1.28505,100
2023-06-26T23:00:00+00:00,1.28505,1.28545,1.28462,1.28502,100
2023-06-26T23:15:00+00:00,1.28502,1.28542,1.28353,1.28393,100
2023-06-26T23:30:00+00:00,1.28393,1.28503,1.28353,1.28463,100
2023-06-26T23:45:00+00:00,1.28463,1.28503,1.28379,1.28419,100
2023-06-27T00:00:00+00:00,1.28419,1.28459,1.28329,1.28369,100
2023-06-27T00:15:00+00:00,1.28369,1.28440,1.28329,1.28400,100
2023-06-27T00:30:00+00:00,1.28400,1.28460,1.28360,1.28420,100
2023-06-27T00:45:00+00:00,1.28420,1.28460,1.28379,1.28419,100
2023-06-27T01:00:00+00:00,1.28419,1.28545,1.28379,1.28505,100
2023-06-27T01:15:00+00:00,1.28505,1.28550,1.28465,1.28510,100
2023-06-27T01:30:00+00:00,1.28510,1.28550,1.28432,1.28472,100
2023-06-27T01:45:00+00:00,1.28472,1.28512,1.28328,1.28368,100
2023-06-27T02:00:00+00:00,1.28368,1.28420,1.28328,1.28380,100
2023-06-27T02:15:00+00:00,1.28380,1.28420,1.28308,1.28348,100
2023-06-27T02:30:00+00:00,1.28348,1.28396,1.28308,1.28356,100
2023-06-27T02:45:00+00:00,1.28356,1.28396,1.28280,1.28320,100
2023-06-27T03:00:00+00:00,1.28320,1.28360,1.28161,1.28201,100
2023-06-27T03:15:00+00:00,1.28201,1.28241,1.28050,1.28090,100
2023-06-27T03:30:00+00:00,1.28090,1.28130,1.27968,1.28008,100
2023-06-27T03:45:00+00:00,1.28008,1.28048,1.27871,1.27911,100
2023-06-27T04:00:00+00:00,1.27911,1.28035,1.27871,1.27995,100
2023-06-27T04:15:00+00:00,1.27995,1.28055,1.27955,1.28015,100
2023-06-27T04:30:00+00:00,1.28015,1.28055,1.27912,1.27952,100
2023-06-27T04:45:00+00:00,1.27952,1.28042,1.27912,1.28002,100
2023-06-27T05:00:00+00:00,1.28002,1.28075,1.27962,1.28035,100
2023-06-27T05:15:00+00:00,1.28035,1.28075,1.27890,1.27930,100
2023-06-27T05:30:00+00:00,1.27930,1.28030,1.27890,1.27990,100
2023-06-27T05:45:00+00:00,1.27990,1.28030,1.27885,1.27925,100
2023-06-27T06:00:00+00:00,1.27925,1.28084,1.27885,1.28044,100
2023-06-27T06:15:00+00:00,1.28044,1.28084,1.27918,1.27958,100
2023-06-27T06:30:00+00:00,1.27958,1.27998,1.27867,1.27907,100
2023-06-27T06:45:00+00:00,1.27907,1.27947,1.27807,1.27847,100
2023-06-27T07:00:00+00:00,1.27847,1.27974,1.27807,1.27934,100
2023-06-27T07:15:00+00:00,1.27934,1.28050,1.27894,1.28010,100
2023-06-27T07:30:00+00:00,1.28010,1.28069,1.27970,1.28029,100
2023-06-27T07:45:00+00:00,1.28029,1.28069,1.27905,1.27945,100
2023-06-27T08:00:00+00:00,1.27945,1.27985,1.27888,1.27928,100
2023-06-27T08:15:00+00:00,1.27928,1.28016,1.27888,1.27976,100
2023-06-27T08:30:00+00:00,1.27976,1.28016,1.27830,1.27870,100
2023-06-27T08:45:00+00:00,1.27870,1.28011,1.27830,1.27971,100
2023-06-27T09:00:00+00:00,1.27971,1.28093,1.27931,1.28053,100
2023-06-27T09:15:00+00:00,1.28053,1.28197,1.28013,1.28157,100
2023-06-27T09:30:00+00:00,1.28157,1.28244,1.28117,1.28204,100
2023-06-27T09:45:00+00:00,1.28204,1.28272,1.28164,1.28232,100
2023-06-27T10:00:00+00:00,1.28232,1.28387,1.28192,1.28347,100
2023-06-27T10:15:00+00:00,1.28347,1.28387,1.28251,1.28291,100
2023-06-27T10:30:00+00:00,1.28291,1.28331,1.28204,1.28244,100
2023-06-27T10:45:00+00:00,1.28244,1.28284,1.28113,1.28153,100
2023-06-27T11:00:00+00:00,1.28153,1.28193,1.28037,1.28077,100
2023-06-27T11:15:00+00:00,1.28077,1.28188,1.28037,1.28148,100
2023-06-27T11:30:00+00:00,1.28148,1.28188,1.28011,1.28051,100
2023-06-27T11:45:00+00:00,1.28051,1.28150,1.28011,1.28110,100
2023-06-27T12:00:00+00:00,1.28110,1.28150,1.28045,1.28085,100
2023-06-27T12:15:00+00:00,1.28085,1.28216,1.28045,1.28176,100
2023-06-27T12:30:00+00:00,1.28176,1.28278,1.28136,1.28238,100
2023-06-27T12:45:00+00:00,1.28238,1.28323,1.28198,1.28283,100
2023-06-27T13:00:00+00:00,1.28283,1.28406,1.28243,1.28366,100
2023-06-27T13:15:00+00:00,1.28366,1.28406,1.28216,1.28256,100
2023-06-27T13:30:00+00:00,1.28256,1.28296,1.28159,1.28199,100
2023-06-27T13:45:00+00:00,1.28199,1.28239,1.28128,1.28168,100
2023-06-27T14:00:00+00:00,1.28168,1.28208,1.28111,1.28151,100
2023-06-27T14:15:00+00:00,1.28151,1.28232,1.28111,1.28192,100
2023-06-27T14:30:00+00:00,1.28192,1.28323,1.28152,1.28283,100
2023-06-27T14:45:00+00:00,1.28283,1.28380,1.28243,1.28340,100
2023-06-27T15:00:00+00:00,1.28340,1.28483,1.28300,1.28443,100
2023-06-27T15:15:00+00:00,1.28443,1.28530,1.28403,1.28490,100
2023-06-27T15:30:00+00:00,1.28490,1.28530,1.28416,1.28456,100
2023-06-27T15:45:00+00:00,1.28456,1.28498,1.28416,1.28458,100
2023-06-27T16:00:00+00:00,1.28458,1.28557,1.28418,1.28517,100
2023-06-27T16:15:00+00:00,1.28517,1.28633,1.28477,1.28593,100
2023-06-27T16:30:00+00:00,1.28593,1.28633,1.28522,1.28562,100
2023-06-27T16:45:00+00:00,1.28562,1.28602,1.28487,1.28527,100
2023-06-27T17:00:00+00:00,1.28527,1.28595,1.28487,1.28555,100
2023-06-27T17:15:00+00:00,1.28555,1.28595,1.28449,1.28489,100
2023-06-27T17:30:00+00:00,1.28489,1.28621,1.28449,1.28581,100
2023-06-27T17:45:00+00:00,1.28581,1.28621,1.28421,1.28461,100
2023-06-27T18:00:00+00:00,1.28461,1.28537,1.28421,1.28497,100
2023-06-27T18:15:00+00:00,1.28497,1.28537,1.28454,1.28494,100
2023-06-27T18:30:00+00:00,1.28494,1.28534,1.28380,1.28420,100
2023-06-27T18:45:00+00:00,1.28420,1.28477,1.28380,1.28437,100
2023-06-27T19:00:00+00:00,1.28437,1.28477,1.28391,1.28431,100
2023-06-27T19:15:00+00:00,1.28431,1.28582,1.28391,1.28542,100
2023-06-27T19:30:00+00:00,1.28542,1.28674,1.28502,1.28634,100
2023-06-27T19:45:00+00:00,1.28634,1.28695,1.28594,1.28655,100
2023-06-27T20:00:00+00:00,1.28655,1.28784,1.28615,1.28744,100
2023-06-27T20:15:00+00:00,1.28744,1.28876,1.28704,1.28836,100
2023-06-27T20:30:00+00:00,1.28836,1.28876,1.28716,1.28756,100
2023-06-27T20:45:00+00:00,1.28756,1.28874,1.28716,1.28834,100
2023-06-27T21:00:00+00:00,1.28834,1.28954,1.28794,1.28914,100
2023-06-27T21:15:00+00:00,1.28914,1.29072,1.28874,1.29032,100
2023-06-27T21:30:00+00:00,1.29032,1.29135,1.28992,1.29095,100
2023-06-27T21:45:00+00:00,1.29095,1.29135,1.29029,1.29069,100
2023-06-27T22:00:00+00:00,1.29069,1.29109,1.28958,1.28998,100
2023-06-27T22:15:00+00:00,1.28998,1.29075,1.28958,1.29035,100
2023-06-27T22:30:00+00:00,1.29035,1.29075,1.28925,1.28965,100
2023-06-27T22:45:00+00:00,1.28965,1.29067,1.28925,1.29027,100
2023-06-27T23:00:00+00:00,1.29027,1.29085,1.28987,1.29045,100
2023-06-27T23:15:00+00:00,1.29045,1.29163,1.29005,1.29123,100
2023-06-27T23:30:00+00:00,1.29123,1.29163,1.29049,1.29089,100
2023-06-27T23:45:00+00:00,1.29089,1.29129,1.29001,1.29041,100
2023-06-28T00:00:00+00:00,1.29041,1.29179,1.29001,1.29139,100
2023-06-28T00:15:00+00:00,1.29139,1.29218,1.29099,1.29178,100
2023-06-28T00:30:00+00:00,1.29178,1.29218,1.29108,1.29148,100
2023-06-28T00:45:00+00:00,1.29148,1.29203,1.29108,1.29163,100
2023-06-28T01:00:00+00:00,1.29163,1.29203,1.29107,1.29147,100
2023-06-28T01:15:00+00:00,1.29147,1.29222,1.29107,1.29182,100
2023-06-28T01:30:00+00:00,1.29182,1.29226,1.29142,1.29186,100
2023-06-28T01:45:00+00:00,1.29186,1.29226,1.29094,1.29134,100
2023-06-28T02:00:00+00:00,1.29134,1.29289,1.29094,1.29249,100
2023-06-28T02:15:00+00:00,1.29249,1.29382,1.29209,1.29342,100
2023-06-28T02:30:00+00:00,1.29342,1.29444,1.29302,1.29404,100
2023-06-28T02:45:00+00:00,1.29404,1.29444,1.29311,1.29351,100
2023-06-28T03:00:00+00:00,1.29351,1.29391,1.29237,1.29277,100
2023-06-28T03:15:00+00:00,1.29277,1.29373,1.29237,1.29333,100
2023-06-28T03:30:00+00:00,1.29333,1.29450,1.29293,1.29410,100
2023-06-28T03:45:00+00:00,1.29410,1.29487,1.29370,1.29447,100
2023-06-28T04:00:00+00:00,1.29447,1.29487,1.29338,1.29378,100
2023-06-28T04:15:00+00:00,1.29378,1.29471,1.29338,1.29431,100
2023-06-28T04:30:00+00:00,1.29431,1.29476,1.29391,1.29436,100
2023-06-28T04:45:00+00:00,1.29436,1.29476,1.29366,1.29406,100
2023-06-28T05:00:00+00:00,1.29406,1.29467,1.29366,1.29427,100
2023-06-28T05:15:00+00:00,1.29427,1.29467,1.29375,1.29415,100
2023-06-28T05:30:00+00:00,1.29415,1.29491,1.29375,1.29451,100
2023-06-28T05:45:00+00:00,1.29451,1.29551,1.29411,1.29511,100
2023-06-28T06:00:00+00:00,1.29511,1.29667,1.29471,1.29627,100
2023-06-28T06:15:00+00:00,1.29627,1.29667,1.29494,1.29534,100
2023-06-28T06:30:00+00:00,1.29534,1.29591,1.29494,1.29551,100
2023-06-28T06:45:00+00:00,1.29551,1.29698,1.29511,1.29658,100
2023-06-28T07:00:00+00:00,1.29658,1.29735,1.29618,1.29695,100
2023-06-28T07:15:00+00:00,1.29695,1.29755,1.29655,1.29715,100
2023-06-28T07:30:00+00:00,1.29715,1.29839,1.29675,1.29799,100
2023-06-28T07:45:00+00:00,1.29799,1.29839,1.29647,1.29687,100
2023-06-28T08:00:00+00:00,1.29687,1.29797,1.29647,1.29757,100
2023-06-28T08:15:00+00:00,1.29757,1.29827,1.29717,1.29787,100
2023-06-28T08:30:00+00:00,1.29787,1.29847,1.29747,1.29807,100
2023-06-28T08:45:00+00:00,1.29807,1.29847,1.29721,1.29761,100
2023-06-28T09:00:00+00:00,1.29761,1.29830,1.29721,1.29790,100
2023-06-28T09:15:00+00:00,1.29790,1.29830,1.29660,1.29700,100
2023-06-28T09:30:00+00:00,1.29700,1.29746,1.29660,1.29706,100
2023-06-28T09:45:00+00:00,1.29706,1.29746,1.29608,1.29648,100
2023-06-28T10:00:00+00:00,1.29648,1.29792,1.29608,1.29752,100
2023-06-28T10:15:00+00:00,1.29752,1.29865,1.29712,1.29825,100
2023-06-28T10:30:00+00:00,1.29825,1.29865,1.29778,1.29818,100
2023-06-28T10:45:00+00:00,1.29818,1.29919,1.29778,1.29879,100
2023-06-28T11:00:00+00:00,1.29879,1.29919,1.29812,1.29852,100
2023-06-28T11:15:00+00:00,1.29852,1.29897,1.29812,1.29857,100
2023-06-28T11:30:00+00:00,1.29857,1.29897,1.29736,1.29776,100
2023-06-28T11:45:00+00:00,1.29776,1.29902,1.29736,1.29862,100
2023-06-28T12:00:00+00:00,1.29862,1.29965,1.29822,1.29925,100
2023-06-28T12:15:00+00:00,1.29925,1.30028,1.29885,1.29988,100
2023-06-28T12:30:00+00:00,1.29988,1.30028,1.29848,1.29888,100
2023-06-28T12:45:00+00:00,1.29888,1.30005,1.29848,1.29965,100
2023-06-28T13:00:00+00:00,1.29965,1.30005,1.29807,1.29847,100
2023-06-28T13:15:00+00:00,1.29847,1.29903,1.29807,1.29863,100
2023-06-28T13:30:00+00:00,1.29863,1.29903,1.29820,1.29860,100
2023-06-28T13:45:00+00:00,1.29860,1.29900,1.29714,1.29754,100
2023-06-28T14:00:00+00:00,1.29754,1.29794,1.29696,1.29736,100
2023-06-28T14:15:00+00:00,1.29736,1.29868,1.29696,1.29828,100
2023-06-28T14:30:00+00:00,1.29828,1.29898,1.29788,1.29858,100
2023-06-28T14:45:00+00:00,1.29858,1.29898,1.29774,1.29814,100
2023-06-28T15:00:00+00:00,1.29814,1.29929,1.29774,1.29889,100
2023-06-28T15:15:00+00:00,1.29889,1.29929,1.29815,1.29855,100
2023-06-28T15:30:00+00:00,1.29855,1.29990,1.29815,1.29950,100
2023-06-28T15:45:00+00:00,1.29950,1.29990,1.29886,1.29926,100
2023-06-28T16:00:00+00:00,1.29926,1.29966,1.29785,1.29825,100
2023-06-28T16:15:00+00:00,1.29825,1.29978,1.29785,1.29938,100
2023-06-28T16:30:00+00:00,1.29938,1.29978,1.29795,1.29835,100
2023-06-28T16:45:00+00:00,1.29835,1.29875,1.29736,1.29776,100
2023-06-28T17:00:00+00:00,1.29776,1.29881,1.29736,1.29841,100
2023-06-28T17:15:00+00:00,1.29841,1.29881,1.29708,1.29748,100
2023-06-28T17:30:00+00:00,1.29748,1.29799,1.29708,1.29759,100
2023-06-28T17:45:00+00:00,1.29759,1.29885,1.29719,1.29845,100
2023-06-28T18:00:00+00:00,1.29845,1.29907,1.29805,1.29867,100
2023-06-28T18:15:00+00:00,1.29867,1.29907,1.29790,1.29830,100
2023-06-28T18:30:00+00:00,1.29830,1.29932,1.29790,1.29892,100
2023-06-28T18:45:00+00:00,1.29892,1.30010,1.29852,1.29970,100
2023-06-28T19:00:00+00:00,1.29970,1.30029,1.29930,1.29989,100
2023-06-28T19:15:00+00:00,1.29989,1.30060,1.29949,1.30020,100
2023-06-28T19:30:00+00:00,1.30020,1.30060,1.29937,1.29977,100
2023-06-28T19:45:00+00:00,1.29977,1.30017,1.29915,1.29955,100
2023-06-28T20:00:00+00:00,1.29955,1.30113,1.29915,1.30073,100
2023-06-28T20:15:00+00:00,1.30073,1.30226,1.30033,1.30186,100
2023-06-28T20:30:00+00:00,1.30186,1.30226,1.30027,1.30067,100
2023-06-28T20:45:00+00:00,1.30067,1.30107,1.29954,1.29994,100
2023-06-28T21:00:00+00:00,1.29994,1.30034,1.29888,1.29928,100
2023-06-28T21:15:00+00:00,1.29928,1.30038,1.29888,1.29998,100
2023-06-28T21:30:00+00:00,1.29998,1.30038,1.29886,1.29926,100
2023-06-28T21:45:00+00:00,1.29926,1.29966,1.29807,1.29847,100
2023-06-28T22:00:00+00:00,1.29847,1.29951,1.29807,1.29911,100
2023-06-28T22:15:00+00:00,1.29911,1.29951,1.29791,1.29831,100
2023-06-28T22:30:00+00:00,1.29831,1.29986,1.29791,1.29946,100
2023-06-28T22:45:00+00:00,1.29946,1.29986,1.29895,1.29935,100
2023-06-28T23:00:00+00:00,1.29935,1.30071,1.29895,1.30031,100
2023-06-28T23:15:00+00:00,1.30031,1.30148,1.29991,1.30108,100
2023-06-28T23:30:00+00:00,1.30108,1.30148,1.29997,1.30037,100
2023-06-28T23:45:00+00:00,1.30037,1.30146,1.29997,1.30106,100
2023-06-29T00:00:00+00:00,1.30106,1.30146,1.30045,1.30085,100
2023-06-29T00:15:00+00:00,1.30085,1.30125,1.29979,1.30019,100
2023-06-29T00:30:00+00:00,1.30019,1.30059,1.29870,1.29910,100
2023-06-29T00:45:00+00:00,1.29910,1.29999,1.29870,1.29959,100
2023-06-29T01:00:00+00:00,1.29959,1.30013,1.29919,1.29973,100
2023-06-29T01:15:00+00:00,1.29973,1.30013,1.29886,1.29926,100
2023-06-29T01:30:00+00:00,1.29926,1.30046,1.29886,1.30006,100
2023-06-29T01:45:00+00:00,1.30006,1.30046,1.29893,1.29933,100
2023-06-29T02:00:00+00:00,1.29933,1.29973,1.29880,1.29920,100
2023-06-29T02:15:00+00:00,1.29920,1.29960,1.29781,1.29821,100
2023-06-29T02:30:00+00:00,1.29821,1.29861,1.29745,1.29785,100
2023-06-29T02:45:00+00:00,1.29785,1.29917,1.29745,1.29877,100
2023-06-29T03:00:00+00:00,1.29877,1.29917,1.29837,1.29877,100
2023-06-29T03:15:00+00:00,1.29877,1.29917,1.29754,1.29794,100
2023-06-29T03:30:00+00:00,1.29794,1.29834,1.29691,1.29731,100
2023-06-29T03:45:00+00:00,1.29731,1.29805,1.29691,1.29765,100
2023-06-29T04:00:00+00:00,1.29765,1.29805,1.29672,1.29712,100
2023-06-29T04:15:00+00:00,1.29712,1.29845,1.29672,1.29805,100
2023-06-29T04:30:00+00:00,1.29805,1.29845,1.29660,1.29700,100
2023-06-29T04:45:00+00:00,1.29700,1.29828,1.29660,1.29788,100
2023-06-29T05:00:00+00:00,1.29788,1.29857,1.29748,1.29817,100
2023-06-29T05:15:00+00:00,1.29817,1.29935,1.29777,1.29895,100
2023-06-29T05:30:00+00:00,1.29895,1.29935,1.29820,1.29860,100
2023-06-29T05:45:00+00:00,1.29860,1.29900,1.29716,1.29756,100
2023-06-29T06:00:00+00:00,1.29756,1.29796,1.29638,1.29678,100
2023-06-29T06:15:00+00:00,1.29678,1.29748,1.29638,1.29708,100
2023-06-29T06:30:00+00:00,1.29708,1.29748,1.29554,1.29594,100
2023-06-29T06:45:00+00:00,1.29594,1.29634,1.29461,1.29501,100
2023-06-29T07:00:00+00:00,1.29501,1.29609,1.29461,1.29569,100
2023-06-29T07:15:00+00:00,1.29569,1.29699,1.29529,1.29659,100
2023-06-29T07:30:00+00:00,1.29659,1.29785,1.29619,1.29745,100
2023-06-29T07:45:00+00:00,1.29745,1.29866,1.29705,1.29826,100
2023-06-29T08:00:00+00:00,1.29826,1.29879,1.29786,1.29839,100
2023-06-29T08:15:00+00:00,1.29839,1.29969,1.29799,1.29929,100
2023-06-29T08:30:00+00:00,1.29929,1.30016,1.29889,1.29976,100
2023-06-29T08:45:00+00:00,1.29976,1.30030,1.29936,1.29990,100
2023-06-29T09:00:00+00:00,1.29990,1.30030,1.29932,1.29972,100
2023-06-29T09:15:00+00:00,1.29972,1.30012,1.29818,1.29858,100
2023-06-29T09:30:00+00:00,1.29858,1.29898,1.29720,1.29760,100
2023-06-29T09:45:00+00:00,1.29760,1.29800,1.29660,1.29700,100
2023-06-29T10:00:00+00:00,1.29700,1.29740,1.29650,1.29690,100
2023-06-29T10:15:00+00:00,1.29690,1.29730,1.29559,1.29599,100
2023-06-29T10:30:00+00:00,1.29599,1.29752,1.29559,1.29712,100
2023-06-29T10:45:00+00:00,1.29712,1.29771,1.29672,1.29731,100
2023-06-29T11:00:00+00:00,1.29731,1.29828,1.29691,1.29788,100
2023-06-29T11:15:00+00:00,1.29788,1.29922,1.29748,1.29882,100
2023-06-29T11:30:00+00:00,1.29882,1.29922,1.29777,1.29817,100
2023-06-29T11:45:00+00:00,1.29817,1.29949,1.29777,1.29909,100
2023-06-29T12:00:00+00:00,1.29909,1.30059,1.29869,1.30019,100
2023-06-29T12:15:00+00:00,1.30019,1.30059,1.29924,1.29964,100
2023-06-29T12:30:00+00:00,1.29964,1.30004,1.29834,1.29874,100
2023-06-29T12:45:00+00:00,1.29874,1.29986,1.29834,1.29946,100
2023-06-29T13:00:00+00:00,1.29946,1.30079,1.29906,1.30039,100
2023-06-29T13:15:00+00:00,1.30039,1.30151,1.29999,1.30111,100
2023-06-29T13:30:00+00:00,1.30111,1.30151,1.30049,1.30089,100
2023-06-29T13:45:00+00:00,1.30089,1.30153,1.30049,1.30113,100
2023-06-29T14:00:00+00:00,1.30113,1.30153,1.29981,1.30021,100
2023-06-29T14:15:00+00:00,1.30021,1.30061,1.29917,1.29957,100
2023-06-29T14:30:00+00:00,1.29957,1.29997,1.29898,1.29938,100
2023-06-29T14:45:00+00:00,1.29938,1.30036,1.29898,1.29996,100
2023-06-29T15:00:00+00:00,1.29996,1.30036,1.29858,1.29898,100
2023-06-29T15:15:00+00:00,1.29898,1.30040,1.29858,1.30000,100
2023-06-29T15:30:00+00:00,1.30000,1.30040,1.29848,1.29888,100
2023-06-29T15:45:00+00:00,1.29888,1.30040,1.29848,1.30000,100
2023-06-29T16:00:00+00:00,1.30000,1.30040,1.29897,1.29937,100
2023-06-29T16:15:00+00:00,1.29937,1.30054,1.29897,1.30014,100
2023-06-29T16:30:00+00:00,1.30014,1.30130,1.29974,1.30090,100
2023-06-29T16:45:00+00:00,1.30090,1.30239,1.30050,1.30199,100
2023-06-29T17:00:00+00:00,1.30199,1.30239,1.30152,1.30192,100
2023-06-29T17:15:00+00:00,1.30192,1.30280,1.30152,1.30240,100
2023-06-29T17:30:00+00:00,1.30240,1.30280,1.30150,1.30190,100
2023-06-29T17:45:00+00:00,1.30190,1.30310,1.30150,1.30270,100
2023-06-29T18:00:00+00:00,1.30270,1.30310,1.30136,1.30176,100
2023-06-29T18:15:00+00:00,1.30176,1.30308,1.30136,1.30268,100
2023-06-29T18:30:00+00:00,1.30268,1.30330,1.30228,1.30290,100
2023-06-29T18:45:00+00:00,1.30290,1.30330,1.30145,1.30185,100
2023-06-29T19:00:00+00:00,1.30185,1.30331,1.30145,1.30291,100
2023-06-29T19:15:00+00:00,1.30291,1.30331,1.30207,1.30247,100
2023-06-29T19:30:00+00:00,1.30247,1.30287,1.30103,1.30143,100
2023-06-29T19:45:00+00:00,1.30143,1.30183,1.30045,1.30085,100
2023-06-29T20:00:00+00:00,1.30085,1.30125,1.29932,1.29972,100
2023-06-29T20:15:00+00:00,1.29972,1.30012,1.29879,1.29919,100
2023-06-29T20:30:00+00:00,1.29919,1.30010,1.29879,1.29970,100
2023-06-29T20:45:00+00:00,1.29970,1.30127,1.29930,1.30087,100
2023-06-29T21:00:00+00:00,1.30087,1.30158,1.30047,1.30118,100
2023-06-29T21:15:00+00:00,1.30118,1.30243,1.30078,1.30203,100
2023-06-29T21:30:00+00:00,1.30203,1.30321,1.30163,1.30281,100
2023-06-29T21:45:00+00:00,1.30281,1.30372,1.30241,1.30332,100
2023-06-29T22:00:00+00:00,1.30332,1.30372,1.30264,1.30304,100
2023-06-29T22:15:00+00:00,1.30304,1.30344,1.30205,1.30245,100
2023-06-29T22:30:00+00:00,1.30245,1.30285,1.30122,1.30162,100
2023-06-29T22:45:00+00:00,1.30162,1.30214,1.30122,1.30174,100
2023-06-29T23:00:00+00:00,1.30174,1.30214,1.30063,1.30103,100
2023-06-29T23:15:00+00:00,1.30103,1.30200,1.30063,1.30160,100
2023-06-29T23:30:00+00:00,1.30160,1.30200,1.30077,1.30117,100
2023-06-29T23:45:00+00:00,1.30117,1.30176,1.30077,1.30136,100
2023-06-30T00:00:00+00:00,1.30136,1.30187,1.30096,1.30147,100
2023-06-30T00:15:00+00:00,1.30147,1.30218,1.30107,1.30178,100
2023-06-30T00:30:00+00:00,1.30178,1.30218,1.30055,1.30095,100
2023-06-30T00:45:00+00:00,1.30095,1.30135,1.29997,1.30037,100
2023-06-30T01:00:00+00:00,1.30037,1.30122,1.29997,1.30082,100
2023-06-30T01:15:00+00:00,1.30082,1.30122,1.29973,1.30013,100
2023-06-30T01:30:00+00:00,1.30013,1.30094,1.29973,1.30054,100
2023-06-30T01:45:00+00:00,1.30054,1.30206,1.30014,1.30166,100
2023-06-30T02:00:00+00:00,1.30166,1.30206,1.30099,1.30139,100
2023-06-30T02:15:00+00:00,1.30139,1.30290,1.30099,1.30250,100
2023-06-30T02:30:00+00:00,1.30250,1.30318,1.30210,1.30278,100
2023-06-30T02:45:00+00:00,1.30278,1.30424,1.30238,1.30384,100
2023-06-30T03:00:00+00:00,1.30384,1.30430,1.30344,1.30390,100
2023-06-30T03:15:00+00:00,1.30390,1.30491,1.30350,1.30451,100
2023-06-30T03:30:00+00:00,1.30451,1.30535,1.30411,1.30495,100
2023-06-30T03:45:00+00:00,1.30495,1.30535,1.30382,1.30422,100
2023-06-30T04:00:00+00:00,1.30422,1.30466,1.30382,1.30426,100
2023-06-30T04:15:00+00:00,1.30426,1.30486,1.30386,1.30446,100
2023-06-30T04:30:00+00:00,1.30446,1.30486,1.30397,1.30437,100
2023-06-30T04:45:00+00:00,1.30437,1.30515,1.30397,1.30475,100
2023-06-30T05:00:00+00:00,1.30475,1.30613,1.30435,1.30573,100
2023-06-30T05:15:00+00:00,1.30573,1.30684,1.30533,1.30644,100
2023-06-30T05:30:00+00:00,1.30644,1.30759,1.30604,1.30719,100
2023-06-30T05:45:00+00:00,1.30719,1.30759,1.30594,1.30634,100
2023-06-30T06:00:00+00:00,1.30634,1.30722,1.30594,1.30682,100
2023-06-30T06:15:00+00:00,1.30682,1.30753,1.30642,1.30713,100
2023-06-30T06:30:00+00:00,1.30713,1.30858,1.30673,1.30818,100
2023-06-30T06:45:00+00:00,1.30818,1.30858,1.30659,1.30699,100
2023-06-30T07:00:00+00:00,1.30699,1.30739,1.30580,1.30620,100
2023-06-30T07:15:00+00:00,1.30620,1.30774,1.30580,1.30734,100
2023-06-30T07:30:00+00:00,1.30734,1.30774,1.30664,1.30704,100
2023-06-30T07:45:00+00:00,1.30704,1.30793,1.30664,1.30753,100
2023-06-30T08:00:00+00:00,1.30753,1.30815,1.30713,1.30775,100
2023-06-30T08:15:00+00:00,1.30775,1.30815,1.30710,1.30750,100
2023-06-30T08:30:00+00:00,1.30750,1.30790,1.30696,1.30736,100
2023-06-30T08:45:00+00:00,1.30736,1.30791,1.30696,1.30751,100
2023-06-30T09:00:00+00:00,1.30751,1.30907,1.30711,1.30867,100
2023-06-30T09:15:00+00:00,1.30867,1.30915,1.30827,1.30875,100
2023-06-30T09:30:00+00:00,1.30875,1.30985,1.30835,1.30945,100
2023-06-30T09:45:00+00:00,1.30945,1.30985,1.30858,1.30898,100
2023-06-30T10:00:00+00:00,1.30898,1.30988,1.30858,1.30948,100
2023-06-30T10:15:00+00:00,1.30948,1.31014,1.30908,1.30974,100
2023-06-30T10:30:00+00:00,1.30974,1.31072,1.30934,1.31032,100
2023-06-30T10:45:00+00:00,1.31032,1.31163,1.30992,1.31123,100
2023-06-30T11:00:00+00:00,1.31123,1.31163,1.30982,1.31022,100
2023-06-30T11:15:00+00:00,1.31022,1.31174,1.30982,1.31134,100
2023-06-30T11:30:00+00:00,1.31134,1.31201,1.31094,1.31161,100
2023-06-30T11:45:00+00:00,1.31161,1.31201,1.31063,1.31103,100
2023-06-30T12:00:00+00:00,1.31103,1.31143,1.31055,1.31095,100
2023-06-30T12:15:00+00:00,1.31095,1.31135,1.30958,1.30998,100
2023-06-30T12:30:00+00:00,1.30998,1.31038,1.30893,1.30933,100
2023-06-30T12:45:00+00:00,1.30933,1.31054,1.30893,1.31014,100
2023-06-30T13:00:00+00:00,1.31014,1.31105,1.30974,1.31065,100
2023-06-30T13:15:00+00:00,1.31065,1.31193,1.31025,1.31153,100
2023-06-30T13:30:00+00:00,1.31153,1.31193,1.31032,1.31072,100
2023-06-30T13:45:00+00:00,1.31072,1.31112,1.30938,1.30978,100
2023-06-30T14:00:00+00:00,1.30978,1.31018,1.30909,1.30949,100
2023-06-30T14:15:00+00:00,1.30949,1.30989,1.30908,1.30948,100
2023-06-30T14:30:00+00:00,1.30948,1.31038,1.30908,1.30998,100
2023-06-30T14:45:00+00:00,1.30998,1.31038,1.30910,1.30950,100
2023-06-30T15:00:00+00:00,1.30950,1.31047,1.30910,1.31007,100
2023-06-30T15:15:00+00:00,1.31007,1.31067,1.30967,1.31027,100
2023-06-30T15:30:00+00:00,1.31027,1.31067,1.30936,1.30976,100
2023-06-30T15:45:00+00:00,1.30976,1.31086,1.30936,1.31046,100
2023-06-30T16:00:00+00:00,1.31046,1.31086,1.30903,1.30943,100
2023-06-30T16:15:00+00:00,1.30943,1.31005,1.30903,1.30965,100
2023-06-30T16:30:00+00:00,1.30965,1.31005,1.30850,1.30890,100
2023-06-30T16:45:00+00:00,1.30890,1.30930,1.30741,1.30781,100
2023-06-30T17:00:00+00:00,1.30781,1.30821,1.30735,1.30775,100
2023-06-30T17:15:00+00:00,1.30775,1.30820,1.30735,1.30780,100
2023-06-30T17:30:00+00:00,1.30780,1.30847,1.30740,1.30807,100
2023-06-30T17:45:00+00:00,1.30807,1.30847,1.30737,1.30777,100
2023-06-30T18:00:00+00:00,1.30777,1.30920,1.30737,1.30880,100
2023-06-30T18:15:00+00:00,1.30880,1.30989,1.30840,1.30949,100
2023-06-30T18:30:00+00:00,1.30949,1.30989,1.30826,1.30866,100
2023-06-30T18:45:00+00:00,1.30866,1.30906,1.30707,1.30747,100
2023-06-30T19:00:00+00:00,1.30747,1.30897,1.30707,1.30857,100
2023-06-30T19:15:00+00:00,1.30857,1.30897,1.30796,1.30836,100
2023-06-30T19:30:00+00:00,1.30836,1.30876,1.30701,1.30741,100
2023-06-30T19:45:00+00:00,1.30741,1.30781,1.30624,1.30664,100
2023-06-30T20:00:00+00:00,1.30664,1.30752,1.30624,1.30712,100
2023-06-30T20:15:00+00:00,1.30712,1.30752,1.30594,1.30634,100
2023-06-30T20:30:00+00:00,1.30634,1.30674,1.30564,1.30604,100
2023-06-30T20:45:00+00:00,1.30604,1.30686,1.30564,1.30646,100
2023-06-30T21:00:00+00:00,1.30646,1.30686,1.30571,1.30611,100
2023-06-30T21:15:00+00:00,1.30611,1.30688,1.30571,1.30648,100
2023-06-30T21:30:00+00:00,1.30648,1.30795,1.30608,1.30755,100
2023-06-30T21:45:00+00:00,1.30755,1.30865,1.30715,1.30825,100
2023-06-30T22:00:00+00:00,1.30825,1.30896,1.30785,1.30856,100
2023-06-30T22:15:00+00:00,1.30856,1.30926,1.30816,1.30886,100
2023-06-30T22:30:00+00:00,1.30886,1.30926,1.30801,1.30841,100
2023-06-30T22:45:00+00:00,1.30841,1.30914,1.30801,1.30874,100
2023-06-30T23:00:00+00:00,1.30874,1.30950,1.30834,1.30910,100
2023-06-30T23:15:00+00:00,1.30910,1.30971,1.30870,1.30931,100
2023-06-30T23:30:00+00:00,1.30931,1.30971,1.30889,1.30929,100
2023-06-30T23:45:00+00:00,1.30929,1.31029,1.30889,1.30989,100
2023-07-03T00:00:00+00:00,1.30989,1.31029,1.30878,1.30918,100
2023-07-03T00:15:00+00:00,1.30918,1.31009,1.30878,1.30969,100
2023-07-03T00:30:00+00:00,1.30969,1.31124,1.30929,1.31084,100
2023-07-03T00:45:00+00:00,1.31084,1.31124,1.30933,1.30973,100
2023-07-03T01:00:00+00:00,1.30973,1.31013,1.30873,1.30913,100
2023-07-03T01:15:00+00:00,1.30913,1.31070,1.30873,1.31030,100
2023-07-03T01:30:00+00:00,1.31030,1.31070,1.30890,1.30930,100
2023-07-03T01:45:00+00:00,1.30930,1.31046,1.30890,1.31006,100
2023-07-03T02:00:00+00:00,1.31006,1.31065,1.30966,1.31025,100
2023-07-03T02:15:00+00:00,1.31025,1.31065,1.30882,1.30922,100
2023-07-03T02:30:00+00:00,1.30922,1.30993,1.30882,1.30953,100
2023-07-03T02:45:00+00:00,1.30953,1.30993,1.30795,1.30835,100
2023-07-03T03:00:00+00:00,1.30835,1.30959,1.30795,1.30919,100
2023-07-03T03:15:00+00:00,1.30919,1.30959,1.30832,1.30872,100
2023-07-03T03:30:00+00:00,1.30872,1.31013,1.30832,1.30973,100
2023-07-03T03:45:00+00:00,1.30973,1.31109,1.30933,1.31069,100
2023-07-03T04:00:00+00:00,1.31069,1.31109,1.30941,1.30981,100
2023-07-03T04:15:00+00:00,1.30981,1.31021,1.30918,1.30958,100
2023-07-03T04:30:00+00:00,1.30958,1.30998,1.30835,1.30875,100
2023-07-03T04:45:00+00:00,1.30875,1.30977,1.30835,1.30937,100
2023-07-03T05:00:00+00:00,1.30937,1.30977,1.30800,1.30840,100
2023-07-03T05:15:00+00:00,1.30840,1.30880,1.30697,1.30737,100
2023-07-03T05:30:00+00:00,1.30737,1.30777,1.30605,1.30645,100
2023-07-03T05:45:00+00:00,1.30645,1.30771,1.30605,1.30731,100
2023-07-03T06:00:00+00:00,1.30731,1.30771,1.30631,1.30671,100
2023-07-03T06:15:00+00:00,1.30671,1.30711,1.30588,1.30628,100
2023-07-03T06:30:00+00:00,1.30628,1.30668,1.30575,1.30615,100
2023-07-03T06:45:00+00:00,1.30615,1.30668,1.30575,1.30628,100
2023-07-03T07:00:00+00:00,1.30628,1.30668,1.30567,1.30607,100
2023-07-03T07:15:00+00:00,1.30607,1.30754,1.30567,1.30714,100
2023-07-03T07:30:00+00:00,1.30714,1.30754,1.30636,1.30676,100
2023-07-03T07:45:00+00:00,1.30676,1.30716,1.30630,1.30670,100
2023-07-03T08:00:00+00:00,1.30670,1.30797,1.30630,1.30757,100
2023-07-03T08:15:00+00:00,1.30757,1.30797,1.30655,1.30695,100
2023-07-03T08:30:00+00:00,1.30695,1.30735,1.30577,1.30617,100
2023-07-03T08:45:00+00:00,1.30617,1.30738,1.30577,1.30698,100
2023-07-03T09:00:00+00:00,1.30698,1.30738,1.30614,1.30654,100
2023-07-03T09:15:00+00:00,1.30654,1.30788,1.30614,1.30748,100
2023-07-03T09:30:00+00:00,1.30748,1.30865,1.30708,1.30825,100
2023-07-03T09:45:00+00:00,1.30825,1.30865,1.30755,1.30795,100
2023-07-03T10:00:00+00:00,1.30795,1.30835,1.30714,1.30754,100
2023-07-03T10:15:00+00:00,1.30754,1.30794,1.30619,1.30659,100
2023-07-03T10:30:00+00:00,1.30659,1.30788,1.30619,1.30748,100
2023-07-03T10:45:00+00:00,1.30748,1.30788,1.30695,1.30735,100
2023-07-03T11:00:00+00:00,1.30735,1.30775,1.30657,1.30697,100
2023-07-03T11:15:00+00:00,1.30697,1.30737,1.30579,1.30619,100
2023-07-03T11:30:00+00:00,1.30619,1.30659,1.30513,1.30553,100
2023-07-03T11:45:00+00:00,1.30553,1.30683,1.30513,1.30643,100
2023-07-03T12:00:00+00:00,1.30643,1.30683,1.30514,1.30554,100
2023-07-03T12:15:00+00:00,1.30554,1.30607,1.30514,1.30567,100
2023-07-03T12:30:00+00:00,1.30567,1.30637,1.30527,1.30597,100
2023-07-03T12:45:00+00:00,1.30597,1.30642,1.30557,1.30602,100
2023-07-03T13:00:00+00:00,1.30602,1.30643,1.30562,1.30603,100
2023-07-03T13:15:00+00:00,1.30603,1.30643,1.30538,1.30578,100
2023-07-03T13:30:00+00:00,1.30578,1.30618,1.30464,1.30504,100
2023-07-03T13:45:00+00:00,1.30504,1.30621,1.30464,1.30581,100
2023-07-03T14:00:00+00:00,1.30581,1.30717,1.30541,1.30677,100
2023-07-03T14:15:00+00:00,1.30677,1.30732,1.30637,1.30692,100
2023-07-03T14:30:00+00:00,1.30692,1.30732,1.30592,1.30632,100
2023-07-03T14:45:00+00:00,1.30632,1.30771,1.30592,1.30731,100
2023-07-03T15:00:00+00:00,1.30731,1.30771,1.30620,1.30660,100
2023-07-03T15:15:00+00:00,1.30660,1.30700,1.30541,1.30581,100
2023-07-03T15:30:00+00:00,1.30581,1.30651,1.30541,1.30611,100
2023-07-03T15:45:00+00:00,1.30611,1.30730,1.30571,1.30690,100
2023-07-03T16:00:00+00:00,1.30690,1.30748,1.30650,1.30708,100
2023-07-03T16:15:00+00:00,1.30708,1.30748,1.30574,1.30614,100
2023-07-03T16:30:00+00:00,1.30614,1.30769,1.30574,1.30729,100
2023-07-03T16:45:00+00:00,1.30729,1.30769,1.30607,1.30647,100
2023-07-03T17:00:00+00:00,1.30647,1.30687,1.30569,1.30609,100
2023-07-03T17:15:00+00:00,1.30609,1.30766,1.30569,1.30726,100
2023-07-03T17:30:00+00:00,1.30726,1.30836,1.30686,1.30796,100
2023-07-03T17:45:00+00:00,1.30796,1.30898,1.30756,1.30858,100
2023-07-03T18:00:00+00:00,1.30858,1.30898,1.30716,1.30756,100
2023-07-03T18:15:00+00:00,1.30756,1.30880,1.30716,1.30840,100
2023-07-03T18:30:00+00:00,1.30840,1.30880,1.30776,1.30816,100
2023-07-03T18:45:00+00:00,1.30816,1.30856,1.30659,1.30699,100
2023-07-03T19:00:00+00:00,1.30699,1.30808,1.30659,1.30768,100
2023-07-03T19:15:00+00:00,1.30768,1.30912,1.30728,1.30872,100
2023-07-03T19:30:00+00:00,1.30872,1.30912,1.30723,1.30763,100
2023-07-03T19:45:00+00:00,1.30763,1.30803,1.30712,1.30752,100
2023-07-03T20:00:00+00:00,1.30752,1.30888,1.30712,1.30848,100
2023-07-03T20:15:00+00:00,1.30848,1.30888,1.30768,1.30808,100
2023-07-03T20:30:00+00:00,1.30808,1.30848,1.30721,1.30761,100
2023-07-03T20:45:00+00:00,1.30761,1.30868,1.30721,1.30828,100
2023-07-03T21:00:00+00:00,1.30828,1.30868,1.30774,1.30814,100
2023-07-03T21:15:00+00:00,1.30814,1.30973,1.30774,1.30933,100
2023-07-03T21:30:00+00:00,1.30933,1.31059,1.30893,1.31019,100
2023-07-03T21:45:00+00:00,1.31019,1.31145,1.30979,1.31105,100
2023-07-03T22:00:00+00:00,1.31105,1.31194,1.31065,1.31154,100
2023-07-03T22:15:00+00:00,1.31154,1.31194,1.31041,1.31081,100
2023-07-03T22:30:00+00:00,1.31081,1.31166,1.31041,1.31126,100
2023-07-03T22:45:00+00:00,1.31126,1.31185,1.31086,1.31145,100
2023-07-03T23:00:00+00:00,1.31145,1.31185,1.31101,1.31141,100
2023-07-03T23:15:00+00:00,1.31141,1.31197,1.31101,1.31157,100
2023-07-03T23:30:00+00:00,1.31157,1.31197,1.31070,1.31110,100
2023-07-03T23:45:00+00:00,1.31110,1.31150,1.30997,1.31037,100
2023-07-04T00:00:00+00:00,1.31037,1.31176,1.30997,1.31136,100
2023-07-04T00:15:00+00:00,1.31136,1.31176,1.31064,1.31104,100
2023-07-04T00:30:00+00:00,1.31104,1.31144,1.30970,1.31010,100
2023-07-04T00:45:00+00:00,1.31010,1.31164,1.30970,1.31124,100
2023-07-04T01:00:00+00:00,1.31124,1.31167,1.31084,1.31127,100
2023-07-04T01:15:00+00:00,1.31127,1.31209,1.31087,1.31169,100
2023-07-04T01:30:00+00:00,1.31169,1.31209,1.31090,1.31130,100
2023-07-04T01:45:00+00:00,1.31130,1.31170,1.31006,1.31046,100
2023-07-04T02:00:00+00:00,1.31046,1.31086,1.30966,1.31006,100
2023-07-04T02:15:00+00:00,1.31006,1.31126,1.30966,1.31086,100
2023-07-04T02:30:00+00:00,1.31086,1.31126,1.30992,1.31032,100
2023-07-04T02:45:00+00:00,1.31032,1.31171,1.30992,1.31131,100
2023-07-04T03:00:00+00:00,1.31131,1.31171,1.31044,1.31084,100
2023-07-04T03:15:00+00:00,1.31084,1.31219,1.31044,1.31179,100
2023-07-04T03:30:00+00:00,1.31179,1.31219,1.31062,1.31102,100
2023-07-04T03:45:00+00:00,1.31102,1.31142,1.31048,1.31088,100
2023-07-04T04:00:00+00:00,1.31088,1.31128,1.30959,1.30999,100
2023-07-04T04:15:00+00:00,1.30999,1.31039,1.30875,1.30915,100
2023-07-04T04:30:00+00:00,1.30915,1.30960,1.30875,1.30920,100
2023-07-04T04:45:00+00:00,1.30920,1.30960,1.30848,1.30888,100
2023-07-04T05:00:00+00:00,1.30888,1.30937,1.30848,1.30897,100
2023-07-04T05:15:00+00:00,1.30897,1.30937,1.30789,1.30829,100
2023-07-04T05:30:00+00:00,1.30829,1.30869,1.30743,1.30783,100
2023-07-04T05:45:00+00:00,1.30783,1.30823,1.30701,1.30741,100
2023-07-04T06:00:00+00:00,1.30741,1.30876,1.30701,1.30836,100
2023-07-04T06:15:00+00:00,1.30836,1.30876,1.30696,1.30736,100
2023-07-04T06:30:00+00:00,1.30736,1.30776,1.30676,1.30716,100
2023-07-04T06:45:00+00:00,1.30716,1.30841,1.30676,1.30801,100
2023-07-04T07:00:00+00:00,1.30801,1.30858,1.30761,1.30818,100
2023-07-04T07:15:00+00:00,1.30818,1.30858,1.30719,1.30759,100
2023-07-04T07:30:00+00:00,1.30759,1.30919,1.30719,1.30879,100
2023-07-04T07:45:00+00:00,1.30879,1.30919,1.30745,1.30785,100
2023-07-04T08:00:00+00:00,1.30785,1.30825,1.30657,1.30697,100
2023-07-04T08:15:00+00:00,1.30697,1.30737,1.30542,1.30582,100
2023-07-04T08:30:00+00:00,1.30582,1.30622,1.30527,1.30567,100
2023-07-04T08:45:00+00:00,1.30567,1.30693,1.30527,1.30653,100
2023-07-04T09:00:00+00:00,1.30653,1.30693,1.30561,1.30601,100
2023-07-04T09:15:00+00:00,1.30601,1.30641,1.30509,1.30549,100
2023-07-04T09:30:00+00:00,1.30549,1.30661,1.30509,1.30621,100
2023-07-04T09:45:00+00:00,1.30621,1.30661,1.30480,1.30520,100
2023-07-04T10:00:00+00:00,1.30520,1.30560,1.30364,1.30404,100
2023-07-04T10:15:00+00:00,1.30404,1.30483,1.30364,1.30443,100
2023-07-04T10:30:00+00:00,1.30443,1.30483,1.30304,1.30344,100
2023-07-04T10:45:00+00:00,1.30344,1.30391,1.30304,1.30351,100
2023-07-04T11:00:00+00:00,1.30351,1.30391,1.30225,1.30265,100
2023-07-04T11:15:00+00:00,1.30265,1.30330,1.30225,1.30290,100
2023-07-04T11:30:00+00:00,1.30290,1.30414,1.30250,1.30374,100
2023-07-04T11:45:00+00:00,1.30374,1.30414,1.30323,1.30363,100
2023-07-04T12:00:00+00:00,1.30363,1.30403,1.30268,1.30308,100
2023-07-04T12:15:00+00:00,1.30308,1.30378,1.30268,1.30338,100
2023-07-04T12:30:00+00:00,1.30338,1.30426,1.30298,1.30386,100
2023-07-04T12:45:00+00:00,1.30386,1.30426,1.30240,1.30280,100
2023-07-04T13:00:00+00:00,1.30280,1.30320,1.30177,1.30217,100
2023-07-04T13:15:00+00:00,1.30217,1.30257,1.30148,1.30188,100
2023-07-04T13:30:00+00:00,1.30188,1.30229,1.30148,1.30189,100
2023-07-04T13:45:00+00:00,1.30189,1.30229,1.30095,1.30135,100
2023-07-04T14:00:00+00:00,1.30135,1.30213,1.30095,1.30173,100
2023-07-04T14:15:00+00:00,1.30173,1.30213,1.30074,1.30114,100
2023-07-04T14:30:00+00:00,1.30114,1.30251,1.30074,1.30211,100
2023-07-04T14:45:00+00:00,1.30211,1.30251,1.30136,1.30176,100
2023-07-04T15:00:00+00:00,1.30176,1.30216,1.30069,1.30109,100
2023-07-04T15:15:00+00:00,1.30109,1.30149,1.29968,1.30008,100
2023-07-04T15:30:00+00:00,1.30008,1.30048,1.29878,1.29918,100
2023-07-04T15:45:00+00:00,1.29918,1.29958,1.29810,1.29850,100
2023-07-04T16:00:00+00:00,1.29850,1.29982,1.29810,1.29942,100
2023-07-04T16:15:00+00:00,1.29942,1.29982,1.29882,1.29922,100
2023-07-04T16:30:00+00:00,1.29922,1.29962,1.29868,1.29908,100
2023-07-04T16:45:00+00:00,1.29908,1.30058,1.29868,1.30018,100
2023-07-04T17:00:00+00:00,1.30018,1.30170,1.29978,1.30130,100
2023-07-04T17:15:00+00:00,1.30130,1.30234,1.30090,1.30194,100
2023-07-04T17:30:00+00:00,1.30194,1.30234,1.30092,1.30132,100
2023-07-04T17:45:00+00:00,1.30132,1.30172,1.30050,1.30090,100
2023-07-04T18:00:00+00:00,1.30090,1.30131,1.30050,1.30091,100
2023-07-04T18:15:00+00:00,1.30091,1.30131,1.29993,1.30033,100
2023-07-04T18:30:00+00:00,1.30033,1.30073,1.29957,1.29997,100
2023-07-04T18:45:00+00:00,1.29997,1.30037,1.29888,1.29928,100
2023-07-04T19:00:00+00:00,1.29928,1.29968,1.29826,1.29866,100
2023-07-04T19:15:00+00:00,1.29866,1.29965,1.29826,1.29925,100
2023-07-04T19:30:00+00:00,1.29925,1.29990,1.29885,1.29950,100
2023-07-04T19:45:00+00:00,1.29950,1.29990,1.29897,1.29937,100
2023-07-04T20:00:00+00:00,1.29937,1.29977,1.29890,1.29930,100
2023-07-04T20:15:00+00:00,1.29930,1.29998,1.29890,1.29958,100
2023-07-04T20:30:00+00:00,1.29958,1.30042,1.29918,1.30002,100
2023-07-04T20:45:00+00:00,1.30002,1.30042,1.29847,1.29887,100
2023-07-04T21:00:00+00:00,1.29887,1.30010,1.29847,1.29970,100
2023-07-04T21:15:00+00:00,1.29970,1.30010,1.29921,1.29961,100
2023-07-04T21:30:00+00:00,1.29961,1.30001,1.29883,1.29923,100
2023-07-04T21:45:00+00:00,1.29923,1.30073,1.29883,1.30033,100
2023-07-04T22:00:00+00:00,1.30033,1.30135,1.29993,1.30095,100
2023-07-04T22:15:00+00:00,1.30095,1.30135,1.30019,1.30059,100
2023-07-04T22:30:00+00:00,1.30059,1.30099,1.29905,1.29945,100
2023-07-04T22:45:00+00:00,1.29945,1.29985,1.29889,1.29929,100
2023-07-04T23:00:00+00:00,1.29929,1.29969,1.29875,1.29915,100
2023-07-04T23:15:00+00:00,1.29915,1.29955,1.29845,1.29885,100
2023-07-04T23:30:00+00:00,1.29885,1.29925,1.29748,1.29788,100
2023-07-04T23:45:00+00:00,1.29788,1.29847,1.29748,1.29807,100
2023-07-05T00:00:00+00:00,1.29807,1.29847,1.29708,1.29748,100
2023-07-05T00:15:00+00:00,1.29748,1.29851,1.29708,1.29811,100
2023-07-05T00:30:00+00:00,1.29811,1.29858,1.29771,1.29818,100
2023-07-05T00:45:00+00:00,1.29818,1.29858,1.29728,1.29768,100
2023-07-05T01:00:00+00:00,1.29768,1.29886,1.29728,1.29846,100
2023-07-05T01:15:00+00:00,1.29846,1.29886,1.29794,1.29834,100
2023-07-05T01:30:00+00:00,1.29834,1.29874,1.29694,1.29734,100
2023-07-05T01:45:00+00:00,1.29734,1.29774,1.29641,1.29681,100
2023-07-05T02:00:00+00:00,1.29681,1.29721,1.29534,1.29574,100
2023-07-05T02:15:00+00:00,1.29574,1.29614,1.29517,1.29557,100
2023-07-05T02:30:00+00:00,1.29557,1.29695,1.29517,1.29655,100
2023-07-05T02:45:00+00:00,1.29655,1.29801,1.29615,1.29761,100
2023-07-05T03:00:00+00:00,1.29761,1.29837,1.29721,1.29797,100
2023-07-05T03:15:00+00:00,1.29797,1.29837,1.29674,1.29714,100
2023-07-05T03:30:00+00:00,1.29714,1.29754,1.29612,1.29652,100
2023-07-05T03:45:00+00:00,1.29652,1.29692,1.29540,1.29580,100
2023-07-05T04:00:00+00:00,1.29580,1.29620,1.29510,1.29550,100
2023-07-05T04:15:00+00:00,1.29550,1.29623,1.29510,1.29583,100
2023-07-05T04:30:00+00:00,1.29583,1.29623,1.29428,1.29468,100
2023-07-05T04:45:00+00:00,1.29468,1.29508,1.29426,1.29466,100
2023-07-05T05:00:00+00:00,1.29466,1.29506,1.29408,1.29448,100
2023-07-05T05:15:00+00:00,1.29448,1.29527,1.29408,1.29487,100
2023-07-05T05:30:00+00:00,1.29487,1.29605,1.29447,1.29565,100
2023-07-05T05:45:00+00:00,1.29565,1.29605,1.29500,1.29540,100
2023-07-05T06:00:00+00:00,1.29540,1.29605,1.29500,1.29565,100
2023-07-05T06:15:00+00:00,1.29565,1.29605,1.29470,1.29510,100
2023-07-05T06:30:00+00:00,1.29510,1.29550,1.29459,1.29499,100
2023-07-05T06:45:00+00:00,1.29499,1.29572,1.29459,1.29532,100
2023-07-05T07:00:00+00:00,1.29532,1.29572,1.29384,1.29424,100
2023-07-05T07:15:00+00:00,1.29424,1.29468,1.29384,1.29428,100
2023-07-05T07:30:00+00:00,1.29428,1.29468,1.29388,1.29428,100
2023-07-05T07:45:00+00:00,1.29428,1.29468,1.29312,1.29352,100
2023-07-05T08:00:00+00:00,1.29352,1.29392,1.29252,1.29292,100
2023-07-05T08:15:00+00:00,1.29292,1.29410,1.29252,1.29370,100
2023-07-05T08:30:00+00:00,1.29370,1.29410,1.29293,1.29333,100
2023-07-05T08:45:00+00:00,1.29333,1.29373,1.29220,1.29260,100
2023-07-05T09:00:00+00:00,1.29260,1.29300,1.29168,1.29208,100
2023-07-05T09:15:00+00:00,1.29208,1.29253,1.29168,1.29213,100
2023-07-05T09:30:00+00:00,1.29213,1.29253,1.29149,1.29189,100
2023-07-05T09:45:00+00:00,1.29189,1.29229,1.29113,1.29153,100
2023-07-05T10:00:00+00:00,1.29153,1.29193,1.29070,1.29110,100
2023-07-05T10:15:00+00:00,1.29110,1.29150,1.29002,1.29042,100
2023-07-05T10:30:00+00:00,1.29042,1.29084,1.29002,1.29044,100
2023-07-05T10:45:00+00:00,1.29044,1.29108,1.29004,1.29068,100
2023-07-05T11:00:00+00:00,1.29068,1.29108,1.28929,1.28969,100
2023-07-05T11:15:00+00:00,1.28969,1.29031,1.28929,1.28991,100
2023-07-05T11:30:00+00:00,1.28991,1.29031,1.28904,1.28944,100
2023-07-05T11:45:00+00:00,1.28944,1.29099,1.28904,1.29059,100
2023-07-05T12:00:00+00:00,1.29059,1.29204,1.29019,1.29164,100
2023-07-05T12:15:00+00:00,1.29164,1.29204,1.29036,1.29076,100
2023-07-05T12:30:00+00:00,1.29076,1.29163,1.29036,1.29123,100
2023-07-05T12:45:00+00:00,1.29123,1.29163,1.29046,1.29086,100
2023-07-05T13:00:00+00:00,1.29086,1.29126,1.28953,1.28993,100
2023-07-05T13:15:00+00:00,1.28993,1.29123,1.28953,1.29083,100
2023-07-05T13:30:00+00:00,1.29083,1.29221,1.29043,1.29181,100
2023-07-05T13:45:00+00:00,1.29181,1.29290,1.29141,1.29250,100
2023-07-05T14:00:00+00:00,1.29250,1.29322,1.29210,1.29282,100
2023-07-05T14:15:00+00:00,1.29282,1.29437,1.29242,1.29397,100
2023-07-05T14:30:00+00:00,1.29397,1.29450,1.29357,1.29410,100
2023-07-05T14:45:00+00:00,1.29410,1.29493,1.29370,1.29453,100
2023-07-05T15:00:00+00:00,1.29453,1.29529,1.29413,1.29489,100
2023-07-05T15:15:00+00:00,1.29489,1.29616,1.29449,1.29576,100
2023-07-05T15:30:00+00:00,1.29576,1.29701,1.29536,1.29661,100
2023-07-05T15:45:00+00:00,1.29661,1.29701,1.29574,1.29614,100
2023-07-05T16:00:00+00:00,1.29614,1.29654,1.29504,1.29544,100
2023-07-05T16:15:00+00:00,1.29544,1.29595,1.29504,1.29555,100
2023-07-05T16:30:00+00:00,1.29555,1.29616,1.29515,1.29576,100
2023-07-05T16:45:00+00:00,1.29576,1.29616,1.29501,1.29541,100
2023-07-05T17:00:00+00:00,1.29541,1.29668,1.29501,1.29628,100
2023-07-05T17:15:00+00:00,1.29628,1.29751,1.29588,1.29711,100
2023-07-05T17:30:00+00:00,1.29711,1.29796,1.29671,1.29756,100
2023-07-05T17:45:00+00:00,1.29756,1.29805,1.29716,1.29765,100
2023-07-05T18:00:00+00:00,1.29765,1.29852,1.29725,1.29812,100
2023-07-05T18:15:00+00:00,1.29812,1.29852,1.29698,1.29738,100
2023-07-05T18:30:00+00:00,1.29738,1.29852,1.29698,1.29812,100
2023-07-05T18:45:00+00:00,1.29812,1.29852,1.29683,1.29723,100
2023-07-05T19:00:00+00:00,1.29723,1.29860,1.29683,1.29820,100
2023-07-05T19:15:00+00:00,1.29820,1.29890,1.29780,1.29850,100
2023-07-05T19:30:00+00:00,1.29850,1.29890,1.29756,1.29796,100
2023-07-05T19:45:00+00:00,1.29796,1.29836,1.29682,1.29722,100
2023-07-05T20:00:00+00:00,1.29722,1.29786,1.29682,1.29746,100
2023-07-05T20:15:00+00:00,1.29746,1.29786,1.29697,1.29737,100
2023-07-05T20:30:00+00:00,1.29737,1.29825,1.29697,1.29785,100
2023-07-05T20:45:00+00:00,1.29785,1.29825,1.29648,1.29688,100
2023-07-05T21:00:00+00:00,1.29688,1.29818,1.29648,1.29778,100
2023-07-05T21:15:00+00:00,1.29778,1.29818,1.29721,1.29761,100
2023-07-05T21:30:00+00:00,1.29761,1.29801,1.29707,1.29747,100
2023-07-05T21:45:00+00:00,1.29747,1.29844,1.29707,1.29804,100
2023-07-05T22:00:00+00:00,1.29804,1.29869,1.29764,1.29829,100
2023-07-05T22:15:00+00:00,1.29829,1.29869,1.29776,1.29816,100
2023-07-05T22:30:00+00:00,1.29816,1.29856,1.29726,1.29766,100
2023-07-05T22:45:00+00:00,1.29766,1.29806,1.29718,1.29758,100
2023-07-05T23:00:00+00:00,1.29758,1.29798,1.29606,1.29646,100
2023-07-05T23:15:00+00:00,1.29646,1.29686,1.29547,1.29587,100
2023-07-05T23:30:00+00:00,1.29587,1.29705,1.29547,1.29665,100
2023-07-05T23:45:00+00:00,1.29665,1.29705,1.29534,1.29574,100
2023-07-06T00:00:00+00:00,1.29574,1.29614,1.29435,1.29475,100
2023-07-06T00:15:00+00:00,1.29475,1.29598,1.29435,1.29558,100
2023-07-06T00:30:00+00:00,1.29558,1.29598,1.29488,1.29528,100
2023-07-06T00:45:00+00:00,1.29528,1.29575,1.29488,1.29535,100
2023-07-06T01:00:00+00:00,1.29535,1.29596,1.29495,1.29556,100
2023-07-06T01:15:00+00:00,1.29556,1.29649,1.29516,1.29609,100
2023-07-06T01:30:00+00:00,1.29609,1.29649,1.29525,1.29565,100
2023-07-06T01:45:00+00:00,1.29565,1.29670,1.29525,1.29630,100
2023-07-06T02:00:00+00:00,1.29630,1.29670,1.29470,1.29510,100
2023-07-06T02:15:00+00:00,1.29510,1.29633,1.29470,1.29593,100
2023-07-06T02:30:00+00:00,1.29593,1.29633,1.29508,1.29548,100
2023-07-06T02:45:00+00:00,1.29548,1.29618,1.29508,1.29578,100
2023-07-06T03:00:00+00:00,1.29578,1.29618,1.29491,1.29531,100
2023-07-06T03:15:00+00:00,1.29531,1.29631,1.29491,1.29591,100
2023-07-06T03:30:00+00:00,1.29591,1.29631,1.29521,1.29561,100
2023-07-06T03:45:00+00:00,1.29561,1.29625,1.29521,1.29585,100
2023-07-06T04:00:00+00:00,1.29585,1.29625,1.29502,1.29542,100
2023-07-06T04:15:00+00:00,1.29542,1.29662,1.29502,1.29622,100
2023-07-06T04:30:00+00:00,1.29622,1.29729,1.29582,1.29689,100
2023-07-06T04:45:00+00:00,1.29689,1.29729,1.29577,1.29617,100
2023-07-06T05:00:00+00:00,1.29617,1.29718,1.29577,1.29678,100
2023-07-06T05:15:00+00:00,1.29678,1.29825,1.29638,1.29785,100
2023-07-06T05:30:00+00:00,1.29785,1.29825,1.29682,1.29722,100
2023-07-06T05:45:00+00:00,1.29722,1.29762,1.29607,1.29647,100
2023-07-06T06:00:00+00:00,1.29647,1.29791,1.29607,1.29751,100
2023-07-06T06:15:00+00:00,1.29751,1.29902,1.29711,1.29862,100
2023-07-06T06:30:00+00:00,1.29862,1.29902,1.29733,1.29773,100
2023-07-06T06:45:00+00:00,1.29773,1.29879,1.29733,1.29839,100
2023-07-06T07:00:00+00:00,1.29839,1.29982,1.29799,1.29942,100
2023-07-06T07:15:00+00:00,1.29942,1.29982,1.29846,1.29886,100
2023-07-06T07:30:00+00:00,1.29886,1.29993,1.29846,1.29953,100
2023-07-06T07:45:00+00:00,1.29953,1.29993,1.29864,1.29904,100
2023-07-06T08:00:00+00:00,1.29904,1.30013,1.29864,1.29973,100
2023-07-06T08:15:00+00:00,1.29973,1.30015,1.29933,1.29975,100
2023-07-06T08:30:00+00:00,1.29975,1.30015,1.29929,1.29969,100
2023-07-06T08:45:00+00:00,1.29969,1.30009,1.29839,1.29879,100
2023-07-06T09:00:00+00:00,1.29879,1.29955,1.29839,1.29915,100
2023-07-06T09:15:00+00:00,1.29915,1.30003,1.29875,1.29963,100
2023-07-06T09:30:00+00:00,1.29963,1.30003,1.29873,1.29913,100
2023-07-06T09:45:00+00:00,1.29913,1.29953,1.29764,1.29804,100
2023-07-06T10:00:00+00:00,1.29804,1.29844,1.29666,1.29706,100
2023-07-06T10:15:00+00:00,1.29706,1.29746,1.29608,1.29648,100
2023-07-06T10:30:00+00:00,1.29648,1.29807,1.29608,1.29767,100
2023-07-06T10:45:00+00:00,1.29767,1.29865,1.29727,1.29825,100
2023-07-06T11:00:00+00:00,1.29825,1.29961,1.29785,1.29921,100
2023-07-06T11:15:00+00:00,1.29921,1.30020,1.29881,1.29980,100
2023-07-06T11:30:00+00:00,1.29980,1.30020,1.29853,1.29893,100
2023-07-06T11:45:00+00:00,1.29893,1.29933,1.29825,1.29865,100
2023-07-06T12:00:00+00:00,1.29865,1.30013,1.29825,1.29973,100
2023-07-06T12:15:00+00:00,1.29973,1.30098,1.29933,1.30058,100
2023-07-06T12:30:00+00:00,1.30058,1.30215,1.30018,1.30175,100
2023-07-06T12:45:00+00:00,1.30175,1.30292,1.30135,1.30252,100
2023-07-06T13:00:00+00:00,1.30252,1.30343,1.30212,1.30303,100
2023-07-06T13:15:00+00:00,1.30303,1.30406,1.30263,1.30366,100
2023-07-06T13:30:00+00:00,1.30366,1.30506,1.30326,1.30466,100
2023-07-06T13:45:00+00:00,1.30466,1.30506,1.30409,1.30449,100
2023-07-06T14:00:00+00:00,1.30449,1.30489,1.30297,1.30337,100
2023-07-06T14:15:00+00:00,1.30337,1.30377,1.30252,1.30292,100
2023-07-06T14:30:00+00:00,1.30292,1.30332,1.30135,1.30175,100
2023-07-06T14:45:00+00:00,1.30175,1.30215,1.30080,1.30120,100
2023-07-06T15:00:00+00:00,1.30120,1.30182,1.30080,1.30142,100
2023-07-06T15:15:00+00:00,1.30142,1.30182,1.30048,1.30088,100
2023-07-06T15:30:00+00:00,1.30088,1.30128,1.29987,1.30027,100
2023-07-06T15:45:00+00:00,1.30027,1.30067,1.29890,1.29930,100
2023-07-06T16:00:00+00:00,1.29930,1.29970,1.29856,1.29896,100
2023-07-06T16:15:00+00:00,1.29896,1.29940,1.29856,1.29900,100
2023-07-06T16:30:00+00:00,1.29900,1.29962,1.29860,1.29922,100
2023-07-06T16:45:00+00:00,1.29922,1.30068,1.29882,1.30028,100
2023-07-06T17:00:00+00:00,1.30028,1.30068,1.29885,1.29925,100
2023-07-06T17:15:00+00:00,1.29925,1.29965,1.29826,1.29866,100
2023-07-06T17:30:00+00:00,1.29866,1.29906,1.29725,1.29765,100
2023-07-06T17:45:00+00:00,1.29765,1.29908,1.29725,1.29868,100
2023-07-06T18:00:00+00:00,1.29868,1.29940,1.29828,1.29900,100
2023-07-06T18:15:00+00:00,1.29900,1.29977,1.29860,1.29937,100
2023-07-06T18:30:00+00:00,1.29937,1.30052,1.29897,1.30012,100
2023-07-06T18:45:00+00:00,1.30012,1.30052,1.29853,1.29893,100
2023-07-06T19:00:00+00:00,1.29893,1.30030,1.29853,1.29990,100
2023-07-06T19:15:00+00:00,1.29990,1.30030,1.29910,1.29950,100
2023-07-06T19:30:00+00:00,1.29950,1.30021,1.29910,1.29981,100
2023-07-06T19:45:00+00:00,1.29981,1.30021,1.29917,1.29957,100
2023-07-06T20:00:00+00:00,1.29957,1.30056,1.29917,1.30016,100
2023-07-06T20:15:00+00:00,1.30016,1.30056,1.29929,1.29969,100
2023-07-06T20:30:00+00:00,1.29969,1.30009,1.29875,1.29915,100
2023-07-06T20:45:00+00:00,1.29915,1.29955,1.29815,1.29855,100
2023-07-06T21:00:00+00:00,1.29855,1.29949,1.29815,1.29909,100
2023-07-06T21:15:00+00:00,1.29909,1.29949,1.29859,1.29899,100
2023-07-06T21:30:00+00:00,1.29899,1.29939,1.29776,1.29816,100
2023-07-06T21:45:00+00:00,1.29816,1.29856,1.29741,1.29781,100
2023-07-06T22:00:00+00:00,1.29781,1.29838,1.29741,1.29798,100
2023-07-06T22:15:00+00:00,1.29798,1.29838,1.29727,1.29767,100
2023-07-06T22:30:00+00:00,1.29767,1.29829,1.29727,1.29789,100
2023-07-06T22:45:00+00:00,1.29789,1.29912,1.29749,1.29872,100
2023-07-06T23:00:00+00:00,1.29872,1.29945,1.29832,1.29905,100
2023-07-06T23:15:00+00:00,1.29905,1.30018,1.29865,1.29978,100
2023-07-06T23:30:00+00:00,1.29978,1.30018,1.29890,1.29930,100
2023-07-06T23:45:00+00:00,1.29930,1.30059,1.29890,1.30019,100
2023-07-07T00:00:00+00:00,1.30019,1.30165,1.29979,1.30125,100
2023-07-07T00:15:00+00:00,1.30125,1.30172,1.30085,1.30132,100
2023-07-07T00:30:00+00:00,1.30132,1.30172,1.29977,1.30017,100
2023-07-07T00:45:00+00:00,1.30017,1.30057,1.29878,1.29918,100
2023-07-07T01:00:00+00:00,1.29918,1.30020,1.29878,1.29980,100
2023-07-07T01:15:00+00:00,1.29980,1.30108,1.29940,1.30068,100
2023-07-07T01:30:00+00:00,1.30068,1.30162,1.30028,1.30122,100
2023-07-07T01:45:00+00:00,1.30122,1.30164,1.30082,1.30124,100
2023-07-07T02:00:00+00:00,1.30124,1.30173,1.30084,1.30133,100
2023-07-07T02:15:00+00:00,1.30133,1.30173,1.30001,1.30041,100
2023-07-07T02:30:00+00:00,1.30041,1.30105,1.30001,1.30065,100
2023-07-07T02:45:00+00:00,1.30065,1.30225,1.30025,1.30185,100
2023-07-07T03:00:00+00:00,1.30185,1.30225,1.30074,1.30114,100
2023-07-07T03:15:00+00:00,1.30114,1.30181,1.30074,1.30141,100
2023-07-07T03:30:00+00:00,1.30141,1.30265,1.30101,1.30225,100
2023-07-07T03:45:00+00:00,1.30225,1.30301,1.30185,1.30261,100
2023-07-07T04:00:00+00:00,1.30261,1.30301,1.30185,1.30225,100
2023-07-07T04:15:00+00:00,1.30225,1.30265,1.30122,1.30162,100
2023-07-07T04:30:00+00:00,1.30162,1.30258,1.30122,1.30218,100
2023-07-07T04:45:00+00:00,1.30218,1.30360,1.30178,1.30320,100
2023-07-07T05:00:00+00:00,1.30320,1.30451,1.30280,1.30411,100
2023-07-07T05:15:00+00:00,1.30411,1.30451,1.30347,1.30387,100
2023-07-07T05:30:00+00:00,1.30387,1.30486,1.30347,1.30446,100
2023-07-07T05:45:00+00:00,1.30446,1.30561,1.30406,1.30521,100
2023-07-07T06:00:00+00:00,1.30521,1.30561,1.30451,1.30491,100
2023-07-07T06:15:00+00:00,1.30491,1.30592,1.30451,1.30552,100
2023-07-07T06:30:00+00:00,1.30552,1.30592,1.30485,1.30525,100
2023-07-07T06:45:00+00:00,1.30525,1.30565,1.30413,1.30453,100
2023-07-07T07:00:00+00:00,1.30453,1.30493,1.30293,1.30333,100
2023-07-07T07:15:00+00:00,1.30333,1.30427,1.30293,1.30387,100
2023-07-07T07:30:00+00:00,1.30387,1.30488,1.30347,1.30448,100
2023-07-07T07:45:00+00:00,1.30448,1.30488,1.30298,1.30338,100
2023-07-07T08:00:00+00:00,1.30338,1.30378,1.30193,1.30233,100
2023-07-07T08:15:00+00:00,1.30233,1.30273,1.30149,1.30189,100
2023-07-07T08:30:00+00:00,1.30189,1.30229,1.30079,1.30119,100
2023-07-07T08:45:00+00:00,1.30119,1.30215,1.30079,1.30175,100
2023-07-07T09:00:00+00:00,1.30175,1.30215,1.30060,1.30100,100
2023-07-07T09:15:00+00:00,1.30100,1.30161,1.30060,1.30121,100
2023-07-07T09:30:00+00:00,1.30121,1.30173,1.30081,1.30133,100
2023-07-07T09:45:00+00:00,1.30133,1.30173,1.30057,1.30097,100
2023-07-07T10:00:00+00:00,1.30097,1.30222,1.30057,1.30182,100
2023-07-07T10:15:00+00:00,1.30182,1.30222,1.30127,1.30167,100
2023-07-07T10:30:00+00:00,1.30167,1.30210,1.30127,1.30170,100
2023-07-07T10:45:00+00:00,1.30170,1.30250,1.30130,1.30210,100
2023-07-07T11:00:00+00:00,1.30210,1.30250,1.30147,1.30187,100
2023-07-07T11:15:00+00:00,1.30187,1.30227,1.30071,1.30111,100
2023-07-07T11:30:00+00:00,1.30111,1.30260,1.30071,1.30220,100
2023-07-07T11:45:00+00:00,1.30220,1.30320,1.30180,1.30280,100
2023-07-07T12:00:00+00:00,1.30280,1.30331,1.30240,1.30291,100
2023-07-07T12:15:00+00:00,1.30291,1.30331,1.30250,1.30290,100
2023-07-07T12:30:00+00:00,1.30290,1.30358,1.30250,1.30318,100
2023-07-07T12:45:00+00:00,1.30318,1.30358,1.30229,1.30269,100
2023-07-07T13:00:00+00:00,1.30269,1.30309,1.30127,1.30167,100
2023-07-07T13:15:00+00:00,1.30167,1.30218,1.30127,1.30178,100
2023-07-07T13:30:00+00:00,1.30178,1.30314,1.30138,1.30274,100
2023-07-07T13:45:00+00:00,1.30274,1.30314,1.30137,1.30177,100
2023-07-07T14:00:00+00:00,1.30177,1.30333,1.30137,1.30293,100
2023-07-07T14:15:00+00:00,1.30293,1.30333,1.30222,1.30262,100
2023-07-07T14:30:00+00:00,1.30262,1.30422,1.30222,1.30382,100
2023-07-07T14:45:00+00:00,1.30382,1.30487,1.30342,1.30447,100
2023-07-07T15:00:00+00:00,1.30447,1.30487,1.30352,1.30392,100
2023-07-07T15:15:00+00:00,1.30392,1.30432,1.30283,1.30323,100
2023-07-07T15:30:00+00:00,1.30323,1.30456,1.30283,1.30416,100
2023-07-07T15:45:00+00:00,1.30416,1.30571,1.30376,1.30531,100
2023-07-07T16:00:00+00:00,1.30531,1.30645,1.30491,1.30605,100
2023-07-07T16:15:00+00:00,1.30605,1.30665,1.30565,1.30625,100
2023-07-07T16:30:00+00:00,1.30625,1.30675,1.30585,1.30635,100
2023-07-07T16:45:00+00:00,1.30635,1.30743,1.30595,1.30703,100
2023-07-07T17:00:00+00:00,1.30703,1.30820,1.30663,1.30780,100
2023-07-07T17:15:00+00:00,1.30780,1.30901,1.30740,1.30861,100
2023-07-07T17:30:00+00:00,1.30861,1.30901,1.30770,1.30810,100
2023-07-07T17:45:00+00:00,1.30810,1.30928,1.30770,1.30888,100
2023-07-07T18:00:00+00:00,1.30888,1.31037,1.30848,1.30997,100
2023-07-07T18:15:00+00:00,1.30997,1.31055,1.30957,1.31015,100
2023-07-07T18:30:00+00:00,1.31015,1.31055,1.30857,1.30897,100
2023-07-07T18:45:00+00:00,1.30897,1.30937,1.30783,1.30823,100
2023-07-07T19:00:00+00:00,1.30823,1.30899,1.30783,1.30859,100
2023-07-07T19:15:00+00:00,1.30859,1.30899,1.30801,1.30841,100
2023-07-07T19:30:00+00:00,1.30841,1.30981,1.30801,1.30941,100
2023-07-07T19:45:00+00:00,1.30941,1.31015,1.30901,1.30975,100
2023-07-07T20:00:00+00:00,1.30975,1.31063,1.30935,1.31023,100
2023-07-07T20:15:00+00:00,1.31023,1.31063,1.30899,1.30939,100
2023-07-07T20:30:00+00:00,1.30939,1.30985,1.30899,1.30945,100
2023-07-07T20:45:00+00:00,1.30945,1.31036,1.30905,1.30996,100
2023-07-07T21:00:00+00:00,1.30996,1.31136,1.30956,1.31096,100
2023-07-07T21:15:00+00:00,1.31096,1.31232,1.31056,1.31192,100
2023-07-07T21:30:00+00:00,1.31192,1.31232,1.31096,1.31136,100
2023-07-07T21:45:00+00:00,1.31136,1.31176,1.31096,1.31136,100
2023-07-07T22:00:00+00:00,1.31136,1.31291,1.31096,1.31251,100
2023-07-07T22:15:00+00:00,1.31251,1.31291,1.31113,1.31153,100
2023-07-07T22:30:00+00:00,1.31153,1.31193,1.31010,1.31050,100
2023-07-07T22:45:00+00:00,1.31050,1.31090,1.30933,1.30973,100
2023-07-07T23:00:00+00:00,1.30973,1.31069,1.30933,1.31029,100
2023-07-07T23:15:00+00:00,1.31029,1.31069,1.30947,1.30987,100
2023-07-07T23:30:00+00:00,1.30987,1.31077,1.30947,1.31037,100
2023-07-07T23:45:00+00:00,1.31037,1.31155,1.30997,1.31115,100
2023-07-10T00:00:00+00:00,1.31115,1.31229,1.31075,1.31189,100
2023-07-10T00:15:00+00:00,1.31189,1.31229,1.31039,1.31079,100
2023-07-10T00:30:00+00:00,1.31079,1.31164,1.31039,1.31124,100
2023-07-10T00:45:00+00:00,1.31124,1.31235,1.31084,1.31195,100
2023-07-10T01:00:00+00:00,1.31195,1.31284,1.31155,1.31244,100
2023-07-10T01:15:00+00:00,1.31244,1.31371,1.31204,1.31331,100
2023-07-10T01:30:00+00:00,1.31331,1.31448,1.31291,1.31408,100
2023-07-10T01:45:00+00:00,1.31408,1.31475,1.31368,1.31435,100
2023-07-10T02:00:00+00:00,1.31435,1.31563,1.31395,1.31523,100
2023-07-10T02:15:00+00:00,1.31523,1.31574,1.31483,1.31534,100
2023-07-10T02:30:00+00:00,1.31534,1.31574,1.31400,1.31440,100
2023-07-10T02:45:00+00:00,1.31440,1.31480,1.31348,1.31388,100
2023-07-10T03:00:00+00:00,1.31388,1.31532,1.31348,1.31492,100
2023-07-10T03:15:00+00:00,1.31492,1.31532,1.31412,1.31452,100
2023-07-10T03:30:00+00:00,1.31452,1.31492,1.31406,1.31446,100
2023-07-10T03:45:00+00:00,1.31446,1.31575,1.31406,1.31535,100
2023-07-10T04:00:00+00:00,1.31535,1.31620,1.31495,1.31580,100
2023-07-10T04:15:00+00:00,1.31580,1.31689,1.31540,1.31649,100
2023-07-10T04:30:00+00:00,1.31649,1.31689,1.31602,1.31642,100
2023-07-10T04:45:00+00:00,1.31642,1.31684,1.31602,1.31644,100
2023-07-10T05:00:00+00:00,1.31644,1.31684,1.31503,1.31543,100
2023-07-10T05:15:00+00:00,1.31543,1.31583,1.31431,1.31471,100
2023-07-10T05:30:00+00:00,1.31471,1.31511,1.31349,1.31389,100
2023-07-10T05:45:00+00:00,1.31389,1.31437,1.31349,1.31397,100
2023-07-10T06:00:00+00:00,1.31397,1.31444,1.31357,1.31404,100
2023-07-10T06:15:00+00:00,1.31404,1.31444,1.31261,1.31301,100
2023-07-10T06:30:00+00:00,1.31301,1.31373,1.31261,1.31333,100
2023-07-10T06:45:00+00:00,1.31333,1.31373,1.31198,1.31238,100
2023-07-10T07:00:00+00:00,1.31238,1.31278,1.31170,1.31210,100
2023-07-10T07:15:00+00:00,1.31210,1.31250,1.31057,1.31097,100
2023-07-10T07:30:00+00:00,1.31097,1.31137,1.31051,1.31091,100
2023-07-10T07:45:00+00:00,1.31091,1.31131,1.30966,1.31006,100
2023-07-10T08:00:00+00:00,1.31006,1.31151,1.30966,1.31111,100
2023-07-10T08:15:00+00:00,1.31111,1.31151,1.31038,1.31078,100
2023-07-10T08:30:00+00:00,1.31078,1.31197,1.31038,1.31157,100
2023-07-10T08:45:00+00:00,1.31157,1.31197,1.31103,1.31143,100
2023-07-10T09:00:00+00:00,1.31143,1.31183,1.31062,1.31102,100
2023-07-10T09:15:00+00:00,1.31102,1.31223,1.31062,1.31183,100
2023-07-10T09:30:00+00:00,1.31183,1.31223,1.31089,1.31129,100
2023-07-10T09:45:00+00:00,1.31129,1.31173,1.31089,1.31133,100
2023-07-10T10:00:00+00:00,1.31133,1.31206,1.31093,1.31166,100
2023-07-10T10:15:00+00:00,1.31166,1.31325,1.31126,1.31285,100
2023-07-10T10:30:00+00:00,1.31285,1.31374,1.31245,1.31334,100
2023-07-10T10:45:00+00:00,1.31334,1.31374,1.31186,1.31226,100
2023-07-10T11:00:00+00:00,1.31226,1.31266,1.31176,1.31216,100
2023-07-10T11:15:00+00:00,1.31216,1.31364,1.31176,1.31324,100
2023-07-10T11:30:00+00:00,1.31324,1.31449,1.31284,1.31409,100
2023-07-10T11:45:00+00:00,1.31409,1.31449,1.31338,1.31378,100
2023-07-10T12:00:00+00:00,1.31378,1.31418,1.31249,1.31289,100
2023-07-10T12:15:00+00:00,1.31289,1.31329,1.31193,1.31233,100
2023-07-10T12:30:00+00:00,1.31233,1.31335,1.31193,1.31295,100
2023-07-10T12:45:00+00:00,1.31295,1.31335,1.31178,1.31218,100
2023-07-10T13:00:00+00:00,1.31218,1.31352,1.31178,1.31312,100
2023-07-10T13:15:00+00:00,1.31312,1.31352,1.31216,1.31256,100
2023-07-10T13:30:00+00:00,1.31256,1.31341,1.31216,1.31301,100
2023-07-10T13:45:00+00:00,1.31301,1.31388,1.31261,1.31348,100
2023-07-10T14:00:00+00:00,1.31348,1.31388,1.31246,1.31286,100
2023-07-10T14:15:00+00:00,1.31286,1.31331,1.31246,1.31291,100
2023-07-10T14:30:00+00:00,1.31291,1.31361,1.31251,1.31321,100
2023-07-10T14:45:00+00:00,1.31321,1.31361,1.31226,1.31266,100
2023-07-10T15:00:00+00:00,1.31266,1.31314,1.31226,1.31274,100
2023-07-10T15:15:00+00:00,1.31274,1.31344,1.31234,1.31304,100
2023-07-10T15:30:00+00:00,1.31304,1.31454,1.31264,1.31414,100
2023-07-10T15:45:00+00:00,1.31414,1.31454,1.31322,1.31362,100
2023-07-10T16:00:00+00:00,1.31362,1.31402,1.31244,1.31284,100
2023-07-10T16:15:00+00:00,1.31284,1.31326,1.31244,1.31286,100
2023-07-10T16:30:00+00:00,1.31286,1.31349,1.31246,1.31309,100
2023-07-10T16:45:00+00:00,1.31309,1.31349,1.31266,1.31306,100
2023-07-10T17:00:00+00:00,1.31306,1.31445,1.31266,1.31405,100
2023-07-10T17:15:00+00:00,1.31405,1.31445,1.31293,1.31333,100
2023-07-10T17:30:00+00:00,1.31333,1.31375,1.31293,1.31335,100
2023-07-10T17:45:00+00:00,1.31335,1.31375,1.31288,1.31328,100
2023-07-10T18:00:00+00:00,1.31328,1.31368,1.31216,1.31256,100
2023-07-10T18:15:00+00:00,1.31256,1.31296,1.31205,1.31245,100
2023-07-10T18:30:00+00:00,1.31245,1.31285,1.31194,1.31234,100
2023-07-10T18:45:00+00:00,1.31234,1.31274,1.31164,1.31204,100
2023-07-10T19:00:00+00:00,1.31204,1.31309,1.31164,1.31269,100
2023-07-10T19:15:00+00:00,1.31269,1.31426,1.31229,1.31386,100
2023-07-10T19:30:00+00:00,1.31386,1.31539,1.31346,1.31499,100
2023-07-10T19:45:00+00:00,1.31499,1.31539,1.31391,1.31431,100
2023-07-10T20:00:00+00:00,1.31431,1.31471,1.31360,1.31400,100
2023-07-10T20:15:00+00:00,1.31400,1.31548,1.31360,1.31508,100
2023-07-10T20:30:00+00:00,1.31508,1.31548,1.31368,1.31408,100
2023-07-10T20:45:00+00:00,1.31408,1.31448,1.31270,1.31310,100
2023-07-10T21:00:00+00:00,1.31310,1.31350,1.31165,1.31205,100
2023-07-10T21:15:00+00:00,1.31205,1.31356,1.31165,1.31316,100
2023-07-10T21:30:00+00:00,1.31316,1.31357,1.31276,1.31317,100
2023-07-10T21:45:00+00:00,1.31317,1.31357,1.31261,1.31301,100
2023-07-10T22:00:00+00:00,1.31301,1.31341,1.31164,1.31204,100
2023-07-10T22:15:00+00:00,1.31204,1.31337,1.31164,1.31297,100
2023-07-10T22:30:00+00:00,1.31297,1.31455,1.31257,1.31415,100
2023-07-10T22:45:00+00:00,1.31415,1.31500,1.31375,1.31460,100
2023-07-10T23:00:00+00:00,1.31460,1.31599,1.31420,1.31559,100
2023-07-10T23:15:00+00:00,1.31559,1.31615,1.31519,1.31575,100
2023-07-10T23:30:00+00:00,1.31575,1.31615,1.31490,1.31530,100
2023-07-10T23:45:00+00:00,1.31530,1.31570,1.31413,1.31453,100
2023-07-11T00:00:00+00:00,1.31453,1.31493,1.31366,1.31406,100
2023-07-11T00:15:00+00:00,1.31406,1.31446,1.31282,1.31322,100
2023-07-11T00:30:00+00:00,1.31322,1.31362,1.31250,1.31290,100
2023-07-11T00:45:00+00:00,1.31290,1.31330,1.31142,1.31182,100
2023-07-11T01:00:00+00:00,1.31182,1.31222,1.31031,1.31071,100
2023-07-11T01:15:00+00:00,1.31071,1.31207,1.31031,1.31167,100
2023-07-11T01:30:00+00:00,1.31167,1.31290,1.31127,1.31250,100
2023-07-11T01:45:00+00:00,1.31250,1.31366,1.31210,1.31326,100
2023-07-11T02:00:00+00:00,1.31326,1.31366,1.31250,1.31290,100
2023-07-11T02:15:00+00:00,1.31290,1.31330,1.31238,1.31278,100
2023-07-11T02:30:00+00:00,1.31278,1.31329,1.31238,1.31289,100
2023-07-11T02:45:00+00:00,1.31289,1.31398,1.31249,1.31358,100
2023-07-11T03:00:00+00:00,1.31358,1.31398,1.31271,1.31311,100
2023-07-11T03:15:00+00:00,1.31311,1.31354,1.31271,1.31314,100
2023-07-11T03:30:00+00:00,1.31314,1.31365,1.31274,1.31325,100
2023-07-11T03:45:00+00:00,1.31325,1.31447,1.31285,1.31407,100
2023-07-11T04:00:00+00:00,1.31407,1.31447,1.31331,1.31371,100
2023-07-11T04:15:00+00:00,1.31371,1.31411,1.31212,1.31252,100
2023-07-11T04:30:00+00:00,1.31252,1.31292,1.31189,1.31229,100
2023-07-11T04:45:00+00:00,1.31229,1.31361,1.31189,1.31321,100
2023-07-11T05:00:00+00:00,1.31321,1.31361,1.31203,1.31243,100
2023-07-11T05:15:00+00:00,1.31243,1.31313,1.31203,1.31273,100
2023-07-11T05:30:00+00:00,1.31273,1.31313,1.31145,1.31185,100
2023-07-11T05:45:00+00:00,1.31185,1.31225,1.31090,1.31130,100
2023-07-11T06:00:00+00:00,1.31130,1.31200,1.31090,1.31160,100
2023-07-11T06:15:00+00:00,1.31160,1.31200,1.31025,1.31065,100
2023-07-11T06:30:00+00:00,1.31065,1.31105,1.31014,1.31054,100
2023-07-11T06:45:00+00:00,1.31054,1.31114,1.31014,1.31074,100
2023-07-11T07:00:00+00:00,1.31074,1.31114,1.31008,1.31048,100
2023-07-11T07:15:00+00:00,1.31048,1.31149,1.31008,1.31109,100
2023-07-11T07:30:00+00:00,1.31109,1.31232,1.31069,1.31192,100
2023-07-11T07:45:00+00:00,1.31192,1.31232,1.31099,1.31139,100
2023-07-11T08:00:00+00:00,1.31139,1.31242,1.31099,1.31202,100
2023-07-11T08:15:00+00:00,1.31202,1.31303,1.31162,1.31263,100
2023-07-11T08:30:00+00:00,1.31263,1.31326,1.31223,1.31286,100
2023-07-11T08:45:00+00:00,1.31286,1.31348,1.31246,1.31308,100
2023-07-11T09:00:00+00:00,1.31308,1.31364,1.31268,1.31324,100
2023-07-11T09:15:00+00:00,1.31324,1.31422,1.31284,1.31382,100
2023-07-11T09:30:00+00:00,1.31382,1.31468,1.31342,1.31428,100
2023-07-11T09:45:00+00:00,1.31428,1.31468,1.31333,1.31373,100
2023-07-11T10:00:00+00:00,1.31373,1.31449,1.31333,1.31409,100
2023-07-11T10:15:00+00:00,1.31409,1.31499,1.31369,1.31459,100
2023-07-11T10:30:00+00:00,1.31459,1.31499,1.31410,1.31450,100
2023-07-11T10:45:00+00:00,1.31450,1.31585,1.31410,1.31545,100
2023-07-11T11:00:00+00:00,1.31545,1.31585,1.31461,1.31501,100
2023-07-11T11:15:00+00:00,1.31501,1.31553,1.31461,1.31513,100
2023-07-11T11:30:00+00:00,1.31513,1.31570,1.31473,1.31530,100
2023-07-11T11:45:00+00:00,1.31530,1.31594,1.31490,1.31554,100
2023-07-11T12:00:00+00:00,1.31554,1.31594,1.31439,1.31479,100
2023-07-11T12:15:00+00:00,1.31479,1.31559,1.31439,1.31519,100
2023-07-11T12:30:00+00:00,1.31519,1.31559,1.31387,1.31427,100
2023-07-11T12:45:00+00:00,1.31427,1.31475,1.31387,1.31435,100
2023-07-11T13:00:00+00:00,1.31435,1.31475,1.31383,1.31423,100
2023-07-11T13:15:00+00:00,1.31423,1.31510,1.31383,1.31470,100
2023-07-11T13:30:00+00:00,1.31470,1.31596,1.31430,1.31556,100
2023-07-11T13:45:00+00:00,1.31556,1.31712,1.31516,1.31672,100
2023-07-11T14:00:00+00:00,1.31672,1.31712,1.31567,1.31607,100
2023-07-11T14:15:00+00:00,1.31607,1.31746,1.31567,1.31706,100
2023-07-11T14:30:00+00:00,1.31706,1.31746,1.31659,1.31699,100
2023-07-11T14:45:00+00:00,1.31699,1.31740,1.31659,1.31700,100
2023-07-11T15:00:00+00:00,1.31700,1.31740,1.31550,1.31590,100
2023-07-11T15:15:00+00:00,1.31590,1.31716,1.31550,1.31676,100
2023-07-11T15:30:00+00:00,1.31676,1.31716,1.31571,1.31611,100
2023-07-11T15:45:00+00:00,1.31611,1.31651,1.31517,1.31557,100
2023-07-11T16:00:00+00:00,1.31557,1.31597,1.31471,1.31511,100
2023-07-11T16:15:00+00:00,1.31511,1.31551,1.31407,1.31447,100
2023-07-11T16:30:00+00:00,1.31447,1.31487,1.31356,1.31396,100
2023-07-11T16:45:00+00:00,1.31396,1.31436,1.31305,1.31345,100
2023-07-11T17:00:00+00:00,1.31345,1.31393,1.31305,1.31353,100
2023-07-11T17:15:00+00:00,1.31353,1.31393,1.31280,1.31320,100
2023-07-11T17:30:00+00:00,1.31320,1.31421,1.31280,1.31381,100
2023-07-11T17:45:00+00:00,1.31381,1.31525,1.31341,1.31485,100
2023-07-11T18:00:00+00:00,1.31485,1.31629,1.31445,1.31589,100
2023-07-11T18:15:00+00:00,1.31589,1.31629,1.31519,1.31559,100
2023-07-11T18:30:00+00:00,1.31559,1.31643,1.31519,1.31603,100
2023-07-11T18:45:00+00:00,1.31603,1.31698,1.31563,1.31658,100
2023-07-11T19:00:00+00:00,1.31658,1.31752,1.31618,1.31712,100
2023-07-11T19:15:00+00:00,1.31712,1.31752,1.31648,1.31688,100
2023-07-11T19:30:00+00:00,1.31688,1.31728,1.31574,1.31614,100
2023-07-11T19:45:00+00:00,1.31614,1.31716,1.31574,1.31676,100
2023-07-11T20:00:00+00:00,1.31676,1.31754,1.31636,1.31714,100
2023-07-11T20:15:00+00:00,1.31714,1.31754,1.31638,1.31678,100
2023-07-11T20:30:00+00:00,1.31678,1.31758,1.31638,1.31718,100
2023-07-11T20:45:00+00:00,1.31718,1.31758,1.31574,1.31614,100
2023-07-11T21:00:00+00:00,1.31614,1.31722,1.31574,1.31682,100
2023-07-11T21:15:00+00:00,1.31682,1.31818,1.31642,1.31778,100
2023-07-11T21:30:00+00:00,1.31778,1.31931,1.31738,1.31891,100
2023-07-11T21:45:00+00:00,1.31891,1.31931,1.31758,1.31798,100
2023-07-11T22:00:00+00:00,1.31798,1.31884,1.31758,1.31844,100
2023-07-11T22:15:00+00:00,1.31844,1.31952,1.31804,1.31912,100
2023-07-11T22:30:00+00:00,1.31912,1.31952,1.31786,1.31826,100
2023-07-11T22:45:00+00:00,1.31826,1.31892,1.31786,1.31852,100
2023-07-11T23:00:00+00:00,1.31852,1.31892,1.31737,1.31777,100
2023-07-11T23:15:00+00:00,1.31777,1.31817,1.31670,1.31710,100
2023-07-11T23:30:00+00:00,1.31710,1.31750,1.31557,1.31597,100
2023-07-11T23:45:00+00:00,1.31597,1.31637,1.31504,1.31544,100
2023-07-12T00:00:00+00:00,1.31544,1.31668,1.31504,1.31628,100
2023-07-12T00:15:00+00:00,1.31628,1.31689,1.31588,1.31649,100
2023-07-12T00:30:00+00:00,1.31649,1.31760,1.31609,1.31720,100
2023-07-12T00:45:00+00:00,1.31720,1.31873,1.31680,1.31833,100
2023-07-12T01:00:00+00:00,1.31833,1.31873,1.31709,1.31749,100
2023-07-12T01:15:00+00:00,1.31749,1.31873,1.31709,1.31833,100
2023-07-12T01:30:00+00:00,1.31833,1.31968,1.31793,1.31928,100
2023-07-12T01:45:00+00:00,1.31928,1.32003,1.31888,1.31963,100
2023-07-12T02:00:00+00:00,1.31963,1.32003,1.31883,1.31923,100
2023-07-12T02:15:00+00:00,1.31923,1.31963,1.31806,1.31846,100
2023-07-12T02:30:00+00:00,1.31846,1.31886,1.31791,1.31831,100
2023-07-12T02:45:00+00:00,1.31831,1.31871,1.31760,1.31800,100
2023-07-12T03:00:00+00:00,1.31800,1.31840,1.31703,1.31743,100
2023-07-12T03:15:00+00:00,1.31743,1.31825,1.31703,1.31785,100
2023-07-12T03:30:00+00:00,1.31785,1.31857,1.31745,1.31817,100
2023-07-12T03:45:00+00:00,1.31817,1.31857,1.31719,1.31759,100
2023-07-12T04:00:00+00:00,1.31759,1.31799,1.31641,1.31681,100
2023-07-12T04:15:00+00:00,1.31681,1.31721,1.31640,1.31680,100
2023-07-12T04:30:00+00:00,1.31680,1.31771,1.31640,1.31731,100
2023-07-12T04:45:00+00:00,1.31731,1.31811,1.31691,1.31771,100
2023-07-12T05:00:00+00:00,1.31771,1.31845,1.31731,1.31805,100
2023-07-12T05:15:00+00:00,1.31805,1.31940,1.31765,1.31900,100
2023-07-12T05:30:00+00:00,1.31900,1.32002,1.31860,1.31962,100
2023-07-12T05:45:00+00:00,1.31962,1.32002,1.31908,1.31948,100
2023-07-12T06:00:00+00:00,1.31948,1.32047,1.31908,1.32007,100
2023-07-12T06:15:00+00:00,1.32007,1.32086,1.31967,1.32046,100
2023-07-12T06:30:00+00:00,1.32046,1.32086,1.31968,1.32008,100
2023-07-12T06:45:00+00:00,1.32008,1.32048,1.31888,1.31928,100
2023-07-12T07:00:00+00:00,1.31928,1.31968,1.31859,1.31899,100
2023-07-12T07:15:00+00:00,1.31899,1.31991,1.31859,1.31951,100
2023-07-12T07:30:00+00:00,1.31951,1.32051,1.31911,1.32011,100
2023-07-12T07:45:00+00:00,1.32011,1.32051,1.31924,1.31964,100
2023-07-12T08:00:00+00:00,1.31964,1.32014,1.31924,1.31974,100
2023-07-12T08:15:00+00:00,1.31974,1.32014,1.31832,1.31872,100
2023-07-12T08:30:00+00:00,1.31872,1.31936,1.31832,1.31896,100
2023-07-12T08:45:00+00:00,1.31896,1.31936,1.31844,1.31884,100
2023-07-12T09:00:00+00:00,1.31884,1.31988,1.31844,1.31948,100
2023-07-12T09:15:00+00:00,1.31948,1.32075,1.31908,1.32035,100
2023-07-12T09:30:00+00:00,1.32035,1.32075,1.31887,1.31927,100
2023-07-12T09:45:00+00:00,1.31927,1.32079,1.31887,1.32039,100
2023-07-12T10:00:00+00:00,1.32039,1.32079,1.31920,1.31960,100
2023-07-12T10:15:00+00:00,1.31960,1.32111,1.31920,1.32071,100
2023-07-12T10:30:00+00:00,1.32071,1.32228,1.32031,1.32188,100
2023-07-12T10:45:00+00:00,1.32188,1.32228,1.32081,1.32121,100
2023-07-12T11:00:00+00:00,1.32121,1.32161,1.32031,1.32071,100
2023-07-12T11:15:00+00:00,1.32071,1.32111,1.31946,1.31986,100
2023-07-12T11:30:00+00:00,1.31986,1.32124,1.31946,1.32084,100
2023-07-12T11:45:00+00:00,1.32084,1.32186,1.32044,1.32146,100
2023-07-12T12:00:00+00:00,1.32146,1.32298,1.32106,1.32258,100
2023-07-12T12:15:00+00:00,1.32258,1.32372,1.32218,1.32332,100
2023-07-12T12:30:00+00:00,1.32332,1.32372,1.32258,1.32298,100
2023-07-12T12:45:00+00:00,1.32298,1.32404,1.32258,1.32364,100
2023-07-12T13:00:00+00:00,1.32364,1.32404,1.32289,1.32329,100
2023-07-12T13:15:00+00:00,1.32329,1.32369,1.32248,1.32288,100
2023-07-12T13:30:00+00:00,1.32288,1.32328,1.32230,1.32270,100
2023-07-12T13:45:00+00:00,1.32270,1.32358,1.32230,1.32318,100
2023-07-12T14:00:00+00:00,1.32318,1.32358,1.32234,1.32274,100
2023-07-12T14:15:00+00:00,1.32274,1.32329,1.32234,1.32289,100
2023-07-12T14:30:00+00:00,1.32289,1.32345,1.32249,1.32305,100
2023-07-12T14:45:00+00:00,1.32305,1.32416,1.32265,1.32376,100
2023-07-12T15:00:00+00:00,1.32376,1.32416,1.32329,1.32369,100
2023-07-12T15:15:00+00:00,1.32369,1.32409,1.32309,1.32349,100
2023-07-12T15:30:00+00:00,1.32349,1.32403,1.32309,1.32363,100
2023-07-12T15:45:00+00:00,1.32363,1.32403,1.32313,1.32353,100
2023-07-12T16:00:00+00:00,1.32353,1.32449,1.32313,1.32409,100
2023-07-12T16:15:00+00:00,1.32409,1.32449,1.32275,1.32315,100
2023-07-12T16:30:00+00:00,1.32315,1.32355,1.32197,1.32237,100
2023-07-12T16:45:00+00:00,1.32237,1.32277,1.32087,1.32127,100
2023-07-12T17:00:00+00:00,1.32127,1.32167,1.32066,1.32106,100
2023-07-12T17:15:00+00:00,1.32106,1.32229,1.32066,1.32189,100
2023-07-12T17:30:00+00:00,1.32189,1.32253,1.32149,1.32213,100
2023-07-12T17:45:00+00:00,1.32213,1.32286,1.32173,1.32246,100
2023-07-12T18:00:00+00:00,1.32246,1.32391,1.32206,1.32351,100
2023-07-12T18:15:00+00:00,1.32351,1.32468,1.32311,1.32428,100
2023-07-12T18:30:00+00:00,1.32428,1.32468,1.32338,1.32378,100
2023-07-12T18:45:00+00:00,1.32378,1.32418,1.32271,1.32311,100
2023-07-12T19:00:00+00:00,1.32311,1.32360,1.32271,1.32320,100
2023-07-12T19:15:00+00:00,1.32320,1.32360,1.32215,1.32255,100
2023-07-12T19:30:00+00:00,1.32255,1.32318,1.32215,1.32278,100
2023-07-12T19:45:00+00:00,1.32278,1.32318,1.32138,1.32178,100
2023-07-12T20:00:00+00:00,1.32178,1.32218,1.32111,1.32151,100
2023-07-12T20:15:00+00:00,1.32151,1.32245,1.32111,1.32205,100
2023-07-12T20:30:00+00:00,1.32205,1.32245,1.32106,1.32146,100
2023-07-12T20:45:00+00:00,1.32146,1.32186,1.32022,1.32062,100
2023-07-12T21:00:00+00:00,1.32062,1.32161,1.32022,1.32121,100
2023-07-12T21:15:00+00:00,1.32121,1.32161,1.32008,1.32048,100
2023-07-12T21:30:00+00:00,1.32048,1.32184,1.32008,1.32144,100
2023-07-12T21:45:00+00:00,1.32144,1.32211,1.32104,1.32171,100
2023-07-12T22:00:00+00:00,1.32171,1.32304,1.32131,1.32264,100
2023-07-12T22:15:00+00:00,1.32264,1.32312,1.32224,1.32272,100
2023-07-12T22:30:00+00:00,1.32272,1.32312,1.32230,1.32270,100
2023-07-12T22:45:00+00:00,1.32270,1.32310,1.32171,1.32211,100
2023-07-12T23:00:00+00:00,1.32211,1.32251,1.32065,1.32105,100
2023-07-12T23:15:00+00:00,1.32105,1.32254,1.32065,1.32214,100
2023-07-12T23:30:00+00:00,1.32214,1.32254,1.32107,1.32147,100
2023-07-12T23:45:00+00:00,1.32147,1.32187,1.32006,1.32046,100
2023-07-13T00:00:00+00:00,1.32046,1.32190,1.32006,1.32150,100
2023-07-13T00:15:00+00:00,1.32150,1.32199,1.32110,1.32159,100
2023-07-13T00:30:00+00:00,1.32159,1.32218,1.32119,1.32178,100
2023-07-13T00:45:00+00:00,1.32178,1.32319,1.32138,1.32279,100
2023-07-13T01:00:00+00:00,1.32279,1.32375,1.32239,1.32335,100
2023-07-13T01:15:00+00:00,1.32335,1.32375,1.32237,1.32277,100
2023-07-13T01:30:00+00:00,1.32277,1.32317,1.32185,1.32225,100
2023-07-13T01:45:00+00:00,1.32225,1.32302,1.32185,1.32262,100
2023-07-13T02:00:00+00:00,1.32262,1.32346,1.32222,1.32306,100
2023-07-13T02:15:00+00:00,1.32306,1.32346,1.32200,1.32240,100
2023-07-13T02:30:00+00:00,1.32240,1.32280,1.32140,1.32180,100
2023-07-13T02:45:00+00:00,1.32180,1.32222,1.32140,1.32182,100
2023-07-13T03:00:00+00:00,1.32182,1.32222,1.32036,1.32076,100
2023-07-13T03:15:00+00:00,1.32076,1.32189,1.32036,1.32149,100
2023-07-13T03:30:00+00:00,1.32149,1.32227,1.32109,1.32187,100
2023-07-13T03:45:00+00:00,1.32187,1.32227,1.32063,1.32103,100
2023-07-13T04:00:00+00:00,1.32103,1.32162,1.32063,1.32122,100
2023-07-13T04:15:00+00:00,1.32122,1.32184,1.32082,1.32144,100
2023-07-13T04:30:00+00:00,1.32144,1.32184,1.32006,1.32046,100
2023-07-13T04:45:00+00:00,1.32046,1.32086,1.31989,1.32029,100
2023-07-13T05:00:00+00:00,1.32029,1.32139,1.31989,1.32099,100
2023-07-13T05:15:00+00:00,1.32099,1.32139,1.32048,1.32088,100
2023-07-13T05:30:00+00:00,1.32088,1.32183,1.32048,1.32143,100
2023-07-13T05:45:00+00:00,1.32143,1.32183,1.32039,1.32079,100
2023-07-13T06:00:00+00:00,1.32079,1.32238,1.32039,1.32198,100
2023-07-13T06:15:00+00:00,1.32198,1.32279,1.32158,1.32239,100
2023-07-13T06:30:00+00:00,1.32239,1.32293,1.32199,1.32253,100
2023-07-13T06:45:00+00:00,1.32253,1.32293,1.32095,1.32135,100
2023-07-13T07:00:00+00:00,1.32135,1.32175,1.32061,1.32101,100
2023-07-13T07:15:00+00:00,1.32101,1.32141,1.31941,1.31981,100
2023-07-13T07:30:00+00:00,1.31981,1.32021,1.31927,1.31967,100
2023-07-13T07:45:00+00:00,1.31967,1.32007,1.31849,1.31889,100
2023-07-13T08:00:00+00:00,1.31889,1.31929,1.31788,1.31828,100
2023-07-13T08:15:00+00:00,1.31828,1.31868,1.31741,1.31781,100
2023-07-13T08:30:00+00:00,1.31781,1.31821,1.31656,1.31696,100
2023-07-13T08:45:00+00:00,1.31696,1.31736,1.31604,1.31644,100
2023-07-13T09:00:00+00:00,1.31644,1.31685,1.31604,1.31645,100
2023-07-13T09:15:00+00:00,1.31645,1.31685,1.31517,1.31557,100
2023-07-13T09:30:00+00:00,1.31557,1.31612,1.31517,1.31572,100
2023-07-13T09:45:00+00:00,1.31572,1.31719,1.31532,1.31679,100
2023-07-13T10:00:00+00:00,1.31679,1.31772,1.31639,1.31732,100
2023-07-13T10:15:00+00:00,1.31732,1.31881,1.31692,1.31841,100
2023-07-13T10:30:00+00:00,1.31841,1.31881,1.31708,1.31748,100
2023-07-13T10:45:00+00:00,1.31748,1.31826,1.31708,1.31786,100
2023-07-13T11:00:00+00:00,1.31786,1.31826,1.31684,1.31724,100
2023-07-13T11:15:00+00:00,1.31724,1.31868,1.31684,1.31828,100
2023-07-13T11:30:00+00:00,1.31828,1.31868,1.31787,1.31827,100
2023-07-13T11:45:00+00:00,1.31827,1.31921,1.31787,1.31881,100
2023-07-13T12:00:00+00:00,1.31881,1.31987,1.31841,1.31947,100
2023-07-13T12:15:00+00:00,1.31947,1.31987,1.31819,1.31859,100
2023-07-13T12:30:00+00:00,1.31859,1.31899,1.31723,1.31763,100
2023-07-13T12:45:00+00:00,1.31763,1.31877,1.31723,1.31837,100
2023-07-13T13:00:00+00:00,1.31837,1.31954,1.31797,1.31914,100
2023-07-13T13:15:00+00:00,1.31914,1.31954,1.31858,1.31898,100
2023-07-13T13:30:00+00:00,1.31898,1.31938,1.31744,1.31784,100
2023-07-13T13:45:00+00:00,1.31784,1.31824,1.31630,1.31670,100
2023-07-13T14:00:00+00:00,1.31670,1.31782,1.31630,1.31742,100
2023-07-13T14:15:00+00:00,1.31742,1.31829,1.31702,1.31789,100
2023-07-13T14:30:00+00:00,1.31789,1.31829,1.31719,1.31759,100
2023-07-13T14:45:00+00:00,1.31759,1.31841,1.31719,1.31801,100
2023-07-13T15:00:00+00:00,1.31801,1.31915,1.31761,1.31875,100
2023-07-13T15:15:00+00:00,1.31875,1.31915,1.31717,1.31757,100
2023-07-13T15:30:00+00:00,1.31757,1.31856,1.31717,1.31816,100
2023-07-13T15:45:00+00:00,1.31816,1.31970,1.31776,1.31930,100
2023-07-13T16:00:00+00:00,1.31930,1.32059,1.31890,1.32019,100
2023-07-13T16:15:00+00:00,1.32019,1.32151,1.31979,1.32111,100
2023-07-13T16:30:00+00:00,1.32111,1.32151,1.32057,1.32097,100
2023-07-13T16:45:00+00:00,1.32097,1.32162,1.32057,1.32122,100
2023-07-13T17:00:00+00:00,1.32122,1.32162,1.31990,1.32030,100
2023-07-13T17:15:00+00:00,1.32030,1.32140,1.31990,1.32100,100
2023-07-13T17:30:00+00:00,1.32100,1.32178,1.32060,1.32138,100
2023-07-13T17:45:00+00:00,1.32138,1.32178,1.32076,1.32116,100
2023-07-13T18:00:00+00:00,1.32116,1.32156,1.31968,1.32008,100
2023-07-13T18:15:00+00:00,1.32008,1.32048,1.31891,1.31931,100
2023-07-13T18:30:00+00:00,1.31931,1.31971,1.31867,1.31907,100
2023-07-13T18:45:00+00:00,1.31907,1.32048,1.31867,1.32008,100
2023-07-13T19:00:00+00:00,1.32008,1.32048,1.31961,1.32001,100
2023-07-13T19:15:00+00:00,1.32001,1.32129,1.31961,1.32089,100
2023-07-13T19:30:00+00:00,1.32089,1.32129,1.31974,1.32014,100
2023-07-13T19:45:00+00:00,1.32014,1.32054,1.31915,1.31955,100
2023-07-13T20:00:00+00:00,1.31955,1.31995,1.31851,1.31891,100
2023-07-13T20:15:00+00:00,1.31891,1.31931,1.31800,1.31840,100
2023-07-13T20:30:00+00:00,1.31840,1.31951,1.31800,1.31911,100
2023-07-13T20:45:00+00:00,1.31911,1.31951,1.31840,1.31880,100
2023-07-13T21:00:00+00:00,1.31880,1.31920,1.31796,1.31836,100
2023-07-13T21:15:00+00:00,1.31836,1.31920,1.31796,1.31880,100
2023-07-13T21:30:00+00:00,1.31880,1.31920,1.31827,1.31867,100
2023-07-13T21:45:00+00:00,1.31867,1.31998,1.31827,1.31958,100
2023-07-13T22:00:00+00:00,1.31958,1.32045,1.31918,1.32005,100
2023-07-13T22:15:00+00:00,1.32005,1.32125,1.31965,1.32085,100
2023-07-13T22:30:00+00:00,1.32085,1.32125,1.32027,1.32067,100
2023-07-13T22:45:00+00:00,1.32067,1.32107,1.32002,1.32042,100
2023-07-13T23:00:00+00:00,1.32042,1.32082,1.31991,1.32031,100
2023-07-13T23:15:00+00:00,1.32031,1.32188,1.31991,1.32148,100
2023-07-13T23:30:00+00:00,1.32148,1.32294,1.32108,1.32254,100
2023-07-13T23:45:00+00:00,1.32254,1.32310,1.32214,1.32270,100
2023-07-14T00:00:00+00:00,1.32270,1.32310,1.32229,1.32269,100
2023-07-14T00:15:00+00:00,1.32269,1.32309,1.32126,1.32166,100
2023-07-14T00:30:00+00:00,1.32166,1.32292,1.32126,1.32252,100
2023-07-14T00:45:00+00:00,1.32252,1.32318,1.32212,1.32278,100
2023-07-14T01:00:00+00:00,1.32278,1.32318,1.32217,1.32257,100
2023-07-14T01:15:00+00:00,1.32257,1.32297,1.32138,1.32178,100
2023-07-14T01:30:00+00:00,1.32178,1.32218,1.32131,1.32171,100
2023-07-14T01:45:00+00:00,1.32171,1.32261,1.32131,1.32221,100
2023-07-14T02:00:00+00:00,1.32221,1.32261,1.32125,1.32165,100
2023-07-14T02:15:00+00:00,1.32165,1.32205,1.32069,1.32109,100
2023-07-14T02:30:00+00:00,1.32109,1.32152,1.32069,1.32112,100
2023-07-14T02:45:00+00:00,1.32112,1.32152,1.32071,1.32111,100
2023-07-14T03:00:00+00:00,1.32111,1.32151,1.31952,1.31992,100
2023-07-14T03:15:00+00:00,1.31992,1.32032,1.31847,1.31887,100
2023-07-14T03:30:00+00:00,1.31887,1.31927,1.31817,1.31857,100
2023-07-14T03:45:00+00:00,1.31857,1.31947,1.31817,1.31907,100
2023-07-14T04:00:00+00:00,1.31907,1.31947,1.31839,1.31879,100
2023-07-14T04:15:00+00:00,1.31879,1.31919,1.31723,1.31763,100
2023-07-14T04:30:00+00:00,1.31763,1.31803,1.31661,1.31701,100
2023-07-14T04:45:00+00:00,1.31701,1.31741,1.31588,1.31628,100
2023-07-14T05:00:00+00:00,1.31628,1.31731,1.31588,1.31691,100
2023-07-14T05:15:00+00:00,1.31691,1.31731,1.31586,1.31626,100
2023-07-14T05:30:00+00:00,1.31626,1.31782,1.31586,1.31742,100
2023-07-14T05:45:00+00:00,1.31742,1.31782,1.31651,1.31691,100
2023-07-14T06:00:00+00:00,1.31691,1.31731,1.31574,1.31614,100
2023-07-14T06:15:00+00:00,1.31614,1.31654,1.31459,1.31499,100
2023-07-14T06:30:00+00:00,1.31499,1.31539,1.31457,1.31497,100
2023-07-14T06:45:00+00:00,1.31497,1.31540,1.31457,1.31500,100
2023-07-14T07:00:00+00:00,1.31500,1.31608,1.31460,1.31568,100
2023-07-14T07:15:00+00:00,1.31568,1.31648,1.31528,1.31608,100
2023-07-14T07:30:00+00:00,1.31608,1.31659,1.31568,1.31619,100
2023-07-14T07:45:00+00:00,1.31619,1.31659,1.31471,1.31511,100
2023-07-14T08:00:00+00:00,1.31511,1.31654,1.31471,1.31614,100
2023-07-14T08:15:00+00:00,1.31614,1.31654,1.31513,1.31553,100
2023-07-14T08:30:00+00:00,1.31553,1.31593,1.31450,1.31490,100
2023-07-14T08:45:00+00:00,1.31490,1.31530,1.31371,1.31411,100
2023-07-14T09:00:00+00:00,1.31411,1.31472,1.31371,1.31432,100
2023-07-14T09:15:00+00:00,1.31432,1.31510,1.31392,1.31470,100
2023-07-14T09:30:00+00:00,1.31470,1.31510,1.31385,1.31425,100
2023-07-14T09:45:00+00:00,1.31425,1.31465,1.31327,1.31367,100
2023-07-14T10:00:00+00:00,1.31367,1.31407,1.31210,1.31250,100
2023-07-14T10:15:00+00:00,1.31250,1.31312,1.31210,1.31272,100
2023-07-14T10:30:00+00:00,1.31272,1.31363,1.31232,1.31323,100
2023-07-14T10:45:00+00:00,1.31323,1.31363,1.31192,1.31232,100
2023-07-14T11:00:00+00:00,1.31232,1.31272,1.31130,1.31170,100
2023-07-14T11:15:00+00:00,1.31170,1.31270,1.31130,1.31230,100
2023-07-14T11:30:00+00:00,1.31230,1.31320,1.31190,1.31280,100
2023-07-14T11:45:00+00:00,1.31280,1.31320,1.31153,1.31193,100
2023-07-14T12:00:00+00:00,1.31193,1.31350,1.31153,1.31310,100
2023-07-14T12:15:00+00:00,1.31310,1.31402,1.31270,1.31362,100
2023-07-14T12:30:00+00:00,1.31362,1.31454,1.31322,1.31414,100
2023-07-14T12:45:00+00:00,1.31414,1.31454,1.31331,1.31371,100
2023-07-14T13:00:00+00:00,1.31371,1.31523,1.31331,1.31483,100
2023-07-14T13:15:00+00:00,1.31483,1.31523,1.31429,1.31469,100
2023-07-14T13:30:00+00:00,1.31469,1.31542,1.31429,1.31502,100
2023-07-14T13:45:00+00:00,1.31502,1.31658,1.31462,1.31618,100
2023-07-14T14:00:00+00:00,1.31618,1.31738,1.31578,1.31698,100
2023-07-14T14:15:00+00:00,1.31698,1.31738,1.31580,1.31620,100
2023-07-14T14:30:00+00:00,1.31620,1.31660,1.31491,1.31531,100
2023-07-14T14:45:00+00:00,1.31531,1.31571,1.31422,1.31462,100
2023-07-14T15:00:00+00:00,1.31462,1.31502,1.31330,1.31370,100
2023-07-14T15:15:00+00:00,1.31370,1.31503,1.31330,1.31463,100
2023-07-14T15:30:00+00:00,1.31463,1.31513,1.31423,1.31473,100
2023-07-14T15:45:00+00:00,1.31473,1.31513,1.31427,1.31467,100
2023-07-14T16:00:00+00:00,1.31467,1.31507,1.31396,1.31436,100
2023-07-14T16:15:00+00:00,1.31436,1.31476,1.31395,1.31435,100
2023-07-14T16:30:00+00:00,1.31435,1.31475,1.31380,1.31420,100
2023-07-14T16:45:00+00:00,1.31420,1.31514,1.31380,1.31474,100
2023-07-14T17:00:00+00:00,1.31474,1.31514,1.31414,1.31454,100
2023-07-14T17:15:00+00:00,1.31454,1.31582,1.31414,1.31542,100
2023-07-14T17:30:00+00:00,1.31542,1.31665,1.31502,1.31625,100
2023-07-14T17:45:00+00:00,1.31625,1.31753,1.31585,1.31713,100
2023-07-14T18:00:00+00:00,1.31713,1.31813,1.31673,1.31773,100
2023-07-14T18:15:00+00:00,1.31773,1.31813,1.31655,1.31695,100
2023-07-14T18:30:00+00:00,1.31695,1.31735,1.31636,1.31676,100
2023-07-14T18:45:00+00:00,1.31676,1.31798,1.31636,1.31758,100
2023-07-14T19:00:00+00:00,1.31758,1.31798,1.31683,1.31723,100
2023-07-14T19:15:00+00:00,1.31723,1.31781,1.31683,1.31741,100
2023-07-14T19:30:00+00:00,1.31741,1.31781,1.31631,1.31671,100
2023-07-14T19:45:00+00:00,1.31671,1.31789,1.31631,1.31749,100
2023-07-14T20:00:00+00:00,1.31749,1.31789,1.31669,1.31709,100
2023-07-14T20:15:00+00:00,1.31709,1.31749,1.31636,1.31676,100
2023-07-14T20:30:00+00:00,1.31676,1.31792,1.31636,1.31752,100
2023-07-14T20:45:00+00:00,1.31752,1.31792,1.31614,1.31654,100
2023-07-14T21:00:00+00:00,1.31654,1.31694,1.31495,1.31535,100
2023-07-14T21:15:00+00:00,1.31535,1.31575,1.31477,1.31517,100
2023-07-14T21:30:00+00:00,1.31517,1.31557,1.31464,1.31504,100
2023-07-14T21:45:00+00:00,1.31504,1.31544,1.31371,1.31411,100
2023-07-14T22:00:00+00:00,1.31411,1.31451,1.31345,1.31385,100
2023-07-14T22:15:00+00:00,1.31385,1.31490,1.31345,1.31450,100
2023-07-14T22:30:00+00:00,1.31450,1.31582,1.31410,1.31542,100
2023-07-14T22:45:00+00:00,1.31542,1.31683,1.31502,1.31643,100
2023-07-14T23:00:00+00:00,1.31643,1.31754,1.31603,1.31714,100
2023-07-14T23:15:00+00:00,1.31714,1.31754,1.31572,1.31612,100
2023-07-14T23:30:00+00:00,1.31612,1.31652,1.31539,1.31579,100
2023-07-14T23:45:00+00:00,1.31579,1.31619,1.31527,1.31567,100
2023-07-17T00:00:00+00:00,1.31567,1.31607,1.31414,1.31454,100
2023-07-17T00:15:00+00:00,1.31454,1.31561,1.31414,1.31521,100
2023-07-17T00:30:00+00:00,1.31521,1.31561,1.31428,1.31468,100
2023-07-17T00:45:00+00:00,1.31468,1.31575,1.31428,1.31535,100
2023-07-17T01:00:00+00:00,1.31535,1.31617,1.31495,1.31577,100
2023-07-17T01:15:00+00:00,1.31577,1.31617,1.31481,1.31521,100
2023-07-17T01:30:00+00:00,1.31521,1.31561,1.31443,1.31483,100
2023-07-17T01:45:00+00:00,1.31483,1.31523,1.31431,1.31471,100
2023-07-17T02:00:00+00:00,1.31471,1.31511,1.31358,1.31398,100
2023-07-17T02:15:00+00:00,1.31398,1.31438,1.31241,1.31281,100
2023-07-17T02:30:00+00:00,1.31281,1.31321,1.31222,1.31262,100
2023-07-17T02:45:00+00:00,1.31262,1.31302,1.31157,1.31197,100
2023-07-17T03:00:00+00:00,1.31197,1.31237,1.31098,1.31138,100
2023-07-17T03:15:00+00:00,1.31138,1.31247,1.31098,1.31207,100
2023-07-17T03:30:00+00:00,1.31207,1.31305,1.31167,1.31265,100
2023-07-17T03:45:00+00:00,1.31265,1.31305,1.31204,1.31244,100
2023-07-17T04:00:00+00:00,1.31244,1.31284,1.31089,1.31129,100
2023-07-17T04:15:00+00:00,1.31129,1.31233,1.31089,1.31193,100
2023-07-17T04:30:00+00:00,1.31193,1.31233,1.31096,1.31136,100
2023-07-17T04:45:00+00:00,1.31136,1.31176,1.31000,1.31040,100
2023-07-17T05:00:00+00:00,1.31040,1.31141,1.31000,1.31101,100
2023-07-17T05:15:00+00:00,1.31101,1.31238,1.31061,1.31198,100
2023-07-17T05:30:00+00:00,1.31198,1.31238,1.31099,1.31139,100
2023-07-17T05:45:00+00:00,1.31139,1.31190,1.31099,1.31150,100
2023-07-17T06:00:00+00:00,1.31150,1.31283,1.31110,1.31243,100
2023-07-17T06:15:00+00:00,1.31243,1.31288,1.31203,1.31248,100
2023-07-17T06:30:00+00:00,1.31248,1.31288,1.31172,1.31212,100
2023-07-17T06:45:00+00:00,1.31212,1.31252,1.31089,1.31129,100
2023-07-17T07:00:00+00:00,1.31129,1.31169,1.30976,1.31016,100
2023-07-17T07:15:00+00:00,1.31016,1.31150,1.30976,1.31110,100
2023-07-17T07:30:00+00:00,1.31110,1.31225,1.31070,1.31185,100
2023-07-17T07:45:00+00:00,1.31185,1.31225,1.31068,1.31108,100
2023-07-17T08:00:00+00:00,1.31108,1.31183,1.31068,1.31143,100
2023-07-17T08:15:00+00:00,1.31143,1.31183,1.31029,1.31069,100
2023-07-17T08:30:00+00:00,1.31069,1.31169,1.31029,1.31129,100
2023-07-17T08:45:00+00:00,1.31129,1.31169,1.31059,1.31099,100
2023-07-17T09:00:00+00:00,1.31099,1.31186,1.31059,1.31146,100
2023-07-17T09:15:00+00:00,1.31146,1.31194,1.31106,1.31154,100
2023-07-17T09:30:00+00:00,1.31154,1.31194,1.31014,1.31054,100
2023-07-17T09:45:00+00:00,1.31054,1.31111,1.31014,1.31071,100
2023-07-17T10:00:00+00:00,1.31071,1.31148,1.31031,1.31108,100
2023-07-17T10:15:00+00:00,1.31108,1.31148,1.30959,1.30999,100
2023-07-17T10:30:00+00:00,1.30999,1.31039,1.30848,1.30888,100
2023-07-17T10:45:00+00:00,1.30888,1.30928,1.30792,1.30832,100
2023-07-17T11:00:00+00:00,1.30832,1.30926,1.30792,1.30886,100
2023-07-17T11:15:00+00:00,1.30886,1.31040,1.30846,1.31000,100
2023-07-17T11:30:00+00:00,1.31000,1.31040,1.30947,1.30987,100
2023-07-17T11:45:00+00:00,1.30987,1.31113,1.30947,1.31073,100
2023-07-17T12:00:00+00:00,1.31073,1.31164,1.31033,1.31124,100
2023-07-17T12:15:00+00:00,1.31124,1.31164,1.31029,1.31069,100
2023-07-17T12:30:00+00:00,1.31069,1.31109,1.31016,1.31056,100
2023-07-17T12:45:00+00:00,1.31056,1.31179,1.31016,1.31139,100
2023-07-17T13:00:00+00:00,1.31139,1.31179,1.31095,1.31135,100
2023-07-17T13:15:00+00:00,1.31135,1.31177,1.31095,1.31137,100
2023-07-17T13:30:00+00:00,1.31137,1.31230,1.31097,1.31190,100
2023-07-17T13:45:00+00:00,1.31190,1.31230,1.31065,1.31105,100
2023-07-17T14:00:00+00:00,1.31105,1.31145,1.31056,1.31096,100
2023-07-17T14:15:00+00:00,1.31096,1.31141,1.31056,1.31101,100
2023-07-17T14:30:00+00:00,1.31101,1.31157,1.31061,1.31117,100
2023-07-17T14:45:00+00:00,1.31117,1.31203,1.31077,1.31163,100
2023-07-17T15:00:00+00:00,1.31163,1.31203,1.31068,1.31108,100
2023-07-17T15:15:00+00:00,1.31108,1.31148,1.31062,1.31102,100
2023-07-17T15:30:00+00:00,1.31102,1.31142,1.31052,1.31092,100
2023-07-17T15:45:00+00:00,1.31092,1.31132,1.30957,1.30997,100
2023-07-17T16:00:00+00:00,1.30997,1.31106,1.30957,1.31066,100
2023-07-17T16:15:00+00:00,1.31066,1.31216,1.31026,1.31176,100
2023-07-17T16:30:00+00:00,1.31176,1.31231,1.31136,1.31191,100
2023-07-17T16:45:00+00:00,1.31191,1.31231,1.31129,1.31169,100
2023-07-17T17:00:00+00:00,1.31169,1.31209,1.31098,1.31138,100
2023-07-17T17:15:00+00:00,1.31138,1.31178,1.31087,1.31127,100
2023-07-17T17:30:00+00:00,1.31127,1.31167,1.31055,1.31095,100
2023-07-17T17:45:00+00:00,1.31095,1.31135,1.31001,1.31041,100
2023-07-17T18:00:00+00:00,1.31041,1.31188,1.31001,1.31148,100
2023-07-17T18:15:00+00:00,1.31148,1.31188,1.31076,1.31116,100
2023-07-17T18:30:00+00:00,1.31116,1.31156,1.31007,1.31047,100
2023-07-17T18:45:00+00:00,1.31047,1.31125,1.31007,1.31085,100
2023-07-17T19:00:00+00:00,1.31085,1.31125,1.30927,1.30967,100
2023-07-17T19:15:00+00:00,1.30967,1.31007,1.30892,1.30932,100
2023-07-17T19:30:00+00:00,1.30932,1.30986,1.30892,1.30946,100
2023-07-17T19:45:00+00:00,1.30946,1.31063,1.30906,1.31023,100
2023-07-17T20:00:00+00:00,1.31023,1.31063,1.30935,1.30975,100
2023-07-17T20:15:00+00:00,1.30975,1.31015,1.30828,1.30868,100
2023-07-17T20:30:00+00:00,1.30868,1.31020,1.30828,1.30980,100
2023-07-17T20:45:00+00:00,1.30980,1.31020,1.30823,1.30863,100
2023-07-17T21:00:00+00:00,1.30863,1.30903,1.30803,1.30843,100
2023-07-17T21:15:00+00:00,1.30843,1.30886,1.30803,1.30846,100
2023-07-17T21:30:00+00:00,1.30846,1.31003,1.30806,1.30963,100
2023-07-17T21:45:00+00:00,1.30963,1.31003,1.30889,1.30929,100
2023-07-17T22:00:00+00:00,1.30929,1.30969,1.30827,1.30867,100
2023-07-17T22:15:00+00:00,1.30867,1.30907,1.30775,1.30815,100
2023-07-17T22:30:00+00:00,1.30815,1.30855,1.30745,1.30785,100
2023-07-17T22:45:00+00:00,1.30785,1.30825,1.30660,1.30700,100
2023-07-17T23:00:00+00:00,1.30700,1.30836,1.30660,1.30796,100
2023-07-17T23:15:00+00:00,1.30796,1.30839,1.30756,1.30799,100
2023-07-17T23:30:00+00:00,1.30799,1.30895,1.30759,1.30855,100
2023-07-17T23:45:00+00:00,1.30855,1.30895,1.30762,1.30802,100
2023-07-18T00:00:00+00:00,1.30802,1.30882,1.30762,1.30842,100
2023-07-18T00:15:00+00:00,1.30842,1.30981,1.30802,1.30941,100
2023-07-18T00:30:00+00:00,1.30941,1.30981,1.30836,1.30876,100
2023-07-18T00:45:00+00:00,1.30876,1.31025,1.30836,1.30985,100
2023-07-18T01:00:00+00:00,1.30985,1.31025,1.30894,1.30934,100
2023-07-18T01:15:00+00:00,1.30934,1.31026,1.30894,1.30986,100
2023-07-18T01:30:00+00:00,1.30986,1.31132,1.30946,1.31092,100
2023-07-18T01:45:00+00:00,1.31092,1.31132,1.31043,1.31083,100
2023-07-18T02:00:00+00:00,1.31083,1.31227,1.31043,1.31187,100
2023-07-18T02:15:00+00:00,1.31187,1.31227,1.31122,1.31162,100
2023-07-18T02:30:00+00:00,1.31162,1.31202,1.31107,1.31147,100
2023-07-18T02:45:00+00:00,1.31147,1.31289,1.31107,1.31249,100
2023-07-18T03:00:00+00:00,1.31249,1.31313,1.31209,1.31273,100
2023-07-18T03:15:00+00:00,1.31273,1.31313,1.31126,1.31166,100
2023-07-18T03:30:00+00:00,1.31166,1.31206,1.31042,1.31082,100
2023-07-18T03:45:00+00:00,1.31082,1.31130,1.31042,1.31090,100
2023-07-18T04:00:00+00:00,1.31090,1.31130,1.31012,1.31052,100
2023-07-18T04:15:00+00:00,1.31052,1.31092,1.30906,1.30946,100
2023-07-18T04:30:00+00:00,1.30946,1.31061,1.30906,1.31021,100
2023-07-18T04:45:00+00:00,1.31021,1.31061,1.30939,1.30979,100
2023-07-18T05:00:00+00:00,1.30979,1.31116,1.30939,1.31076,100
2023-07-18T05:15:00+00:00,1.31076,1.31116,1.31004,1.31044,100
2023-07-18T05:30:00+00:00,1.31044,1.31084,1.30928,1.30968,100
2023-07-18T05:45:00+00:00,1.30968,1.31008,1.30910,1.30950,100
2023-07-18T06:00:00+00:00,1.30950,1.31068,1.30910,1.31028,100
2023-07-18T06:15:00+00:00,1.31028,1.31165,1.30988,1.31125,100
2023-07-18T06:30:00+00:00,1.31125,1.31180,1.31085,1.31140,100
2023-07-18T06:45:00+00:00,1.31140,1.31180,1.31041,1.31081,100
2023-07-18T07:00:00+00:00,1.31081,1.31127,1.31041,1.31087,100
2023-07-18T07:15:00+00:00,1.31087,1.31127,1.30990,1.31030,100
2023-07-18T07:30:00+00:00,1.31030,1.31070,1.30957,1.30997,100
2023-07-18T07:45:00+00:00,1.30997,1.31037,1.30839,1.30879,100
2023-07-18T08:00:00+00:00,1.30879,1.30919,1.30723,1.30763,100
2023-07-18T08:15:00+00:00,1.30763,1.30907,1.30723,1.30867,100
2023-07-18T08:30:00+00:00,1.30867,1.30971,1.30827,1.30931,100
2023-07-18T08:45:00+00:00,1.30931,1.30971,1.30830,1.30870,100
2023-07-18T09:00:00+00:00,1.30870,1.30937,1.30830,1.30897,100
2023-07-18T09:15:00+00:00,1.30897,1.30937,1.30747,1.30787,100
2023-07-18T09:30:00+00:00,1.30787,1.30906,1.30747,1.30866,100
2023-07-18T09:45:00+00:00,1.30866,1.30933,1.30826,1.30893,100
2023-07-18T10:00:00+00:00,1.30893,1.30986,1.30853,1.30946,100
2023-07-18T10:15:00+00:00,1.30946,1.30986,1.30889,1.30929,100
2023-07-18T10:30:00+00:00,1.30929,1.30969,1.30873,1.30913,100
2023-07-18T10:45:00+00:00,1.30913,1.31029,1.30873,1.30989,100
2023-07-18T11:00:00+00:00,1.30989,1.31029,1.30906,1.30946,100
2023-07-18T11:15:00+00:00,1.30946,1.30986,1.30804,1.30844,100
2023-07-18T11:30:00+00:00,1.30844,1.30884,1.30712,1.30752,100
2023-07-18T11:45:00+00:00,1.30752,1.30892,1.30712,1.30852,100
2023-07-18T12:00:00+00:00,1.30852,1.30892,1.30759,1.30799,100
2023-07-18T12:15:00+00:00,1.30799,1.30839,1.30654,1.30694,100
2023-07-18T12:30:00+00:00,1.30694,1.30750,1.30654,1.30710,100
2023-07-18T12:45:00+00:00,1.30710,1.30750,1.30581,1.30621,100
2023-07-18T13:00:00+00:00,1.30621,1.30661,1.30563,1.30603,100
2023-07-18T13:15:00+00:00,1.30603,1.30709,1.30563,1.30669,100
2023-07-18T13:30:00+00:00,1.30669,1.30709,1.30565,1.30605,100
2023-07-18T13:45:00+00:00,1.30605,1.30645,1.30546,1.30586,100
2023-07-18T14:00:00+00:00,1.30586,1.30730,1.30546,1.30690,100
2023-07-18T14:15:00+00:00,1.30690,1.30818,1.30650,1.30778,100
2023-07-18T14:30:00+00:00,1.30778,1.30907,1.30738,1.30867,100
2023-07-18T14:45:00+00:00,1.30867,1.30907,1.30716,1.30756,100
2023-07-18T15:00:00+00:00,1.30756,1.30909,1.30716,1.30869,100
2023-07-18T15:15:00+00:00,1.30869,1.30923,1.30829,1.30883,100
2023-07-18T15:30:00+00:00,1.30883,1.30923,1.30759,1.30799,100
2023-07-18T15:45:00+00:00,1.30799,1.30956,1.30759,1.30916,100
2023-07-18T16:00:00+00:00,1.30916,1.30956,1.30786,1.30826,100
2023-07-18T16:15:00+00:00,1.30826,1.30982,1.30786,1.30942,100
2023-07-18T16:30:00+00:00,1.30942,1.30982,1.30789,1.30829,100
2023-07-18T16:45:00+00:00,1.30829,1.30869,1.30688,1.30728,100
2023-07-18T17:00:00+00:00,1.30728,1.30768,1.30682,1.30722,100
2023-07-18T17:15:00+00:00,1.30722,1.30788,1.30682,1.30748,100
2023-07-18T17:30:00+00:00,1.30748,1.30808,1.30708,1.30768,100
2023-07-18T17:45:00+00:00,1.30768,1.30884,1.30728,1.30844,100
2023-07-18T18:00:00+00:00,1.30844,1.30884,1.30710,1.30750,100
2023-07-18T18:15:00+00:00,1.30750,1.30844,1.30710,1.30804,100
2023-07-18T18:30:00+00:00,1.30804,1.30844,1.30721,1.30761,100
2023-07-18T18:45:00+00:00,1.30761,1.30911,1.30721,1.30871,100
2023-07-18T19:00:00+00:00,1.30871,1.30941,1.30831,1.30901,100
2023-07-18T19:15:00+00:00,1.30901,1.30986,1.30861,1.30946,100
2023-07-18T19:30:00+00:00,1.30946,1.30986,1.30818,1.30858,100
2023-07-18T19:45:00+00:00,1.30858,1.30997,1.30818,1.30957,100
2023-07-18T20:00:00+00:00,1.30957,1.30997,1.30867,1.30907,100
2023-07-18T20:15:00+00:00,1.30907,1.30947,1.30797,1.30837,100
2023-07-18T20:30:00+00:00,1.30837,1.30877,1.30778,1.30818,100
2023-07-18T20:45:00+00:00,1.30818,1.30926,1.30778,1.30886,100
2023-07-18T21:00:00+00:00,1.30886,1.30926,1.30803,1.30843,100
2023-07-18T21:15:00+00:00,1.30843,1.30883,1.30796,1.30836,100
2023-07-18T21:30:00+00:00,1.30836,1.30901,1.30796,1.30861,100
2023-07-18T21:45:00+00:00,1.30861,1.30901,1.30760,1.30800,100
2023-07-18T22:00:00+00:00,1.30800,1.30840,1.30669,1.30709,100
2023-07-18T22:15:00+00:00,1.30709,1.30749,1.30646,1.30686,100
2023-07-18T22:30:00+00:00,1.30686,1.30778,1.30646,1.30738,100
2023-07-18T22:45:00+00:00,1.30738,1.30820,1.30698,1.30780,100
2023-07-18T23:00:00+00:00,1.30780,1.30820,1.30671,1.30711,100
2023-07-18T23:15:00+00:00,1.30711,1.30789,1.30671,1.30749,100
2023-07-18T23:30:00+00:00,1.30749,1.30870,1.30709,1.30830,100
2023-07-18T23:45:00+00:00,1.30830,1.30919,1.30790,1.30879,100
2023-07-19T00:00:00+00:00,1.30879,1.30919,1.30762,1.30802,100
2023-07-19T00:15:00+00:00,1.30802,1.30842,1.30653,1.30693,100
2023-07-19T00:30:00+00:00,1.30693,1.30849,1.30653,1.30809,100
2023-07-19T00:45:00+00:00,1.30809,1.30899,1.30769,1.30859,100
2023-07-19T01:00:00+00:00,1.30859,1.30899,1.30765,1.30805,100
2023-07-19T01:15:00+00:00,1.30805,1.30903,1.30765,1.30863,100
2023-07-19T01:30:00+00:00,1.30863,1.30922,1.30823,1.30882,100
2023-07-19T01:45:00+00:00,1.30882,1.30954,1.30842,1.30914,100
2023-07-19T02:00:00+00:00,1.30914,1.30954,1.30840,1.30880,100
2023-07-19T02:15:00+00:00,1.30880,1.30960,1.30840,1.30920,100
2023-07-19T02:30:00+00:00,1.30920,1.30960,1.30852,1.30892,100
2023-07-19T02:45:00+00:00,1.30892,1.30932,1.30824,1.30864,100
2023-07-19T03:00:00+00:00,1.30864,1.30904,1.30782,1.30822,100
2023-07-19T03:15:00+00:00,1.30822,1.30919,1.30782,1.30879,100
2023-07-19T03:30:00+00:00,1.30879,1.31005,1.30839,1.30965,100
2023-07-19T03:45:00+00:00,1.30965,1.31005,1.30875,1.30915,100
2023-07-19T04:00:00+00:00,1.30915,1.30955,1.30773,1.30813,100
2023-07-19T04:15:00+00:00,1.30813,1.30853,1.30714,1.30754,100
2023-07-19T04:30:00+00:00,1.30754,1.30855,1.30714,1.30815,100
2023-07-19T04:45:00+00:00,1.30815,1.30855,1.30740,1.30780,100
2023-07-19T05:00:00+00:00,1.30780,1.30820,1.30623,1.30663,100
2023-07-19T05:15:00+00:00,1.30663,1.30785,1.30623,1.30745,100
2023-07-19T05:30:00+00:00,1.30745,1.30785,1.30690,1.30730,100
2023-07-19T05:45:00+00:00,1.30730,1.30770,1.30586,1.30626,100
2023-07-19T06:00:00+00:00,1.30626,1.30725,1.30586,1.30685,100
2023-07-19T06:15:00+00:00,1.30685,1.30727,1.30645,1.30687,100
2023-07-19T06:30:00+00:00,1.30687,1.30810,1.30647,1.30770,100
2023-07-19T06:45:00+00:00,1.30770,1.30891,1.30730,1.30851,100
2023-07-19T07:00:00+00:00,1.30851,1.30969,1.30811,1.30929,100
2023-07-19T07:15:00+00:00,1.30929,1.31060,1.30889,1.31020,100
2023-07-19T07:30:00+00:00,1.31020,1.31060,1.30952,1.30992,100
2023-07-19T07:45:00+00:00,1.30992,1.31107,1.30952,1.31067,100
2023-07-19T08:00:00+00:00,1.31067,1.31107,1.31025,1.31065,100
2023-07-19T08:15:00+00:00,1.31065,1.31142,1.31025,1.31102,100
2023-07-19T08:30:00+00:00,1.31102,1.31142,1.30994,1.31034,100
2023-07-19T08:45:00+00:00,1.31034,1.31104,1.30994,1.31064,100
2023-07-19T09:00:00+00:00,1.31064,1.31104,1.30922,1.30962,100
2023-07-19T09:15:00+00:00,1.30962,1.31088,1.30922,1.31048,100
2023-07-19T09:30:00+00:00,1.31048,1.31088,1.30931,1.30971,100
2023-07-19T09:45:00+00:00,1.30971,1.31028,1.30931,1.30988,100
2023-07-19T10:00:00+00:00,1.30988,1.31110,1.30948,1.31070,100
2023-07-19T10:15:00+00:00,1.31070,1.31188,1.31030,1.31148,100
2023-07-19T10:30:00+00:00,1.31148,1.31274,1.31108,1.31234,100
2023-07-19T10:45:00+00:00,1.31234,1.31274,1.31176,1.31216,100
2023-07-19T11:00:00+00:00,1.31216,1.31256,1.31073,1.31113,100
2023-07-19T11:15:00+00:00,1.31113,1.31269,1.31073,1.31229,100
2023-07-19T11:30:00+00:00,1.31229,1.31269,1.31142,1.31182,100
2023-07-19T11:45:00+00:00,1.31182,1.31310,1.31142,1.31270,100
2023-07-19T12:00:00+00:00,1.31270,1.31310,1.31208,1.31248,100
2023-07-19T12:15:00+00:00,1.31248,1.31288,1.31194,1.31234,100
2023-07-19T12:30:00+00:00,1.31234,1.31284,1.31194,1.31244,100
2023-07-19T12:45:00+00:00,1.31244,1.31295,1.31204,1.31255,100
2023-07-19T13:00:00+00:00,1.31255,1.31362,1.31215,1.31322,100
2023-07-19T13:15:00+00:00,1.31322,1.31383,1.31282,1.31343,100
2023-07-19T13:30:00+00:00,1.31343,1.31383,1.31223,1.31263,100
2023-07-19T13:45:00+00:00,1.31263,1.31311,1.31223,1.31271,100
2023-07-19T14:00:00+00:00,1.31271,1.31311,1.31134,1.31174,100
2023-07-19T14:15:00+00:00,1.31174,1.31299,1.31134,1.31259,100
2023-07-19T14:30:00+00:00,1.31259,1.31299,1.31141,1.31181,100
2023-07-19T14:45:00+00:00,1.31181,1.31221,1.31108,1.31148,100
2023-07-19T15:00:00+00:00,1.31148,1.31210,1.31108,1.31170,100
2023-07-19T15:15:00+00:00,1.31170,1.31210,1.31092,1.31132,100
2023-07-19T15:30:00+00:00,1.31132,1.31267,1.31092,1.31227,100
2023-07-19T15:45:00+00:00,1.31227,1.31337,1.31187,1.31297,100
2023-07-19T16:00:00+00:00,1.31297,1.31337,1.31217,1.31257,100
2023-07-19T16:15:00+00:00,1.31257,1.31297,1.31200,1.31240,100
2023-07-19T16:30:00+00:00,1.31240,1.31337,1.31200,1.31297,100
2023-07-19T16:45:00+00:00,1.31297,1.31339,1.31257,1.31299,100
2023-07-19T17:00:00+00:00,1.31299,1.31372,1.31259,1.31332,100
2023-07-19T17:15:00+00:00,1.31332,1.31372,1.31253,1.31293,100
2023-07-19T17:30:00+00:00,1.31293,1.31350,1.31253,1.31310,100
2023-07-19T17:45:00+00:00,1.31310,1.31372,1.31270,1.31332,100
2023-07-19T18:00:00+00:00,1.31332,1.31468,1.31292,1.31428,100
2023-07-19T18:15:00+00:00,1.31428,1.31468,1.31352,1.31392,100
2023-07-19T18:30:00+00:00,1.31392,1.31504,1.31352,1.31464,100
2023-07-19T18:45:00+00:00,1.31464,1.31504,1.31355,1.31395,100
2023-07-19T19:00:00+00:00,1.31395,1.31435,1.31305,1.31345,100
2023-07-19T19:15:00+00:00,1.31345,1.31385,1.31241,1.31281,100
2023-07-19T19:30:00+00:00,1.31281,1.31424,1.31241,1.31384,100
2023-07-19T19:45:00+00:00,1.31384,1.31424,1.31247,1.31287,100
2023-07-19T20:00:00+00:00,1.31287,1.31327,1.31196,1.31236,100
2023-07-19T20:15:00+00:00,1.31236,1.31276,1.31188,1.31228,100
2023-07-19T20:30:00+00:00,1.31228,1.31319,1.31188,1.31279,100
2023-07-19T20:45:00+00:00,1.31279,1.31357,1.31239,1.31317,100
2023-07-19T21:00:00+00:00,1.31317,1.31357,1.31187,1.31227,100
2023-07-19T21:15:00+00:00,1.31227,1.31267,1.31160,1.31200,100
2023-07-19T21:30:00+00:00,1.31200,1.31293,1.31160,1.31253,100
2023-07-19T21:45:00+00:00,1.31253,1.31293,1.31127,1.31167,100
2023-07-19T22:00:00+00:00,1.31167,1.31207,1.31037,1.31077,100
2023-07-19T22:15:00+00:00,1.31077,1.31194,1.31037,1.31154,100
2023-07-19T22:30:00+00:00,1.31154,1.31194,1.30994,1.31034,100
2023-07-19T22:45:00+00:00,1.31034,1.31074,1.30894,1.30934,100
2023-07-19T23:00:00+00:00,1.30934,1.30974,1.30819,1.30859,100
2023-07-19T23:15:00+00:00,1.30859,1.30979,1.30819,1.30939,100
2023-07-19T23:30:00+00:00,1.30939,1.30979,1.30863,1.30903,100
2023-07-19T23:45:00+00:00,1.30903,1.30943,1.30846,1.30886,100
2023-07-20T00:00:00+00:00,1.30886,1.30936,1.30846,1.30896,100
2023-07-20T00:15:00+00:00,1.30896,1.31029,1.30856,1.30989,100
2023-07-20T00:30:00+00:00,1.30989,1.31029,1.30839,1.30879,100
2023-07-20T00:45:00+00:00,1.30879,1.30919,1.30766,1.30806,100
2023-07-20T01:00:00+00:00,1.30806,1.30846,1.30742,1.30782,100
2023-07-20T01:15:00+00:00,1.30782,1.30856,1.30742,1.30816,100
2023-07-20T01:30:00+00:00,1.30816,1.30856,1.30688,1.30728,100
2023-07-20T01:45:00+00:00,1.30728,1.30768,1.30672,1.30712,100
2023-07-20T02:00:00+00:00,1.30712,1.30769,1.30672,1.30729,100
2023-07-20T02:15:00+00:00,1.30729,1.30769,1.30585,1.30625,100
2023-07-20T02:30:00+00:00,1.30625,1.30665,1.30544,1.30584,100
2023-07-20T02:45:00+00:00,1.30584,1.30624,1.30439,1.30479,100
2023-07-20T03:00:00+00:00,1.30479,1.30617,1.30439,1.30577,100
2023-07-20T03:15:00+00:00,1.30577,1.30617,1.30420,1.30460,100
2023-07-20T03:30:00+00:00,1.30460,1.30500,1.30338,1.30378,100
2023-07-20T03:45:00+00:00,1.30378,1.30445,1.30338,1.30405,100
2023-07-20T04:00:00+00:00,1.30405,1.30445,1.30301,1.30341,100
2023-07-20T04:15:00+00:00,1.30341,1.30399,1.30301,1.30359,100
2023-07-20T04:30:00+00:00,1.30359,1.30399,1.30281,1.30321,100
2023-07-20T04:45:00+00:00,1.30321,1.30478,1.30281,1.30438,100
2023-07-20T05:00:00+00:00,1.30438,1.30495,1.30398,1.30455,100
2023-07-20T05:15:00+00:00,1.30455,1.30495,1.30379,1.30419,100
2023-07-20T05:30:00+00:00,1.30419,1.30459,1.30303,1.30343,100
2023-07-20T05:45:00+00:00,1.30343,1.30383,1.30298,1.30338,100
2023-07-20T06:00:00+00:00,1.30338,1.30444,1.30298,1.30404,100
2023-07-20T06:15:00+00:00,1.30404,1.30496,1.30364,1.30456,100
2023-07-20T06:30:00+00:00,1.30456,1.30545,1.30416,1.30505,100
2023-07-20T06:45:00+00:00,1.30505,1.30549,1.30465,1.30509,100
2023-07-20T07:00:00+00:00,1.30509,1.30653,1.30469,1.30613,100
2023-07-20T07:15:00+00:00,1.30613,1.30653,1.30549,1.30589,100
2023-07-20T07:30:00+00:00,1.30589,1.30640,1.30549,1.30600,100
2023-07-20T07:45:00+00:00,1.30600,1.30750,1.30560,1.30710,100
2023-07-20T08:00:00+00:00,1.30710,1.30819,1.30670,1.30779,100
2023-07-20T08:15:00+00:00,1.30779,1.30819,1.30733,1.30773,100
2023-07-20T08:30:00+00:00,1.30773,1.30884,1.30733,1.30844,100
2023-07-20T08:45:00+00:00,1.30844,1.30949,1.30804,1.30909,100
2023-07-20T09:00:00+00:00,1.30909,1.30949,1.30819,1.30859,100
2023-07-20T09:15:00+00:00,1.30859,1.30899,1.30795,1.30835,100
2023-07-20T09:30:00+00:00,1.30835,1.30937,1.30795,1.30897,100
2023-07-20T09:45:00+00:00,1.30897,1.30937,1.30827,1.30867,100
2023-07-20T10:00:00+00:00,1.30867,1.30907,1.30791,1.30831,100
2023-07-20T10:15:00+00:00,1.30831,1.30880,1.30791,1.30840,100
2023-07-20T10:30:00+00:00,1.30840,1.30880,1.30698,1.30738,100
2023-07-20T10:45:00+00:00,1.30738,1.30778,1.30641,1.30681,100
2023-07-20T11:00:00+00:00,1.30681,1.30838,1.30641,1.30798,100
2023-07-20T11:15:00+00:00,1.30798,1.30838,1.30697,1.30737,100
2023-07-20T11:30:00+00:00,1.30737,1.30851,1.30697,1.30811,100
2023-07-20T11:45:00+00:00,1.30811,1.30851,1.30652,1.30692,100
2023-07-20T12:00:00+00:00,1.30692,1.30732,1.30606,1.30646,100
2023-07-20T12:15:00+00:00,1.30646,1.30690,1.30606,1.30650,100
2023-07-20T12:30:00+00:00,1.30650,1.30690,1.30565,1.30605,100
2023-07-20T12:45:00+00:00,1.30605,1.30751,1.30565,1.30711,100
2023-07-20T13:00:00+00:00,1.30711,1.30861,1.30671,1.30821,100
2023-07-20T13:15:00+00:00,1.30821,1.30861,1.30733,1.30773,100
2023-07-20T13:30:00+00:00,1.30773,1.30813,1.30646,1.30686,100
2023-07-20T13:45:00+00:00,1.30686,1.30827,1.30646,1.30787,100
2023-07-20T14:00:00+00:00,1.30787,1.30897,1.30747,1.30857,100
2023-07-20T14:15:00+00:00,1.30857,1.30902,1.30817,1.30862,100
2023-07-20T14:30:00+00:00,1.30862,1.30902,1.30716,1.30756,100
2023-07-20T14:45:00+00:00,1.30756,1.30796,1.30598,1.30638,100
2023-07-20T15:00:00+00:00,1.30638,1.30724,1.30598,1.30684,100
2023-07-20T15:15:00+00:00,1.30684,1.30768,1.30644,1.30728,100
2023-07-20T15:30:00+00:00,1.30728,1.30768,1.30680,1.30720,100
2023-07-20T15:45:00+00:00,1.30720,1.30760,1.30640,1.30680,100
2023-07-20T16:00:00+00:00,1.30680,1.30720,1.30586,1.30626,100
2023-07-20T16:15:00+00:00,1.30626,1.30666,1.30555,1.30595,100
2023-07-20T16:30:00+00:00,1.30595,1.30635,1.30535,1.30575,100
2023-07-20T16:45:00+00:00,1.30575,1.30642,1.30535,1.30602,100
2023-07-20T17:00:00+00:00,1.30602,1.30642,1.30542,1.30582,100
2023-07-20T17:15:00+00:00,1.30582,1.30622,1.30503,1.30543,100
2023-07-20T17:30:00+00:00,1.30543,1.30583,1.30437,1.30477,100
2023-07-20T17:45:00+00:00,1.30477,1.30555,1.30437,1.30515,100
2023-07-20T18:00:00+00:00,1.30515,1.30660,1.30475,1.30620,100
2023-07-20T18:15:00+00:00,1.30620,1.30660,1.30504,1.30544,100
2023-07-20T18:30:00+00:00,1.30544,1.30650,1.30504,1.30610,100
2023-07-20T18:45:00+00:00,1.30610,1.30685,1.30570,1.30645,100
2023-07-20T19:00:00+00:00,1.30645,1.30685,1.30540,1.30580,100
2023-07-20T19:15:00+00:00,1.30580,1.30620,1.30453,1.30493,100
2023-07-20T19:30:00+00:00,1.30493,1.30614,1.30453,1.30574,100
2023-07-20T19:45:00+00:00,1.30574,1.30614,1.30449,1.30489,100
2023-07-20T20:00:00+00:00,1.30489,1.30529,1.30358,1.30398,100
2023-07-20T20:15:00+00:00,1.30398,1.30438,1.30259,1.30299,100
2023-07-20T20:30:00+00:00,1.30299,1.30415,1.30259,1.30375,100
2023-07-20T20:45:00+00:00,1.30375,1.30415,1.30306,1.30346,100
2023-07-20T21:00:00+00:00,1.30346,1.30386,1.30186,1.30226,100
2023-07-20T21:15:00+00:00,1.30226,1.30266,1.30133,1.30173,100
2023-07-20T21:30:00+00:00,1.30173,1.30218,1.30133,1.30178,100
2023-07-20T21:45:00+00:00,1.30178,1.30218,1.30132,1.30172,100
2023-07-20T22:00:00+00:00,1.30172,1.30212,1.30047,1.30087,100
2023-07-20T22:15:00+00:00,1.30087,1.30211,1.30047,1.30171,100
2023-07-20T22:30:00+00:00,1.30171,1.30258,1.30131,1.30218,100
2023-07-20T22:45:00+00:00,1.30218,1.30258,1.30124,1.30164,100
2023-07-20T23:00:00+00:00,1.30164,1.30204,1.30080,1.30120,100
2023-07-20T23:15:00+00:00,1.30120,1.30160,1.30021,1.30061,100
2023-07-20T23:30:00+00:00,1.30061,1.30101,1.29907,1.29947,100
2023-07-20T23:45:00+00:00,1.29947,1.30013,1.29907,1.29973,100
2023-07-21T00:00:00+00:00,1.29973,1.30013,1.29879,1.29919,100
2023-07-21T00:15:00+00:00,1.29919,1.29997,1.29879,1.29957,100
2023-07-21T00:30:00+00:00,1.29957,1.30078,1.29917,1.30038,100
2023-07-21T00:45:00+00:00,1.30038,1.30078,1.29955,1.29995,100
2023-07-21T01:00:00+00:00,1.29995,1.30035,1.29904,1.29944,100
2023-07-21T01:15:00+00:00,1.29944,1.29984,1.29872,1.29912,100
2023-07-21T01:30:00+00:00,1.29912,1.29952,1.29866,1.29906,100
2023-07-21T01:45:00+00:00,1.29906,1.29946,1.29757,1.29797,100
2023-07-21T02:00:00+00:00,1.29797,1.29837,1.29731,1.29771,100
2023-07-21T02:15:00+00:00,1.29771,1.29811,1.29686,1.29726,100
2023-07-21T02:30:00+00:00,1.29726,1.29766,1.29592,1.29632,100
2023-07-21T02:45:00+00:00,1.29632,1.29752,1.29592,1.29712,100
2023-07-21T03:00:00+00:00,1.29712,1.29799,1.29672,1.29759,100
2023-07-21T03:15:00+00:00,1.29759,1.29799,1.29717,1.29757,100
2023-07-21T03:30:00+00:00,1.29757,1.29797,1.29614,1.29654,100
2023-07-21T03:45:00+00:00,1.29654,1.29749,1.29614,1.29709,100
2023-07-21T04:00:00+00:00,1.29709,1.29749,1.29640,1.29680,100
2023-07-21T04:15:00+00:00,1.29680,1.29812,1.29640,1.29772,100
2023-07-21T04:30:00+00:00,1.29772,1.29847,1.29732,1.29807,100
2023-07-21T04:45:00+00:00,1.29807,1.29847,1.29704,1.29744,100
2023-07-21T05:00:00+00:00,1.29744,1.29845,1.29704,1.29805,100
2023-07-21T05:15:00+00:00,1.29805,1.29867,1.29765,1.29827,100
2023-07-21T05:30:00+00:00,1.29827,1.29867,1.29752,1.29792,100
2023-07-21T05:45:00+00:00,1.29792,1.29903,1.29752,1.29863,100
2023-07-21T06:00:00+00:00,1.29863,1.29903,1.29782,1.29822,100
2023-07-21T06:15:00+00:00,1.29822,1.29862,1.29696,1.29736,100
2023-07-21T06:30:00+00:00,1.29736,1.29776,1.29587,1.29627,100
2023-07-21T06:45:00+00:00,1.29627,1.29694,1.29587,1.29654,100
2023-07-21T07:00:00+00:00,1.29654,1.29694,1.29560,1.29600,100
2023-07-21T07:15:00+00:00,1.29600,1.29640,1.29478,1.29518,100
2023-07-21T07:30:00+00:00,1.29518,1.29558,1.29369,1.29409,100
2023-07-21T07:45:00+00:00,1.29409,1.29515,1.29369,1.29475,100
2023-07-21T08:00:00+00:00,1.29475,1.29515,1.29382,1.29422,100
2023-07-21T08:15:00+00:00,1.29422,1.29548,1.29382,1.29508,100
2023-07-21T08:30:00+00:00,1.29508,1.29642,1.29468,1.29602,100
2023-07-21T08:45:00+00:00,1.29602,1.29718,1.29562,1.29678,100
2023-07-21T09:00:00+00:00,1.29678,1.29718,1.29572,1.29612,100
2023-07-21T09:15:00+00:00,1.29612,1.29759,1.29572,1.29719,100
2023-07-21T09:30:00+00:00,1.29719,1.29788,1.29679,1.29748,100
2023-07-21T09:45:00+00:00,1.29748,1.29871,1.29708,1.29831,100
2023-07-21T10:00:00+00:00,1.29831,1.29969,1.29791,1.29929,100
2023-07-21T10:15:00+00:00,1.29929,1.29969,1.29846,1.29886,100
2023-07-21T10:30:00+00:00,1.29886,1.29926,1.29816,1.29856,100
2023-07-21T10:45:00+00:00,1.29856,1.29991,1.29816,1.29951,100
2023-07-21T11:00:00+00:00,1.29951,1.29991,1.29861,1.29901,100
2023-07-21T11:15:00+00:00,1.29901,1.29941,1.29764,1.29804,100
2023-07-21T11:30:00+00:00,1.29804,1.29844,1.29654,1.29694,100
2023-07-21T11:45:00+00:00,1.29694,1.29747,1.29654,1.29707,100
2023-07-21T12:00:00+00:00,1.29707,1.29747,1.29621,1.29661,100
2023-07-21T12:15:00+00:00,1.29661,1.29808,1.29621,1.29768,100
2023-07-21T12:30:00+00:00,1.29768,1.29808,1.29610,1.29650,100
2023-07-21T12:45:00+00:00,1.29650,1.29690,1.29586,1.29626,100
2023-07-21T13:00:00+00:00,1.29626,1.29717,1.29586,1.29677,100
2023-07-21T13:15:00+00:00,1.29677,1.29742,1.29637,1.29702,100
2023-07-21T13:30:00+00:00,1.29702,1.29822,1.29662,1.29782,100
2023-07-21T13:45:00+00:00,1.29782,1.29858,1.29742,1.29818,100
2023-07-21T14:00:00+00:00,1.29818,1.29948,1.29778,1.29908,100
2023-07-21T14:15:00+00:00,1.29908,1.30060,1.29868,1.30020,100
2023-07-21T14:30:00+00:00,1.30020,1.30147,1.29980,1.30107,100
2023-07-21T14:45:00+00:00,1.30107,1.30172,1.30067,1.30132,100
2023-07-21T15:00:00+00:00,1.30132,1.30172,1.30067,1.30107,100
2023-07-21T15:15:00+00:00,1.30107,1.30155,1.30067,1.30115,100
2023-07-21T15:30:00+00:00,1.30115,1.30155,1.30007,1.30047,100
2023-07-21T15:45:00+00:00,1.30047,1.30087,1.29949,1.29989,100
2023-07-21T16:00:00+00:00,1.29989,1.30033,1.29949,1.29993,100
2023-07-21T16:15:00+00:00,1.29993,1.30033,1.29938,1.29978,100
2023-07-21T16:30:00+00:00,1.29978,1.30018,1.29912,1.29952,100
2023-07-21T16:45:00+00:00,1.29952,1.29992,1.29812,1.29852,100
2023-07-21T17:00:00+00:00,1.29852,1.30007,1.29812,1.29967,100
2023-07-21T17:15:00+00:00,1.29967,1.30007,1.29887,1.29927,100
2023-07-21T17:30:00+00:00,1.29927,1.29967,1.29882,1.29922,100
2023-07-21T17:45:00+00:00,1.29922,1.29962,1.29846,1.29886,100
2023-07-21T18:00:00+00:00,1.29886,1.29939,1.29846,1.29899,100
2023-07-21T18:15:00+00:00,1.29899,1.30007,1.29859,1.29967,100
2023-07-21T18:30:00+00:00,1.29967,1.30112,1.29927,1.30072,100
2023-07-21T18:45:00+00:00,1.30072,1.30137,1.30032,1.30097,100
2023-07-21T19:00:00+00:00,1.30097,1.30242,1.30057,1.30202,100
2023-07-21T19:15:00+00:00,1.30202,1.30242,1.30130,1.30170,100
2023-07-21T19:30:00+00:00,1.30170,1.30210,1.30123,1.30163,100
2023-07-21T19:45:00+00:00,1.30163,1.30203,1.30084,1.30124,100
2023-07-21T20:00:00+00:00,1.30124,1.30276,1.30084,1.30236,100
2023-07-21T20:15:00+00:00,1.30236,1.30276,1.30107,1.30147,100
2023-07-21T20:30:00+00:00,1.30147,1.30187,1.30041,1.30081,100
2023-07-21T20:45:00+00:00,1.30081,1.30185,1.30041,1.30145,100
2023-07-21T21:00:00+00:00,1.30145,1.30185,1.30042,1.30082,100
2023-07-21T21:15:00+00:00,1.30082,1.30122,1.29938,1.29978,100
2023-07-21T21:30:00+00:00,1.29978,1.30018,1.29906,1.29946,100
2023-07-21T21:45:00+00:00,1.29946,1.29986,1.29898,1.29938,100
2023-07-21T22:00:00+00:00,1.29938,1.29978,1.29887,1.29927,100
2023-07-21T22:15:00+00:00,1.29927,1.29967,1.29823,1.29863,100
2023-07-21T22:30:00+00:00,1.29863,1.29903,1.29786,1.29826,100
2023-07-21T22:45:00+00:00,1.29826,1.29866,1.29735,1.29775,100
2023-07-21T23:00:00+00:00,1.29775,1.29815,1.29657,1.29697,100
2023-07-21T23:15:00+00:00,1.29697,1.29739,1.29657,1.29699,100
2023-07-21T23:30:00+00:00,1.29699,1.29739,1.29594,1.29634,100
2023-07-21T23:45:00+00:00,1.29634,1.29674,1.29520,1.29560,100
2023-07-24T00:00:00+00:00,1.29560,1.29703,1.29520,1.29663,100
2023-07-24T00:15:00+00:00,1.29663,1.29796,1.29623,1.29756,100
2023-07-24T00:30:00+00:00,1.29756,1.29796,1.29687,1.29727,100
2023-07-24T00:45:00+00:00,1.29727,1.29774,1.29687,1.29734,100
2023-07-24T01:00:00+00:00,1.29734,1.29774,1.29597,1.29637,100
2023-07-24T01:15:00+00:00,1.29637,1.29677,1.29482,1.29522,100
2023-07-24T01:30:00+00:00,1.29522,1.29565,1.29482,1.29525,100
2023-07-24T01:45:00+00:00,1.29525,1.29672,1.29485,1.29632,100
2023-07-24T02:00:00+00:00,1.29632,1.29672,1.29491,1.29531,100
2023-07-24T02:15:00+00:00,1.29531,1.29571,1.29480,1.29520,100
2023-07-24T02:30:00+00:00,1.29520,1.29630,1.29480,1.29590,100
2023-07-24T02:45:00+00:00,1.29590,1.29630,1.29433,1.29473,100
2023-07-24T03:00:00+00:00,1.29473,1.29533,1.29433,1.29493,100
2023-07-24T03:15:00+00:00,1.29493,1.29533,1.29396,1.29436,100
2023-07-24T03:30:00+00:00,1.29436,1.29537,1.29396,1.29497,100
2023-07-24T03:45:00+00:00,1.29497,1.29615,1.29457,1.29575,100
2023-07-24T04:00:00+00:00,1.29575,1.29707,1.29535,1.29667,100
2023-07-24T04:15:00+00:00,1.29667,1.29774,1.29627,1.29734,100
2023-07-24T04:30:00+00:00,1.29734,1.29774,1.29595,1.29635,100
2023-07-24T04:45:00+00:00,1.29635,1.29713,1.29595,1.29673,100
2023-07-24T05:00:00+00:00,1.29673,1.29727,1.29633,1.29687,100
2023-07-24T05:15:00+00:00,1.29687,1.29727,1.29599,1.29639,100
2023-07-24T05:30:00+00:00,1.29639,1.29679,1.29528,1.29568,100
2023-07-24T05:45:00+00:00,1.29568,1.29608,1.29521,1.29561,100
2023-07-24T06:00:00+00:00,1.29561,1.29601,1.29502,1.29542,100
2023-07-24T06:15:00+00:00,1.29542,1.29582,1.29480,1.29520,100
2023-07-24T06:30:00+00:00,1.29520,1.29669,1.29480,1.29629,100
2023-07-24T06:45:00+00:00,1.29629,1.29669,1.29524,1.29564,100
2023-07-24T07:00:00+00:00,1.29564,1.29689,1.29524,1.29649,100
2023-07-24T07:15:00+00:00,1.29649,1.29689,1.29524,1.29564,100
2023-07-24T07:30:00+00:00,1.29564,1.29650,1.29524,1.29610,100
2023-07-24T07:45:00+00:00,1.29610,1.29650,1.29556,1.29596,100
2023-07-24T08:00:00+00:00,1.29596,1.29636,1.29531,1.29571,100
2023-07-24T08:15:00+00:00,1.29571,1.29611,1.29525,1.29565,100
2023-07-24T08:30:00+00:00,1.29565,1.29605,1.29437,1.29477,100
2023-07-24T08:45:00+00:00,1.29477,1.29517,1.29370,1.29410,100
2023-07-24T09:00:00+00:00,1.29410,1.29450,1.29349,1.29389,100
2023-07-24T09:15:00+00:00,1.29389,1.29429,1.29275,1.29315,100
2023-07-24T09:30:00+00:00,1.29315,1.29438,1.29275,1.29398,100
2023-07-24T09:45:00+00:00,1.29398,1.29484,1.29358,1.29444,100
2023-07-24T10:00:00+00:00,1.29444,1.29515,1.29404,1.29475,100
2023-07-24T10:15:00+00:00,1.29475,1.29562,1.29435,1.29522,100
2023-07-24T10:30:00+00:00,1.29522,1.29562,1.29401,1.29441,100
2023-07-24T10:45:00+00:00,1.29441,1.29481,1.29283,1.29323,100
2023-07-24T11:00:00+00:00,1.29323,1.29363,1.29182,1.29222,100
2023-07-24T11:15:00+00:00,1.29222,1.29354,1.29182,1.29314,100
2023-07-24T11:30:00+00:00,1.29314,1.29354,1.29271,1.29311,100
2023-07-24T11:45:00+00:00,1.29311,1.29465,1.29271,1.29425,100
2023-07-24T12:00:00+00:00,1.29425,1.29465,1.29343,1.29383,100
2023-07-24T12:15:00+00:00,1.29383,1.29423,1.29315,1.29355,100
2023-07-24T12:30:00+00:00,1.29355,1.29431,1.29315,1.29391,100
2023-07-24T12:45:00+00:00,1.29391,1.29514,1.29351,1.29474,100
2023-07-24T13:00:00+00:00,1.29474,1.29514,1.29417,1.29457,100
2023-07-24T13:15:00+00:00,1.29457,1.29497,1.29413,1.29453,100
2023-07-24T13:30:00+00:00,1.29453,1.29493,1.29378,1.29418,100
2023-07-24T13:45:00+00:00,1.29418,1.29458,1.29315,1.29355,100
2023-07-24T14:00:00+00:00,1.29355,1.29493,1.29315,1.29453,100
2023-07-24T14:15:00+00:00,1.29453,1.29590,1.29413,1.29550,100
2023-07-24T14:30:00+00:00,1.29550,1.29590,1.29495,1.29535,100
2023-07-24T14:45:00+00:00,1.29535,1.29575,1.29408,1.29448,100
2023-07-24T15:00:00+00:00,1.29448,1.29577,1.29408,1.29537,100
2023-07-24T15:15:00+00:00,1.29537,1.29577,1.29489,1.29529,100
2023-07-24T15:30:00+00:00,1.29529,1.29628,1.29489,1.29588,100
2023-07-24T15:45:00+00:00,1.29588,1.29628,1.29528,1.29568,100
2023-07-24T16:00:00+00:00,1.29568,1.29608,1.29427,1.29467,100
2023-07-24T16:15:00+00:00,1.29467,1.29566,1.29427,1.29526,100
2023-07-24T16:30:00+00:00,1.29526,1.29566,1.29392,1.29432,100
2023-07-24T16:45:00+00:00,1.29432,1.29577,1.29392,1.29537,100
2023-07-24T17:00:00+00:00,1.29537,1.29577,1.29417,1.29457,100
2023-07-24T17:15:00+00:00,1.29457,1.29497,1.29379,1.29419,100
2023-07-24T17:30:00+00:00,1.29419,1.29459,1.29260,1.29300,100
2023-07-24T17:45:00+00:00,1.29300,1.29340,1.29193,1.29233,100
2023-07-24T18:00:00+00:00,1.29233,1.29309,1.29193,1.29269,100
2023-07-24T18:15:00+00:00,1.29269,1.29309,1.29131,1.29171,100
2023-07-24T18:30:00+00:00,1.29171,1.29211,1.29038,1.29078,100
2023-07-24T18:45:00+00:00,1.29078,1.29118,1.28933,1.28973,100
2023-07-24T19:00:00+00:00,1.28973,1.29013,1.28816,1.28856,100
2023-07-24T19:15:00+00:00,1.28856,1.28900,1.28816,1.28860,100
2023-07-24T19:30:00+00:00,1.28860,1.28900,1.28754,1.28794,100
2023-07-24T19:45:00+00:00,1.28794,1.28894,1.28754,1.28854,100
2023-07-24T20:00:00+00:00,1.28854,1.28937,1.28814,1.28897,100
2023-07-24T20:15:00+00:00,1.28897,1.28938,1.28857,1.28898,100
2023-07-24T20:30:00+00:00,1.28898,1.29041,1.28858,1.29001,100
2023-07-24T20:45:00+00:00,1.29001,1.29154,1.28961,1.29114,100
2023-07-24T21:00:00+00:00,1.29114,1.29154,1.29028,1.29068,100
2023-07-24T21:15:00+00:00,1.29068,1.29174,1.29028,1.29134,100
2023-07-24T21:30:00+00:00,1.29134,1.29220,1.29094,1.29180,100
2023-07-24T21:45:00+00:00,1.29180,1.29220,1.29065,1.29105,100
2023-07-24T22:00:00+00:00,1.29105,1.29213,1.29065,1.29173,100
2023-07-24T22:15:00+00:00,1.29173,1.29213,1.29022,1.29062,100
2023-07-24T22:30:00+00:00,1.29062,1.29143,1.29022,1.29103,100
2023-07-24T22:45:00+00:00,1.29103,1.29241,1.29063,1.29201,100
2023-07-24T23:00:00+00:00,1.29201,1.29277,1.29161,1.29237,100
2023-07-24T23:15:00+00:00,1.29237,1.29324,1.29197,1.29284,100
2023-07-24T23:30:00+00:00,1.29284,1.29363,1.29244,1.29323,100
2023-07-24T23:45:00+00:00,1.29323,1.29363,1.29261,1.29301,100
2023-07-25T00:00:00+00:00,1.29301,1.29341,1.29168,1.29208,100
2023-07-25T00:15:00+00:00,1.29208,1.29248,1.29138,1.29178,100
2023-07-25T00:30:00+00:00,1.29178,1.29218,1.29093,1.29133,100
2023-07-25T00:45:00+00:00,1.29133,1.29248,1.29093,1.29208,100
2023-07-25T01:00:00+00:00,1.29208,1.29339,1.29168,1.29299,100
2023-07-25T01:15:00+00:00,1.29299,1.29452,1.29259,1.29412,100
2023-07-25T01:30:00+00:00,1.29412,1.29452,1.29332,1.29372,100
2023-07-25T01:45:00+00:00,1.29372,1.29506,1.29332,1.29466,100
2023-07-25T02:00:00+00:00,1.29466,1.29603,1.29426,1.29563,100
2023-07-25T02:15:00+00:00,1.29563,1.29603,1.29408,1.29448,100
2023-07-25T02:30:00+00:00,1.29448,1.29499,1.29408,1.29459,100
2023-07-25T02:45:00+00:00,1.29459,1.29499,1.29322,1.29362,100
2023-07-25T03:00:00+00:00,1.29362,1.29402,1.29221,1.29261,100
2023-07-25T03:15:00+00:00,1.29261,1.29301,1.29208,1.29248,100
2023-07-25T03:30:00+00:00,1.29248,1.29337,1.29208,1.29297,100
2023-07-25T03:45:00+00:00,1.29297,1.29337,1.29180,1.29220,100
2023-07-25T04:00:00+00:00,1.29220,1.29260,1.29137,1.29177,100
2023-07-25T04:15:00+00:00,1.29177,1.29217,1.29133,1.29173,100
2023-07-25T04:30:00+00:00,1.29173,1.29224,1.29133,1.29184,100
2023-07-25T04:45:00+00:00,1.29184,1.29224,1.29053,1.29093,100
2023-07-25T05:00:00+00:00,1.29093,1.29133,1.28975,1.29015,100
2023-07-25T05:15:00+00:00,1.29015,1.29055,1.28858,1.28898,100
2023-07-25T05:30:00+00:00,1.28898,1.28938,1.28815,1.28855,100
2023-07-25T05:45:00+00:00,1.28855,1.29013,1.28815,1.28973,100
2023-07-25T06:00:00+00:00,1.28973,1.29013,1.28857,1.28897,100
2023-07-25T06:15:00+00:00,1.28897,1.28998,1.28857,1.28958,100
2023-07-25T06:30:00+00:00,1.28958,1.29034,1.28918,1.28994,100
2023-07-25T06:45:00+00:00,1.28994,1.29120,1.28954,1.29080,100
2023-07-25T07:00:00+00:00,1.29080,1.29193,1.29040,1.29153,100
2023-07-25T07:15:00+00:00,1.29153,1.29193,1.29008,1.29048,100
2023-07-25T07:30:00+00:00,1.29048,1.29088,1.28967,1.29007,100
2023-07-25T07:45:00+00:00,1.29007,1.29127,1.28967,1.29087,100
2023-07-25T08:00:00+00:00,1.29087,1.29162,1.29047,1.29122,100
2023-07-25T08:15:00+00:00,1.29122,1.29248,1.29082,1.29208,100
2023-07-25T08:30:00+00:00,1.29208,1.29248,1.29055,1.29095,100
2023-07-25T08:45:00+00:00,1.29095,1.29217,1.29055,1.29177,100
2023-07-25T09:00:00+00:00,1.29177,1.29217,1.29112,1.29152,100
2023-07-25T09:15:00+00:00,1.29152,1.29261,1.29112,1.29221,100
2023-07-25T09:30:00+00:00,1.29221,1.29281,1.29181,1.29241,100
2023-07-25T09:45:00+00:00,1.29241,1.29281,1.29166,1.29206,100
2023-07-25T10:00:00+00:00,1.29206,1.29252,1.29166,1.29212,100
2023-07-25T10:15:00+00:00,1.29212,1.29252,1.29058,1.29098,100
2023-07-25T10:30:00+00:00,1.29098,1.29243,1.29058,1.29203,100
2023-07-25T10:45:00+00:00,1.29203,1.29333,1.29163,1.29293,100
2023-07-25T11:00:00+00:00,1.29293,1.29368,1.29253,1.29328,100
2023-07-25T11:15:00+00:00,1.29328,1.29404,1.29288,1.29364,100
2023-07-25T11:30:00+00:00,1.29364,1.29460,1.29324,1.29420,100
2023-07-25T11:45:00+00:00,1.29420,1.29460,1.29366,1.29406,100
2023-07-25T12:00:00+00:00,1.29406,1.29446,1.29304,1.29344,100
2023-07-25T12:15:00+00:00,1.29344,1.29420,1.29304,1.29380,100
2023-07-25T12:30:00+00:00,1.29380,1.29536,1.29340,1.29496,100
2023-07-25T12:45:00+00:00,1.29496,1.29624,1.29456,1.29584,100
2023-07-25T13:00:00+00:00,1.29584,1.29696,1.29544,1.29656,100
2023-07-25T13:15:00+00:00,1.29656,1.29696,1.29535,1.29575,100
2023-07-25T13:30:00+00:00,1.29575,1.29615,1.29490,1.29530,100
2023-07-25T13:45:00+00:00,1.29530,1.29570,1.29437,1.29477,100
2023-07-25T14:00:00+00:00,1.29477,1.29533,1.29437,1.29493,100
2023-07-25T14:15:00+00:00,1.29493,1.29629,1.29453,1.29589,100
2023-07-25T14:30:00+00:00,1.29589,1.29658,1.29549,1.29618,100
2023-07-25T14:45:00+00:00,1.29618,1.29678,1.29578,1.29638,100
2023-07-25T15:00:00+00:00,1.29638,1.29678,1.29581,1.29621,100
2023-07-25T15:15:00+00:00,1.29621,1.29661,1.29503,1.29543,100
2023-07-25T15:30:00+00:00,1.29543,1.29583,1.29447,1.29487,100
2023-07-25T15:45:00+00:00,1.29487,1.29642,1.29447,1.29602,100
2023-07-25T16:00:00+00:00,1.29602,1.29740,1.29562,1.29700,100
2023-07-25T16:15:00+00:00,1.29700,1.29777,1.29660,1.29737,100
2023-07-25T16:30:00+00:00,1.29737,1.29822,1.29697,1.29782,100
2023-07-25T16:45:00+00:00,1.29782,1.29822,1.29676,1.29716,100
2023-07-25T17:00:00+00:00,1.29716,1.29756,1.29561,1.29601,100
2023-07-25T17:15:00+00:00,1.29601,1.29641,1.29447,1.29487,100
2023-07-25T17:30:00+00:00,1.29487,1.29527,1.29331,1.29371,100
2023-07-25T17:45:00+00:00,1.29371,1.29411,1.29260,1.29300,100
2023-07-25T18:00:00+00:00,1.29300,1.29456,1.29260,1.29416,100
2023-07-25T18:15:00+00:00,1.29416,1.29474,1.29376,1.29434,100
2023-07-25T18:30:00+00:00,1.29434,1.29474,1.29327,1.29367,100
2023-07-25T18:45:00+00:00,1.29367,1.29407,1.29229,1.29269,100
2023-07-25T19:00:00+00:00,1.29269,1.29309,1.29113,1.29153,100
2023-07-25T19:15:00+00:00,1.29153,1.29193,1.28996,1.29036,100
2023-07-25T19:30:00+00:00,1.29036,1.29076,1.28909,1.28949,100
2023-07-25T19:45:00+00:00,1.28949,1.28989,1.28870,1.28910,100
2023-07-25T20:00:00+00:00,1.28910,1.28950,1.28787,1.28827,100
2023-07-25T20:15:00+00:00,1.28827,1.28867,1.28722,1.28762,100
2023-07-25T20:30:00+00:00,1.28762,1.28832,1.28722,1.28792,100
2023-07-25T20:45:00+00:00,1.28792,1.28832,1.28663,1.28703,100
2023-07-25T21:00:00+00:00,1.28703,1.28743,1.28575,1.28615,100
2023-07-25T21:15:00+00:00,1.28615,1.28721,1.28575,1.28681,100
2023-07-25T21:30:00+00:00,1.28681,1.28721,1.28588,1.28628,100
2023-07-25T21:45:00+00:00,1.28628,1.28699,1.28588,1.28659,100
2023-07-25T22:00:00+00:00,1.28659,1.28699,1.28567,1.28607,100
2023-07-25T22:15:00+00:00,1.28607,1.28695,1.28567,1.28655,100
2023-07-25T22:30:00+00:00,1.28655,1.28695,1.28497,1.28537,100
2023-07-25T22:45:00+00:00,1.28537,1.28577,1.28442,1.28482,100
2023-07-25T23:00:00+00:00,1.28482,1.28609,1.28442,1.28569,100
2023-07-25T23:15:00+00:00,1.28569,1.28609,1.28479,1.28519,100
2023-07-25T23:30:00+00:00,1.28519,1.28592,1.28479,1.28552,100
2023-07-25T23:45:00+00:00,1.28552,1.28592,1.28443,1.28483,100
2023-07-26T00:00:00+00:00,1.28483,1.28523,1.28349,1.28389,100
2023-07-26T00:15:00+00:00,1.28389,1.28429,1.28330,1.28370,100
2023-07-26T00:30:00+00:00,1.28370,1.28410,1.28320,1.28360,100
2023-07-26T00:45:00+00:00,1.28360,1.28400,1.28209,1.28249,100
2023-07-26T01:00:00+00:00,1.28249,1.28295,1.28209,1.28255,100
2023-07-26T01:15:00+00:00,1.28255,1.28295,1.28197,1.28237,100
2023-07-26T01:30:00+00:00,1.28237,1.28277,1.28163,1.28203,100
2023-07-26T01:45:00+00:00,1.28203,1.28305,1.28163,1.28265,100
2023-07-26T02:00:00+00:00,1.28265,1.28398,1.28225,1.28358,100
2023-07-26T02:15:00+00:00,1.28358,1.28398,1.28296,1.28336,100
2023-07-26T02:30:00+00:00,1.28336,1.28376,1.28249,1.28289,100
2023-07-26T02:45:00+00:00,1.28289,1.28394,1.28249,1.28354,100
2023-07-26T03:00:00+00:00,1.28354,1.28456,1.28314,1.28416,100
2023-07-26T03:15:00+00:00,1.28416,1.28459,1.28376,1.28419,100
2023-07-26T03:30:00+00:00,1.28419,1.28487,1.28379,1.28447,100
2023-07-26T03:45:00+00:00,1.28447,1.28487,1.28368,1.28408,100
2023-07-26T04:00:00+00:00,1.28408,1.28502,1.28368,1.28462,100
2023-07-26T04:15:00+00:00,1.28462,1.28521,1.28422,1.28481,100
2023-07-26T04:30:00+00:00,1.28481,1.28607,1.28441,1.28567,100
2023-07-26T04:45:00+00:00,1.28567,1.28607,1.28479,1.28519,100
2023-07-26T05:00:00+00:00,1.28519,1.28559,1.28375,1.28415,100
2023-07-26T05:15:00+00:00,1.28415,1.28543,1.28375,1.28503,100
2023-07-26T05:30:00+00:00,1.28503,1.28564,1.28463,1.28524,100
2023-07-26T05:45:00+00:00,1.28524,1.28636,1.28484,1.28596,100
2023-07-26T06:00:00+00:00,1.28596,1.28695,1.28556,1.28655,100
2023-07-26T06:15:00+00:00,1.28655,1.28760,1.28615,1.28720,100
2023-07-26T06:30:00+00:00,1.28720,1.28760,1.28647,1.28687,100
2023-07-26T06:45:00+00:00,1.28687,1.28815,1.28647,1.28775,100
2023-07-26T07:00:00+00:00,1.28775,1.28843,1.28735,1.28803,100
2023-07-26T07:15:00+00:00,1.28803,1.28843,1.28740,1.28780,100
2023-07-26T07:30:00+00:00,1.28780,1.28820,1.28661,1.28701,100
2023-07-26T07:45:00+00:00,1.28701,1.28741,1.28564,1.28604,100
2023-07-26T08:00:00+00:00,1.28604,1.28644,1.28499,1.28539,100
2023-07-26T08:15:00+00:00,1.28539,1.28579,1.28456,1.28496,100
2023-07-26T08:30:00+00:00,1.28496,1.28536,1.28415,1.28455,100
2023-07-26T08:45:00+00:00,1.28455,1.28524,1.28415,1.28484,100
2023-07-26T09:00:00+00:00,1.28484,1.28634,1.28444,1.28594,100
2023-07-26T09:15:00+00:00,1.28594,1.28650,1.28554,1.28610,100
2023-07-26T09:30:00+00:00,1.28610,1.28689,1.28570,1.28649,100
2023-07-26T09:45:00+00:00,1.28649,1.28689,1.28492,1.28532,100
2023-07-26T10:00:00+00:00,1.28532,1.28619,1.28492,1.28579,100
2023-07-26T10:15:00+00:00,1.28579,1.28627,1.28539,1.28587,100
2023-07-26T10:30:00+00:00,1.28587,1.28693,1.28547,1.28653,100
2023-07-26T10:45:00+00:00,1.28653,1.28693,1.28577,1.28617,100
2023-07-26T11:00:00+00:00,1.28617,1.28692,1.28577,1.28652,100
2023-07-26T11:15:00+00:00,1.28652,1.28695,1.28612,1.28655,100
2023-07-26T11:30:00+00:00,1.28655,1.28762,1.28615,1.28722,100
2023-07-26T11:45:00+00:00,1.28722,1.28762,1.28666,1.28706,100
2023-07-26T12:00:00+00:00,1.28706,1.28824,1.28666,1.28784,100
2023-07-26T12:15:00+00:00,1.28784,1.28913,1.28744,1.28873,100
2023-07-26T12:30:00+00:00,1.28873,1.28920,1.28833,1.28880,100
2023-07-26T12:45:00+00:00,1.28880,1.28920,1.28840,1.28880,100
2023-07-26T13:00:00+00:00,1.28880,1.28970,1.28840,1.28930,100
2023-07-26T13:15:00+00:00,1.28930,1.28974,1.28890,1.28934,100
2023-07-26T13:30:00+00:00,1.28934,1.29087,1.28894,1.29047,100
2023-07-26T13:45:00+00:00,1.29047,1.29191,1.29007,1.29151,100
2023-07-26T14:00:00+00:00,1.29151,1.29191,1.29111,1.29151,100
2023-07-26T14:15:00+00:00,1.29151,1.29236,1.29111,1.29196,100
2023-07-26T14:30:00+00:00,1.29196,1.29236,1.29061,1.29101,100
2023-07-26T14:45:00+00:00,1.29101,1.29238,1.29061,1.29198,100
2023-07-26T15:00:00+00:00,1.29198,1.29267,1.29158,1.29227,100
2023-07-26T15:15:00+00:00,1.29227,1.29267,1.29073,1.29113,100
2023-07-26T15:30:00+00:00,1.29113,1.29153,1.28956,1.28996,100
2023-07-26T15:45:00+00:00,1.28996,1.29118,1.28956,1.29078,100
2023-07-26T16:00:00+00:00,1.29078,1.29186,1.29038,1.29146,100
2023-07-26T16:15:00+00:00,1.29146,1.29214,1.29106,1.29174,100
2023-07-26T16:30:00+00:00,1.29174,1.29214,1.29111,1.29151,100
2023-07-26T16:45:00+00:00,1.29151,1.29191,1.29050,1.29090,100
2023-07-26T17:00:00+00:00,1.29090,1.29130,1.29046,1.29086,100
2023-07-26T17:15:00+00:00,1.29086,1.29223,1.29046,1.29183,100
2023-07-26T17:30:00+00:00,1.29183,1.29255,1.29143,1.29215,100
2023-07-26T17:45:00+00:00,1.29215,1.29255,1.29065,1.29105,100
2023-07-26T18:00:00+00:00,1.29105,1.29145,1.28995,1.29035,100
2023-07-26T18:15:00+00:00,1.29035,1.29075,1.28895,1.28935,100
2023-07-26T18:30:00+00:00,1.28935,1.29063,1.28895,1.29023,100
2023-07-26T18:45:00+00:00,1.29023,1.29146,1.28983,1.29106,100
2023-07-26T19:00:00+00:00,1.29106,1.29248,1.29066,1.29208,100
2023-07-26T19:15:00+00:00,1.29208,1.29248,1.29152,1.29192,100
2023-07-26T19:30:00+00:00,1.29192,1.29232,1.29108,1.29148,100
2023-07-26T19:45:00+00:00,1.29148,1.29188,1.29002,1.29042,100
2023-07-26T20:00:00+00:00,1.29042,1.29082,1.28943,1.28983,100
2023-07-26T20:15:00+00:00,1.28983,1.29023,1.28906,1.28946,100
2023-07-26T20:30:00+00:00,1.28946,1.28986,1.28879,1.28919,100
2023-07-26T20:45:00+00:00,1.28919,1.28959,1.28841,1.28881,100
2023-07-26T21:00:00+00:00,1.28881,1.28976,1.28841,1.28936,100
2023-07-26T21:15:00+00:00,1.28936,1.29062,1.28896,1.29022,100
2023-07-26T21:30:00+00:00,1.29022,1.29062,1.28953,1.28993,100
2023-07-26T21:45:00+00:00,1.28993,1.29109,1.28953,1.29069,100
2023-07-26T22:00:00+00:00,1.29069,1.29109,1.28979,1.29019,100
2023-07-26T22:15:00+00:00,1.29019,1.29059,1.28923,1.28963,100
2023-07-26T22:30:00+00:00,1.28963,1.29074,1.28923,1.29034,100
2023-07-26T22:45:00+00:00,1.29034,1.29074,1.28895,1.28935,100
2023-07-26T23:00:00+00:00,1.28935,1.28975,1.28793,1.28833,100
2023-07-26T23:15:00+00:00,1.28833,1.28992,1.28793,1.28952,100
2023-07-26T23:30:00+00:00,1.28952,1.28992,1.28905,1.28945,100
2023-07-26T23:45:00+00:00,1.28945,1.28985,1.28883,1.28923,100
2023-07-27T00:00:00+00:00,1.28923,1.29028,1.28883,1.28988,100
2023-07-27T00:15:00+00:00,1.28988,1.29122,1.28948,1.29082,100
2023-07-27T00:30:00+00:00,1.29082,1.29122,1.29011,1.29051,100
2023-07-27T00:45:00+00:00,1.29051,1.29164,1.29011,1.29124,100
2023-07-27T01:00:00+00:00,1.29124,1.29164,1.28995,1.29035,100
2023-07-27T01:15:00+00:00,1.29035,1.29169,1.28995,1.29129,100
2023-07-27T01:30:00+00:00,1.29129,1.29169,1.29068,1.29108,100
2023-07-27T01:45:00+00:00,1.29108,1.29148,1.29040,1.29080,100
2023-07-27T02:00:00+00:00,1.29080,1.29120,1.28924,1.28964,100
2023-07-27T02:15:00+00:00,1.28964,1.29004,1.28821,1.28861,100
2023-07-27T02:30:00+00:00,1.28861,1.28901,1.28794,1.28834,100
2023-07-27T02:45:00+00:00,1.28834,1.28874,1.28702,1.28742,100
2023-07-27T03:00:00+00:00,1.28742,1.28820,1.28702,1.28780,100
2023-07-27T03:15:00+00:00,1.28780,1.28940,1.28740,1.28900,100
2023-07-27T03:30:00+00:00,1.28900,1.28940,1.28809,1.28849,100
2023-07-27T03:45:00+00:00,1.28849,1.28950,1.28809,1.28910,100
2023-07-27T04:00:00+00:00,1.28910,1.28970,1.28870,1.28930,100
2023-07-27T04:15:00+00:00,1.28930,1.28999,1.28890,1.28959,100
2023-07-27T04:30:00+00:00,1.28959,1.29065,1.28919,1.29025,100
2023-07-27T04:45:00+00:00,1.29025,1.29065,1.28981,1.29021,100
2023-07-27T05:00:00+00:00,1.29021,1.29140,1.28981,1.29100,100
2023-07-27T05:15:00+00:00,1.29100,1.29140,1.28978,1.29018,100
2023-07-27T05:30:00+00:00,1.29018,1.29102,1.28978,1.29062,100
2023-07-27T05:45:00+00:00,1.29062,1.29109,1.29022,1.29069,100
2023-07-27T06:00:00+00:00,1.29069,1.29109,1.28957,1.28997,100
2023-07-27T06:15:00+00:00,1.28997,1.29037,1.28892,1.28932,100
2023-07-27T06:30:00+00:00,1.28932,1.29079,1.28892,1.29039,100
2023-07-27T06:45:00+00:00,1.29039,1.29112,1.28999,1.29072,100
2023-07-27T07:00:00+00:00,1.29072,1.29112,1.29031,1.29071,100
2023-07-27T07:15:00+00:00,1.29071,1.29111,1.29031,1.29071,100
2023-07-27T07:30:00+00:00,1.29071,1.29195,1.29031,1.29155,100
2023-07-27T07:45:00+00:00,1.29155,1.29227,1.29115,1.29187,100
2023-07-27T08:00:00+00:00,1.29187,1.29227,1.29080,1.29120,100
2023-07-27T08:15:00+00:00,1.29120,1.29265,1.29080,1.29225,100
2023-07-27T08:30:00+00:00,1.29225,1.29349,1.29185,1.29309,100
2023-07-27T08:45:00+00:00,1.29309,1.29417,1.29269,1.29377,100
2023-07-27T09:00:00+00:00,1.29377,1.29467,1.29337,1.29427,100
2023-07-27T09:15:00+00:00,1.29427,1.29508,1.29387,1.29468,100
2023-07-27T09:30:00+00:00,1.29468,1.29508,1.29386,1.29426,100
2023-07-27T09:45:00+00:00,1.29426,1.29581,1.29386,1.29541,100
2023-07-27T10:00:00+00:00,1.29541,1.29632,1.29501,1.29592,100
2023-07-27T10:15:00+00:00,1.29592,1.29632,1.29471,1.29511,100
2023-07-27T10:30:00+00:00,1.29511,1.29625,1.29471,1.29585,100
2023-07-27T10:45:00+00:00,1.29585,1.29625,1.29528,1.29568,100
2023-07-27T11:00:00+00:00,1.29568,1.29608,1.29422,1.29462,100
2023-07-27T11:15:00+00:00,1.29462,1.29594,1.29422,1.29554,100
2023-07-27T11:30:00+00:00,1.29554,1.29594,1.29448,1.29488,100
2023-07-27T11:45:00+00:00,1.29488,1.29528,1.29429,1.29469,100
2023-07-27T12:00:00+00:00,1.29469,1.29509,1.29332,1.29372,100
2023-07-27T12:15:00+00:00,1.29372,1.29417,1.29332,1.29377,100
2023-07-27T12:30:00+00:00,1.29377,1.29427,1.29337,1.29387,100
2023-07-27T12:45:00+00:00,1.29387,1.29504,1.29347,1.29464,100
2023-07-27T13:00:00+00:00,1.29464,1.29613,1.29424,1.29573,100
2023-07-27T13:15:00+00:00,1.29573,1.29705,1.29533,1.29665,100
2023-07-27T13:30:00+00:00,1.29665,1.29746,1.29625,1.29706,100
2023-07-27T13:45:00+00:00,1.29706,1.29746,1.29642,1.29682,100
2023-07-27T14:00:00+00:00,1.29682,1.29827,1.29642,1.29787,100
2023-07-27T14:15:00+00:00,1.29787,1.29827,1.29682,1.29722,100
2023-07-27T14:30:00+00:00,1.29722,1.29762,1.29638,1.29678,100
2023-07-27T14:45:00+00:00,1.29678,1.29734,1.29638,1.29694,100
2023-07-27T15:00:00+00:00,1.29694,1.29734,1.29622,1.29662,100
2023-07-27T15:15:00+00:00,1.29662,1.29718,1.29622,1.29678,100
2023-07-27T15:30:00+00:00,1.29678,1.29718,1.29546,1.29586,100
2023-07-27T15:45:00+00:00,1.29586,1.29626,1.29485,1.29525,100
2023-07-27T16:00:00+00:00,1.29525,1.29565,1.29370,1.29410,100
2023-07-27T16:15:00+00:00,1.29410,1.29450,1.29353,1.29393,100
2023-07-27T16:30:00+00:00,1.29393,1.29433,1.29291,1.29331,100
2023-07-27T16:45:00+00:00,1.29331,1.29446,1.29291,1.29406,100
2023-07-27T17:00:00+00:00,1.29406,1.29446,1.29308,1.29348,100
2023-07-27T17:15:00+00:00,1.29348,1.29388,1.29234,1.29274,100
2023-07-27T17:30:00+00:00,1.29274,1.29366,1.29234,1.29326,100
2023-07-27T17:45:00+00:00,1.29326,1.29366,1.29212,1.29252,100
2023-07-27T18:00:00+00:00,1.29252,1.29374,1.29212,1.29334,100
2023-07-27T18:15:00+00:00,1.29334,1.29381,1.29294,1.29341,100
2023-07-27T18:30:00+00:00,1.29341,1.29381,1.29215,1.29255,100
2023-07-27T18:45:00+00:00,1.29255,1.29344,1.29215,1.29304,100
2023-07-27T19:00:00+00:00,1.29304,1.29463,1.29264,1.29423,100
2023-07-27T19:15:00+00:00,1.29423,1.29463,1.29337,1.29377,100
2023-07-27T19:30:00+00:00,1.29377,1.29430,1.29337,1.29390,100
2023-07-27T19:45:00+00:00,1.29390,1.29441,1.29350,1.29401,100
2023-07-27T20:00:00+00:00,1.29401,1.29549,1.29361,1.29509,100
2023-07-27T20:15:00+00:00,1.29509,1.29666,1.29469,1.29626,100
2023-07-27T20:30:00+00:00,1.29626,1.29666,1.29481,1.29521,100
2023-07-27T20:45:00+00:00,1.29521,1.29561,1.29453,1.29493,100
2023-07-27T21:00:00+00:00,1.29493,1.29606,1.29453,1.29566,100
2023-07-27T21:15:00+00:00,1.29566,1.29606,1.29507,1.29547,100
2023-07-27T21:30:00+00:00,1.29547,1.29589,1.29507,1.29549,100
2023-07-27T21:45:00+00:00,1.29549,1.29605,1.29509,1.29565,100
2023-07-27T22:00:00+00:00,1.29565,1.29605,1.29408,1.29448,100
2023-07-27T22:15:00+00:00,1.29448,1.29488,1.29297,1.29337,100
2023-07-27T22:30:00+00:00,1.29337,1.29472,1.29297,1.29432,100
2023-07-27T22:45:00+00:00,1.29432,1.29472,1.29367,1.29407,100
2023-07-27T23:00:00+00:00,1.29407,1.29447,1.29354,1.29394,100
2023-07-27T23:15:00+00:00,1.29394,1.29448,1.29354,1.29408,100
2023-07-27T23:30:00+00:00,1.29408,1.29508,1.29368,1.29468,100
2023-07-27T23:45:00+00:00,1.29468,1.29603,1.29428,1.29563,100
2023-07-28T00:00:00+00:00,1.29563,1.29603,1.29423,1.29463,100
2023-07-28T00:15:00+00:00,1.29463,1.29534,1.29423,1.29494,100
2023-07-28T00:30:00+00:00,1.29494,1.29534,1.29335,1.29375,100
2023-07-28T00:45:00+00:00,1.29375,1.29426,1.29335,1.29386,100
2023-07-28T01:00:00+00:00,1.29386,1.29502,1.29346,1.29462,100
2023-07-28T01:15:00+00:00,1.29462,1.29502,1.29417,1.29457,100
2023-07-28T01:30:00+00:00,1.29457,1.29497,1.29385,1.29425,100
2023-07-28T01:45:00+00:00,1.29425,1.29551,1.29385,1.29511,100
2023-07-28T02:00:00+00:00,1.29511,1.29597,1.29471,1.29557,100
2023-07-28T02:15:00+00:00,1.29557,1.29696,1.29517,1.29656,100
2023-07-28T02:30:00+00:00,1.29656,1.29706,1.29616,1.29666,100
2023-07-28T02:45:00+00:00,1.29666,1.29706,1.29580,1.29620,100
2023-07-28T03:00:00+00:00,1.29620,1.29707,1.29580,1.29667,100
2023-07-28T03:15:00+00:00,1.29667,1.29707,1.29624,1.29664,100
2023-07-28T03:30:00+00:00,1.29664,1.29704,1.29504,1.29544,100
2023-07-28T03:45:00+00:00,1.29544,1.29584,1.29415,1.29455,100
2023-07-28T04:00:00+00:00,1.29455,1.29605,1.29415,1.29565,100
2023-07-28T04:15:00+00:00,1.29565,1.29640,1.29525,1.29600,100
2023-07-28T04:30:00+00:00,1.29600,1.29640,1.29448,1.29488,100
2023-07-28T04:45:00+00:00,1.29488,1.29589,1.29448,1.29549,100
2023-07-28T05:00:00+00:00,1.29549,1.29650,1.29509,1.29610,100
2023-07-28T05:15:00+00:00,1.29610,1.29650,1.29462,1.29502,100
2023-07-28T05:30:00+00:00,1.29502,1.29659,1.29462,1.29619,100
2023-07-28T05:45:00+00:00,1.29619,1.29659,1.29501,1.29541,100
2023-07-28T06:00:00+00:00,1.29541,1.29582,1.29501,1.29542,100
2023-07-28T06:15:00+00:00,1.29542,1.29633,1.29502,1.29593,100
2023-07-28T06:30:00+00:00,1.29593,1.29633,1.29550,1.29590,100
2023-07-28T06:45:00+00:00,1.29590,1.29630,1.29514,1.29554,100
2023-07-28T07:00:00+00:00,1.29554,1.29594,1.29509,1.29549,100
2023-07-28T07:15:00+00:00,1.29549,1.29620,1.29509,1.29580,100
2023-07-28T07:30:00+00:00,1.29580,1.29729,1.29540,1.29689,100
2023-07-28T07:45:00+00:00,1.29689,1.29820,1.29649,1.29780,100
2023-07-28T08:00:00+00:00,1.29780,1.29937,1.29740,1.29897,100
2023-07-28T08:15:00+00:00,1.29897,1.30011,1.29857,1.29971,100
2023-07-28T08:30:00+00:00,1.29971,1.30011,1.29925,1.29965,100
2023-07-28T08:45:00+00:00,1.29965,1.30005,1.29890,1.29930,100
2023-07-28T09:00:00+00:00,1.29930,1.30069,1.29890,1.30029,100
2023-07-28T09:15:00+00:00,1.30029,1.30170,1.29989,1.30130,100
2023-07-28T09:30:00+00:00,1.30130,1.30170,1.30042,1.30082,100
2023-07-28T09:45:00+00:00,1.30082,1.30191,1.30042,1.30151,100
2023-07-28T10:00:00+00:00,1.30151,1.30191,1.30074,1.30114,100
2023-07-28T10:15:00+00:00,1.30114,1.30154,1.29968,1.30008,100
2023-07-28T10:30:00+00:00,1.30008,1.30048,1.29961,1.30001,100
2023-07-28T10:45:00+00:00,1.30001,1.30137,1.29961,1.30097,100
2023-07-28T11:00:00+00:00,1.30097,1.30145,1.30057,1.30105,100
2023-07-28T11:15:00+00:00,1.30105,1.30221,1.30065,1.30181,100
2023-07-28T11:30:00+00:00,1.30181,1.30303,1.30141,1.30263,100
2023-07-28T11:45:00+00:00,1.30263,1.30374,1.30223,1.30334,100
2023-07-28T12:00:00+00:00,1.30334,1.30374,1.30245,1.30285,100
2023-07-28T12:15:00+00:00,1.30285,1.30424,1.30245,1.30384,100
2023-07-28T12:30:00+00:00,1.30384,1.30424,1.30244,1.30284,100
2023-07-28T12:45:00+00:00,1.30284,1.30326,1.30244,1.30286,100
2023-07-28T13:00:00+00:00,1.30286,1.30326,1.30146,1.30186,100
2023-07-28T13:15:00+00:00,1.30186,1.30226,1.30118,1.30158,100
2023-07-28T13:30:00+00:00,1.30158,1.30290,1.30118,1.30250,100
2023-07-28T13:45:00+00:00,1.30250,1.30365,1.30210,1.30325,100
2023-07-28T14:00:00+00:00,1.30325,1.30484,1.30285,1.30444,100
2023-07-28T14:15:00+00:00,1.30444,1.30498,1.30404,1.30458,100
2023-07-28T14:30:00+00:00,1.30458,1.30503,1.30418,1.30463,100
2023-07-28T14:45:00+00:00,1.30463,1.30503,1.30343,1.30383,100
2023-07-28T15:00:00+00:00,1.30383,1.30423,1.30339,1.30379,100
2023-07-28T15:15:00+00:00,1.30379,1.30517,1.30339,1.30477,100
2023-07-28T15:30:00+00:00,1.30477,1.30517,1.30398,1.30438,100
2023-07-28T15:45:00+00:00,1.30438,1.30563,1.30398,1.30523,100
2023-07-28T16:00:00+00:00,1.30523,1.30563,1.30436,1.30476,100
2023-07-28T16:15:00+00:00,1.30476,1.30589,1.30436,1.30549,100
2023-07-28T16:30:00+00:00,1.30549,1.30589,1.30434,1.30474,100
2023-07-28T16:45:00+00:00,1.30474,1.30626,1.30434,1.30586,100
2023-07-28T17:00:00+00:00,1.30586,1.30626,1.30454,1.30494,100
2023-07-28T17:15:00+00:00,1.30494,1.30534,1.30353,1.30393,100
2023-07-28T17:30:00+00:00,1.30393,1.30451,1.30353,1.30411,100
2023-07-28T17:45:00+00:00,1.30411,1.30517,1.30371,1.30477,100
2023-07-28T18:00:00+00:00,1.30477,1.30568,1.30437,1.30528,100
2023-07-28T18:15:00+00:00,1.30528,1.30568,1.30465,1.30505,100
2023-07-28T18:30:00+00:00,1.30505,1.30597,1.30465,1.30557,100
2023-07-28T18:45:00+00:00,1.30557,1.30597,1.30445,1.30485,100
2023-07-28T19:00:00+00:00,1.30485,1.30525,1.30404,1.30444,100
2023-07-28T19:15:00+00:00,1.30444,1.30484,1.30353,1.30393,100
2023-07-28T19:30:00+00:00,1.30393,1.30433,1.30288,1.30328,100
2023-07-28T19:45:00+00:00,1.30328,1.30368,1.30178,1.30218,100
2023-07-28T20:00:00+00:00,1.30218,1.30258,1.30109,1.30149,100
2023-07-28T20:15:00+00:00,1.30149,1.30199,1.30109,1.30159,100
2023-07-28T20:30:00+00:00,1.30159,1.30225,1.30119,1.30185,100
2023-07-28T20:45:00+00:00,1.30185,1.30225,1.30105,1.30145,100
2023-07-28T21:00:00+00:00,1.30145,1.30212,1.30105,1.30172,100
2023-07-28T21:15:00+00:00,1.30172,1.30212,1.30091,1.30131,100
2023-07-28T21:30:00+00:00,1.30131,1.30246,1.30091,1.30206,100
2023-07-28T21:45:00+00:00,1.30206,1.30246,1.30049,1.30089,100
2023-07-28T22:00:00+00:00,1.30089,1.30194,1.30049,1.30154,100
2023-07-28T22:15:00+00:00,1.30154,1.30290,1.30114,1.30250,100
2023-07-28T22:30:00+00:00,1.30250,1.30309,1.30210,1.30269,100
2023-07-28T22:45:00+00:00,1.30269,1.30342,1.30229,1.30302,100
2023-07-28T23:00:00+00:00,1.30302,1.30458,1.30262,1.30418,100
2023-07-28T23:15:00+00:00,1.30418,1.30458,1.30292,1.30332,100
2023-07-28T23:30:00+00:00,1.30332,1.30372,1.30195,1.30235,100
2023-07-28T23:45:00+00:00,1.30235,1.30277,1.30195,1.30237,100
2023-07-31T00:00:00+00:00,1.30237,1.30331,1.30197,1.30291,100
2023-07-31T00:15:00+00:00,1.30291,1.30339,1.30251,1.30299,100
2023-07-31T00:30:00+00:00,1.30299,1.30339,1.30256,1.30296,100
2023-07-31T00:45:00+00:00,1.30296,1.30336,1.30239,1.30279,100
2023-07-31T01:00:00+00:00,1.30279,1.30319,1.30230,1.30270,100
2023-07-31T01:15:00+00:00,1.30270,1.30400,1.30230,1.30360,100
2023-07-31T01:30:00+00:00,1.30360,1.30400,1.30217,1.30257,100
2023-07-31T01:45:00+00:00,1.30257,1.30334,1.30217,1.30294,100
2023-07-31T02:00:00+00:00,1.30294,1.30334,1.30156,1.30196,100
2023-07-31T02:15:00+00:00,1.30196,1.30319,1.30156,1.30279,100
2023-07-31T02:30:00+00:00,1.30279,1.30319,1.30182,1.30222,100
2023-07-31T02:45:00+00:00,1.30222,1.30333,1.30182,1.30293,100
2023-07-31T03:00:00+00:00,1.30293,1.30333,1.30210,1.30250,100
2023-07-31T03:15:00+00:00,1.30250,1.30322,1.30210,1.30282,100
2023-07-31T03:30:00+00:00,1.30282,1.30324,1.30242,1.30284,100
2023-07-31T03:45:00+00:00,1.30284,1.30434,1.30244,1.30394,100
2023-07-31T04:00:00+00:00,1.30394,1.30434,1.30347,1.30387,100
2023-07-31T04:15:00+00:00,1.30387,1.30430,1.30347,1.30390,100
2023-07-31T04:30:00+00:00,1.30390,1.30431,1.30350,1.30391,100
2023-07-31T04:45:00+00:00,1.30391,1.30431,1.30291,1.30331,100
2023-07-31T05:00:00+00:00,1.30331,1.30476,1.30291,1.30436,100
2023-07-31T05:15:00+00:00,1.30436,1.30476,1.30359,1.30399,100
2023-07-31T05:30:00+00:00,1.30399,1.30439,1.30275,1.30315,100
2023-07-31T05:45:00+00:00,1.30315,1.30355,1.30205,1.30245,100
2023-07-31T06:00:00+00:00,1.30245,1.30337,1.30205,1.30297,100
2023-07-31T06:15:00+00:00,1.30297,1.30434,1.30257,1.30394,100
2023-07-31T06:30:00+00:00,1.30394,1.30456,1.30354,1.30416,100
2023-07-31T06:45:00+00:00,1.30416,1.30566,1.30376,1.30526,100
2023-07-31T07:00:00+00:00,1.30526,1.30566,1.30420,1.30460,100
2023-07-31T07:15:00+00:00,1.30460,1.30592,1.30420,1.30552,100
2023-07-31T07:30:00+00:00,1.30552,1.30657,1.30512,1.30617,100
2023-07-31T07:45:00+00:00,1.30617,1.30657,1.30508,1.30548,100
2023-07-31T08:00:00+00:00,1.30548,1.30588,1.30410,1.30450,100
2023-07-31T08:15:00+00:00,1.30450,1.30490,1.30392,1.30432,100
2023-07-31T08:30:00+00:00,1.30432,1.30472,1.30372,1.30412,100
2023-07-31T08:45:00+00:00,1.30412,1.30452,1.30370,1.30410,100
2023-07-31T09:00:00+00:00,1.30410,1.30503,1.30370,1.30463,100
2023-07-31T09:15:00+00:00,1.30463,1.30503,1.30358,1.30398,100
2023-07-31T09:30:00+00:00,1.30398,1.30438,1.30299,1.30339,100
2023-07-31T09:45:00+00:00,1.30339,1.30379,1.30258,1.30298,100
2023-07-31T10:00:00+00:00,1.30298,1.30338,1.30177,1.30217,100
2023-07-31T10:15:00+00:00,1.30217,1.30257,1.30163,1.30203,100
2023-07-31T10:30:00+00:00,1.30203,1.30267,1.30163,1.30227,100
2023-07-31T10:45:00+00:00,1.30227,1.30267,1.30132,1.30172,100
2023-07-31T11:00:00+00:00,1.30172,1.30212,1.30045,1.30085,100
2023-07-31T11:15:00+00:00,1.30085,1.30180,1.30045,1.30140,100
2023-07-31T11:30:00+00:00,1.30140,1.30180,1.30001,1.30041,100
2023-07-31T11:45:00+00:00,1.30041,1.30167,1.30001,1.30127,100
2023-07-31T12:00:00+00:00,1.30127,1.30195,1.30087,1.30155,100
2023-07-31T12:15:00+00:00,1.30155,1.30195,1.30049,1.30089,100
2023-07-31T12:30:00+00:00,1.30089,1.30129,1.29931,1.29971,100
2023-07-31T12:45:00+00:00,1.29971,1.30094,1.29931,1.30054,100
2023-07-31T13:00:00+00:00,1.30054,1.30094,1.29899,1.29939,100
2023-07-31T13:15:00+00:00,1.29939,1.30040,1.29899,1.30000,100
2023-07-31T13:30:00+00:00,1.30000,1.30048,1.29960,1.30008,100
2023-07-31T13:45:00+00:00,1.30008,1.30094,1.29968,1.30054,100
2023-07-31T14:00:00+00:00,1.30054,1.30094,1.29942,1.29982,100
2023-07-31T14:15:00+00:00,1.29982,1.30078,1.29942,1.30038,100
2023-07-31T14:30:00+00:00,1.30038,1.30078,1.29939,1.29979,100
2023-07-31T14:45:00+00:00,1.29979,1.30040,1.29939,1.30000,100
2023-07-31T15:00:00+00:00,1.30000,1.30152,1.29960,1.30112,100
2023-07-31T15:15:00+00:00,1.30112,1.30175,1.30072,1.30135,100
2023-07-31T15:30:00+00:00,1.30135,1.30175,1.30014,1.30054,100
2023-07-31T15:45:00+00:00,1.30054,1.30094,1.29952,1.29992,100
2023-07-31T16:00:00+00:00,1.29992,1.30032,1.29930,1.29970,100
2023-07-31T16:15:00+00:00,1.29970,1.30089,1.29930,1.30049,100
2023-07-31T16:30:00+00:00,1.30049,1.30160,1.30009,1.30120,100
2023-07-31T16:45:00+00:00,1.30120,1.30160,1.30054,1.30094,100
2023-07-31T17:00:00+00:00,1.30094,1.30155,1.30054,1.30115,100
2023-07-31T17:15:00+00:00,1.30115,1.30155,1.30040,1.30080,100
2023-07-31T17:30:00+00:00,1.30080,1.30120,1.30038,1.30078,100
2023-07-31T17:45:00+00:00,1.30078,1.30118,1.29994,1.30034,100
2023-07-31T18:00:00+00:00,1.30034,1.30181,1.29994,1.30141,100
2023-07-31T18:15:00+00:00,1.30141,1.30181,1.30070,1.30110,100
2023-07-31T18:30:00+00:00,1.30110,1.30150,1.30026,1.30066,100
2023-07-31T18:45:00+00:00,1.30066,1.30136,1.30026,1.30096,100
2023-07-31T19:00:00+00:00,1.30096,1.30136,1.29988,1.30028,100
2023-07-31T19:15:00+00:00,1.30028,1.30068,1.29895,1.29935,100
2023-07-31T19:30:00+00:00,1.29935,1.29975,1.29882,1.29922,100
2023-07-31T19:45:00+00:00,1.29922,1.30040,1.29882,1.30000,100
2023-07-31T20:00:00+00:00,1.30000,1.30040,1.29928,1.29968,100
2023-07-31T20:15:00+00:00,1.29968,1.30008,1.29876,1.29916,100
2023-07-31T20:30:00+00:00,1.29916,1.29956,1.29826,1.29866,100
2023-07-31T20:45:00+00:00,1.29866,1.29931,1.29826,1.29891,100
2023-07-31T21:00:00+00:00,1.29891,1.29931,1.29795,1.29835,100
2023-07-31T21:15:00+00:00,1.29835,1.29883,1.29795,1.29843,100
2023-07-31T21:30:00+00:00,1.29843,1.29886,1.29803,1.29846,100
2023-07-31T21:45:00+00:00,1.29846,1.29886,1.29696,1.29736,100
2023-07-31T22:00:00+00:00,1.29736,1.29776,1.29653,1.29693,100
2023-07-31T22:15:00+00:00,1.29693,1.29810,1.29653,1.29770,100
2023-07-31T22:30:00+00:00,1.29770,1.29810,1.29660,1.29700,100
2023-07-31T22:45:00+00:00,1.29700,1.29800,1.29660,1.29760,100
2023-07-31T23:00:00+00:00,1.29760,1.29800,1.29619,1.29659,100
2023-07-31T23:15:00+00:00,1.29659,1.29699,1.29616,1.29656,100
2023-07-31T23:30:00+00:00,1.29656,1.29696,1.29597,1.29637,100
2023-07-31T23:45:00+00:00,1.29637,1.29713,1.29597,1.29673,100
2023-08-01T00:00:00+00:00,1.29673,1.29713,1.29514,1.29554,100
2023-08-01T00:15:00+00:00,1.29554,1.29594,1.29424,1.29464,100
2023-08-01T00:30:00+00:00,1.29464,1.29504,1.29401,1.29441,100
2023-08-01T00:45:00+00:00,1.29441,1.29581,1.29401,1.29541,100
2023-08-01T01:00:00+00:00,1.29541,1.29582,1.29501,1.29542,100
2023-08-01T01:15:00+00:00,1.29542,1.29668,1.29502,1.29628,100
2023-08-01T01:30:00+00:00,1.29628,1.29676,1.29588,1.29636,100
2023-08-01T01:45:00+00:00,1.29636,1.29793,1.29596,1.29753,100
2023-08-01T02:00:00+00:00,1.29753,1.29793,1.29611,1.29651,100
2023-08-01T02:15:00+00:00,1.29651,1.29780,1.29611,1.29740,100
2023-08-01T02:30:00+00:00,1.29740,1.29780,1.29641,1.29681,100
2023-08-01T02:45:00+00:00,1.29681,1.29721,1.29574,1.29614,100
2023-08-01T03:00:00+00:00,1.29614,1.29660,1.29574,1.29620,100
2023-08-01T03:15:00+00:00,1.29620,1.29660,1.29560,1.29600,100
2023-08-01T03:30:00+00:00,1.29600,1.29759,1.29560,1.29719,100
2023-08-01T03:45:00+00:00,1.29719,1.29864,1.29679,1.29824,100
2023-08-01T04:00:00+00:00,1.29824,1.29918,1.29784,1.29878,100
2023-08-01T04:15:00+00:00,1.29878,1.29918,1.29777,1.29817,100
2023-08-01T04:30:00+00:00,1.29817,1.29857,1.29713,1.29753,100
2023-08-01T04:45:00+00:00,1.29753,1.29793,1.29698,1.29738,100
2023-08-01T05:00:00+00:00,1.29738,1.29778,1.29656,1.29696,100
2023-08-01T05:15:00+00:00,1.29696,1.29736,1.29588,1.29628,100
2023-08-01T05:30:00+00:00,1.29628,1.29668,1.29518,1.29558,100
2023-08-01T05:45:00+00:00,1.29558,1.29598,1.29461,1.29501,100
2023-08-01T06:00:00+00:00,1.29501,1.29541,1.29412,1.29452,100
2023-08-01T06:15:00+00:00,1.29452,1.29492,1.29319,1.29359,100
2023-08-01T06:30:00+00:00,1.29359,1.29399,1.29273,1.29313,100
2023-08-01T06:45:00+00:00,1.29313,1.29462,1.29273,1.29422,100
2023-08-01T07:00:00+00:00,1.29422,1.29542,1.29382,1.29502,100
2023-08-01T07:15:00+00:00,1.29502,1.29571,1.29462,1.29531,100
2023-08-01T07:30:00+00:00,1.29531,1.29680,1.29491,1.29640,100
2023-08-01T07:45:00+00:00,1.29640,1.29786,1.29600,1.29746,100
2023-08-01T08:00:00+00:00,1.29746,1.29786,1.29608,1.29648,100
2023-08-01T08:15:00+00:00,1.29648,1.29688,1.29499,1.29539,100
2023-08-01T08:30:00+00:00,1.29539,1.29579,1.29459,1.29499,100
2023-08-01T08:45:00+00:00,1.29499,1.29547,1.29459,1.29507,100
2023-08-01T09:00:00+00:00,1.29507,1.29666,1.29467,1.29626,100
2023-08-01T09:15:00+00:00,1.29626,1.29666,1.29473,1.29513,100
2023-08-01T09:30:00+00:00,1.29513,1.29601,1.29473,1.29561,100
2023-08-01T09:45:00+00:00,1.29561,1.29671,1.29521,1.29631,100
2023-08-01T10:00:00+00:00,1.29631,1.29671,1.29534,1.29574,100
2023-08-01T10:15:00+00:00,1.29574,1.29678,1.29534,1.29638,100
2023-08-01T10:30:00+00:00,1.29638,1.29766,1.29598,1.29726,100
2023-08-01T10:45:00+00:00,1.29726,1.29766,1.29589,1.29629,100
2023-08-01T11:00:00+00:00,1.29629,1.29707,1.29589,1.29667,100
2023-08-01T11:15:00+00:00,1.29667,1.29707,1.29620,1.29660,100
2023-08-01T11:30:00+00:00,1.29660,1.29765,1.29620,1.29725,100
2023-08-01T11:45:00+00:00,1.29725,1.29765,1.29601,1.29641,100
2023-08-01T12:00:00+00:00,1.29641,1.29720,1.29601,1.29680,100
2023-08-01T12:15:00+00:00,1.29680,1.29720,1.29523,1.29563,100
2023-08-01T12:30:00+00:00,1.29563,1.29603,1.29411,1.29451,100
2023-08-01T12:45:00+00:00,1.29451,1.29491,1.29394,1.29434,100
2023-08-01T13:00:00+00:00,1.29434,1.29474,1.29358,1.29398,100
2023-08-01T13:15:00+00:00,1.29398,1.29438,1.29341,1.29381,100
2023-08-01T13:30:00+00:00,1.29381,1.29421,1.29272,1.29312,100
2023-08-01T13:45:00+00:00,1.29312,1.29471,1.29272,1.29431,100
2023-08-01T14:00:00+00:00,1.29431,1.29471,1.29370,1.29410,100
2023-08-01T14:15:00+00:00,1.29410,1.29450,1.29370,1.29410,100
2023-08-01T14:30:00+00:00,1.29410,1.29450,1.29336,1.29376,100
2023-08-01T14:45:00+00:00,1.29376,1.29507,1.29336,1.29467,100
2023-08-01T15:00:00+00:00,1.29467,1.29507,1.29347,1.29387,100
2023-08-01T15:15:00+00:00,1.29387,1.29530,1.29347,1.29490,100
2023-08-01T15:30:00+00:00,1.29490,1.29530,1.29376,1.29416,100
2023-08-01T15:45:00+00:00,1.29416,1.29546,1.29376,1.29506,100
2023-08-01T16:00:00+00:00,1.29506,1.29546,1.29449,1.29489,100
2023-08-01T16:15:00+00:00,1.29489,1.29553,1.29449,1.29513,100
2023-08-01T16:30:00+00:00,1.29513,1.29553,1.29409,1.29449,100
2023-08-01T16:45:00+00:00,1.29449,1.29566,1.29409,1.29526,100
2023-08-01T17:00:00+00:00,1.29526,1.29566,1.29419,1.29459,100
2023-08-01T17:15:00+00:00,1.29459,1.29567,1.29419,1.29527,100
2023-08-01T17:30:00+00:00,1.29527,1.29605,1.29487,1.29565,100
2023-08-01T17:45:00+00:00,1.29565,1.29701,1.29525,1.29661,100
2023-08-01T18:00:00+00:00,1.29661,1.29818,1.29621,1.29778,100
2023-08-01T18:15:00+00:00,1.29778,1.29891,1.29738,1.29851,100
2023-08-01T18:30:00+00:00,1.29851,1.29891,1.29732,1.29772,100
2023-08-01T18:45:00+00:00,1.29772,1.29888,1.29732,1.29848,100
2023-08-01T19:00:00+00:00,1.29848,1.29888,1.29712,1.29752,100
2023-08-01T19:15:00+00:00,1.29752,1.29867,1.29712,1.29827,100
2023-08-01T19:30:00+00:00,1.29827,1.29968,1.29787,1.29928,100
2023-08-01T19:45:00+00:00,1.29928,1.29968,1.29801,1.29841,100
2023-08-01T20:00:00+00:00,1.29841,1.29881,1.29691,1.29731,100
2023-08-01T20:15:00+00:00,1.29731,1.29845,1.29691,1.29805,100
2023-08-01T20:30:00+00:00,1.29805,1.29845,1.29730,1.29770,100
2023-08-01T20:45:00+00:00,1.29770,1.29853,1.29730,1.29813,100
2023-08-01T21:00:00+00:00,1.29813,1.29929,1.29773,1.29889,100
2023-08-01T21:15:00+00:00,1.29889,1.30035,1.29849,1.29995,100
2023-08-01T21:30:00+00:00,1.29995,1.30039,1.29955,1.29999,100
2023-08-01T21:45:00+00:00,1.29999,1.30122,1.29959,1.30082,100
2023-08-01T22:00:00+00:00,1.30082,1.30220,1.30042,1.30180,100
2023-08-01T22:15:00+00:00,1.30180,1.30285,1.30140,1.30245,100
2023-08-01T22:30:00+00:00,1.30245,1.30285,1.30174,1.30214,100
2023-08-01T22:45:00+00:00,1.30214,1.30354,1.30174,1.30314,100
2023-08-01T23:00:00+00:00,1.30314,1.30354,1.30255,1.30295,100
2023-08-01T23:15:00+00:00,1.30295,1.30431,1.30255,1.30391,100
2023-08-01T23:30:00+00:00,1.30391,1.30431,1.30323,1.30363,100
2023-08-01T23:45:00+00:00,1.30363,1.30403,1.30320,1.30360,100
2023-08-02T00:00:00+00:00,1.30360,1.30400,1.30208,1.30248,100
2023-08-02T00:15:00+00:00,1.30248,1.30288,1.30114,1.30154,100
2023-08-02T00:30:00+00:00,1.30154,1.30297,1.30114,1.30257,100
2023-08-02T00:45:00+00:00,1.30257,1.30297,1.30206,1.30246,100
2023-08-02T01:00:00+00:00,1.30246,1.30341,1.30206,1.30301,100
2023-08-02T01:15:00+00:00,1.30301,1.30341,1.30255,1.30295,100
2023-08-02T01:30:00+00:00,1.30295,1.30389,1.30255,1.30349,100
2023-08-02T01:45:00+00:00,1.30349,1.30395,1.30309,1.30355,100
2023-08-02T02:00:00+00:00,1.30355,1.30395,1.30229,1.30269,100
2023-08-02T02:15:00+00:00,1.30269,1.30309,1.30185,1.30225,100
2023-08-02T02:30:00+00:00,1.30225,1.30297,1.30185,1.30257,100
2023-08-02T02:45:00+00:00,1.30257,1.30297,1.30135,1.30175,100
2023-08-02T03:00:00+00:00,1.30175,1.30321,1.30135,1.30281,100
2023-08-02T03:15:00+00:00,1.30281,1.30321,1.30136,1.30176,100
2023-08-02T03:30:00+00:00,1.30176,1.30231,1.30136,1.30191,100
2023-08-02T03:45:00+00:00,1.30191,1.30320,1.30151,1.30280,100
2023-08-02T04:00:00+00:00,1.30280,1.30376,1.30240,1.30336,100
2023-08-02T04:15:00+00:00,1.30336,1.30376,1.30211,1.30251,100
2023-08-02T04:30:00+00:00,1.30251,1.30291,1.30116,1.30156,100
2023-08-02T04:45:00+00:00,1.30156,1.30246,1.30116,1.30206,100
2023-08-02T05:00:00+00:00,1.30206,1.30246,1.30144,1.30184,100
2023-08-02T05:15:00+00:00,1.30184,1.30224,1.30047,1.30087,100
2023-08-02T05:30:00+00:00,1.30087,1.30127,1.29957,1.29997,100
2023-08-02T05:45:00+00:00,1.29997,1.30077,1.29957,1.30037,100
2023-08-02T06:00:00+00:00,1.30037,1.30077,1.29883,1.29923,100
2023-08-02T06:15:00+00:00,1.29923,1.29963,1.29832,1.29872,100
2023-08-02T06:30:00+00:00,1.29872,1.30018,1.29832,1.29978,100
2023-08-02T06:45:00+00:00,1.29978,1.30018,1.29879,1.29919,100
2023-08-02T07:00:00+00:00,1.29919,1.30043,1.29879,1.30003,100
2023-08-02T07:15:00+00:00,1.30003,1.30043,1.29849,1.29889,100
2023-08-02T07:30:00+00:00,1.29889,1.29929,1.29777,1.29817,100
2023-08-02T07:45:00+00:00,1.29817,1.29857,1.29669,1.29709,100
2023-08-02T08:00:00+00:00,1.29709,1.29805,1.29669,1.29765,100
2023-08-02T08:15:00+00:00,1.29765,1.29821,1.29725,1.29781,100
2023-08-02T08:30:00+00:00,1.29781,1.29885,1.29741,1.29845,100
2023-08-02T08:45:00+00:00,1.29845,1.29961,1.29805,1.29921,100
2023-08-02T09:00:00+00:00,1.29921,1.30014,1.29881,1.29974,100
2023-08-02T09:15:00+00:00,1.29974,1.30014,1.29840,1.29880,100
2023-08-02T09:30:00+00:00,1.29880,1.29920,1.29830,1.29870,100
2023-08-02T09:45:00+00:00,1.29870,1.29910,1.29718,1.29758,100
2023-08-02T10:00:00+00:00,1.29758,1.29869,1.29718,1.29829,100
2023-08-02T10:15:00+00:00,1.29829,1.29869,1.29759,1.29799,100
2023-08-02T10:30:00+00:00,1.29799,1.29839,1.29751,1.29791,100
2023-08-02T10:45:00+00:00,1.29791,1.29925,1.29751,1.29885,100
2023-08-02T11:00:00+00:00,1.29885,1.30042,1.29845,1.30002,100
2023-08-02T11:15:00+00:00,1.30002,1.30068,1.29962,1.30028,100
2023-08-02T11:30:00+00:00,1.30028,1.30068,1.29960,1.30000,100
2023-08-02T11:45:00+00:00,1.30000,1.30130,1.29960,1.30090,100
2023-08-02T12:00:00+00:00,1.30090,1.30213,1.30050,1.30173,100
2023-08-02T12:15:00+00:00,1.30173,1.30213,1.30064,1.30104,100
2023-08-02T12:30:00+00:00,1.30104,1.30144,1.30053,1.30093,100
2023-08-02T12:45:00+00:00,1.30093,1.30241,1.30053,1.30201,100
2023-08-02T13:00:00+00:00,1.30201,1.30357,1.30161,1.30317,100
2023-08-02T13:15:00+00:00,1.30317,1.30456,1.30277,1.30416,100
2023-08-02T13:30:00+00:00,1.30416,1.30456,1.30373,1.30413,100
2023-08-02T13:45:00+00:00,1.30413,1.30453,1.30292,1.30332,100
2023-08-02T14:00:00+00:00,1.30332,1.30466,1.30292,1.30426,100
2023-08-02T14:15:00+00:00,1.30426,1.30466,1.30315,1.30355,100
2023-08-02T14:30:00+00:00,1.30355,1.30420,1.30315,1.30380,100
2023-08-02T14:45:00+00:00,1.30380,1.30420,1.30313,1.30353,100
2023-08-02T15:00:00+00:00,1.30353,1.30477,1.30313,1.30437,100
2023-08-02T15:15:00+00:00,1.30437,1.30477,1.30365,1.30405,100
2023-08-02T15:30:00+00:00,1.30405,1.30445,1.30335,1.30375,100
2023-08-02T15:45:00+00:00,1.30375,1.30499,1.30335,1.30459,100
2023-08-02T16:00:00+00:00,1.30459,1.30553,1.30419,1.30513,100
2023-08-02T16:15:00+00:00,1.30513,1.30673,1.30473,1.30633,100
2023-08-02T16:30:00+00:00,1.30633,1.30673,1.30501,1.30541,100
2023-08-02T16:45:00+00:00,1.30541,1.30581,1.30413,1.30453,100
2023-08-02T17:00:00+00:00,1.30453,1.30535,1.30413,1.30495,100
2023-08-02T17:15:00+00:00,1.30495,1.30535,1.30455,1.30495,100
2023-08-02T17:30:00+00:00,1.30495,1.30629,1.30455,1.30589,100
2023-08-02T17:45:00+00:00,1.30589,1.30629,1.30540,1.30580,100
2023-08-02T18:00:00+00:00,1.30580,1.30620,1.30432,1.30472,100
2023-08-02T18:15:00+00:00,1.30472,1.30512,1.30426,1.30466,100
2023-08-02T18:30:00+00:00,1.30466,1.30506,1.30366,1.30406,100
2023-08-02T18:45:00+00:00,1.30406,1.30518,1.30366,1.30478,100
2023-08-02T19:00:00+00:00,1.30478,1.30592,1.30438,1.30552,100
2023-08-02T19:15:00+00:00,1.30552,1.30679,1.30512,1.30639,100
2023-08-02T19:30:00+00:00,1.30639,1.30679,1.30505,1.30545,100
2023-08-02T19:45:00+00:00,1.30545,1.30600,1.30505,1.30560,100
2023-08-02T20:00:00+00:00,1.30560,1.30600,1.30448,1.30488,100
2023-08-02T20:15:00+00:00,1.30488,1.30643,1.30448,1.30603,100
2023-08-02T20:30:00+00:00,1.30603,1.30643,1.30479,1.30519,100
2023-08-02T20:45:00+00:00,1.30519,1.30595,1.30479,1.30555,100
2023-08-02T21:00:00+00:00,1.30555,1.30647,1.30515,1.30607,100
2023-08-02T21:15:00+00:00,1.30607,1.30647,1.30495,1.30535,100
2023-08-02T21:30:00+00:00,1.30535,1.30595,1.30495,1.30555,100
2023-08-02T21:45:00+00:00,1.30555,1.30595,1.30424,1.30464,100
2023-08-02T22:00:00+00:00,1.30464,1.30504,1.30317,1.30357,100
2023-08-02T22:15:00+00:00,1.30357,1.30397,1.30265,1.30305,100
2023-08-02T22:30:00+00:00,1.30305,1.30345,1.30164,1.30204,100
2023-08-02T22:45:00+00:00,1.30204,1.30244,1.30149,1.30189,100
2023-08-02T23:00:00+00:00,1.30189,1.30272,1.30149,1.30232,100
2023-08-02T23:15:00+00:00,1.30232,1.30374,1.30192,1.30334,100
2023-08-02T23:30:00+00:00,1.30334,1.30374,1.30237,1.30277,100
2023-08-02T23:45:00+00:00,1.30277,1.30317,1.30231,1.30271,100
2023-08-03T00:00:00+00:00,1.30271,1.30357,1.30231,1.30317,100
2023-08-03T00:15:00+00:00,1.30317,1.30357,1.30232,1.30272,100
2023-08-03T00:30:00+00:00,1.30272,1.30312,1.30187,1.30227,100
2023-08-03T00:45:00+00:00,1.30227,1.30267,1.30156,1.30196,100
2023-08-03T01:00:00+00:00,1.30196,1.30316,1.30156,1.30276,100
2023-08-03T01:15:00+00:00,1.30276,1.30316,1.30203,1.30243,100
2023-08-03T01:30:00+00:00,1.30243,1.30347,1.30203,1.30307,100
2023-08-03T01:45:00+00:00,1.30307,1.30347,1.30182,1.30222,100
2023-08-03T02:00:00+00:00,1.30222,1.30262,1.30136,1.30176,100
2023-08-03T02:15:00+00:00,1.30176,1.30216,1.30086,1.30126,100
2023-08-03T02:30:00+00:00,1.30126,1.30166,1.30021,1.30061,100
2023-08-03T02:45:00+00:00,1.30061,1.30101,1.29939,1.29979,100
2023-08-03T03:00:00+00:00,1.29979,1.30019,1.29914,1.29954,100
2023-08-03T03:15:00+00:00,1.29954,1.30069,1.29914,1.30029,100
2023-08-03T03:30:00+00:00,1.30029,1.30107,1.29989,1.30067,100
2023-08-03T03:45:00+00:00,1.30067,1.30226,1.30027,1.30186,100
2023-08-03T04:00:00+00:00,1.30186,1.30226,1.30101,1.30141,100
2023-08-03T04:15:00+00:00,1.30141,1.30181,1.30054,1.30094,100
2023-08-03T04:30:00+00:00,1.30094,1.30134,1.29992,1.30032,100
2023-08-03T04:45:00+00:00,1.30032,1.30072,1.29991,1.30031,100
2023-08-03T05:00:00+00:00,1.30031,1.30071,1.29900,1.29940,100
2023-08-03T05:15:00+00:00,1.29940,1.30053,1.29900,1.30013,100
2023-08-03T05:30:00+00:00,1.30013,1.30053,1.29955,1.29995,100
2023-08-03T05:45:00+00:00,1.29995,1.30035,1.29845,1.29885,100
2023-08-03T06:00:00+00:00,1.29885,1.29926,1.29845,1.29886,100
2023-08-03T06:15:00+00:00,1.29886,1.29926,1.29829,1.29869,100
2023-08-03T06:30:00+00:00,1.29869,1.29909,1.29756,1.29796,100
2023-08-03T06:45:00+00:00,1.29796,1.29836,1.29708,1.29748,100
2023-08-03T07:00:00+00:00,1.29748,1.29829,1.29708,1.29789,100
2023-08-03T07:15:00+00:00,1.29789,1.29949,1.29749,1.29909,100
2023-08-03T07:30:00+00:00,1.29909,1.29974,1.29869,1.29934,100
2023-08-03T07:45:00+00:00,1.29934,1.29974,1.29836,1.29876,100
2023-08-03T08:00:00+00:00,1.29876,1.29916,1.29723,1.29763,100
2023-08-03T08:15:00+00:00,1.29763,1.29803,1.29681,1.29721,100
2023-08-03T08:30:00+00:00,1.29721,1.29761,1.29619,1.29659,100
2023-08-03T08:45:00+00:00,1.29659,1.29699,1.29600,1.29640,100
2023-08-03T09:00:00+00:00,1.29640,1.29680,1.29588,1.29628,100
2023-08-03T09:15:00+00:00,1.29628,1.29668,1.29536,1.29576,100
2023-08-03T09:30:00+00:00,1.29576,1.29616,1.29455,1.29495,100
2023-08-03T09:45:00+00:00,1.29495,1.29638,1.29455,1.29598,100
2023-08-03T10:00:00+00:00,1.29598,1.29746,1.29558,1.29706,100
2023-08-03T10:15:00+00:00,1.29706,1.29800,1.29666,1.29760,100
2023-08-03T10:30:00+00:00,1.29760,1.29902,1.29720,1.29862,100
2023-08-03T10:45:00+00:00,1.29862,1.29919,1.29822,1.29879,100
2023-08-03T11:00:00+00:00,1.29879,1.29977,1.29839,1.29937,100
2023-08-03T11:15:00+00:00,1.29937,1.29977,1.29882,1.29922,100
2023-08-03T11:30:00+00:00,1.29922,1.30002,1.29882,1.29962,100
2023-08-03T11:45:00+00:00,1.29962,1.30085,1.29922,1.30045,100
2023-08-03T12:00:00+00:00,1.30045,1.30135,1.30005,1.30095,100
2023-08-03T12:15:00+00:00,1.30095,1.30206,1.30055,1.30166,100
2023-08-03T12:30:00+00:00,1.30166,1.30233,1.30126,1.30193,100
2023-08-03T12:45:00+00:00,1.30193,1.30233,1.30115,1.30155,100
2023-08-03T13:00:00+00:00,1.30155,1.30268,1.30115,1.30228,100
2023-08-03T13:15:00+00:00,1.30228,1.30363,1.30188,1.30323,100
2023-08-03T13:30:00+00:00,1.30323,1.30363,1.30220,1.30260,100
2023-08-03T13:45:00+00:00,1.30260,1.30300,1.30139,1.30179,100
2023-08-03T14:00:00+00:00,1.30179,1.30219,1.30021,1.30061,100
2023-08-03T14:15:00+00:00,1.30061,1.30101,1.29960,1.30000,100
2023-08-03T14:30:00+00:00,1.30000,1.30040,1.29883,1.29923,100
2023-08-03T14:45:00+00:00,1.29923,1.29963,1.29812,1.29852,100
2023-08-03T15:00:00+00:00,1.29852,1.29892,1.29731,1.29771,100
2023-08-03T15:15:00+00:00,1.29771,1.29811,1.29687,1.29727,100
2023-08-03T15:30:00+00:00,1.29727,1.29767,1.29608,1.29648,100
2023-08-03T15:45:00+00:00,1.29648,1.29799,1.29608,1.29759,100
2023-08-03T16:00:00+00:00,1.29759,1.29799,1.29615,1.29655,100
2023-08-03T16:15:00+00:00,1.29655,1.29695,1.29499,1.29539,100
2023-08-03T16:30:00+00:00,1.29539,1.29680,1.29499,1.29640,100
2023-08-03T16:45:00+00:00,1.29640,1.29680,1.29571,1.29611,100
2023-08-03T17:00:00+00:00,1.29611,1.29711,1.29571,1.29671,100
2023-08-03T17:15:00+00:00,1.29671,1.29711,1.29588,1.29628,100
2023-08-03T17:30:00+00:00,1.29628,1.29668,1.29471,1.29511,100
2023-08-03T17:45:00+00:00,1.29511,1.29551,1.29360,1.29400,100
2023-08-03T18:00:00+00:00,1.29400,1.29541,1.29360,1.29501,100
2023-08-03T18:15:00+00:00,1.29501,1.29541,1.29353,1.29393,100
2023-08-03T18:30:00+00:00,1.29393,1.29433,1.29340,1.29380,100
2023-08-03T18:45:00+00:00,1.29380,1.29420,1.29283,1.29323,100
2023-08-03T19:00:00+00:00,1.29323,1.29398,1.29283,1.29358,100
2023-08-03T19:15:00+00:00,1.29358,1.29398,1.29288,1.29328,100
2023-08-03T19:30:00+00:00,1.29328,1.29442,1.29288,1.29402,100
2023-08-03T19:45:00+00:00,1.29402,1.29442,1.29293,1.29333,100
2023-08-03T20:00:00+00:00,1.29333,1.29383,1.29293,1.29343,100
2023-08-03T20:15:00+00:00,1.29343,1.29498,1.29303,1.29458,100
2023-08-03T20:30:00+00:00,1.29458,1.29506,1.29418,1.29466,100
2023-08-03T20:45:00+00:00,1.29466,1.29614,1.29426,1.29574,100
2023-08-03T21:00:00+00:00,1.29574,1.29614,1.29426,1.29466,100
2023-08-03T21:15:00+00:00,1.29466,1.29597,1.29426,1.29557,100
2023-08-03T21:30:00+00:00,1.29557,1.29597,1.29491,1.29531,100
2023-08-03T21:45:00+00:00,1.29531,1.29690,1.29491,1.29650,100
2023-08-03T22:00:00+00:00,1.29650,1.29739,1.29610,1.29699,100
2023-08-03T22:15:00+00:00,1.29699,1.29739,1.29600,1.29640,100
2023-08-03T22:30:00+00:00,1.29640,1.29745,1.29600,1.29705,100
2023-08-03T22:45:00+00:00,1.29705,1.29745,1.29585,1.29625,100
2023-08-03T23:00:00+00:00,1.29625,1.29671,1.29585,1.29631,100
2023-08-03T23:15:00+00:00,1.29631,1.29729,1.29591,1.29689,100
2023-08-03T23:30:00+00:00,1.29689,1.29729,1.29569,1.29609,100
2023-08-03T23:45:00+00:00,1.29609,1.29649,1.29463,1.29503,100
2023-08-04T00:00:00+00:00,1.29503,1.29625,1.29463,1.29585,100
2023-08-04T00:15:00+00:00,1.29585,1.29625,1.29470,1.29510,100
2023-08-04T00:30:00+00:00,1.29510,1.29613,1.29470,1.29573,100
2023-08-04T00:45:00+00:00,1.29573,1.29613,1.29526,1.29566,100
2023-08-04T01:00:00+00:00,1.29566,1.29606,1.29452,1.29492,100
2023-08-04T01:15:00+00:00,1.29492,1.29619,1.29452,1.29579,100
2023-08-04T01:30:00+00:00,1.29579,1.29619,1.29508,1.29548,100
2023-08-04T01:45:00+00:00,1.29548,1.29588,1.29451,1.29491,100
2023-08-04T02:00:00+00:00,1.29491,1.29627,1.29451,1.29587,100
2023-08-04T02:15:00+00:00,1.29587,1.29744,1.29547,1.29704,100
2023-08-04T02:30:00+00:00,1.29704,1.29744,1.29623,1.29663,100
2023-08-04T02:45:00+00:00,1.29663,1.29817,1.29623,1.29777,100
2023-08-04T03:00:00+00:00,1.29777,1.29817,1.29643,1.29683,100
2023-08-04T03:15:00+00:00,1.29683,1.29794,1.29643,1.29754,100
2023-08-04T03:30:00+00:00,1.29754,1.29814,1.29714,1.29774,100
2023-08-04T03:45:00+00:00,1.29774,1.29814,1.29673,1.29713,100
2023-08-04T04:00:00+00:00,1.29713,1.29753,1.29648,1.29688,100
2023-08-04T04:15:00+00:00,1.29688,1.29728,1.29605,1.29645,100
2023-08-04T04:30:00+00:00,1.29645,1.29726,1.29605,1.29686,100
2023-08-04T04:45:00+00:00,1.29686,1.29726,1.29628,1.29668,100
2023-08-04T05:00:00+00:00,1.29668,1.29708,1.29611,1.29651,100
2023-08-04T05:15:00+00:00,1.29651,1.29731,1.29611,1.29691,100
2023-08-04T05:30:00+00:00,1.29691,1.29731,1.29614,1.29654,100
2023-08-04T05:45:00+00:00,1.29654,1.29694,1.29514,1.29554,100
2023-08-04T06:00:00+00:00,1.29554,1.29594,1.29512,1.29552,100
2023-08-04T06:15:00+00:00,1.29552,1.29680,1.29512,1.29640,100
2023-08-04T06:30:00+00:00,1.29640,1.29680,1.29538,1.29578,100
2023-08-04T06:45:00+00:00,1.29578,1.29618,1.29482,1.29522,100
2023-08-04T07:00:00+00:00,1.29522,1.29662,1.29482,1.29622,100
2023-08-04T07:15:00+00:00,1.29622,1.29662,1.29501,1.29541,100
2023-08-04T07:30:00+00:00,1.29541,1.29691,1.29501,1.29651,100
2023-08-04T07:45:00+00:00,1.29651,1.29691,1.29564,1.29604,100
2023-08-04T08:00:00+00:00,1.29604,1.29644,1.29494,1.29534,100
2023-08-04T08:15:00+00:00,1.29534,1.29627,1.29494,1.29587,100
2023-08-04T08:30:00+00:00,1.29587,1.29721,1.29547,1.29681,100
2023-08-04T08:45:00+00:00,1.29681,1.29721,1.29633,1.29673,100
2023-08-04T09:00:00+00:00,1.29673,1.29713,1.29578,1.29618,100
2023-08-04T09:15:00+00:00,1.29618,1.29658,1.29489,1.29529,100
2023-08-04T09:30:00+00:00,1.29529,1.29569,1.29371,1.29411,100
2023-08-04T09:45:00+00:00,1.29411,1.29500,1.29371,1.29460,100
2023-08-04T10:00:00+00:00,1.29460,1.29557,1.29420,1.29517,100
2023-08-04T10:15:00+00:00,1.29517,1.29557,1.29433,1.29473,100
2023-08-04T10:30:00+00:00,1.29473,1.29513,1.29427,1.29467,100
2023-08-04T10:45:00+00:00,1.29467,1.29570,1.29427,1.29530,100
2023-08-04T11:00:00+00:00,1.29530,1.29618,1.29490,1.29578,100
2023-08-04T11:15:00+00:00,1.29578,1.29661,1.29538,1.29621,100
2023-08-04T11:30:00+00:00,1.29621,1.29761,1.29581,1.29721,100
2023-08-04T11:45:00+00:00,1.29721,1.29761,1.29620,1.29660,100
2023-08-04T12:00:00+00:00,1.29660,1.29813,1.29620,1.29773,100
2023-08-04T12:15:00+00:00,1.29773,1.29843,1.29733,1.29803,100
2023-08-04T12:30:00+00:00,1.29803,1.29843,1.29720,1.29760,100
2023-08-04T12:45:00+00:00,1.29760,1.29844,1.29720,1.29804,100
2023-08-04T13:00:00+00:00,1.29804,1.29844,1.29717,1.29757,100
2023-08-04T13:15:00+00:00,1.29757,1.29797,1.29695,1.29735,100
2023-08-04T13:30:00+00:00,1.29735,1.29853,1.29695,1.29813,100
2023-08-04T13:45:00+00:00,1.29813,1.29927,1.29773,1.29887,100
2023-08-04T14:00:00+00:00,1.29887,1.29950,1.29847,1.29910,100
2023-08-04T14:15:00+00:00,1.29910,1.30024,1.29870,1.29984,100
2023-08-04T14:30:00+00:00,1.29984,1.30111,1.29944,1.30071,100
2023-08-04T14:45:00+00:00,1.30071,1.30111,1.30005,1.30045,100
2023-08-04T15:00:00+00:00,1.30045,1.30085,1.29903,1.29943,100
2023-08-04T15:15:00+00:00,1.29943,1.30089,1.29903,1.30049,100
2023-08-04T15:30:00+00:00,1.30049,1.30089,1.29903,1.29943,100
2023-08-04T15:45:00+00:00,1.29943,1.29983,1.29890,1.29930,100
2023-08-04T16:00:00+00:00,1.29930,1.29970,1.29794,1.29834,100
2023-08-04T16:15:00+00:00,1.29834,1.29883,1.29794,1.29843,100
2023-08-04T16:30:00+00:00,1.29843,1.29951,1.29803,1.29911,100
2023-08-04T16:45:00+00:00,1.29911,1.29951,1.29759,1.29799,100
2023-08-04T17:00:00+00:00,1.29799,1.29839,1.29758,1.29798,100
2023-08-04T17:15:00+00:00,1.29798,1.29838,1.29735,1.29775,100
2023-08-04T17:30:00+00:00,1.29775,1.29856,1.29735,1.29816,100
2023-08-04T17:45:00+00:00,1.29816,1.29951,1.29776,1.29911,100
2023-08-04T18:00:00+00:00,1.29911,1.29993,1.29871,1.29953,100
2023-08-04T18:15:00+00:00,1.29953,1.29993,1.29807,1.29847,100
2023-08-04T18:30:00+00:00,1.29847,1.29887,1.29772,1.29812,100
2023-08-04T18:45:00+00:00,1.29812,1.29852,1.29763,1.29803,100
2023-08-04T19:00:00+00:00,1.29803,1.29843,1.29682,1.29722,100
2023-08-04T19:15:00+00:00,1.29722,1.29849,1.29682,1.29809,100
2023-08-04T19:30:00+00:00,1.29809,1.29849,1.29735,1.29775,100
2023-08-04T19:45:00+00:00,1.29775,1.29815,1.29701,1.29741,100
2023-08-04T20:00:00+00:00,1.29741,1.29781,1.29632,1.29672,100
2023-08-04T20:15:00+00:00,1.29672,1.29721,1.29632,1.29681,100
2023-08-04T20:30:00+00:00,1.29681,1.29795,1.29641,1.29755,100
2023-08-04T20:45:00+00:00,1.29755,1.29795,1.29622,1.29662,100
2023-08-04T21:00:00+00:00,1.29662,1.29702,1.29621,1.29661,100
2023-08-04T21:15:00+00:00,1.29661,1.29701,1.29573,1.29613,100
2023-08-04T21:30:00+00:00,1.29613,1.29653,1.29468,1.29508,100
2023-08-04T21:45:00+00:00,1.29508,1.29548,1.29443,1.29483,100
2023-08-04T22:00:00+00:00,1.29483,1.29556,1.29443,1.29516,100
2023-08-04T22:15:00+00:00,1.29516,1.29583,1.29476,1.29543,100
2023-08-04T22:30:00+00:00,1.29543,1.29702,1.29503,1.29662,100
2023-08-04T22:45:00+00:00,1.29662,1.29751,1.29622,1.29711,100
2023-08-04T23:00:00+00:00,1.29711,1.29854,1.29671,1.29814,100
2023-08-04T23:15:00+00:00,1.29814,1.29909,1.29774,1.29869,100
2023-08-04T23:30:00+00:00,1.29869,1.29953,1.29829,1.29913,100
2023-08-04T23:45:00+00:00,1.29913,1.30049,1.29873,1.30009,100
2023-08-07T00:00:00+00:00,1.30009,1.30136,1.29969,1.30096,100
2023-08-07T00:15:00+00:00,1.30096,1.30198,1.30056,1.30158,100
2023-08-07T00:30:00+00:00,1.30158,1.30198,1.30076,1.30116,100
2023-08-07T00:45:00+00:00,1.30116,1.30156,1.30024,1.30064,100
2023-08-07T01:00:00+00:00,1.30064,1.30191,1.30024,1.30151,100
2023-08-07T01:15:00+00:00,1.30151,1.30191,1.29997,1.30037,100
2023-08-07T01:30:00+00:00,1.30037,1.30077,1.29971,1.30011,100
2023-08-07T01:45:00+00:00,1.30011,1.30132,1.29971,1.30092,100
2023-08-07T02:00:00+00:00,1.30092,1.30132,1.30002,1.30042,100
2023-08-07T02:15:00+00:00,1.30042,1.30082,1.30002,1.30042,100
2023-08-07T02:30:00+00:00,1.30042,1.30082,1.29965,1.30005,100
2023-08-07T02:45:00+00:00,1.30005,1.30079,1.29965,1.30039,100
2023-08-07T03:00:00+00:00,1.30039,1.30158,1.29999,1.30118,100
2023-08-07T03:15:00+00:00,1.30118,1.30158,1.29972,1.30012,100
2023-08-07T03:30:00+00:00,1.30012,1.30052,1.29951,1.29991,100
2023-08-07T03:45:00+00:00,1.29991,1.30116,1.29951,1.30076,100
2023-08-07T04:00:00+00:00,1.30076,1.30116,1.30015,1.30055,100
2023-08-07T04:15:00+00:00,1.30055,1.30210,1.30015,1.30170,100
2023-08-07T04:30:00+00:00,1.30170,1.30210,1.30075,1.30115,100
2023-08-07T04:45:00+00:00,1.30115,1.30156,1.30075,1.30116,100
2023-08-07T05:00:00+00:00,1.30116,1.30156,1.29997,1.30037,100
2023-08-07T05:15:00+00:00,1.30037,1.30166,1.29997,1.30126,100
2023-08-07T05:30:00+00:00,1.30126,1.30166,1.30081,1.30121,100
2023-08-07T05:45:00+00:00,1.30121,1.30239,1.30081,1.30199,100
2023-08-07T06:00:00+00:00,1.30199,1.30284,1.30159,1.30244,100
2023-08-07T06:15:00+00:00,1.30244,1.30284,1.30147,1.30187,100
2023-08-07T06:30:00+00:00,1.30187,1.30312,1.30147,1.30272,100
2023-08-07T06:45:00+00:00,1.30272,1.30312,1.30128,1.30168,100
2023-08-07T07:00:00+00:00,1.30168,1.30310,1.30128,1.30270,100
2023-08-07T07:15:00+00:00,1.30270,1.30378,1.30230,1.30338,100
2023-08-07T07:30:00+00:00,1.30338,1.30378,1.30237,1.30277,100
2023-08-07T07:45:00+00:00,1.30277,1.30335,1.30237,1.30295,100
2023-08-07T08:00:00+00:00,1.30295,1.30335,1.30219,1.30259,100
2023-08-07T08:15:00+00:00,1.30259,1.30299,1.30211,1.30251,100
2023-08-07T08:30:00+00:00,1.30251,1.30399,1.30211,1.30359,100
2023-08-07T08:45:00+00:00,1.30359,1.30399,1.30308,1.30348,100
2023-08-07T09:00:00+00:00,1.30348,1.30407,1.30308,1.30367,100
2023-08-07T09:15:00+00:00,1.30367,1.30407,1.30218,1.30258,100
2023-08-07T09:30:00+00:00,1.30258,1.30298,1.30112,1.30152,100
2023-08-07T09:45:00+00:00,1.30152,1.30192,1.30106,1.30146,100
2023-08-07T10:00:00+00:00,1.30146,1.30186,1.30087,1.30127,100
2023-08-07T10:15:00+00:00,1.30127,1.30271,1.30087,1.30231,100
2023-08-07T10:30:00+00:00,1.30231,1.30288,1.30191,1.30248,100
2023-08-07T10:45:00+00:00,1.30248,1.30382,1.30208,1.30342,100
2023-08-07T11:00:00+00:00,1.30342,1.30399,1.30302,1.30359,100
2023-08-07T11:15:00+00:00,1.30359,1.30503,1.30319,1.30463,100
2023-08-07T11:30:00+00:00,1.30463,1.30503,1.30380,1.30420,100
2023-08-07T11:45:00+00:00,1.30420,1.30460,1.30266,1.30306,100
2023-08-07T12:00:00+00:00,1.30306,1.30406,1.30266,1.30366,100
2023-08-07T12:15:00+00:00,1.30366,1.30444,1.30326,1.30404,100
2023-08-07T12:30:00+00:00,1.30404,1.30444,1.30291,1.30331,100
2023-08-07T12:45:00+00:00,1.30331,1.30371,1.30222,1.30262,100
2023-08-07T13:00:00+00:00,1.30262,1.30302,1.30216,1.30256,100
2023-08-07T13:15:00+00:00,1.30256,1.30391,1.30216,1.30351,100
2023-08-07T13:30:00+00:00,1.30351,1.30432,1.30311,1.30392,100
2023-08-07T13:45:00+00:00,1.30392,1.30432,1.30336,1.30376,100
2023-08-07T14:00:00+00:00,1.30376,1.30433,1.30336,1.30393,100
2023-08-07T14:15:00+00:00,1.30393,1.30433,1.30317,1.30357,100
2023-08-07T14:30:00+00:00,1.30357,1.30397,1.30291,1.30331,100
2023-08-07T14:45:00+00:00,1.30331,1.30371,1.30215,1.30255,100
2023-08-07T15:00:00+00:00,1.30255,1.30342,1.30215,1.30302,100
2023-08-07T15:15:00+00:00,1.30302,1.30342,1.30148,1.30188,100
2023-08-07T15:30:00+00:00,1.30188,1.30234,1.30148,1.30194,100
2023-08-07T15:45:00+00:00,1.30194,1.30234,1.30055,1.30095,100
2023-08-07T16:00:00+00:00,1.30095,1.30135,1.29969,1.30009,100
2023-08-07T16:15:00+00:00,1.30009,1.30111,1.29969,1.30071,100
2023-08-07T16:30:00+00:00,1.30071,1.30199,1.30031,1.30159,100
2023-08-07T16:45:00+00:00,1.30159,1.30201,1.30119,1.30161,100
2023-08-07T17:00:00+00:00,1.30161,1.30312,1.30121,1.30272,100
2023-08-07T17:15:00+00:00,1.30272,1.30362,1.30232,1.30322,100
2023-08-07T17:30:00+00:00,1.30322,1.30371,1.30282,1.30331,100
2023-08-07T17:45:00+00:00,1.30331,1.30397,1.30291,1.30357,100
2023-08-07T18:00:00+00:00,1.30357,1.30397,1.30199,1.30239,100
2023-08-07T18:15:00+00:00,1.30239,1.30279,1.30102,1.30142,100
2023-08-07T18:30:00+00:00,1.30142,1.30242,1.30102,1.30202,100
2023-08-07T18:45:00+00:00,1.30202,1.30242,1.30132,1.30172,100
2023-08-07T19:00:00+00:00,1.30172,1.30324,1.30132,1.30284,100
2023-08-07T19:15:00+00:00,1.30284,1.30324,1.30185,1.30225,100
2023-08-07T19:30:00+00:00,1.30225,1.30265,1.30133,1.30173,100
2023-08-07T19:45:00+00:00,1.30173,1.30213,1.30064,1.30104,100
2023-08-07T20:00:00+00:00,1.30104,1.30247,1.30064,1.30207,100
2023-08-07T20:15:00+00:00,1.30207,1.30259,1.30167,1.30219,100
2023-08-07T20:30:00+00:00,1.30219,1.30259,1.30120,1.30160,100
2023-08-07T20:45:00+00:00,1.30160,1.30200,1.30016,1.30056,100
2023-08-07T21:00:00+00:00,1.30056,1.30116,1.30016,1.30076,100
2023-08-07T21:15:00+00:00,1.30076,1.30116,1.29919,1.29959,100
2023-08-07T21:30:00+00:00,1.29959,1.30086,1.29919,1.30046,100
2023-08-07T21:45:00+00:00,1.30046,1.30086,1.29924,1.29964,100
2023-08-07T22:00:00+00:00,1.29964,1.30067,1.29924,1.30027,100
2023-08-07T22:15:00+00:00,1.30027,1.30154,1.29987,1.30114,100
2023-08-07T22:30:00+00:00,1.30114,1.30154,1.30024,1.30064,100
2023-08-07T22:45:00+00:00,1.30064,1.30124,1.30024,1.30084,100
2023-08-07T23:00:00+00:00,1.30084,1.30169,1.30044,1.30129,100
2023-08-07T23:15:00+00:00,1.30129,1.30169,1.30078,1.30118,100
2023-08-07T23:30:00+00:00,1.30118,1.30158,1.30057,1.30097,100
2023-08-07T23:45:00+00:00,1.30097,1.30230,1.30057,1.30190,100
2023-08-08T00:00:00+00:00,1.30190,1.30230,1.30091,1.30131,100
2023-08-08T00:15:00+00:00,1.30131,1.30187,1.30091,1.30147,100
2023-08-08T00:30:00+00:00,1.30147,1.30187,1.29989,1.30029,100
2023-08-08T00:45:00+00:00,1.30029,1.30085,1.29989,1.30045,100
2023-08-08T01:00:00+00:00,1.30045,1.30198,1.30005,1.30158,100
2023-08-08T01:15:00+00:00,1.30158,1.30198,1.30093,1.30133,100
2023-08-08T01:30:00+00:00,1.30133,1.30230,1.30093,1.30190,100
2023-08-08T01:45:00+00:00,1.30190,1.30230,1.30108,1.30148,100
2023-08-08T02:00:00+00:00,1.30148,1.30188,1.30078,1.30118,100
2023-08-08T02:15:00+00:00,1.30118,1.30158,1.30053,1.30093,100
2023-08-08T02:30:00+00:00,1.30093,1.30224,1.30053,1.30184,100
2023-08-08T02:45:00+00:00,1.30184,1.30224,1.30102,1.30142,100
2023-08-08T03:00:00+00:00,1.30142,1.30182,1.29993,1.30033,100
2023-08-08T03:15:00+00:00,1.30033,1.30084,1.29993,1.30044,100
2023-08-08T03:30:00+00:00,1.30044,1.30104,1.30004,1.30064,100
2023-08-08T03:45:00+00:00,1.30064,1.30130,1.30024,1.30090,100
2023-08-08T04:00:00+00:00,1.30090,1.30130,1.30042,1.30082,100
2023-08-08T04:15:00+00:00,1.30082,1.30122,1.29993,1.30033,100
2023-08-08T04:30:00+00:00,1.30033,1.30125,1.29993,1.30085,100
2023-08-08T04:45:00+00:00,1.30085,1.30125,1.29985,1.30025,100
2023-08-08T05:00:00+00:00,1.30025,1.30065,1.29928,1.29968,100
2023-08-08T05:15:00+00:00,1.29968,1.30008,1.29850,1.29890,100
2023-08-08T05:30:00+00:00,1.29890,1.29930,1.29744,1.29784,100
2023-08-08T05:45:00+00:00,1.29784,1.29824,1.29674,1.29714,100
2023-08-08T06:00:00+00:00,1.29714,1.29796,1.29674,1.29756,100
2023-08-08T06:15:00+00:00,1.29756,1.29796,1.29691,1.29731,100
2023-08-08T06:30:00+00:00,1.29731,1.29771,1.29681,1.29721,100
2023-08-08T06:45:00+00:00,1.29721,1.29761,1.29617,1.29657,100
2023-08-08T07:00:00+00:00,1.29657,1.29697,1.29558,1.29598,100
2023-08-08T07:15:00+00:00,1.29598,1.29683,1.29558,1.29643,100
2023-08-08T07:30:00+00:00,1.29643,1.29788,1.29603,1.29748,100
2023-08-08T07:45:00+00:00,1.29748,1.29788,1.29622,1.29662,100
2023-08-08T08:00:00+00:00,1.29662,1.29748,1.29622,1.29708,100
2023-08-08T08:15:00+00:00,1.29708,1.29858,1.29668,1.29818,100
2023-08-08T08:30:00+00:00,1.29818,1.29869,1.29778,1.29829,100
2023-08-08T08:45:00+00:00,1.29829,1.29964,1.29789,1.29924,100
2023-08-08T09:00:00+00:00,1.29924,1.29964,1.29807,1.29847,100
2023-08-08T09:15:00+00:00,1.29847,1.29955,1.29807,1.29915,100
2023-08-08T09:30:00+00:00,1.29915,1.29955,1.29782,1.29822,100
2023-08-08T09:45:00+00:00,1.29822,1.29862,1.29714,1.29754,100
2023-08-08T10:00:00+00:00,1.29754,1.29794,1.29617,1.29657,100
2023-08-08T10:15:00+00:00,1.29657,1.29697,1.29498,1.29538,100
2023-08-08T10:30:00+00:00,1.29538,1.29640,1.29498,1.29600,100
2023-08-08T10:45:00+00:00,1.29600,1.29640,1.29523,1.29563,100
2023-08-08T11:00:00+00:00,1.29563,1.29603,1.29491,1.29531,100
2023-08-08T11:15:00+00:00,1.29531,1.29626,1.29491,1.29586,100
2023-08-08T11:30:00+00:00,1.29586,1.29626,1.29487,1.29527,100
2023-08-08T11:45:00+00:00,1.29527,1.29653,1.29487,1.29613,100
2023-08-08T12:00:00+00:00,1.29613,1.29653,1.29497,1.29537,100
2023-08-08T12:15:00+00:00,1.29537,1.29692,1.29497,1.29652,100
2023-08-08T12:30:00+00:00,1.29652,1.29781,1.29612,1.29741,100
2023-08-08T12:45:00+00:00,1.29741,1.29781,1.29701,1.29741,100
2023-08-08T13:00:00+00:00,1.29741,1.29886,1.29701,1.29846,100
2023-08-08T13:15:00+00:00,1.29846,1.29968,1.29806,1.29928,100
2023-08-08T13:30:00+00:00,1.29928,1.30077,1.29888,1.30037,100
2023-08-08T13:45:00+00:00,1.30037,1.30077,1.29948,1.29988,100
2023-08-08T14:00:00+00:00,1.29988,1.30028,1.29927,1.29967,100
2023-08-08T14:15:00+00:00,1.29967,1.30007,1.29880,1.29920,100
2023-08-08T14:30:00+00:00,1.29920,1.29960,1.29866,1.29906,100
2023-08-08T14:45:00+00:00,1.29906,1.29960,1.29866,1.29920,100
2023-08-08T15:00:00+00:00,1.29920,1.30046,1.29880,1.30006,100
2023-08-08T15:15:00+00:00,1.30006,1.30046,1.29925,1.29965,100
2023-08-08T15:30:00+00:00,1.29965,1.30018,1.29925,1.29978,100
2023-08-08T15:45:00+00:00,1.29978,1.30018,1.29884,1.29924,100
2023-08-08T16:00:00+00:00,1.29924,1.29964,1.29871,1.29911,100
2023-08-08T16:15:00+00:00,1.29911,1.29951,1.29763,1.29803,100
2023-08-08T16:30:00+00:00,1.29803,1.29853,1.29763,1.29813,100
2023-08-08T16:45:00+00:00,1.29813,1.29881,1.29773,1.29841,100
2023-08-08T17:00:00+00:00,1.29841,1.29903,1.29801,1.29863,100
2023-08-08T17:15:00+00:00,1.29863,1.29992,1.29823,1.29952,100
2023-08-08T17:30:00+00:00,1.29952,1.29997,1.29912,1.29957,100
2023-08-08T17:45:00+00:00,1.29957,1.29997,1.29863,1.29903,100
2023-08-08T18:00:00+00:00,1.29903,1.30051,1.29863,1.30011,100
2023-08-08T18:15:00+00:00,1.30011,1.30051,1.29947,1.29987,100
2023-08-08T18:30:00+00:00,1.29987,1.30027,1.29874,1.29914,100
2023-08-08T18:45:00+00:00,1.29914,1.29956,1.29874,1.29916,100
2023-08-08T19:00:00+00:00,1.29916,1.30004,1.29876,1.29964,100
2023-08-08T19:15:00+00:00,1.29964,1.30004,1.29868,1.29908,100
2023-08-08T19:30:00+00:00,1.29908,1.29948,1.29804,1.29844,100
2023-08-08T19:45:00+00:00,1.29844,1.29884,1.29705,1.29745,100
2023-08-08T20:00:00+00:00,1.29745,1.29798,1.29705,1.29758,100
2023-08-08T20:15:00+00:00,1.29758,1.29798,1.29688,1.29728,100
2023-08-08T20:30:00+00:00,1.29728,1.29839,1.29688,1.29799,100
2023-08-08T20:45:00+00:00,1.29799,1.29839,1.29678,1.29718,100
2023-08-08T21:00:00+00:00,1.29718,1.29784,1.29678,1.29744,100
2023-08-08T21:15:00+00:00,1.29744,1.29784,1.29620,1.29660,100
2023-08-08T21:30:00+00:00,1.29660,1.29700,1.29548,1.29588,100
2023-08-08T21:45:00+00:00,1.29588,1.29628,1.29455,1.29495,100
2023-08-08T22:00:00+00:00,1.29495,1.29570,1.29455,1.29530,100
2023-08-08T22:15:00+00:00,1.29530,1.29626,1.29490,1.29586,100
2023-08-08T22:30:00+00:00,1.29586,1.29626,1.29530,1.29570,100
2023-08-08T22:45:00+00:00,1.29570,1.29688,1.29530,1.29648,100
2023-08-08T23:00:00+00:00,1.29648,1.29760,1.29608,1.29720,100
2023-08-08T23:15:00+00:00,1.29720,1.29848,1.29680,1.29808,100
2023-08-08T23:30:00+00:00,1.29808,1.29883,1.29768,1.29843,100
2023-08-08T23:45:00+00:00,1.29843,1.29883,1.29790,1.29830,100
2023-08-09T00:00:00+00:00,1.29830,1.29870,1.29770,1.29810,100
2023-08-09T00:15:00+00:00,1.29810,1.29921,1.29770,1.29881,100
2023-08-09T00:30:00+00:00,1.29881,1.29921,1.29792,1.29832,100
2023-08-09T00:45:00+00:00,1.29832,1.29872,1.29731,1.29771,100
2023-08-09T01:00:00+00:00,1.29771,1.29930,1.29731,1.29890,100
2023-08-09T01:15:00+00:00,1.29890,1.30034,1.29850,1.29994,100
2023-08-09T01:30:00+00:00,1.29994,1.30071,1.29954,1.30031,100
2023-08-09T01:45:00+00:00,1.30031,1.30151,1.29991,1.30111,100
2023-08-09T02:00:00+00:00,1.30111,1.30151,1.29964,1.30004,100
2023-08-09T02:15:00+00:00,1.30004,1.30110,1.29964,1.30070,100
2023-08-09T02:30:00+00:00,1.30070,1.30132,1.30030,1.30092,100
2023-08-09T02:45:00+00:00,1.30092,1.30132,1.30003,1.30043,100
2023-08-09T03:00:00+00:00,1.30043,1.30083,1.29950,1.29990,100
2023-08-09T03:15:00+00:00,1.29990,1.30072,1.29950,1.30032,100
2023-08-09T03:30:00+00:00,1.30032,1.30171,1.29992,1.30131,100
2023-08-09T03:45:00+00:00,1.30131,1.30230,1.30091,1.30190,100
2023-08-09T04:00:00+00:00,1.30190,1.30230,1.30041,1.30081,100
2023-08-09T04:15:00+00:00,1.30081,1.30141,1.30041,1.30101,100
2023-08-09T04:30:00+00:00,1.30101,1.30141,1.30022,1.30062,100
2023-08-09T04:45:00+00:00,1.30062,1.30102,1.29956,1.29996,100
2023-08-09T05:00:00+00:00,1.29996,1.30036,1.29850,1.29890,100
2023-08-09T05:15:00+00:00,1.29890,1.29949,1.29850,1.29909,100
2023-08-09T05:30:00+00:00,1.29909,1.29949,1.29813,1.29853,100
2023-08-09T05:45:00+00:00,1.29853,1.29893,1.29774,1.29814,100
2023-08-09T06:00:00+00:00,1.29814,1.29854,1.29774,1.29814,100
2023-08-09T06:15:00+00:00,1.29814,1.29949,1.29774,1.29909,100
2023-08-09T06:30:00+00:00,1.29909,1.29949,1.29815,1.29855,100
2023-08-09T06:45:00+00:00,1.29855,1.29913,1.29815,1.29873,100
2023-08-09T07:00:00+00:00,1.29873,1.29949,1.29833,1.29909,100
2023-08-09T07:15:00+00:00,1.29909,1.30009,1.29869,1.29969,100
2023-08-09T07:30:00+00:00,1.29969,1.30093,1.29929,1.30053,100
2023-08-09T07:45:00+00:00,1.30053,1.30093,1.29947,1.29987,100
2023-08-09T08:00:00+00:00,1.29987,1.30115,1.29947,1.30075,100
2023-08-09T08:15:00+00:00,1.30075,1.30115,1.29933,1.29973,100
2023-08-09T08:30:00+00:00,1.29973,1.30013,1.29923,1.29963,100
2023-08-09T08:45:00+00:00,1.29963,1.30059,1.29923,1.30019,100
2023-08-09T09:00:00+00:00,1.30019,1.30155,1.29979,1.30115,100
2023-08-09T09:15:00+00:00,1.30115,1.30155,1.30039,1.30079,100
2023-08-09T09:30:00+00:00,1.30079,1.30162,1.30039,1.30122,100
2023-08-09T09:45:00+00:00,1.30122,1.30209,1.30082,1.30169,100
2023-08-09T10:00:00+00:00,1.30169,1.30209,1.30021,1.30061,100
2023-08-09T10:15:00+00:00,1.30061,1.30161,1.30021,1.30121,100
2023-08-09T10:30:00+00:00,1.30121,1.30242,1.30081,1.30202,100
2023-08-09T10:45:00+00:00,1.30202,1.30242,1.30075,1.30115,100
2023-08-09T11:00:00+00:00,1.30115,1.30155,1.30032,1.30072,100
2023-08-09T11:15:00+00:00,1.30072,1.30112,1.30016,1.30056,100
2023-08-09T11:30:00+00:00,1.30056,1.30201,1.30016,1.30161,100
2023-08-09T11:45:00+00:00,1.30161,1.30311,1.30121,1.30271,100
2023-08-09T12:00:00+00:00,1.30271,1.30311,1.30155,1.30195,100
2023-08-09T12:15:00+00:00,1.30195,1.30235,1.30130,1.30170,100
2023-08-09T12:30:00+00:00,1.30170,1.30210,1.30039,1.30079,100
2023-08-09T12:45:00+00:00,1.30079,1.30119,1.29932,1.29972,100
2023-08-09T13:00:00+00:00,1.29972,1.30012,1.29863,1.29903,100
2023-08-09T13:15:00+00:00,1.29903,1.30048,1.29863,1.30008,100
2023-08-09T13:30:00+00:00,1.30008,1.30145,1.29968,1.30105,100
2023-08-09T13:45:00+00:00,1.30105,1.30145,1.29993,1.30033,100
2023-08-09T14:00:00+00:00,1.30033,1.30102,1.29993,1.30062,100
2023-08-09T14:15:00+00:00,1.30062,1.30135,1.30022,1.30095,100
2023-08-09T14:30:00+00:00,1.30095,1.30135,1.30043,1.30083,100
2023-08-09T14:45:00+00:00,1.30083,1.30206,1.30043,1.30166,100
2023-08-09T15:00:00+00:00,1.30166,1.30206,1.30028,1.30068,100
2023-08-09T15:15:00+00:00,1.30068,1.30108,1.29973,1.30013,100
2023-08-09T15:30:00+00:00,1.30013,1.30053,1.29881,1.29921,100
2023-08-09T15:45:00+00:00,1.29921,1.30059,1.29881,1.30019,100
2023-08-09T16:00:00+00:00,1.30019,1.30131,1.29979,1.30091,100
2023-08-09T16:15:00+00:00,1.30091,1.30131,1.30039,1.30079,100
2023-08-09T16:30:00+00:00,1.30079,1.30119,1.29940,1.29980,100
2023-08-09T16:45:00+00:00,1.29980,1.30105,1.29940,1.30065,100
2023-08-09T17:00:00+00:00,1.30065,1.30172,1.30025,1.30132,100
2023-08-09T17:15:00+00:00,1.30132,1.30261,1.30092,1.30221,100
2023-08-09T17:30:00+00:00,1.30221,1.30367,1.30181,1.30327,100
2023-08-09T17:45:00+00:00,1.30327,1.30406,1.30287,1.30366,100
2023-08-09T18:00:00+00:00,1.30366,1.30406,1.30324,1.30364,100
2023-08-09T18:15:00+00:00,1.30364,1.30477,1.30324,1.30437,100
2023-08-09T18:30:00+00:00,1.30437,1.30477,1.30310,1.30350,100
2023-08-09T18:45:00+00:00,1.30350,1.30471,1.30310,1.30431,100
2023-08-09T19:00:00+00:00,1.30431,1.30471,1.30345,1.30385,100
2023-08-09T19:15:00+00:00,1.30385,1.30425,1.30330,1.30370,100
2023-08-09T19:30:00+00:00,1.30370,1.30499,1.30330,1.30459,100
2023-08-09T19:45:00+00:00,1.30459,1.30499,1.30301,1.30341,100
2023-08-09T20:00:00+00:00,1.30341,1.30381,1.30262,1.30302,100
2023-08-09T20:15:00+00:00,1.30302,1.30417,1.30262,1.30377,100
2023-08-09T20:30:00+00:00,1.30377,1.30417,1.30314,1.30354,100
2023-08-09T20:45:00+00:00,1.30354,1.30491,1.30314,1.30451,100
2023-08-09T21:00:00+00:00,1.30451,1.30543,1.30411,1.30503,100
2023-08-09T21:15:00+00:00,1.30503,1.30543,1.30397,1.30437,100
2023-08-09T21:30:00+00:00,1.30437,1.30477,1.30396,1.30436,100
2023-08-09T21:45:00+00:00,1.30436,1.30476,1.30361,1.30401,100
2023-08-09T22:00:00+00:00,1.30401,1.30480,1.30361,1.30440,100
2023-08-09T22:15:00+00:00,1.30440,1.30531,1.30400,1.30491,100
2023-08-09T22:30:00+00:00,1.30491,1.30531,1.30451,1.30491,100
2023-08-09T22:45:00+00:00,1.30491,1.30531,1.30349,1.30389,100
2023-08-09T23:00:00+00:00,1.30389,1.30516,1.30349,1.30476,100
2023-08-09T23:15:00+00:00,1.30476,1.30516,1.30359,1.30399,100
2023-08-09T23:30:00+00:00,1.30399,1.30471,1.30359,1.30431,100
2023-08-09T23:45:00+00:00,1.30431,1.30549,1.30391,1.30509,100
2023-08-10T00:00:00+00:00,1.30509,1.30549,1.30459,1.30499,100
2023-08-10T00:15:00+00:00,1.30499,1.30539,1.30351,1.30391,100
2023-08-10T00:30:00+00:00,1.30391,1.30442,1.30351,1.30402,100
2023-08-10T00:45:00+00:00,1.30402,1.30442,1.30266,1.30306,100
2023-08-10T01:00:00+00:00,1.30306,1.30346,1.30187,1.30227,100
2023-08-10T01:15:00+00:00,1.30227,1.30267,1.30117,1.30157,100
2023-08-10T01:30:00+00:00,1.30157,1.30197,1.30038,1.30078,100
2023-08-10T01:45:00+00:00,1.30078,1.30137,1.30038,1.30097,100
2023-08-10T02:00:00+00:00,1.30097,1.30197,1.30057,1.30157,100
2023-08-10T02:15:00+00:00,1.30157,1.30197,1.30103,1.30143,100
2023-08-10T02:30:00+00:00,1.30143,1.30292,1.30103,1.30252,100
2023-08-10T02:45:00+00:00,1.30252,1.30292,1.30109,1.30149,100
2023-08-10T03:00:00+00:00,1.30149,1.30189,1.30068,1.30108,100
2023-08-10T03:15:00+00:00,1.30108,1.30148,1.30026,1.30066,100
2023-08-10T03:30:00+00:00,1.30066,1.30115,1.30026,1.30075,100
2023-08-10T03:45:00+00:00,1.30075,1.30155,1.30035,1.30115,100
2023-08-10T04:00:00+00:00,1.30115,1.30155,1.30022,1.30062,100
2023-08-10T04:15:00+00:00,1.30062,1.30102,1.30004,1.30044,100
2023-08-10T04:30:00+00:00,1.30044,1.30084,1.29975,1.30015,100
2023-08-10T04:45:00+00:00,1.30015,1.30055,1.29937,1.29977,100
2023-08-10T05:00:00+00:00,1.29977,1.30017,1.29830,1.29870,100
2023-08-10T05:15:00+00:00,1.29870,1.29970,1.29830,1.29930,100
2023-08-10T05:30:00+00:00,1.29930,1.29970,1.29777,1.29817,100
2023-08-10T05:45:00+00:00,1.29817,1.29857,1.29758,1.29798,100
2023-08-10T06:00:00+00:00,1.29798,1.29838,1.29692,1.29732,100
2023-08-10T06:15:00+00:00,1.29732,1.29772,1.29673,1.29713,100
2023-08-10T06:30:00+00:00,1.29713,1.29802,1.29673,1.29762,100
2023-08-10T06:45:00+00:00,1.29762,1.29873,1.29722,1.29833,100
2023-08-10T07:00:00+00:00,1.29833,1.29962,1.29793,1.29922,100
2023-08-10T07:15:00+00:00,1.29922,1.29992,1.29882,1.29952,100
2023-08-10T07:30:00+00:00,1.29952,1.29992,1.29860,1.29900,100
2023-08-10T07:45:00+00:00,1.29900,1.29940,1.29742,1.29782,100
2023-08-10T08:00:00+00:00,1.29782,1.29822,1.29658,1.29698,100
2023-08-10T08:15:00+00:00,1.29698,1.29830,1.29658,1.29790,100
2023-08-10T08:30:00+00:00,1.29790,1.29830,1.29722,1.29762,100
2023-08-10T08:45:00+00:00,1.29762,1.29802,1.29693,1.29733,100
2023-08-10T09:00:00+00:00,1.29733,1.29773,1.29657,1.29697,100
2023-08-10T09:15:00+00:00,1.29697,1.29737,1.29618,1.29658,100
2023-08-10T09:30:00+00:00,1.29658,1.29698,1.29544,1.29584,100
2023-08-10T09:45:00+00:00,1.29584,1.29624,1.29492,1.29532,100
2023-08-10T10:00:00+00:00,1.29532,1.29572,1.29485,1.29525,100
2023-08-10T10:15:00+00:00,1.29525,1.29565,1.29474,1.29514,100
2023-08-10T10:30:00+00:00,1.29514,1.29554,1.29368,1.29408,100
2023-08-10T10:45:00+00:00,1.29408,1.29448,1.29275,1.29315,100
2023-08-10T11:00:00+00:00,1.29315,1.29355,1.29162,1.29202,100
2023-08-10T11:15:00+00:00,1.29202,1.29242,1.29154,1.29194,100
2023-08-10T11:30:00+00:00,1.29194,1.29269,1.29154,1.29229,100
2023-08-10T11:45:00+00:00,1.29229,1.29361,1.29189,1.29321,100
2023-08-10T12:00:00+00:00,1.29321,1.29361,1.29256,1.29296,100
2023-08-10T12:15:00+00:00,1.29296,1.29362,1.29256,1.29322,100
2023-08-10T12:30:00+00:00,1.29322,1.29430,1.29282,1.29390,100
2023-08-10T12:45:00+00:00,1.29390,1.29439,1.29350,1.29399,100
2023-08-10T13:00:00+00:00,1.29399,1.29448,1.29359,1.29408,100
2023-08-10T13:15:00+00:00,1.29408,1.29448,1.29284,1.29324,100
2023-08-10T13:30:00+00:00,1.29324,1.29408,1.29284,1.29368,100
2023-08-10T13:45:00+00:00,1.29368,1.29462,1.29328,1.29422,100
2023-08-10T14:00:00+00:00,1.29422,1.29462,1.29335,1.29375,100
2023-08-10T14:15:00+00:00,1.29375,1.29454,1.29335,1.29414,100
2023-08-10T14:30:00+00:00,1.29414,1.29454,1.29304,1.29344,100
2023-08-10T14:45:00+00:00,1.29344,1.29384,1.29210,1.29250,100
2023-08-10T15:00:00+00:00,1.29250,1.29290,1.29169,1.29209,100
2023-08-10T15:15:00+00:00,1.29209,1.29260,1.29169,1.29220,100
2023-08-10T15:30:00+00:00,1.29220,1.29260,1.29154,1.29194,100
2023-08-10T15:45:00+00:00,1.29194,1.29234,1.29094,1.29134,100
2023-08-10T16:00:00+00:00,1.29134,1.29285,1.29094,1.29245,100
2023-08-10T16:15:00+00:00,1.29245,1.29333,1.29205,1.29293,100
2023-08-10T16:30:00+00:00,1.29293,1.29333,1.29201,1.29241,100
2023-08-10T16:45:00+00:00,1.29241,1.29281,1.29098,1.29138,100
2023-08-10T17:00:00+00:00,1.29138,1.29229,1.29098,1.29189,100
2023-08-10T17:15:00+00:00,1.29189,1.29331,1.29149,1.29291,100
2023-08-10T17:30:00+00:00,1.29291,1.29383,1.29251,1.29343,100
2023-08-10T17:45:00+00:00,1.29343,1.29428,1.29303,1.29388,100
2023-08-10T18:00:00+00:00,1.29388,1.29540,1.29348,1.29500,100
2023-08-10T18:15:00+00:00,1.29500,1.29587,1.29460,1.29547,100
2023-08-10T18:30:00+00:00,1.29547,1.29587,1.29416,1.29456,100
2023-08-10T18:45:00+00:00,1.29456,1.29496,1.29410,1.29450,100
2023-08-10T19:00:00+00:00,1.29450,1.29490,1.29384,1.29424,100
2023-08-10T19:15:00+00:00,1.29424,1.29483,1.29384,1.29443,100
2023-08-10T19:30:00+00:00,1.29443,1.29483,1.29321,1.29361,100
2023-08-10T19:45:00+00:00,1.29361,1.29432,1.29321,1.29392,100
2023-08-10T20:00:00+00:00,1.29392,1.29481,1.29352,1.29441,100
2023-08-10T20:15:00+00:00,1.29441,1.29481,1.29346,1.29386,100
2023-08-10T20:30:00+00:00,1.29386,1.29456,1.29346,1.29416,100
2023-08-10T20:45:00+00:00,1.29416,1.29456,1.29339,1.29379,100
2023-08-10T21:00:00+00:00,1.29379,1.29460,1.29339,1.29420,100
2023-08-10T21:15:00+00:00,1.29420,1.29460,1.29372,1.29412,100
2023-08-10T21:30:00+00:00,1.29412,1.29563,1.29372,1.29523,100
2023-08-10T21:45:00+00:00,1.29523,1.29563,1.29475,1.29515,100
2023-08-10T22:00:00+00:00,1.29515,1.29555,1.29365,1.29405,100
2023-08-10T22:15:00+00:00,1.29405,1.29445,1.29261,1.29301,100
2023-08-10T22:30:00+00:00,1.29301,1.29387,1.29261,1.29347,100
2023-08-10T22:45:00+00:00,1.29347,1.29387,1.29209,1.29249,100
2023-08-10T23:00:00+00:00,1.29249,1.29353,1.29209,1.29313,100
2023-08-10T23:15:00+00:00,1.29313,1.29353,1.29271,1.29311,100
2023-08-10T23:30:00+00:00,1.29311,1.29351,1.29234,1.29274,100
2023-08-10T23:45:00+00:00,1.29274,1.29314,1.29212,1.29252,100
2023-08-11T00:00:00+00:00,1.29252,1.29375,1.29212,1.29335,100
2023-08-11T00:15:00+00:00,1.29335,1.29384,1.29295,1.29344,100
2023-08-11T00:30:00+00:00,1.29344,1.29384,1.29285,1.29325,100
2023-08-11T00:45:00+00:00,1.29325,1.29365,1.29278,1.29318,100
2023-08-11T01:00:00+00:00,1.29318,1.29377,1.29278,1.29337,100
2023-08-11T01:15:00+00:00,1.29337,1.29377,1.29286,1.29326,100
2023-08-11T01:30:00+00:00,1.29326,1.29416,1.29286,1.29376,100
2023-08-11T01:45:00+00:00,1.29376,1.29416,1.29314,1.29354,100
2023-08-11T02:00:00+00:00,1.29354,1.29394,1.29262,1.29302,100
2023-08-11T02:15:00+00:00,1.29302,1.29342,1.29171,1.29211,100
2023-08-11T02:30:00+00:00,1.29211,1.29251,1.29160,1.29200,100
2023-08-11T02:45:00+00:00,1.29200,1.29240,1.29084,1.29124,100
2023-08-11T03:00:00+00:00,1.29124,1.29164,1.29011,1.29051,100
2023-08-11T03:15:00+00:00,1.29051,1.29091,1.28932,1.28972,100
2023-08-11T03:30:00+00:00,1.28972,1.29012,1.28898,1.28938,100
2023-08-11T03:45:00+00:00,1.28938,1.29076,1.28898,1.29036,100
2023-08-11T04:00:00+00:00,1.29036,1.29079,1.28996,1.29039,100
2023-08-11T04:15:00+00:00,1.29039,1.29079,1.28946,1.28986,100
2023-08-11T04:30:00+00:00,1.28986,1.29026,1.28939,1.28979,100
2023-08-11T04:45:00+00:00,1.28979,1.29019,1.28929,1.28969,100
2023-08-11T05:00:00+00:00,1.28969,1.29009,1.28822,1.28862,100
2023-08-11T05:15:00+00:00,1.28862,1.28976,1.28822,1.28936,100
2023-08-11T05:30:00+00:00,1.28936,1.28978,1.28896,1.28938,100
2023-08-11T05:45:00+00:00,1.28938,1.29096,1.28898,1.29056,100
2023-08-11T06:00:00+00:00,1.29056,1.29127,1.29016,1.29087,100
2023-08-11T06:15:00+00:00,1.29087,1.29127,1.28986,1.29026,100
2023-08-11T06:30:00+00:00,1.29026,1.29182,1.28986,1.29142,100
2023-08-11T06:45:00+00:00,1.29142,1.29182,1.29009,1.29049,100
2023-08-11T07:00:00+00:00,1.29049,1.29089,1.28928,1.28968,100
2023-08-11T07:15:00+00:00,1.28968,1.29008,1.28843,1.28883,100
2023-08-11T07:30:00+00:00,1.28883,1.28923,1.28760,1.28800,100
2023-08-11T07:45:00+00:00,1.28800,1.28840,1.28672,1.28712,100
2023-08-11T08:00:00+00:00,1.28712,1.28849,1.28672,1.28809,100
2023-08-11T08:15:00+00:00,1.28809,1.28849,1.28683,1.28723,100
2023-08-11T08:30:00+00:00,1.28723,1.28763,1.28680,1.28720,100
2023-08-11T08:45:00+00:00,1.28720,1.28760,1.28595,1.28635,100
2023-08-11T09:00:00+00:00,1.28635,1.28675,1.28549,1.28589,100
2023-08-11T09:15:00+00:00,1.28589,1.28629,1.28451,1.28491,100
2023-08-11T09:30:00+00:00,1.28491,1.28531,1.28420,1.28460,100
2023-08-11T09:45:00+00:00,1.28460,1.28500,1.28367,1.28407,100
2023-08-11T10:00:00+00:00,1.28407,1.28502,1.28367,1.28462,100
2023-08-11T10:15:00+00:00,1.28462,1.28619,1.28422,1.28579,100
2023-08-11T10:30:00+00:00,1.28579,1.28619,1.28465,1.28505,100
2023-08-11T10:45:00+00:00,1.28505,1.28545,1.28457,1.28497,100
2023-08-11T11:00:00+00:00,1.28497,1.28565,1.28457,1.28525,100
2023-08-11T11:15:00+00:00,1.28525,1.28682,1.28485,1.28642,100
2023-08-11T11:30:00+00:00,1.28642,1.28682,1.28498,1.28538,100
2023-08-11T11:45:00+00:00,1.28538,1.28615,1.28498,1.28575,100
2023-08-11T12:00:00+00:00,1.28575,1.28615,1.28512,1.28552,100
2023-08-11T12:15:00+00:00,1.28552,1.28592,1.28512,1.28552,100
2023-08-11T12:30:00+00:00,1.28552,1.28640,1.28512,1.28600,100
2023-08-11T12:45:00+00:00,1.28600,1.28687,1.28560,1.28647,100
2023-08-11T13:00:00+00:00,1.28647,1.28687,1.28580,1.28620,100
2023-08-11T13:15:00+00:00,1.28620,1.28735,1.28580,1.28695,100
2023-08-11T13:30:00+00:00,1.28695,1.28755,1.28655,1.28715,100
2023-08-11T13:45:00+00:00,1.28715,1.28755,1.28610,1.28650,100
2023-08-11T14:00:00+00:00,1.28650,1.28690,1.28537,1.28577,100
2023-08-11T14:15:00+00:00,1.28577,1.28617,1.28464,1.28504,100
2023-08-11T14:30:00+00:00,1.28504,1.28619,1.28464,1.28579,100
2023-08-11T14:45:00+00:00,1.28579,1.28706,1.28539,1.28666,100
2023-08-11T15:00:00+00:00,1.28666,1.28706,1.28545,1.28585,100
2023-08-11T15:15:00+00:00,1.28585,1.28647,1.28545,1.28607,100
2023-08-11T15:30:00+00:00,1.28607,1.28647,1.28465,1.28505,100
2023-08-11T15:45:00+00:00,1.28505,1.28545,1.28360,1.28400,100
2023-08-11T16:00:00+00:00,1.28400,1.28483,1.28360,1.28443,100
2023-08-11T16:15:00+00:00,1.28443,1.28497,1.28403,1.28457,100
2023-08-11T16:30:00+00:00,1.28457,1.28497,1.28400,1.28440,100
2023-08-11T16:45:00+00:00,1.28440,1.28480,1.28385,1.28425,100
2023-08-11T17:00:00+00:00,1.28425,1.28465,1.28373,1.28413,100
2023-08-11T17:15:00+00:00,1.28413,1.28453,1.28344,1.28384,100
2023-08-11T17:30:00+00:00,1.28384,1.28424,1.28292,1.28332,100
2023-08-11T17:45:00+00:00,1.28332,1.28477,1.28292,1.28437,100
2023-08-11T18:00:00+00:00,1.28437,1.28477,1.28293,1.28333,100
2023-08-11T18:15:00+00:00,1.28333,1.28395,1.28293,1.28355,100
2023-08-11T18:30:00+00:00,1.28355,1.28395,1.28238,1.28278,100
2023-08-11T18:45:00+00:00,1.28278,1.28318,1.28205,1.28245,100
2023-08-11T19:00:00+00:00,1.28245,1.28285,1.28095,1.28135,100
2023-08-11T19:15:00+00:00,1.28135,1.28175,1.28010,1.28050,100
2023-08-11T19:30:00+00:00,1.28050,1.28116,1.28010,1.28076,100
2023-08-11T19:45:00+00:00,1.28076,1.28116,1.27924,1.27964,100
2023-08-11T20:00:00+00:00,1.27964,1.28004,1.27904,1.27944,100
2023-08-11T20:15:00+00:00,1.27944,1.28011,1.27904,1.27971,100
2023-08-11T20:30:00+00:00,1.27971,1.28028,1.27931,1.27988,100
2023-08-11T20:45:00+00:00,1.27988,1.28028,1.27852,1.27892,100
2023-08-11T21:00:00+00:00,1.27892,1.27932,1.27833,1.27873,100
2023-08-11T21:15:00+00:00,1.27873,1.27913,1.27792,1.27832,100
2023-08-11T21:30:00+00:00,1.27832,1.27945,1.27792,1.27905,100
2023-08-11T21:45:00+00:00,1.27905,1.28032,1.27865,1.27992,100
2023-08-11T22:00:00+00:00,1.27992,1.28054,1.27952,1.28014,100
2023-08-11T22:15:00+00:00,1.28014,1.28123,1.27974,1.28083,100
2023-08-11T22:30:00+00:00,1.28083,1.28123,1.28022,1.28062,100
2023-08-11T22:45:00+00:00,1.28062,1.28217,1.28022,1.28177,100
2023-08-11T23:00:00+00:00,1.28177,1.28269,1.28137,1.28229,100
2023-08-11T23:15:00+00:00,1.28229,1.28363,1.28189,1.28323,100
2023-08-11T23:30:00+00:00,1.28323,1.28363,1.28202,1.28242,100
2023-08-11T23:45:00+00:00,1.28242,1.28329,1.28202,1.28289,100
2023-08-14T00:00:00+00:00,1.28289,1.28369,1.28249,1.28329,100
2023-08-14T00:15:00+00:00,1.28329,1.28416,1.28289,1.28376,100
2023-08-14T00:30:00+00:00,1.28376,1.28511,1.28336,1.28471,100
2023-08-14T00:45:00+00:00,1.28471,1.28511,1.28365,1.28405,100
2023-08-14T01:00:00+00:00,1.28405,1.28445,1.28274,1.28314,100
2023-08-14T01:15:00+00:00,1.28314,1.28369,1.28274,1.28329,100
2023-08-14T01:30:00+00:00,1.28329,1.28369,1.28222,1.28262,100
2023-08-14T01:45:00+00:00,1.28262,1.28414,1.28222,1.28374,100
2023-08-14T02:00:00+00:00,1.28374,1.28513,1.28334,1.28473,100
2023-08-14T02:15:00+00:00,1.28473,1.28513,1.28429,1.28469,100
2023-08-14T02:30:00+00:00,1.28469,1.28582,1.28429,1.28542,100
2023-08-14T02:45:00+00:00,1.28542,1.28610,1.28502,1.28570,100
2023-08-14T03:00:00+00:00,1.28570,1.28709,1.28530,1.28669,100
2023-08-14T03:15:00+00:00,1.28669,1.28721,1.28629,1.28681,100
2023-08-14T03:30:00+00:00,1.28681,1.28721,1.28570,1.28610,100
2023-08-14T03:45:00+00:00,1.28610,1.28768,1.28570,1.28728,100
2023-08-14T04:00:00+00:00,1.28728,1.28768,1.28632,1.28672,100
2023-08-14T04:15:00+00:00,1.28672,1.28712,1.28539,1.28579,100
2023-08-14T04:30:00+00:00,1.28579,1.28686,1.28539,1.28646,100
2023-08-14T04:45:00+00:00,1.28646,1.28723,1.28606,1.28683,100
2023-08-14T05:00:00+00:00,1.28683,1.28810,1.28643,1.28770,100
2023-08-14T05:15:00+00:00,1.28770,1.28810,1.28663,1.28703,100
2023-08-14T05:30:00+00:00,1.28703,1.28845,1.28663,1.28805,100
2023-08-14T05:45:00+00:00,1.28805,1.28924,1.28765,1.28884,100
2023-08-14T06:00:00+00:00,1.28884,1.28958,1.28844,1.28918,100
2023-08-14T06:15:00+00:00,1.28918,1.28958,1.28762,1.28802,100
2023-08-14T06:30:00+00:00,1.28802,1.28906,1.28762,1.28866,100
2023-08-14T06:45:00+00:00,1.28866,1.28906,1.28795,1.28835,100
2023-08-14T07:00:00+00:00,1.28835,1.28875,1.28708,1.28748,100
2023-08-14T07:15:00+00:00,1.28748,1.28788,1.28666,1.28706,100
2023-08-14T07:30:00+00:00,1.28706,1.28854,1.28666,1.28814,100
2023-08-14T07:45:00+00:00,1.28814,1.28854,1.28730,1.28770,100
2023-08-14T08:00:00+00:00,1.28770,1.28810,1.28721,1.28761,100
2023-08-14T08:15:00+00:00,1.28761,1.28897,1.28721,1.28857,100
2023-08-14T08:30:00+00:00,1.28857,1.28948,1.28817,1.28908,100
2023-08-14T08:45:00+00:00,1.28908,1.28948,1.28837,1.28877,100
2023-08-14T09:00:00+00:00,1.28877,1.28917,1.28797,1.28837,100
2023-08-14T09:15:00+00:00,1.28837,1.28889,1.28797,1.28849,100
2023-08-14T09:30:00+00:00,1.28849,1.28898,1.28809,1.28858,100
2023-08-14T09:45:00+00:00,1.28858,1.28952,1.28818,1.28912,100
2023-08-14T10:00:00+00:00,1.28912,1.28987,1.28872,1.28947,100
2023-08-14T10:15:00+00:00,1.28947,1.28987,1.28830,1.28870,100
2023-08-14T10:30:00+00:00,1.28870,1.29000,1.28830,1.28960,100
2023-08-14T10:45:00+00:00,1.28960,1.29072,1.28920,1.29032,100
2023-08-14T11:00:00+00:00,1.29032,1.29073,1.28992,1.29033,100
2023-08-14T11:15:00+00:00,1.29033,1.29073,1.28907,1.28947,100
2023-08-14T11:30:00+00:00,1.28947,1.28987,1.28896,1.28936,100
2023-08-14T11:45:00+00:00,1.28936,1.29063,1.28896,1.29023,100
2023-08-14T12:00:00+00:00,1.29023,1.29063,1.28928,1.28968,100
2023-08-14T12:15:00+00:00,1.28968,1.29008,1.28885,1.28925,100
2023-08-14T12:30:00+00:00,1.28925,1.29011,1.28885,1.28971,100
2023-08-14T12:45:00+00:00,1.28971,1.29069,1.28931,1.29029,100
2023-08-14T13:00:00+00:00,1.29029,1.29148,1.28989,1.29108,100
2023-08-14T13:15:00+00:00,1.29108,1.29148,1.29043,1.29083,100
2023-08-14T13:30:00+00:00,1.29083,1.29179,1.29043,1.29139,100
2023-08-14T13:45:00+00:00,1.29139,1.29179,1.29034,1.29074,100
2023-08-14T14:00:00+00:00,1.29074,1.29114,1.28926,1.28966,100
2023-08-14T14:15:00+00:00,1.28966,1.29052,1.28926,1.29012,100
2023-08-14T14:30:00+00:00,1.29012,1.29052,1.28909,1.28949,100
2023-08-14T14:45:00+00:00,1.28949,1.29079,1.28909,1.29039,100
2023-08-14T15:00:00+00:00,1.29039,1.29079,1.28957,1.28997,100
2023-08-14T15:15:00+00:00,1.28997,1.29037,1.28919,1.28959,100
2023-08-14T15:30:00+00:00,1.28959,1.29082,1.28919,1.29042,100
2023-08-14T15:45:00+00:00,1.29042,1.29082,1.28888,1.28928,100
2023-08-14T16:00:00+00:00,1.28928,1.29081,1.28888,1.29041,100
2023-08-14T16:15:00+00:00,1.29041,1.29081,1.28960,1.29000,100
2023-08-14T16:30:00+00:00,1.29000,1.29040,1.28850,1.28890,100
2023-08-14T16:45:00+00:00,1.28890,1.28930,1.28810,1.28850,100
2023-08-14T17:00:00+00:00,1.28850,1.28890,1.28720,1.28760,100
2023-08-14T17:15:00+00:00,1.28760,1.28800,1.28661,1.28701,100
2023-08-14T17:30:00+00:00,1.28701,1.28741,1.28661,1.28701,100
2023-08-14T17:45:00+00:00,1.28701,1.28756,1.28661,1.28716,100
2023-08-14T18:00:00+00:00,1.28716,1.28756,1.28601,1.28641,100
2023-08-14T18:15:00+00:00,1.28641,1.28801,1.28601,1.28761,100
2023-08-14T18:30:00+00:00,1.28761,1.28801,1.28635,1.28675,100
2023-08-14T18:45:00+00:00,1.28675,1.28715,1.28541,1.28581,100
2023-08-14T19:00:00+00:00,1.28581,1.28621,1.28485,1.28525,100
2023-08-14T19:15:00+00:00,1.28525,1.28565,1.28365,1.28405,100
2023-08-14T19:30:00+00:00,1.28405,1.28536,1.28365,1.28496,100
2023-08-14T19:45:00+00:00,1.28496,1.28536,1.28373,1.28413,100
2023-08-14T20:00:00+00:00,1.28413,1.28453,1.28257,1.28297,100
2023-08-14T20:15:00+00:00,1.28297,1.28366,1.28257,1.28326,100
2023-08-14T20:30:00+00:00,1.28326,1.28366,1.28248,1.28288,100
2023-08-14T20:45:00+00:00,1.28288,1.28328,1.28156,1.28196,100
2023-08-14T21:00:00+00:00,1.28196,1.28236,1.28149,1.28189,100
2023-08-14T21:15:00+00:00,1.28189,1.28229,1.28073,1.28113,100
2023-08-14T21:30:00+00:00,1.28113,1.28153,1.27972,1.28012,100
2023-08-14T21:45:00+00:00,1.28012,1.28053,1.27972,1.28013,100
2023-08-14T22:00:00+00:00,1.28013,1.28053,1.27911,1.27951,100
2023-08-14T22:15:00+00:00,1.27951,1.27991,1.27874,1.27914,100
2023-08-14T22:30:00+00:00,1.27914,1.27954,1.27872,1.27912,100
2023-08-14T22:45:00+00:00,1.27912,1.28071,1.27872,1.28031,100
2023-08-14T23:00:00+00:00,1.28031,1.28096,1.27991,1.28056,100
2023-08-14T23:15:00+00:00,1.28056,1.28113,1.28016,1.28073,100
2023-08-14T23:30:00+00:00,1.28073,1.28113,1.27985,1.28025,100
2023-08-14T23:45:00+00:00,1.28025,1.28065,1.27976,1.28016,100
2023-08-15T00:00:00+00:00,1.28016,1.28056,1.27920,1.27960,100
2023-08-15T00:15:00+00:00,1.27960,1.28083,1.27920,1.28043,100
2023-08-15T00:30:00+00:00,1.28043,1.28186,1.28003,1.28146,100
2023-08-15T00:45:00+00:00,1.28146,1.28267,1.28106,1.28227,100
2023-08-15T01:00:00+00:00,1.28227,1.28267,1.28166,1.28206,100
2023-08-15T01:15:00+00:00,1.28206,1.28298,1.28166,1.28258,100
2023-08-15T01:30:00+00:00,1.28258,1.28298,1.28169,1.28209,100
2023-08-15T01:45:00+00:00,1.28209,1.28319,1.28169,1.28279,100
2023-08-15T02:00:00+00:00,1.28279,1.28427,1.28239,1.28387,100
2023-08-15T02:15:00+00:00,1.28387,1.28427,1.28269,1.28309,100
2023-08-15T02:30:00+00:00,1.28309,1.28349,1.28169,1.28209,100
2023-08-15T02:45:00+00:00,1.28209,1.28368,1.28169,1.28328,100
2023-08-15T03:00:00+00:00,1.28328,1.28385,1.28288,1.28345,100
2023-08-15T03:15:00+00:00,1.28345,1.28453,1.28305,1.28413,100
2023-08-15T03:30:00+00:00,1.28413,1.28537,1.28373,1.28497,100
2023-08-15T03:45:00+00:00,1.28497,1.28610,1.28457,1.28570,100
2023-08-15T04:00:00+00:00,1.28570,1.28610,1.28434,1.28474,100
2023-08-15T04:15:00+00:00,1.28474,1.28514,1.28375,1.28415,100
2023-08-15T04:30:00+00:00,1.28415,1.28455,1.28343,1.28383,100
2023-08-15T04:45:00+00:00,1.28383,1.28513,1.28343,1.28473,100
2023-08-15T05:00:00+00:00,1.28473,1.28568,1.28433,1.28528,100
2023-08-15T05:15:00+00:00,1.28528,1.28568,1.28420,1.28460,100
2023-08-15T05:30:00+00:00,1.28460,1.28500,1.28334,1.28374,100
2023-08-15T05:45:00+00:00,1.28374,1.28485,1.28334,1.28445,100
2023-08-15T06:00:00+00:00,1.28445,1.28575,1.28405,1.28535,100
2023-08-15T06:15:00+00:00,1.28535,1.28575,1.28380,1.28420,100
2023-08-15T06:30:00+00:00,1.28420,1.28460,1.28340,1.28380,100
2023-08-15T06:45:00+00:00,1.28380,1.28420,1.28246,1.28286,100
2023-08-15T07:00:00+00:00,1.28286,1.28326,1.28230,1.28270,100
2023-08-15T07:15:00+00:00,1.28270,1.28310,1.28114,1.28154,100
2023-08-15T07:30:00+00:00,1.28154,1.28194,1.28087,1.28127,100
2023-08-15T07:45:00+00:00,1.28127,1.28167,1.28007,1.28047,100
2023-08-15T08:00:00+00:00,1.28047,1.28087,1.27901,1.27941,100
2023-08-15T08:15:00+00:00,1.27941,1.28093,1.27901,1.28053,100
2023-08-15T08:30:00+00:00,1.28053,1.28093,1.27930,1.27970,100
2023-08-15T08:45:00+00:00,1.27970,1.28112,1.27930,1.28072,100
2023-08-15T09:00:00+00:00,1.28072,1.28167,1.28032,1.28127,100
2023-08-15T09:15:00+00:00,1.28127,1.28167,1.28050,1.28090,100
2023-08-15T09:30:00+00:00,1.28090,1.28130,1.28020,1.28060,100
2023-08-15T09:45:00+00:00,1.28060,1.28100,1.27990,1.28030,100
2023-08-15T10:00:00+00:00,1.28030,1.28070,1.27936,1.27976,100
2023-08-15T10:15:00+00:00,1.27976,1.28034,1.27936,1.27994,100
2023-08-15T10:30:00+00:00,1.27994,1.28034,1.27866,1.27906,100
2023-08-15T10:45:00+00:00,1.27906,1.27967,1.27866,1.27927,100
2023-08-15T11:00:00+00:00,1.27927,1.27967,1.27885,1.27925,100
2023-08-15T11:15:00+00:00,1.27925,1.27965,1.27811,1.27851,100
2023-08-15T11:30:00+00:00,1.27851,1.28000,1.27811,1.27960,100
2023-08-15T11:45:00+00:00,1.27960,1.28000,1.27869,1.27909,100
2023-08-15T12:00:00+00:00,1.27909,1.27980,1.27869,1.27940,100
2023-08-15T12:15:00+00:00,1.27940,1.28033,1.27900,1.27993,100
2023-08-15T12:30:00+00:00,1.27993,1.28090,1.27953,1.28050,100
2023-08-15T12:45:00+00:00,1.28050,1.28109,1.28010,1.28069,100
2023-08-15T13:00:00+00:00,1.28069,1.28109,1.28019,1.28059,100
2023-08-15T13:15:00+00:00,1.28059,1.28099,1.28001,1.28041,100
2023-08-15T13:30:00+00:00,1.28041,1.28138,1.28001,1.28098,100
2023-08-15T13:45:00+00:00,1.28098,1.28138,1.27953,1.27993,100
2023-08-15T14:00:00+00:00,1.27993,1.28049,1.27953,1.28009,100
2023-08-15T14:15:00+00:00,1.28009,1.28130,1.27969,1.28090,100
2023-08-15T14:30:00+00:00,1.28090,1.28130,1.28039,1.28079,100
2023-08-15T14:45:00+00:00,1.28079,1.28119,1.28035,1.28075,100
2023-08-15T15:00:00+00:00,1.28075,1.28160,1.28035,1.28120,100
2023-08-15T15:15:00+00:00,1.28120,1.28228,1.28080,1.28188,100
2023-08-15T15:30:00+00:00,1.28188,1.28228,1.28107,1.28147,100
2023-08-15T15:45:00+00:00,1.28147,1.28211,1.28107,1.28171,100
2023-08-15T16:00:00+00:00,1.28171,1.28287,1.28131,1.28247,100
2023-08-15T16:15:00+00:00,1.28247,1.28314,1.28207,1.28274,100
2023-08-15T16:30:00+00:00,1.28274,1.28314,1.28165,1.28205,100
2023-08-15T16:45:00+00:00,1.28205,1.28364,1.28165,1.28324,100
2023-08-15T17:00:00+00:00,1.28324,1.28364,1.28246,1.28286,100
2023-08-15T17:15:00+00:00,1.28286,1.28362,1.28246,1.28322,100
2023-08-15T17:30:00+00:00,1.28322,1.28362,1.28175,1.28215,100
2023-08-15T17:45:00+00:00,1.28215,1.28298,1.28175,1.28258,100
2023-08-15T18:00:00+00:00,1.28258,1.28311,1.28218,1.28271,100
2023-08-15T18:15:00+00:00,1.28271,1.28409,1.28231,1.28369,100
2023-08-15T18:30:00+00:00,1.28369,1.28409,1.28264,1.28304,100
2023-08-15T18:45:00+00:00,1.28304,1.28344,1.28150,1.28190,100
2023-08-15T19:00:00+00:00,1.28190,1.28230,1.28109,1.28149,100
2023-08-15T19:15:00+00:00,1.28149,1.28189,1.28092,1.28132,100
2023-08-15T19:30:00+00:00,1.28132,1.28216,1.28092,1.28176,100
2023-08-15T19:45:00+00:00,1.28176,1.28216,1.28090,1.28130,100
2023-08-15T20:00:00+00:00,1.28130,1.28235,1.28090,1.28195,100
2023-08-15T20:15:00+00:00,1.28195,1.28320,1.28155,1.28280,100
2023-08-15T20:30:00+00:00,1.28280,1.28320,1.28127,1.28167,100
2023-08-15T20:45:00+00:00,1.28167,1.28324,1.28127,1.28284,100
2023-08-15T21:00:00+00:00,1.28284,1.28324,1.28140,1.28180,100
2023-08-15T21:15:00+00:00,1.28180,1.28220,1.28082,1.28122,100
2023-08-15T21:30:00+00:00,1.28122,1.28162,1.27982,1.28022,100
2023-08-15T21:45:00+00:00,1.28022,1.28134,1.27982,1.28094,100
2023-08-15T22:00:00+00:00,1.28094,1.28243,1.28054,1.28203,100
2023-08-15T22:15:00+00:00,1.28203,1.28243,1.28107,1.28147,100
2023-08-15T22:30:00+00:00,1.28147,1.28203,1.28107,1.28163,100
2023-08-15T22:45:00+00:00,1.28163,1.28315,1.28123,1.28275,100
2023-08-15T23:00:00+00:00,1.28275,1.28380,1.28235,1.28340,100
2023-08-15T23:15:00+00:00,1.28340,1.28380,1.28242,1.28282,100
2023-08-15T23:30:00+00:00,1.28282,1.28322,1.28233,1.28273,100
2023-08-15T23:45:00+00:00,1.28273,1.28413,1.28233,1.28373,100
2023-08-16T00:00:00+00:00,1.28373,1.28502,1.28333,1.28462,100
2023-08-16T00:15:00+00:00,1.28462,1.28502,1.28418,1.28458,100
2023-08-16T00:30:00+00:00,1.28458,1.28517,1.28418,1.28477,100
2023-08-16T00:45:00+00:00,1.28477,1.28517,1.28334,1.28374,100
2023-08-16T01:00:00+00:00,1.28374,1.28414,1.28309,1.28349,100
2023-08-16T01:15:00+00:00,1.28349,1.28463,1.28309,1.28423,100
2023-08-16T01:30:00+00:00,1.28423,1.28463,1.28272,1.28312,100
2023-08-16T01:45:00+00:00,1.28312,1.28352,1.28200,1.28240,100
2023-08-16T02:00:00+00:00,1.28240,1.28295,1.28200,1.28255,100
2023-08-16T02:15:00+00:00,1.28255,1.28295,1.28100,1.28140,100
2023-08-16T02:30:00+00:00,1.28140,1.28180,1.28023,1.28063,100
2023-08-16T02:45:00+00:00,1.28063,1.28164,1.28023,1.28124,100
2023-08-16T03:00:00+00:00,1.28124,1.28164,1.28008,1.28048,100
2023-08-16T03:15:00+00:00,1.28048,1.28088,1.28007,1.28047,100
2023-08-16T03:30:00+00:00,1.28047,1.28192,1.28007,1.28152,100
2023-08-16T03:45:00+00:00,1.28152,1.28199,1.28112,1.28159,100
2023-08-16T04:00:00+00:00,1.28159,1.28244,1.28119,1.28204,100
2023-08-16T04:15:00+00:00,1.28204,1.28244,1.28060,1.28100,100
2023-08-16T04:30:00+00:00,1.28100,1.28146,1.28060,1.28106,100
2023-08-16T04:45:00+00:00,1.28106,1.28153,1.28066,1.28113,100
2023-08-16T05:00:00+00:00,1.28113,1.28153,1.28069,1.28109,100
2023-08-16T05:15:00+00:00,1.28109,1.28149,1.28064,1.28104,100
2023-08-16T05:30:00+00:00,1.28104,1.28144,1.27960,1.28000,100
2023-08-16T05:45:00+00:00,1.28000,1.28068,1.27960,1.28028,100
2023-08-16T06:00:00+00:00,1.28028,1.28068,1.27952,1.27992,100
2023-08-16T06:15:00+00:00,1.27992,1.28081,1.27952,1.28041,100
2023-08-16T06:30:00+00:00,1.28041,1.28081,1.27942,1.27982,100
2023-08-16T06:45:00+00:00,1.27982,1.28121,1.27942,1.28081,100
2023-08-16T07:00:00+00:00,1.28081,1.28121,1.28032,1.28072,100
2023-08-16T07:15:00+00:00,1.28072,1.28192,1.28032,1.28152,100
2023-08-16T07:30:00+00:00,1.28152,1.28197,1.28112,1.28157,100
2023-08-16T07:45:00+00:00,1.28157,1.28197,1.28065,1.28105,100
2023-08-16T08:00:00+00:00,1.28105,1.28145,1.28049,1.28089,100
2023-08-16T08:15:00+00:00,1.28089,1.28129,1.27996,1.28036,100
2023-08-16T08:30:00+00:00,1.28036,1.28084,1.27996,1.28044,100
2023-08-16T08:45:00+00:00,1.28044,1.28084,1.27971,1.28011,100
2023-08-16T09:00:00+00:00,1.28011,1.28051,1.27915,1.27955,100
2023-08-16T09:15:00+00:00,1.27955,1.28114,1.27915,1.28074,100
2023-08-16T09:30:00+00:00,1.28074,1.28227,1.28034,1.28187,100
2023-08-16T09:45:00+00:00,1.28187,1.28230,1.28147,1.28190,100
2023-08-16T10:00:00+00:00,1.28190,1.28245,1.28150,1.28205,100
2023-08-16T10:15:00+00:00,1.28205,1.28322,1.28165,1.28282,100
2023-08-16T10:30:00+00:00,1.28282,1.28354,1.28242,1.28314,100
2023-08-16T10:45:00+00:00,1.28314,1.28354,1.28254,1.28294,100
2023-08-16T11:00:00+00:00,1.28294,1.28334,1.28254,1.28294,100
2023-08-16T11:15:00+00:00,1.28294,1.28407,1.28254,1.28367,100
2023-08-16T11:30:00+00:00,1.28367,1.28407,1.28222,1.28262,100
2023-08-16T11:45:00+00:00,1.28262,1.28302,1.28201,1.28241,100
2023-08-16T12:00:00+00:00,1.28241,1.28281,1.28101,1.28141,100
2023-08-16T12:15:00+00:00,1.28141,1.28196,1.28101,1.28156,100
2023-08-16T12:30:00+00:00,1.28156,1.28196,1.28002,1.28042,100
2023-08-16T12:45:00+00:00,1.28042,1.28082,1.27988,1.28028,100
2023-08-16T13:00:00+00:00,1.28028,1.28068,1.27900,1.27940,100
2023-08-16T13:15:00+00:00,1.27940,1.27980,1.27861,1.27901,100
2023-08-16T13:30:00+00:00,1.27901,1.28055,1.27861,1.28015,100
2023-08-16T13:45:00+00:00,1.28015,1.28055,1.27911,1.27951,100
2023-08-16T14:00:00+00:00,1.27951,1.27991,1.27881,1.27921,100
2023-08-16T14:15:00+00:00,1.27921,1.28034,1.27881,1.27994,100
2023-08-16T14:30:00+00:00,1.27994,1.28034,1.27883,1.27923,100
2023-08-16T14:45:00+00:00,1.27923,1.27963,1.27818,1.27858,100
2023-08-16T15:00:00+00:00,1.27858,1.27898,1.27798,1.27838,100
2023-08-16T15:15:00+00:00,1.27838,1.27906,1.27798,1.27866,100
2023-08-16T15:30:00+00:00,1.27866,1.27906,1.27755,1.27795,100
2023-08-16T15:45:00+00:00,1.27795,1.27835,1.27697,1.27737,100
2023-08-16T16:00:00+00:00,1.27737,1.27777,1.27592,1.27632,100
2023-08-16T16:15:00+00:00,1.27632,1.27672,1.27536,1.27576,100
2023-08-16T16:30:00+00:00,1.27576,1.27616,1.27510,1.27550,100
2023-08-16T16:45:00+00:00,1.27550,1.27612,1.27510,1.27572,100
2023-08-16T17:00:00+00:00,1.27572,1.27612,1.27483,1.27523,100
2023-08-16T17:15:00+00:00,1.27523,1.27569,1.27483,1.27529,100
2023-08-16T17:30:00+00:00,1.27529,1.27638,1.27489,1.27598,100
2023-08-16T17:45:00+00:00,1.27598,1.27638,1.27505,1.27545,100
2023-08-16T18:00:00+00:00,1.27545,1.27637,1.27505,1.27597,100
2023-08-16T18:15:00+00:00,1.27597,1.27699,1.27557,1.27659,100
2023-08-16T18:30:00+00:00,1.27659,1.27801,1.27619,1.27761,100
2023-08-16T18:45:00+00:00,1.27761,1.27859,1.27721,1.27819,100
2023-08-16T19:00:00+00:00,1.27819,1.27892,1.27779,1.27852,100
2023-08-16T19:15:00+00:00,1.27852,1.27925,1.27812,1.27885,100
2023-08-16T19:30:00+00:00,1.27885,1.27925,1.27817,1.27857,100
2023-08-16T19:45:00+00:00,1.27857,1.27991,1.27817,1.27951,100
2023-08-16T20:00:00+00:00,1.27951,1.27991,1.27837,1.27877,100
2023-08-16T20:15:00+00:00,1.27877,1.27917,1.27803,1.27843,100
2023-08-16T20:30:00+00:00,1.27843,1.27883,1.27714,1.27754,100
2023-08-16T20:45:00+00:00,1.27754,1.27796,1.27714,1.27756,100
2023-08-16T21:00:00+00:00,1.27756,1.27893,1.27716,1.27853,100
2023-08-16T21:15:00+00:00,1.27853,1.27927,1.27813,1.27887,100
2023-08-16T21:30:00+00:00,1.27887,1.27927,1.27731,1.27771,100
2023-08-16T21:45:00+00:00,1.27771,1.27902,1.27731,1.27862,100
2023-08-16T22:00:00+00:00,1.27862,1.27902,1.27716,1.27756,100
2023-08-16T22:15:00+00:00,1.27756,1.27796,1.27642,1.27682,100
2023-08-16T22:30:00+00:00,1.27682,1.27722,1.27637,1.27677,100
2023-08-16T22:45:00+00:00,1.27677,1.27717,1.27523,1.27563,100
2023-08-16T23:00:00+00:00,1.27563,1.27673,1.27523,1.27633,100
2023-08-16T23:15:00+00:00,1.27633,1.27718,1.27593,1.27678,100
2023-08-16T23:30:00+00:00,1.27678,1.27829,1.27638,1.27789,100
2023-08-16T23:45:00+00:00,1.27789,1.27864,1.27749,1.27824,100
2023-08-17T00:00:00+00:00,1.27824,1.27864,1.27767,1.27807,100
2023-08-17T00:15:00+00:00,1.27807,1.27847,1.27702,1.27742,100
2023-08-17T00:30:00+00:00,1.27742,1.27782,1.27659,1.27699,100
2023-08-17T00:45:00+00:00,1.27699,1.27769,1.27659,1.27729,100
2023-08-17T01:00:00+00:00,1.27729,1.27849,1.27689,1.27809,100
2023-08-17T01:15:00+00:00,1.27809,1.27849,1.27694,1.27734,100
2023-08-17T01:30:00+00:00,1.27734,1.27780,1.27694,1.27740,100
2023-08-17T01:45:00+00:00,1.27740,1.27816,1.27700,1.27776,100
2023-08-17T02:00:00+00:00,1.27776,1.27816,1.27672,1.27712,100
2023-08-17T02:15:00+00:00,1.27712,1.27802,1.27672,1.27762,100
2023-08-17T02:30:00+00:00,1.27762,1.27802,1.27669,1.27709,100
2023-08-17T02:45:00+00:00,1.27709,1.27749,1.27633,1.27673,100
2023-08-17T03:00:00+00:00,1.27673,1.27713,1.27562,1.27602,100
2023-08-17T03:15:00+00:00,1.27602,1.27750,1.27562,1.27710,100
2023-08-17T03:30:00+00:00,1.27710,1.27750,1.27560,1.27600,100
2023-08-17T03:45:00+00:00,1.27600,1.27640,1.27514,1.27554,100
2023-08-17T04:00:00+00:00,1.27554,1.27621,1.27514,1.27581,100
2023-08-17T04:15:00+00:00,1.27581,1.27622,1.27541,1.27582,100
2023-08-17T04:30:00+00:00,1.27582,1.27622,1.27476,1.27516,100
2023-08-17T04:45:00+00:00,1.27516,1.27557,1.27476,1.27517,100
2023-08-17T05:00:00+00:00,1.27517,1.27557,1.27470,1.27510,100
2023-08-17T05:15:00+00:00,1.27510,1.27561,1.27470,1.27521,100
2023-08-17T05:30:00+00:00,1.27521,1.27561,1.27468,1.27508,100
2023-08-17T05:45:00+00:00,1.27508,1.27548,1.27388,1.27428,100
2023-08-17T06:00:00+00:00,1.27428,1.27515,1.27388,1.27475,100
2023-08-17T06:15:00+00:00,1.27475,1.27515,1.27394,1.27434,100
2023-08-17T06:30:00+00:00,1.27434,1.27548,1.27394,1.27508,100
2023-08-17T06:45:00+00:00,1.27508,1.27548,1.27428,1.27468,100
2023-08-17T07:00:00+00:00,1.27468,1.27596,1.27428,1.27556,100
2023-08-17T07:15:00+00:00,1.27556,1.27596,1.27456,1.27496,100
2023-08-17T07:30:00+00:00,1.27496,1.27571,1.27456,1.27531,100
2023-08-17T07:45:00+00:00,1.27531,1.27684,1.27491,1.27644,100
2023-08-17T08:00:00+00:00,1.27644,1.27684,1.27556,1.27596,100
2023-08-17T08:15:00+00:00,1.27596,1.27709,1.27556,1.27669,100
2023-08-17T08:30:00+00:00,1.27669,1.27722,1.27629,1.27682,100
2023-08-17T08:45:00+00:00,1.27682,1.27722,1.27522,1.27562,100
2023-08-17T09:00:00+00:00,1.27562,1.27624,1.27522,1.27584,100
2023-08-17T09:15:00+00:00,1.27584,1.27624,1.27514,1.27554,100
2023-08-17T09:30:00+00:00,1.27554,1.27594,1.27411,1.27451,100
2023-08-17T09:45:00+00:00,1.27451,1.27564,1.27411,1.27524,100
2023-08-17T10:00:00+00:00,1.27524,1.27611,1.27484,1.27571,100
2023-08-17T10:15:00+00:00,1.27571,1.27716,1.27531,1.27676,100
2023-08-17T10:30:00+00:00,1.27676,1.27716,1.27548,1.27588,100
2023-08-17T10:45:00+00:00,1.27588,1.27628,1.27515,1.27555,100
2023-08-17T11:00:00+00:00,1.27555,1.27613,1.27515,1.27573,100
2023-08-17T11:15:00+00:00,1.27573,1.27613,1.27496,1.27536,100
2023-08-17T11:30:00+00:00,1.27536,1.27576,1.27406,1.27446,100
2023-08-17T11:45:00+00:00,1.27446,1.27486,1.27374,1.27414,100
2023-08-17T12:00:00+00:00,1.27414,1.27454,1.27358,1.27398,100
2023-08-17T12:15:00+00:00,1.27398,1.27438,1.27357,1.27397,100
2023-08-17T12:30:00+00:00,1.27397,1.27437,1.27342,1.27382,100
2023-08-17T12:45:00+00:00,1.27382,1.27422,1.27323,1.27363,100
2023-08-17T13:00:00+00:00,1.27363,1.27403,1.27323,1.27363,100
2023-08-17T13:15:00+00:00,1.27363,1.27448,1.27323,1.27408,100
2023-08-17T13:30:00+00:00,1.27408,1.27448,1.27307,1.27347,100
2023-08-17T13:45:00+00:00,1.27347,1.27387,1.27303,1.27343,100
2023-08-17T14:00:00+00:00,1.27343,1.27465,1.27303,1.27425,100
2023-08-17T14:15:00+00:00,1.27425,1.27532,1.27385,1.27492,100
2023-08-17T14:30:00+00:00,1.27492,1.27600,1.27452,1.27560,100
2023-08-17T14:45:00+00:00,1.27560,1.27703,1.27520,1.27663,100
2023-08-17T15:00:00+00:00,1.27663,1.27703,1.27620,1.27660,100
2023-08-17T15:15:00+00:00,1.27660,1.27781,1.27620,1.27741,100
2023-08-17T15:30:00+00:00,1.27741,1.27851,1.27701,1.27811,100
2023-08-17T15:45:00+00:00,1.27811,1.27851,1.27736,1.27776,100
2023-08-17T16:00:00+00:00,1.27776,1.27880,1.27736,1.27840,100
2023-08-17T16:15:00+00:00,1.27840,1.27880,1.27796,1.27836,100
2023-08-17T16:30:00+00:00,1.27836,1.27892,1.27796,1.27852,100
2023-08-17T16:45:00+00:00,1.27852,1.27892,1.27730,1.27770,100
2023-08-17T17:00:00+00:00,1.27770,1.27867,1.27730,1.27827,100
2023-08-17T17:15:00+00:00,1.27827,1.27867,1.27747,1.27787,100
2023-08-17T17:30:00+00:00,1.27787,1.27827,1.27730,1.27770,100
2023-08-17T17:45:00+00:00,1.27770,1.27816,1.27730,1.27776,100
2023-08-17T18:00:00+00:00,1.27776,1.27879,1.27736,1.27839,100
2023-08-17T18:15:00+00:00,1.27839,1.27993,1.27799,1.27953,100
2023-08-17T18:30:00+00:00,1.27953,1.28081,1.27913,1.28041,100
2023-08-17T18:45:00+00:00,1.28041,1.28121,1.28001,1.28081,100
2023-08-17T19:00:00+00:00,1.28081,1.28121,1.27991,1.28031,100
2023-08-17T19:15:00+00:00,1.28031,1.28082,1.27991,1.28042,100
2023-08-17T19:30:00+00:00,1.28042,1.28112,1.28002,1.28072,100
2023-08-17T19:45:00+00:00,1.28072,1.28112,1.27996,1.28036,100
2023-08-17T20:00:00+00:00,1.28036,1.28174,1.27996,1.28134,100
2023-08-17T20:15:00+00:00,1.28134,1.28174,1.28049,1.28089,100
2023-08-17T20:30:00+00:00,1.28089,1.28135,1.28049,1.28095,100
2023-08-17T20:45:00+00:00,1.28095,1.28249,1.28055,1.28209,100
2023-08-17T21:00:00+00:00,1.28209,1.28249,1.28100,1.28140,100
2023-08-17T21:15:00+00:00,1.28140,1.28180,1.28081,1.28121,100
2023-08-17T21:30:00+00:00,1.28121,1.28262,1.28081,1.28222,100
2023-08-17T21:45:00+00:00,1.28222,1.28366,1.28182,1.28326,100
2023-08-17T22:00:00+00:00,1.28326,1.28366,1.28273,1.28313,100
2023-08-17T22:15:00+00:00,1.28313,1.28401,1.28273,1.28361,100
2023-08-17T22:30:00+00:00,1.28361,1.28417,1.28321,1.28377,100
2023-08-17T22:45:00+00:00,1.28377,1.28417,1.28238,1.28278,100
2023-08-17T23:00:00+00:00,1.28278,1.28418,1.28238,1.28378,100
2023-08-17T23:15:00+00:00,1.28378,1.28508,1.28338,1.28468,100
2023-08-17T23:30:00+00:00,1.28468,1.28608,1.28428,1.28568,100
2023-08-17T23:45:00+00:00,1.28568,1.28608,1.28459,1.28499,100
2023-08-18T00:00:00+00:00,1.28499,1.28550,1.28459,1.28510,100
2023-08-18T00:15:00+00:00,1.28510,1.28627,1.28470,1.28587,100
2023-08-18T00:30:00+00:00,1.28587,1.28713,1.28547,1.28673,100
2023-08-18T00:45:00+00:00,1.28673,1.28799,1.28633,1.28759,100
2023-08-18T01:00:00+00:00,1.28759,1.28799,1.28611,1.28651,100
2023-08-18T01:15:00+00:00,1.28651,1.28735,1.28611,1.28695,100
2023-08-18T01:30:00+00:00,1.28695,1.28735,1.28618,1.28658,100
2023-08-18T01:45:00+00:00,1.28658,1.28698,1.28531,1.28571,100
2023-08-18T02:00:00+00:00,1.28571,1.28613,1.28531,1.28573,100
2023-08-18T02:15:00+00:00,1.28573,1.28613,1.28432,1.28472,100
2023-08-18T02:30:00+00:00,1.28472,1.28512,1.28385,1.28425,100
2023-08-18T02:45:00+00:00,1.28425,1.28465,1.28369,1.28409,100
2023-08-18T03:00:00+00:00,1.28409,1.28449,1.28345,1.28385,100
2023-08-18T03:15:00+00:00,1.28385,1.28425,1.28302,1.28342,100
2023-08-18T03:30:00+00:00,1.28342,1.28382,1.28298,1.28338,100
2023-08-18T03:45:00+00:00,1.28338,1.28380,1.28298,1.28340,100
2023-08-18T04:00:00+00:00,1.28340,1.28380,1.28217,1.28257,100
2023-08-18T04:15:00+00:00,1.28257,1.28297,1.28152,1.28192,100
2023-08-18T04:30:00+00:00,1.28192,1.28232,1.28112,1.28152,100
2023-08-18T04:45:00+00:00,1.28152,1.28192,1.27997,1.28037,100
2023-08-18T05:00:00+00:00,1.28037,1.28083,1.27997,1.28043,100
2023-08-18T05:15:00+00:00,1.28043,1.28179,1.28003,1.28139,100
2023-08-18T05:30:00+00:00,1.28139,1.28179,1.28038,1.28078,100
2023-08-18T05:45:00+00:00,1.28078,1.28210,1.28038,1.28170,100
2023-08-18T06:00:00+00:00,1.28170,1.28210,1.28099,1.28139,100
2023-08-18T06:15:00+00:00,1.28139,1.28179,1.28087,1.28127,100
2023-08-18T06:30:00+00:00,1.28127,1.28234,1.28087,1.28194,100
2023-08-18T06:45:00+00:00,1.28194,1.28234,1.28140,1.28180,100
2023-08-18T07:00:00+00:00,1.28180,1.28220,1.28140,1.28180,100
2023-08-18T07:15:00+00:00,1.28180,1.28320,1.28140,1.28280,100
2023-08-18T07:30:00+00:00,1.28280,1.28320,1.28137,1.28177,100
2023-08-18T07:45:00+00:00,1.28177,1.28217,1.28123,1.28163,100
2023-08-18T08:00:00+00:00,1.28163,1.28203,1.28075,1.28115,100
2023-08-18T08:15:00+00:00,1.28115,1.28155,1.28074,1.28114,100
2023-08-18T08:30:00+00:00,1.28114,1.28166,1.28074,1.28126,100
2023-08-18T08:45:00+00:00,1.28126,1.28212,1.28086,1.28172,100
2023-08-18T09:00:00+00:00,1.28172,1.28212,1.28082,1.28122,100
2023-08-18T09:15:00+00:00,1.28122,1.28265,1.28082,1.28225,100
2023-08-18T09:30:00+00:00,1.28225,1.28374,1.28185,1.28334,100
2023-08-18T09:45:00+00:00,1.28334,1.28440,1.28294,1.28400,100
2023-08-18T10:00:00+00:00,1.28400,1.28466,1.28360,1.28426,100
2023-08-18T10:15:00+00:00,1.28426,1.28537,1.28386,1.28497,100
2023-08-18T10:30:00+00:00,1.28497,1.28537,1.28350,1.28390,100
2023-08-18T10:45:00+00:00,1.28390,1.28459,1.28350,1.28419,100
2023-08-18T11:00:00+00:00,1.28419,1.28459,1.28366,1.28406,100
2023-08-18T11:15:00+00:00,1.28406,1.28446,1.28325,1.28365,100
2023-08-18T11:30:00+00:00,1.28365,1.28448,1.28325,1.28408,100
2023-08-18T11:45:00+00:00,1.28408,1.28448,1.28338,1.28378,100
2023-08-18T12:00:00+00:00,1.28378,1.28513,1.28338,1.28473,100
2023-08-18T12:15:00+00:00,1.28473,1.28513,1.28338,1.28378,100
2023-08-18T12:30:00+00:00,1.28378,1.28418,1.28282,1.28322,100
2023-08-18T12:45:00+00:00,1.28322,1.28362,1.28275,1.28315,100
2023-08-18T13:00:00+00:00,1.28315,1.28355,1.28188,1.28228,100
2023-08-18T13:15:00+00:00,1.28228,1.28268,1.28096,1.28136,100
2023-08-18T13:30:00+00:00,1.28136,1.28219,1.28096,1.28179,100
2023-08-18T13:45:00+00:00,1.28179,1.28219,1.28082,1.28122,100
2023-08-18T14:00:00+00:00,1.28122,1.28162,1.27994,1.28034,100
2023-08-18T14:15:00+00:00,1.28034,1.28122,1.27994,1.28082,100
2023-08-18T14:30:00+00:00,1.28082,1.28208,1.28042,1.28168,100
2023-08-18T14:45:00+00:00,1.28168,1.28235,1.28128,1.28195,100
2023-08-18T15:00:00+00:00,1.28195,1.28265,1.28155,1.28225,100
2023-08-18T15:15:00+00:00,1.28225,1.28265,1.28133,1.28173,100
2023-08-18T15:30:00+00:00,1.28173,1.28311,1.28133,1.28271,100
2023-08-18T15:45:00+00:00,1.28271,1.28379,1.28231,1.28339,100
2023-08-18T16:00:00+00:00,1.28339,1.28453,1.28299,1.28413,100
2023-08-18T16:15:00+00:00,1.28413,1.28462,1.28373,1.28422,100
2023-08-18T16:30:00+00:00,1.28422,1.28462,1.28317,1.28357,100
2023-08-18T16:45:00+00:00,1.28357,1.28397,1.28311,1.28351,100
2023-08-18T17:00:00+00:00,1.28351,1.28391,1.28283,1.28323,100
2023-08-18T17:15:00+00:00,1.28323,1.28393,1.28283,1.28353,100
2023-08-18T17:30:00+00:00,1.28353,1.28393,1.28226,1.28266,100
2023-08-18T17:45:00+00:00,1.28266,1.28306,1.28155,1.28195,100
2023-08-18T18:00:00+00:00,1.28195,1.28247,1.28155,1.28207,100
2023-08-18T18:15:00+00:00,1.28207,1.28247,1.28080,1.28120,100
2023-08-18T18:30:00+00:00,1.28120,1.28160,1.27999,1.28039,100
2023-08-18T18:45:00+00:00,1.28039,1.28089,1.27999,1.28049,100
2023-08-18T19:00:00+00:00,1.28049,1.28089,1.27996,1.28036,100
2023-08-18T19:15:00+00:00,1.28036,1.28154,1.27996,1.28114,100
2023-08-18T19:30:00+00:00,1.28114,1.28270,1.28074,1.28230,100
2023-08-18T19:45:00+00:00,1.28230,1.28283,1.28190,1.28243,100
2023-08-18T20:00:00+00:00,1.28243,1.28318,1.28203,1.28278,100
2023-08-18T20:15:00+00:00,1.28278,1.28318,1.28219,1.28259,100
2023-08-18T20:30:00+00:00,1.28259,1.28325,1.28219,1.28285,100
2023-08-18T20:45:00+00:00,1.28285,1.28325,1.28215,1.28255,100
2023-08-18T21:00:00+00:00,1.28255,1.28384,1.28215,1.28344,100
2023-08-18T21:15:00+00:00,1.28344,1.28386,1.28304,1.28346,100
2023-08-18T21:30:00+00:00,1.28346,1.28386,1.28245,1.28285,100
2023-08-18T21:45:00+00:00,1.28285,1.28325,1.28225,1.28265,100
2023-08-18T22:00:00+00:00,1.28265,1.28388,1.28225,1.28348,100
2023-08-18T22:15:00+00:00,1.28348,1.28388,1.28195,1.28235,100
2023-08-18T22:30:00+00:00,1.28235,1.28394,1.28195,1.28354,100
2023-08-18T22:45:00+00:00,1.28354,1.28454,1.28314,1.28414,100
2023-08-18T23:00:00+00:00,1.28414,1.28454,1.28374,1.28414,100
2023-08-18T23:15:00+00:00,1.28414,1.28454,1.28322,1.28362,100
2023-08-18T23:30:00+00:00,1.28362,1.28402,1.28262,1.28302,100
2023-08-18T23:45:00+00:00,1.28302,1.28342,1.28225,1.28265,100
2023-08-21T00:00:00+00:00,1.28265,1.28359,1.28225,1.28319,100
2023-08-21T00:15:00+00:00,1.28319,1.28390,1.28279,1.28350,100
2023-08-21T00:30:00+00:00,1.28350,1.28390,1.28310,1.28350,100
2023-08-21T00:45:00+00:00,1.28350,1.28390,1.28281,1.28321,100
2023-08-21T01:00:00+00:00,1.28321,1.28361,1.28262,1.28302,100
2023-08-21T01:15:00+00:00,1.28302,1.28342,1.28177,1.28217,100
2023-08-21T01:30:00+00:00,1.28217,1.28257,1.28147,1.28187,100
2023-08-21T01:45:00+00:00,1.28187,1.28273,1.28147,1.28233,100
2023-08-21T02:00:00+00:00,1.28233,1.28273,1.28077,1.28117,100
2023-08-21T02:15:00+00:00,1.28117,1.28263,1.28077,1.28223,100
2023-08-21T02:30:00+00:00,1.28223,1.28263,1.28068,1.28108,100
2023-08-21T02:45:00+00:00,1.28108,1.28148,1.28055,1.28095,100
2023-08-21T03:00:00+00:00,1.28095,1.28135,1.28005,1.28045,100
2023-08-21T03:15:00+00:00,1.28045,1.28094,1.28005,1.28054,100
2023-08-21T03:30:00+00:00,1.28054,1.28094,1.27957,1.27997,100
2023-08-21T03:45:00+00:00,1.27997,1.28062,1.27957,1.28022,100
2023-08-21T04:00:00+00:00,1.28022,1.28062,1.27872,1.27912,100
2023-08-21T04:15:00+00:00,1.27912,1.28047,1.27872,1.28007,100
2023-08-21T04:30:00+00:00,1.28007,1.28148,1.27967,1.28108,100
2023-08-21T04:45:00+00:00,1.28108,1.28237,1.28068,1.28197,100
2023-08-21T05:00:00+00:00,1.28197,1.28285,1.28157,1.28245,100
2023-08-21T05:15:00+00:00,1.28245,1.28285,1.28118,1.28158,100
2023-08-21T05:30:00+00:00,1.28158,1.28228,1.28118,1.28188,100
2023-08-21T05:45:00+00:00,1.28188,1.28246,1.28148,1.28206,100
2023-08-21T06:00:00+00:00,1.28206,1.28318,1.28166,1.28278,100
2023-08-21T06:15:00+00:00,1.28278,1.28318,1.28228,1.28268,100
2023-08-21T06:30:00+00:00,1.28268,1.28377,1.28228,1.28337,100
2023-08-21T06:45:00+00:00,1.28337,1.28377,1.28251,1.28291,100
2023-08-21T07:00:00+00:00,1.28291,1.28331,1.28138,1.28178,100
2023-08-21T07:15:00+00:00,1.28178,1.28218,1.28056,1.28096,100
2023-08-21T07:30:00+00:00,1.28096,1.28254,1.28056,1.28214,100
2023-08-21T07:45:00+00:00,1.28214,1.28254,1.28132,1.28172,100
2023-08-21T08:00:00+00:00,1.28172,1.28212,1.28045,1.28085,100
2023-08-21T08:15:00+00:00,1.28085,1.28125,1.27965,1.28005,100
2023-08-21T08:30:00+00:00,1.28005,1.28153,1.27965,1.28113,100
2023-08-21T08:45:00+00:00,1.28113,1.28227,1.28073,1.28187,100
2023-08-21T09:00:00+00:00,1.28187,1.28227,1.28132,1.28172,100
2023-08-21T09:15:00+00:00,1.28172,1.28212,1.28025,1.28065,100
2023-08-21T09:30:00+00:00,1.28065,1.28177,1.28025,1.28137,100
2023-08-21T09:45:00+00:00,1.28137,1.28177,1.27978,1.28018,100
2023-08-21T10:00:00+00:00,1.28018,1.28118,1.27978,1.28078,100
2023-08-21T10:15:00+00:00,1.28078,1.28118,1.28020,1.28060,100
2023-08-21T10:30:00+00:00,1.28060,1.28100,1.27986,1.28026,100
2023-08-21T10:45:00+00:00,1.28026,1.28066,1.27870,1.27910,100
2023-08-21T11:00:00+00:00,1.27910,1.27988,1.27870,1.27948,100
2023-08-21T11:15:00+00:00,1.27948,1.28078,1.27908,1.28038,100
2023-08-21T11:30:00+00:00,1.28038,1.28078,1.27986,1.28026,100
2023-08-21T11:45:00+00:00,1.28026,1.28156,1.27986,1.28116,100
2023-08-21T12:00:00+00:00,1.28116,1.28156,1.28001,1.28041,100
2023-08-21T12:15:00+00:00,1.28041,1.28081,1.27959,1.27999,100
2023-08-21T12:30:00+00:00,1.27999,1.28039,1.27942,1.27982,100
2023-08-21T12:45:00+00:00,1.27982,1.28022,1.27866,1.27906,100
2023-08-21T13:00:00+00:00,1.27906,1.28064,1.27866,1.28024,100
2023-08-21T13:15:00+00:00,1.28024,1.28068,1.27984,1.28028,100
2023-08-21T13:30:00+00:00,1.28028,1.28068,1.27868,1.27908,100
2023-08-21T13:45:00+00:00,1.27908,1.27980,1.27868,1.27940,100
2023-08-21T14:00:00+00:00,1.27940,1.27980,1.27816,1.27856,100
2023-08-21T14:15:00+00:00,1.27856,1.27896,1.27781,1.27821,100
2023-08-21T14:30:00+00:00,1.27821,1.27937,1.27781,1.27897,100
2023-08-21T14:45:00+00:00,1.27897,1.27937,1.27818,1.27858,100
2023-08-21T15:00:00+00:00,1.27858,1.27898,1.27762,1.27802,100
2023-08-21T15:15:00+00:00,1.27802,1.27929,1.27762,1.27889,100
2023-08-21T15:30:00+00:00,1.27889,1.27929,1.27792,1.27832,100
2023-08-21T15:45:00+00:00,1.27832,1.27980,1.27792,1.27940,100
2023-08-21T16:00:00+00:00,1.27940,1.27980,1.27788,1.27828,100
2023-08-21T16:15:00+00:00,1.27828,1.27868,1.27684,1.27724,100
2023-08-21T16:30:00+00:00,1.27724,1.27883,1.27684,1.27843,100
2023-08-21T16:45:00+00:00,1.27843,1.27911,1.27803,1.27871,100
2023-08-21T17:00:00+00:00,1.27871,1.27924,1.27831,1.27884,100
2023-08-21T17:15:00+00:00,1.27884,1.27994,1.27844,1.27954,100
2023-08-21T17:30:00+00:00,1.27954,1.27994,1.27865,1.27905,100
2023-08-21T17:45:00+00:00,1.27905,1.28034,1.27865,1.27994,100
2023-08-21T18:00:00+00:00,1.27994,1.28034,1.27901,1.27941,100
2023-08-21T18:15:00+00:00,1.27941,1.28068,1.27901,1.28028,100
2023-08-21T18:30:00+00:00,1.28028,1.28068,1.27988,1.28028,100
2023-08-21T18:45:00+00:00,1.28028,1.28163,1.27988,1.28123,100
2023-08-21T19:00:00+00:00,1.28123,1.28274,1.28083,1.28234,100
2023-08-21T19:15:00+00:00,1.28234,1.28346,1.28194,1.28306,100
2023-08-21T19:30:00+00:00,1.28306,1.28346,1.28181,1.28221,100
2023-08-21T19:45:00+00:00,1.28221,1.28261,1.28171,1.28211,100
2023-08-21T20:00:00+00:00,1.28211,1.28350,1.28171,1.28310,100
2023-08-21T20:15:00+00:00,1.28310,1.28350,1.28256,1.28296,100
2023-08-21T20:30:00+00:00,1.28296,1.28336,1.28187,1.28227,100
2023-08-21T20:45:00+00:00,1.28227,1.28267,1.28179,1.28219,100
2023-08-21T21:00:00+00:00,1.28219,1.28259,1.28090,1.28130,100
2023-08-21T21:15:00+00:00,1.28130,1.28170,1.27989,1.28029,100
2023-08-21T21:30:00+00:00,1.28029,1.28090,1.27989,1.28050,100
2023-08-21T21:45:00+00:00,1.28050,1.28090,1.27893,1.27933,100
2023-08-21T22:00:00+00:00,1.27933,1.27973,1.27870,1.27910,100
2023-08-21T22:15:00+00:00,1.27910,1.27950,1.27826,1.27866,100
2023-08-21T22:30:00+00:00,1.27866,1.27977,1.27826,1.27937,100
2023-08-21T22:45:00+00:00,1.27937,1.27977,1.27864,1.27904,100
2023-08-21T23:00:00+00:00,1.27904,1.27944,1.27849,1.27889,100
2023-08-21T23:15:00+00:00,1.27889,1.27962,1.27849,1.27922,100
2023-08-21T23:30:00+00:00,1.27922,1.27962,1.27803,1.27843,100
2023-08-21T23:45:00+00:00,1.27843,1.27883,1.27797,1.27837,100
2023-08-22T00:00:00+00:00,1.27837,1.27877,1.27724,1.27764,100
2023-08-22T00:15:00+00:00,1.27764,1.27804,1.27700,1.27740,100
2023-08-22T00:30:00+00:00,1.27740,1.27854,1.27700,1.27814,100
2023-08-22T00:45:00+00:00,1.27814,1.27960,1.27774,1.27920,100
2023-08-22T01:00:00+00:00,1.27920,1.28069,1.27880,1.28029,100
2023-08-22T01:15:00+00:00,1.28029,1.28141,1.27989,1.28101,100
2023-08-22T01:30:00+00:00,1.28101,1.28141,1.27951,1.27991,100
2023-08-22T01:45:00+00:00,1.27991,1.28031,1.27933,1.27973,100
2023-08-22T02:00:00+00:00,1.27973,1.28013,1.27901,1.27941,100
2023-08-22T02:15:00+00:00,1.27941,1.27981,1.27871,1.27911,100
2023-08-22T02:30:00+00:00,1.27911,1.27951,1.27862,1.27902,100
2023-08-22T02:45:00+00:00,1.27902,1.27985,1.27862,1.27945,100
2023-08-22T03:00:00+00:00,1.27945,1.27985,1.27786,1.27826,100
2023-08-22T03:15:00+00:00,1.27826,1.27888,1.27786,1.27848,100
2023-08-22T03:30:00+00:00,1.27848,1.27888,1.27702,1.27742,100
2023-08-22T03:45:00+00:00,1.27742,1.27842,1.27702,1.27802,100
2023-08-22T04:00:00+00:00,1.27802,1.27946,1.27762,1.27906,100
2023-08-22T04:15:00+00:00,1.27906,1.27986,1.27866,1.27946,100
2023-08-22T04:30:00+00:00,1.27946,1.28052,1.27906,1.28012,100
2023-08-22T04:45:00+00:00,1.28012,1.28167,1.27972,1.28127,100
2023-08-22T05:00:00+00:00,1.28127,1.28267,1.28087,1.28227,100
2023-08-22T05:15:00+00:00,1.28227,1.28267,1.28136,1.28176,100
2023-08-22T05:30:00+00:00,1.28176,1.28243,1.28136,1.28203,100
2023-08-22T05:45:00+00:00,1.28203,1.28243,1.28158,1.28198,100
2023-08-22T06:00:00+00:00,1.28198,1.28243,1.28158,1.28203,100
2023-08-22T06:15:00+00:00,1.28203,1.28243,1.28145,1.28185,100
2023-08-22T06:30:00+00:00,1.28185,1.28225,1.28029,1.28069,100
2023-08-22T06:45:00+00:00,1.28069,1.28109,1.27988,1.28028,100
2023-08-22T07:00:00+00:00,1.28028,1.28068,1.27875,1.27915,100
2023-08-22T07:15:00+00:00,1.27915,1.28048,1.27875,1.28008,100
2023-08-22T07:30:00+00:00,1.28008,1.28117,1.27968,1.28077,100
2023-08-22T07:45:00+00:00,1.28077,1.28117,1.27931,1.27971,100
2023-08-22T08:00:00+00:00,1.27971,1.28045,1.27931,1.28005,100
2023-08-22T08:15:00+00:00,1.28005,1.28136,1.27965,1.28096,100
2023-08-22T08:30:00+00:00,1.28096,1.28167,1.28056,1.28127,100
2023-08-22T08:45:00+00:00,1.28127,1.28205,1.28087,1.28165,100
2023-08-22T09:00:00+00:00,1.28165,1.28205,1.28121,1.28161,100
2023-08-22T09:15:00+00:00,1.28161,1.28201,1.28094,1.28134,100
2023-08-22T09:30:00+00:00,1.28134,1.28174,1.28054,1.28094,100
2023-08-22T09:45:00+00:00,1.28094,1.28134,1.27955,1.27995,100
2023-08-22T10:00:00+00:00,1.27995,1.28035,1.27909,1.27949,100
2023-08-22T10:15:00+00:00,1.27949,1.27989,1.27839,1.27879,100
2023-08-22T10:30:00+00:00,1.27879,1.27919,1.27822,1.27862,100
2023-08-22T10:45:00+00:00,1.27862,1.27902,1.27792,1.27832,100
2023-08-22T11:00:00+00:00,1.27832,1.27872,1.27746,1.27786,100
2023-08-22T11:15:00+00:00,1.27786,1.27944,1.27746,1.27904,100
2023-08-22T11:30:00+00:00,1.27904,1.27944,1.27799,1.27839,100
2023-08-22T11:45:00+00:00,1.27839,1.27879,1.27772,1.27812,100
2023-08-22T12:00:00+00:00,1.27812,1.27929,1.27772,1.27889,100
2023-08-22T12:15:00+00:00,1.27889,1.27929,1.27817,1.27857,100
2023-08-22T12:30:00+00:00,1.27857,1.27897,1.27709,1.27749,100
2023-08-22T12:45:00+00:00,1.27749,1.27804,1.27709,1.27764,100
2023-08-22T13:00:00+00:00,1.27764,1.27804,1.27686,1.27726,100
2023-08-22T13:15:00+00:00,1.27726,1.27837,1.27686,1.27797,100
2023-08-22T13:30:00+00:00,1.27797,1.27837,1.27717,1.27757,100
2023-08-22T13:45:00+00:00,1.27757,1.27797,1.27676,1.27716,100
2023-08-22T14:00:00+00:00,1.27716,1.27759,1.27676,1.27719,100
2023-08-22T14:15:00+00:00,1.27719,1.27790,1.27679,1.27750,100
2023-08-22T14:30:00+00:00,1.27750,1.27790,1.27620,1.27660,100
2023-08-22T14:45:00+00:00,1.27660,1.27700,1.27516,1.27556,100
2023-08-22T15:00:00+00:00,1.27556,1.27659,1.27516,1.27619,100
2023-08-22T15:15:00+00:00,1.27619,1.27659,1.27519,1.27559,100
2023-08-22T15:30:00+00:00,1.27559,1.27703,1.27519,1.27663,100
2023-08-22T15:45:00+00:00,1.27663,1.27778,1.27623,1.27738,100
2023-08-22T16:00:00+00:00,1.27738,1.27786,1.27698,1.27746,100
2023-08-22T16:15:00+00:00,1.27746,1.27786,1.27605,1.27645,100
2023-08-22T16:30:00+00:00,1.27645,1.27685,1.27547,1.27587,100
2023-08-22T16:45:00+00:00,1.27587,1.27627,1.27431,1.27471,100
2023-08-22T17:00:00+00:00,1.27471,1.27531,1.27431,1.27491,100
2023-08-22T17:15:00+00:00,1.27491,1.27546,1.27451,1.27506,100
2023-08-22T17:30:00+00:00,1.27506,1.27600,1.27466,1.27560,100
2023-08-22T17:45:00+00:00,1.27560,1.27600,1.27487,1.27527,100
2023-08-22T18:00:00+00:00,1.27527,1.27664,1.27487,1.27624,100
2023-08-22T18:15:00+00:00,1.27624,1.27754,1.27584,1.27714,100
2023-08-22T18:30:00+00:00,1.27714,1.27799,1.27674,1.27759,100
2023-08-22T18:45:00+00:00,1.27759,1.27800,1.27719,1.27760,100
2023-08-22T19:00:00+00:00,1.27760,1.27903,1.27720,1.27863,100
2023-08-22T19:15:00+00:00,1.27863,1.27904,1.27823,1.27864,100
2023-08-22T19:30:00+00:00,1.27864,1.27904,1.27704,1.27744,100
2023-08-22T19:45:00+00:00,1.27744,1.27878,1.27704,1.27838,100
2023-08-22T20:00:00+00:00,1.27838,1.27878,1.27699,1.27739,100
2023-08-22T20:15:00+00:00,1.27739,1.27779,1.27667,1.27707,100
2023-08-22T20:30:00+00:00,1.27707,1.27747,1.27635,1.27675,100
2023-08-22T20:45:00+00:00,1.27675,1.27801,1.27635,1.27761,100
2023-08-22T21:00:00+00:00,1.27761,1.27825,1.27721,1.27785,100
2023-08-22T21:15:00+00:00,1.27785,1.27837,1.27745,1.27797,100
2023-08-22T21:30:00+00:00,1.27797,1.27954,1.27757,1.27914,100
2023-08-22T21:45:00+00:00,1.27914,1.28047,1.27874,1.28007,100
2023-08-22T22:00:00+00:00,1.28007,1.28082,1.27967,1.28042,100
2023-08-22T22:15:00+00:00,1.28042,1.28082,1.27985,1.28025,100
2023-08-22T22:30:00+00:00,1.28025,1.28065,1.27920,1.27960,100
2023-08-22T22:45:00+00:00,1.27960,1.28092,1.27920,1.28052,100
2023-08-22T23:00:00+00:00,1.28052,1.28141,1.28012,1.28101,100
2023-08-22T23:15:00+00:00,1.28101,1.28239,1.28061,1.28199,100
2023-08-22T23:30:00+00:00,1.28199,1.28239,1.28137,1.28177,100
2023-08-22T23:45:00+00:00,1.28177,1.28326,1.28137,1.28286,100
2023-08-23T00:00:00+00:00,1.28286,1.28326,1.28145,1.28185,100
2023-08-23T00:15:00+00:00,1.28185,1.28225,1.28094,1.28134,100
2023-08-23T00:30:00+00:00,1.28134,1.28280,1.28094,1.28240,100
2023-08-23T00:45:00+00:00,1.28240,1.28346,1.28200,1.28306,100
2023-08-23T01:00:00+00:00,1.28306,1.28346,1.28189,1.28229,100
2023-08-23T01:15:00+00:00,1.28229,1.28269,1.28153,1.28193,100
2023-08-23T01:30:00+00:00,1.28193,1.28233,1.28086,1.28126,100
2023-08-23T01:45:00+00:00,1.28126,1.28198,1.28086,1.28158,100
2023-08-23T02:00:00+00:00,1.28158,1.28244,1.28118,1.28204,100
2023-08-23T02:15:00+00:00,1.28204,1.28269,1.28164,1.28229,100
2023-08-23T02:30:00+00:00,1.28229,1.28269,1.28164,1.28204,100
2023-08-23T02:45:00+00:00,1.28204,1.28244,1.28060,1.28100,100
2023-08-23T03:00:00+00:00,1.28100,1.28140,1.28019,1.28059,100
2023-08-23T03:15:00+00:00,1.28059,1.28202,1.28019,1.28162,100
2023-08-23T03:30:00+00:00,1.28162,1.28258,1.28122,1.28218,100
2023-08-23T03:45:00+00:00,1.28218,1.28281,1.28178,1.28241,100
2023-08-23T04:00:00+00:00,1.28241,1.28302,1.28201,1.28262,100
2023-08-23T04:15:00+00:00,1.28262,1.28302,1.28197,1.28237,100
2023-08-23T04:30:00+00:00,1.28237,1.28277,1.28082,1.28122,100
2023-08-23T04:45:00+00:00,1.28122,1.28162,1.28011,1.28051,100
2023-08-23T05:00:00+00:00,1.28051,1.28091,1.27966,1.28006,100
2023-08-23T05:15:00+00:00,1.28006,1.28046,1.27849,1.27889,100
2023-08-23T05:30:00+00:00,1.27889,1.27929,1.27814,1.27854,100
2023-08-23T05:45:00+00:00,1.27854,1.27894,1.27770,1.27810,100
2023-08-23T06:00:00+00:00,1.27810,1.27850,1.27748,1.27788,100
2023-08-23T06:15:00+00:00,1.27788,1.27828,1.27728,1.27768,100
2023-08-23T06:30:00+00:00,1.27768,1.27875,1.27728,1.27835,100
2023-08-23T06:45:00+00:00,1.27835,1.27881,1.27795,1.27841,100
2023-08-23T07:00:00+00:00,1.27841,1.27976,1.27801,1.27936,100
2023-08-23T07:15:00+00:00,1.27936,1.27992,1.27896,1.27952,100
2023-08-23T07:30:00+00:00,1.27952,1.27992,1.27869,1.27909,100
2023-08-23T07:45:00+00:00,1.27909,1.27949,1.27857,1.27897,100
2023-08-23T08:00:00+00:00,1.27897,1.27981,1.27857,1.27941,100
2023-08-23T08:15:00+00:00,1.27941,1.27981,1.27817,1.27857,100
2023-08-23T08:30:00+00:00,1.27857,1.27947,1.27817,1.27907,100
2023-08-23T08:45:00+00:00,1.27907,1.28058,1.27867,1.28018,100
2023-08-23T09:00:00+00:00,1.28018,1.28113,1.27978,1.28073,100
2023-08-23T09:15:00+00:00,1.28073,1.28158,1.28033,1.28118,100
2023-08-23T09:30:00+00:00,1.28118,1.28238,1.28078,1.28198,100
2023-08-23T09:45:00+00:00,1.28198,1.28238,1.28041,1.28081,100
2023-08-23T10:00:00+00:00,1.28081,1.28135,1.28041,1.28095,100
2023-08-23T10:15:00+00:00,1.28095,1.28135,1.28028,1.28068,100
2023-08-23T10:30:00+00:00,1.28068,1.28108,1.27951,1.27991,100
2023-08-23T10:45:00+00:00,1.27991,1.28031,1.27925,1.27965,100
2023-08-23T11:00:00+00:00,1.27965,1.28005,1.27816,1.27856,100
2023-08-23T11:15:00+00:00,1.27856,1.27942,1.27816,1.27902,100
2023-08-23T11:30:00+00:00,1.27902,1.27942,1.27766,1.27806,100
2023-08-23T11:45:00+00:00,1.27806,1.27846,1.27736,1.27776,100
2023-08-23T12:00:00+00:00,1.27776,1.27816,1.27639,1.27679,100
2023-08-23T12:15:00+00:00,1.27679,1.27837,1.27639,1.27797,100
2023-08-23T12:30:00+00:00,1.27797,1.27837,1.27694,1.27734,100
2023-08-23T12:45:00+00:00,1.27734,1.27785,1.27694,1.27745,100
2023-08-23T13:00:00+00:00,1.27745,1.27785,1.27589,1.27629,100
2023-08-23T13:15:00+00:00,1.27629,1.27669,1.27539,1.27579,100
2023-08-23T13:30:00+00:00,1.27579,1.27619,1.27518,1.27558,100
2023-08-23T13:45:00+00:00,1.27558,1.27598,1.27403,1.27443,100
2023-08-23T14:00:00+00:00,1.27443,1.27574,1.27403,1.27534,100
2023-08-23T14:15:00+00:00,1.27534,1.27609,1.27494,1.27569,100
2023-08-23T14:30:00+00:00,1.27569,1.27609,1.27418,1.27458,100
2023-08-23T14:45:00+00:00,1.27458,1.27498,1.27405,1.27445,100
2023-08-23T15:00:00+00:00,1.27445,1.27485,1.27314,1.27354,100
2023-08-23T15:15:00+00:00,1.27354,1.27394,1.27296,1.27336,100
2023-08-23T15:30:00+00:00,1.27336,1.27441,1.27296,1.27401,100
2023-08-23T15:45:00+00:00,1.27401,1.27441,1.27291,1.27331,100
2023-08-23T16:00:00+00:00,1.27331,1.27450,1.27291,1.27410,100
2023-08-23T16:15:00+00:00,1.27410,1.27450,1.27367,1.27407,100
2023-08-23T16:30:00+00:00,1.27407,1.27477,1.27367,1.27437,100
2023-08-23T16:45:00+00:00,1.27437,1.27591,1.27397,1.27551,100
2023-08-23T17:00:00+00:00,1.27551,1.27591,1.27433,1.27473,100
2023-08-23T17:15:00+00:00,1.27473,1.27568,1.27433,1.27528,100
2023-08-23T17:30:00+00:00,1.27528,1.27668,1.27488,1.27628,100
2023-08-23T17:45:00+00:00,1.27628,1.27668,1.27587,1.27627,100
2023-08-23T18:00:00+00:00,1.27627,1.27667,1.27523,1.27563,100
2023-08-23T18:15:00+00:00,1.27563,1.27669,1.27523,1.27629,100
2023-08-23T18:30:00+00:00,1.27629,1.27669,1.27578,1.27618,100
2023-08-23T18:45:00+00:00,1.27618,1.27658,1.27467,1.27507,100
2023-08-23T19:00:00+00:00,1.27507,1.27644,1.27467,1.27604,100
2023-08-23T19:15:00+00:00,1.27604,1.27644,1.27478,1.27518,100
2023-08-23T19:30:00+00:00,1.27518,1.27617,1.27478,1.27577,100
2023-08-23T19:45:00+00:00,1.27577,1.27617,1.27458,1.27498,100
2023-08-23T20:00:00+00:00,1.27498,1.27538,1.27447,1.27487,100
2023-08-23T20:15:00+00:00,1.27487,1.27532,1.27447,1.27492,100
2023-08-23T20:30:00+00:00,1.27492,1.27532,1.27398,1.27438,100
2023-08-23T20:45:00+00:00,1.27438,1.27494,1.27398,1.27454,100
2023-08-23T21:00:00+00:00,1.27454,1.27611,1.27414,1.27571,100
2023-08-23T21:15:00+00:00,1.27571,1.27611,1.27488,1.27528,100
2023-08-23T21:30:00+00:00,1.27528,1.27595,1.27488,1.27555,100
2023-08-23T21:45:00+00:00,1.27555,1.27700,1.27515,1.27660,100
2023-08-23T22:00:00+00:00,1.27660,1.27700,1.27536,1.27576,100
2023-08-23T22:15:00+00:00,1.27576,1.27707,1.27536,1.27667,100
2023-08-23T22:30:00+00:00,1.27667,1.27808,1.27627,1.27768,100
2023-08-23T22:45:00+00:00,1.27768,1.27839,1.27728,1.27799,100
2023-08-23T23:00:00+00:00,1.27799,1.27839,1.27650,1.27690,100
2023-08-23T23:15:00+00:00,1.27690,1.27730,1.27594,1.27634,100
2023-08-23T23:30:00+00:00,1.27634,1.27674,1.27529,1.27569,100
2023-08-23T23:45:00+00:00,1.27569,1.27612,1.27529,1.27572,100
2023-08-24T00:00:00+00:00,1.27572,1.27612,1.27461,1.27501,100
2023-08-24T00:15:00+00:00,1.27501,1.27645,1.27461,1.27605,100
2023-08-24T00:30:00+00:00,1.27605,1.27758,1.27565,1.27718,100
2023-08-24T00:45:00+00:00,1.27718,1.27758,1.27577,1.27617,100
2023-08-24T01:00:00+00:00,1.27617,1.27734,1.27577,1.27694,100
2023-08-24T01:15:00+00:00,1.27694,1.27734,1.27636,1.27676,100
2023-08-24T01:30:00+00:00,1.27676,1.27720,1.27636,1.27680,100
2023-08-24T01:45:00+00:00,1.27680,1.27720,1.27628,1.27668,100
2023-08-24T02:00:00+00:00,1.27668,1.27708,1.27594,1.27634,100
2023-08-24T02:15:00+00:00,1.27634,1.27676,1.27594,1.27636,100
2023-08-24T02:30:00+00:00,1.27636,1.27696,1.27596,1.27656,100
2023-08-24T02:45:00+00:00,1.27656,1.27696,1.27572,1.27612,100
2023-08-24T03:00:00+00:00,1.27612,1.27652,1.27507,1.27547,100
2023-08-24T03:15:00+00:00,1.27547,1.27587,1.27476,1.27516,100
2023-08-24T03:30:00+00:00,1.27516,1.27556,1.27400,1.27440,100
2023-08-24T03:45:00+00:00,1.27440,1.27512,1.27400,1.27472,100
2023-08-24T04:00:00+00:00,1.27472,1.27524,1.27432,1.27484,100
2023-08-24T04:15:00+00:00,1.27484,1.27580,1.27444,1.27540,100
2023-08-24T04:30:00+00:00,1.27540,1.27614,1.27500,1.27574,100
2023-08-24T04:45:00+00:00,1.27574,1.27644,1.27534,1.27604,100
2023-08-24T05:00:00+00:00,1.27604,1.27644,1.27499,1.27539,100
2023-08-24T05:15:00+00:00,1.27539,1.27579,1.27479,1.27519,100
2023-08-24T05:30:00+00:00,1.27519,1.27559,1.27384,1.27424,100
2023-08-24T05:45:00+00:00,1.27424,1.27535,1.27384,1.27495,100
2023-08-24T06:00:00+00:00,1.27495,1.27635,1.27455,1.27595,100
2023-08-24T06:15:00+00:00,1.27595,1.27674,1.27555,1.27634,100
2023-08-24T06:30:00+00:00,1.27634,1.27676,1.27594,1.27636,100
2023-08-24T06:45:00+00:00,1.27636,1.27676,1.27551,1.27591,100
2023-08-24T07:00:00+00:00,1.27591,1.27642,1.27551,1.27602,100
2023-08-24T07:15:00+00:00,1.27602,1.27707,1.27562,1.27667,100
2023-08-24T07:30:00+00:00,1.27667,1.27707,1.27626,1.27666,100
2023-08-24T07:45:00+00:00,1.27666,1.27727,1.27626,1.27687,100
2023-08-24T08:00:00+00:00,1.27687,1.27727,1.27546,1.27586,100
2023-08-24T08:15:00+00:00,1.27586,1.27626,1.27479,1.27519,100
2023-08-24T08:30:00+00:00,1.27519,1.27571,1.27479,1.27531,100
2023-08-24T08:45:00+00:00,1.27531,1.27661,1.27491,1.27621,100
2023-08-24T09:00:00+00:00,1.27621,1.27661,1.27529,1.27569,100
2023-08-24T09:15:00+00:00,1.27569,1.27610,1.27529,1.27570,100
2023-08-24T09:30:00+00:00,1.27570,1.27610,1.27489,1.27529,100
2023-08-24T09:45:00+00:00,1.27529,1.27569,1.27396,1.27436,100
2023-08-24T10:00:00+00:00,1.27436,1.27476,1.27346,1.27386,100
2023-08-24T10:15:00+00:00,1.27386,1.27470,1.27346,1.27430,100
2023-08-24T10:30:00+00:00,1.27430,1.27470,1.27359,1.27399,100
2023-08-24T10:45:00+00:00,1.27399,1.27439,1.27347,1.27387,100
2023-08-24T11:00:00+00:00,1.27387,1.27433,1.27347,1.27393,100
2023-08-24T11:15:00+00:00,1.27393,1.27457,1.27353,1.27417,100
2023-08-24T11:30:00+00:00,1.27417,1.27485,1.27377,1.27445,100
2023-08-24T11:45:00+00:00,1.27445,1.27531,1.27405,1.27491,100
2023-08-24T12:00:00+00:00,1.27491,1.27624,1.27451,1.27584,100
2023-08-24T12:15:00+00:00,1.27584,1.27659,1.27544,1.27619,100
2023-08-24T12:30:00+00:00,1.27619,1.27674,1.27579,1.27634,100
2023-08-24T12:45:00+00:00,1.27634,1.27772,1.27594,1.27732,100
2023-08-24T13:00:00+00:00,1.27732,1.27772,1.27678,1.27718,100
2023-08-24T13:15:00+00:00,1.27718,1.27766,1.27678,1.27726,100
2023-08-24T13:30:00+00:00,1.27726,1.27766,1.27586,1.27626,100
2023-08-24T13:45:00+00:00,1.27626,1.27698,1.27586,1.27658,100
2023-08-24T14:00:00+00:00,1.27658,1.27718,1.27618,1.27678,100
2023-08-24T14:15:00+00:00,1.27678,1.27821,1.27638,1.27781,100
2023-08-24T14:30:00+00:00,1.27781,1.27821,1.27638,1.27678,100
2023-08-24T14:45:00+00:00,1.27678,1.27718,1.27576,1.27616,100
2023-08-24T15:00:00+00:00,1.27616,1.27718,1.27576,1.27678,100
2023-08-24T15:15:00+00:00,1.27678,1.27786,1.27638,1.27746,100
2023-08-24T15:30:00+00:00,1.27746,1.27828,1.27706,1.27788,100
2023-08-24T15:45:00+00:00,1.27788,1.27828,1.27684,1.27724,100
2023-08-24T16:00:00+00:00,1.27724,1.27866,1.27684,1.27826,100
2023-08-24T16:15:00+00:00,1.27826,1.27879,1.27786,1.27839,100
2023-08-24T16:30:00+00:00,1.27839,1.27961,1.27799,1.27921,100
2023-08-24T16:45:00+00:00,1.27921,1.28040,1.27881,1.28000,100
2023-08-24T17:00:00+00:00,1.28000,1.28079,1.27960,1.28039,100
2023-08-24T17:15:00+00:00,1.28039,1.28081,1.27999,1.28041,100
2023-08-24T17:30:00+00:00,1.28041,1.28119,1.28001,1.28079,100
2023-08-24T17:45:00+00:00,1.28079,1.28119,1.27949,1.27989,100
2023-08-24T18:00:00+00:00,1.27989,1.28089,1.27949,1.28049,100
2023-08-24T18:15:00+00:00,1.28049,1.28192,1.28009,1.28152,100
2023-08-24T18:30:00+00:00,1.28152,1.28219,1.28112,1.28179,100
2023-08-24T18:45:00+00:00,1.28179,1.28254,1.28139,1.28214,100
2023-08-24T19:00:00+00:00,1.28214,1.28312,1.28174,1.28272,100
2023-08-24T19:15:00+00:00,1.28272,1.28352,1.28232,1.28312,100
2023-08-24T19:30:00+00:00,1.28312,1.28352,1.28186,1.28226,100
2023-08-24T19:45:00+00:00,1.28226,1.28346,1.28186,1.28306,100
2023-08-24T20:00:00+00:00,1.28306,1.28416,1.28266,1.28376,100
2023-08-24T20:15:00+00:00,1.28376,1.28416,1.28273,1.28313,100
2023-08-24T20:30:00+00:00,1.28313,1.28366,1.28273,1.28326,100
2023-08-24T20:45:00+00:00,1.28326,1.28366,1.28192,1.28232,100
2023-08-24T21:00:00+00:00,1.28232,1.28272,1.28131,1.28171,100
2023-08-24T21:15:00+00:00,1.28171,1.28211,1.28100,1.28140,100
2023-08-24T21:30:00+00:00,1.28140,1.28180,1.28098,1.28138,100
2023-08-24T21:45:00+00:00,1.28138,1.28246,1.28098,1.28206,100
2023-08-24T22:00:00+00:00,1.28206,1.28352,1.28166,1.28312,100
2023-08-24T22:15:00+00:00,1.28312,1.28414,1.28272,1.28374,100
2023-08-24T22:30:00+00:00,1.28374,1.28414,1.28290,1.28330,100
2023-08-24T22:45:00+00:00,1.28330,1.28370,1.28248,1.28288,100
2023-08-24T23:00:00+00:00,1.28288,1.28328,1.28150,1.28190,100
2023-08-24T23:15:00+00:00,1.28190,1.28242,1.28150,1.28202,100
2023-08-24T23:30:00+00:00,1.28202,1.28242,1.28133,1.28173,100
2023-08-24T23:45:00+00:00,1.28173,1.28229,1.28133,1.28189,100
2023-08-25T00:00:00+00:00,1.28189,1.28229,1.28129,1.28169,100
2023-08-25T00:15:00+00:00,1.28169,1.28248,1.28129,1.28208,100
2023-08-25T00:30:00+00:00,1.28208,1.28310,1.28168,1.28270,100
2023-08-25T00:45:00+00:00,1.28270,1.28310,1.28211,1.28251,100
2023-08-25T01:00:00+00:00,1.28251,1.28291,1.28209,1.28249,100
2023-08-25T01:15:00+00:00,1.28249,1.28331,1.28209,1.28291,100
2023-08-25T01:30:00+00:00,1.28291,1.28331,1.28179,1.28219,100
2023-08-25T01:45:00+00:00,1.28219,1.28290,1.28179,1.28250,100
2023-08-25T02:00:00+00:00,1.28250,1.28290,1.28116,1.28156,100
2023-08-25T02:15:00+00:00,1.28156,1.28196,1.28069,1.28109,100
2023-08-25T02:30:00+00:00,1.28109,1.28149,1.28055,1.28095,100
2023-08-25T02:45:00+00:00,1.28095,1.28135,1.28054,1.28094,100
2023-08-25T03:00:00+00:00,1.28094,1.28134,1.28027,1.28067,100
2023-08-25T03:15:00+00:00,1.28067,1.28196,1.28027,1.28156,100
2023-08-25T03:30:00+00:00,1.28156,1.28196,1.28062,1.28102,100
2023-08-25T03:45:00+00:00,1.28102,1.28215,1.28062,1.28175,100
2023-08-25T04:00:00+00:00,1.28175,1.28270,1.28135,1.28230,100
2023-08-25T04:15:00+00:00,1.28230,1.28270,1.28120,1.28160,100
2023-08-25T04:30:00+00:00,1.28160,1.28200,1.28067,1.28107,100
2023-08-25T04:45:00+00:00,1.28107,1.28199,1.28067,1.28159,100
2023-08-25T05:00:00+00:00,1.28159,1.28216,1.28119,1.28176,100
2023-08-25T05:15:00+00:00,1.28176,1.28241,1.28136,1.28201,100
2023-08-25T05:30:00+00:00,1.28201,1.28328,1.28161,1.28288,100
2023-08-25T05:45:00+00:00,1.28288,1.28328,1.28165,1.28205,100
2023-08-25T06:00:00+00:00,1.28205,1.28245,1.28089,1.28129,100
2023-08-25T06:15:00+00:00,1.28129,1.28286,1.28089,1.28246,100
2023-08-25T06:30:00+00:00,1.28246,1.28286,1.28160,1.28200,100
2023-08-25T06:45:00+00:00,1.28200,1.28268,1.28160,1.28228,100
2023-08-25T07:00:00+00:00,1.28228,1.28268,1.28135,1.28175,100
2023-08-25T07:15:00+00:00,1.28175,1.28215,1.28046,1.28086,100
2023-08-25T07:30:00+00:00,1.28086,1.28201,1.28046,1.28161,100
2023-08-25T07:45:00+00:00,1.28161,1.28262,1.28121,1.28222,100
2023-08-25T08:00:00+00:00,1.28222,1.28262,1.28132,1.28172,100
2023-08-25T08:15:00+00:00,1.28172,1.28212,1.28035,1.28075,100
2023-08-25T08:30:00+00:00,1.28075,1.28179,1.28035,1.28139,100
2023-08-25T08:45:00+00:00,1.28139,1.28179,1.28045,1.28085,100
2023-08-25T09:00:00+00:00,1.28085,1.28188,1.28045,1.28148,100
2023-08-25T09:15:00+00:00,1.28148,1.28188,1.28048,1.28088,100
2023-08-25T09:30:00+00:00,1.28088,1.28245,1.28048,1.28205,100
2023-08-25T09:45:00+00:00,1.28205,1.28245,1.28078,1.28118,100
2023-08-25T10:00:00+00:00,1.28118,1.28158,1.28038,1.28078,100
2023-08-25T10:15:00+00:00,1.28078,1.28118,1.27972,1.28012,100
2023-08-25T10:30:00+00:00,1.28012,1.28082,1.27972,1.28042,100
2023-08-25T10:45:00+00:00,1.28042,1.28150,1.28002,1.28110,100
2023-08-25T11:00:00+00:00,1.28110,1.28150,1.27980,1.28020,100
2023-08-25T11:15:00+00:00,1.28020,1.28070,1.27980,1.28030,100
2023-08-25T11:30:00+00:00,1.28030,1.28174,1.27990,1.28134,100
2023-08-25T11:45:00+00:00,1.28134,1.28174,1.28069,1.28109,100
2023-08-25T12:00:00+00:00,1.28109,1.28202,1.28069,1.28162,100
2023-08-25T12:15:00+00:00,1.28162,1.28253,1.28122,1.28213,100
2023-08-25T12:30:00+00:00,1.28213,1.28253,1.28124,1.28164,100
2023-08-25T12:45:00+00:00,1.28164,1.28298,1.28124,1.28258,100
2023-08-25T13:00:00+00:00,1.28258,1.28370,1.28218,1.28330,100
2023-08-25T13:15:00+00:00,1.28330,1.28370,1.28282,1.28322,100
2023-08-25T13:30:00+00:00,1.28322,1.28362,1.28212,1.28252,100
2023-08-25T13:45:00+00:00,1.28252,1.28292,1.28119,1.28159,100
2023-08-25T14:00:00+00:00,1.28159,1.28286,1.28119,1.28246,100
2023-08-25T14:15:00+00:00,1.28246,1.28303,1.28206,1.28263,100
2023-08-25T14:30:00+00:00,1.28263,1.28307,1.28223,1.28267,100
2023-08-25T14:45:00+00:00,1.28267,1.28307,1.28207,1.28247,100
2023-08-25T15:00:00+00:00,1.28247,1.28287,1.28089,1.28129,100
2023-08-25T15:15:00+00:00,1.28129,1.28169,1.28013,1.28053,100
2023-08-25T15:30:00+00:00,1.28053,1.28093,1.27908,1.27948,100
2023-08-25T15:45:00+00:00,1.27948,1.28082,1.27908,1.28042,100
2023-08-25T16:00:00+00:00,1.28042,1.28187,1.28002,1.28147,100
2023-08-25T16:15:00+00:00,1.28147,1.28187,1.28087,1.28127,100
2023-08-25T16:30:00+00:00,1.28127,1.28197,1.28087,1.28157,100
2023-08-25T16:45:00+00:00,1.28157,1.28219,1.28117,1.28179,100
2023-08-25T17:00:00+00:00,1.28179,1.28332,1.28139,1.28292,100
2023-08-25T17:15:00+00:00,1.28292,1.28447,1.28252,1.28407,100
2023-08-25T17:30:00+00:00,1.28407,1.28447,1.28279,1.28319,100
2023-08-25T17:45:00+00:00,1.28319,1.28464,1.28279,1.28424,100
2023-08-25T18:00:00+00:00,1.28424,1.28492,1.28384,1.28452,100
2023-08-25T18:15:00+00:00,1.28452,1.28492,1.28378,1.28418,100
2023-08-25T18:30:00+00:00,1.28418,1.28527,1.28378,1.28487,100
2023-08-25T18:45:00+00:00,1.28487,1.28527,1.28336,1.28376,100
2023-08-25T19:00:00+00:00,1.28376,1.28491,1.28336,1.28451,100
2023-08-25T19:15:00+00:00,1.28451,1.28581,1.28411,1.28541,100
2023-08-25T19:30:00+00:00,1.28541,1.28581,1.28402,1.28442,100
2023-08-25T19:45:00+00:00,1.28442,1.28482,1.28346,1.28386,100
2023-08-25T20:00:00+00:00,1.28386,1.28542,1.28346,1.28502,100
2023-08-25T20:15:00+00:00,1.28502,1.28648,1.28462,1.28608,100
2023-08-25T20:30:00+00:00,1.28608,1.28676,1.28568,1.28636,100
2023-08-25T20:45:00+00:00,1.28636,1.28786,1.28596,1.28746,100
2023-08-25T21:00:00+00:00,1.28746,1.28786,1.28606,1.28646,100
2023-08-25T21:15:00+00:00,1.28646,1.28686,1.28585,1.28625,100
2023-08-25T21:30:00+00:00,1.28625,1.28749,1.28585,1.28709,100
2023-08-25T21:45:00+00:00,1.28709,1.28749,1.28561,1.28601,100
2023-08-25T22:00:00+00:00,1.28601,1.28641,1.28521,1.28561,100
2023-08-25T22:15:00+00:00,1.28561,1.28601,1.28436,1.28476,100
2023-08-25T22:30:00+00:00,1.28476,1.28537,1.28436,1.28497,100
2023-08-25T22:45:00+00:00,1.28497,1.28654,1.28457,1.28614,100
2023-08-25T23:00:00+00:00,1.28614,1.28654,1.28572,1.28612,100
2023-08-25T23:15:00+00:00,1.28612,1.28731,1.28572,1.28691,100
2023-08-25T23:30:00+00:00,1.28691,1.28731,1.28547,1.28587,100
2023-08-25T23:45:00+00:00,1.28587,1.28627,1.28528,1.28568,100
2023-08-28T00:00:00+00:00,1.28568,1.28720,1.28528,1.28680,100
2023-08-28T00:15:00+00:00,1.28680,1.28831,1.28640,1.28791,100
2023-08-28T00:30:00+00:00,1.28791,1.28831,1.28691,1.28731,100
2023-08-28T00:45:00+00:00,1.28731,1.28771,1.28609,1.28649,100
2023-08-28T01:00:00+00:00,1.28649,1.28689,1.28554,1.28594,100
2023-08-28T01:15:00+00:00,1.28594,1.28738,1.28554,1.28698,100
2023-08-28T01:30:00+00:00,1.28698,1.28738,1.28567,1.28607,100
2023-08-28T01:45:00+00:00,1.28607,1.28647,1.28509,1.28549,100
2023-08-28T02:00:00+00:00,1.28549,1.28589,1.28465,1.28505,100
2023-08-28T02:15:00+00:00,1.28505,1.28545,1.28452,1.28492,100
2023-08-28T02:30:00+00:00,1.28492,1.28600,1.28452,1.28560,100
2023-08-28T02:45:00+00:00,1.28560,1.28604,1.28520,1.28564,100
2023-08-28T03:00:00+00:00,1.28564,1.28675,1.28524,1.28635,100
2023-08-28T03:15:00+00:00,1.28635,1.28675,1.28589,1.28629,100
2023-08-28T03:30:00+00:00,1.28629,1.28747,1.28589,1.28707,100
2023-08-28T03:45:00+00:00,1.28707,1.28747,1.28632,1.28672,100
2023-08-28T04:00:00+00:00,1.28672,1.28737,1.28632,1.28697,100
2023-08-28T04:15:00+00:00,1.28697,1.28737,1.28626,1.28666,100
2023-08-28T04:30:00+00:00,1.28666,1.28706,1.28606,1.28646,100
2023-08-28T04:45:00+00:00,1.28646,1.28686,1.28529,1.28569,100
2023-08-28T05:00:00+00:00,1.28569,1.28695,1.28529,1.28655,100
2023-08-28T05:15:00+00:00,1.28655,1.28695,1.28578,1.28618,100
2023-08-28T05:30:00+00:00,1.28618,1.28764,1.28578,1.28724,100
2023-08-28T05:45:00+00:00,1.28724,1.28801,1.28684,1.28761,100
2023-08-28T06:00:00+00:00,1.28761,1.28801,1.28627,1.28667,100
2023-08-28T06:15:00+00:00,1.28667,1.28801,1.28627,1.28761,100
2023-08-28T06:30:00+00:00,1.28761,1.28884,1.28721,1.28844,100
2023-08-28T06:45:00+00:00,1.28844,1.28907,1.28804,1.28867,100
2023-08-28T07:00:00+00:00,1.28867,1.28907,1.28771,1.28811,100
2023-08-28T07:15:00+00:00,1.28811,1.28935,1.28771,1.28895,100
2023-08-28T07:30:00+00:00,1.28895,1.28935,1.28804,1.28844,100
2023-08-28T07:45:00+00:00,1.28844,1.28982,1.28804,1.28942,100
2023-08-28T08:00:00+00:00,1.28942,1.29072,1.28902,1.29032,100
2023-08-28T08:15:00+00:00,1.29032,1.29072,1.28890,1.28930,100
2023-08-28T08:30:00+00:00,1.28930,1.28970,1.28852,1.28892,100
2023-08-28T08:45:00+00:00,1.28892,1.29048,1.28852,1.29008,100
2023-08-28T09:00:00+00:00,1.29008,1.29120,1.28968,1.29080,100
2023-08-28T09:15:00+00:00,1.29080,1.29120,1.28976,1.29016,100
2023-08-28T09:30:00+00:00,1.29016,1.29056,1.28957,1.28997,100
2023-08-28T09:45:00+00:00,1.28997,1.29133,1.28957,1.29093,100
2023-08-28T10:00:00+00:00,1.29093,1.29133,1.28937,1.28977,100
2023-08-28T10:15:00+00:00,1.28977,1.29017,1.28853,1.28893,100
2023-08-28T10:30:00+00:00,1.28893,1.28983,1.28853,1.28943,100
2023-08-28T10:45:00+00:00,1.28943,1.28983,1.28876,1.28916,100
2023-08-28T11:00:00+00:00,1.28916,1.28991,1.28876,1.28951,100
2023-08-28T11:15:00+00:00,1.28951,1.28991,1.28891,1.28931,100
2023-08-28T11:30:00+00:00,1.28931,1.28971,1.28891,1.28931,100
2023-08-28T11:45:00+00:00,1.28931,1.29010,1.28891,1.28970,100
2023-08-28T12:00:00+00:00,1.28970,1.29066,1.28930,1.29026,100
2023-08-28T12:15:00+00:00,1.29026,1.29066,1.28893,1.28933,100
2023-08-28T12:30:00+00:00,1.28933,1.28994,1.28893,1.28954,100
2023-08-28T12:45:00+00:00,1.28954,1.29108,1.28914,1.29068,100
2023-08-28T13:00:00+00:00,1.29068,1.29218,1.29028,1.29178,100
2023-08-28T13:15:00+00:00,1.29178,1.29218,1.29039,1.29079,100
2023-08-28T13:30:00+00:00,1.29079,1.29125,1.29039,1.29085,100
2023-08-28T13:45:00+00:00,1.29085,1.29125,1.28973,1.29013,100
2023-08-28T14:00:00+00:00,1.29013,1.29171,1.28973,1.29131,100
2023-08-28T14:15:00+00:00,1.29131,1.29171,1.29034,1.29074,100
2023-08-28T14:30:00+00:00,1.29074,1.29212,1.29034,1.29172,100
2023-08-28T14:45:00+00:00,1.29172,1.29212,1.29108,1.29148,100
2023-08-28T15:00:00+00:00,1.29148,1.29289,1.29108,1.29249,100
2023-08-28T15:15:00+00:00,1.29249,1.29289,1.29109,1.29149,100
2023-08-28T15:30:00+00:00,1.29149,1.29196,1.29109,1.29156,100
2023-08-28T15:45:00+00:00,1.29156,1.29219,1.29116,1.29179,100
2023-08-28T16:00:00+00:00,1.29179,1.29219,1.29118,1.29158,100
2023-08-28T16:15:00+00:00,1.29158,1.29198,1.29068,1.29108,100
2023-08-28T16:30:00+00:00,1.29108,1.29226,1.29068,1.29186,100
2023-08-28T16:45:00+00:00,1.29186,1.29226,1.29049,1.29089,100
2023-08-28T17:00:00+00:00,1.29089,1.29209,1.29049,1.29169,100
2023-08-28T17:15:00+00:00,1.29169,1.29302,1.29129,1.29262,100
2023-08-28T17:30:00+00:00,1.29262,1.29379,1.29222,1.29339,100
2023-08-28T17:45:00+00:00,1.29339,1.29413,1.29299,1.29373,100
2023-08-28T18:00:00+00:00,1.29373,1.29413,1.29312,1.29352,100
2023-08-28T18:15:00+00:00,1.29352,1.29392,1.29305,1.29345,100
2023-08-28T18:30:00+00:00,1.29345,1.29385,1.29243,1.29283,100
2023-08-28T18:45:00+00:00,1.29283,1.29323,1.29187,1.29227,100
2023-08-28T19:00:00+00:00,1.29227,1.29273,1.29187,1.29233,100
2023-08-28T19:15:00+00:00,1.29233,1.29273,1.29085,1.29125,100
2023-08-28T19:30:00+00:00,1.29125,1.29165,1.28965,1.29005,100
2023-08-28T19:45:00+00:00,1.29005,1.29086,1.28965,1.29046,100
2023-08-28T20:00:00+00:00,1.29046,1.29197,1.29006,1.29157,100
2023-08-28T20:15:00+00:00,1.29157,1.29247,1.29117,1.29207,100
2023-08-28T20:30:00+00:00,1.29207,1.29247,1.29067,1.29107,100
2023-08-28T20:45:00+00:00,1.29107,1.29147,1.28974,1.29014,100
2023-08-28T21:00:00+00:00,1.29014,1.29054,1.28869,1.28909,100
2023-08-28T21:15:00+00:00,1.28909,1.28971,1.28869,1.28931,100
2023-08-28T21:30:00+00:00,1.28931,1.29031,1.28891,1.28991,100
2023-08-28T21:45:00+00:00,1.28991,1.29031,1.28941,1.28981,100
2023-08-28T22:00:00+00:00,1.28981,1.29021,1.28833,1.28873,100
2023-08-28T22:15:00+00:00,1.28873,1.29019,1.28833,1.28979,100
2023-08-28T22:30:00+00:00,1.28979,1.29086,1.28939,1.29046,100
2023-08-28T22:45:00+00:00,1.29046,1.29086,1.28929,1.28969,100
2023-08-28T23:00:00+00:00,1.28969,1.29095,1.28929,1.29055,100
2023-08-28T23:15:00+00:00,1.29055,1.29197,1.29015,1.29157,100
2023-08-28T23:30:00+00:00,1.29157,1.29197,1.29069,1.29109,100
2023-08-28T23:45:00+00:00,1.29109,1.29163,1.29069,1.29123,100
2023-08-29T00:00:00+00:00,1.29123,1.29163,1.28964,1.29004,100
2023-08-29T00:15:00+00:00,1.29004,1.29044,1.28928,1.28968,100
2023-08-29T00:30:00+00:00,1.28968,1.29008,1.28857,1.28897,100
2023-08-29T00:45:00+00:00,1.28897,1.29042,1.28857,1.29002,100
2023-08-29T01:00:00+00:00,1.29002,1.29097,1.28962,1.29057,100
2023-08-29T01:15:00+00:00,1.29057,1.29097,1.28957,1.28997,100
2023-08-29T01:30:00+00:00,1.28997,1.29095,1.28957,1.29055,100
2023-08-29T01:45:00+00:00,1.29055,1.29095,1.28925,1.28965,100
2023-08-29T02:00:00+00:00,1.28965,1.29005,1.28820,1.28860,100
2023-08-29T02:15:00+00:00,1.28860,1.28900,1.28799,1.28839,100
2023-08-29T02:30:00+00:00,1.28839,1.28957,1.28799,1.28917,100
2023-08-29T02:45:00+00:00,1.28917,1.29059,1.28877,1.29019,100
2023-08-29T03:00:00+00:00,1.29019,1.29059,1.28932,1.28972,100
2023-08-29T03:15:00+00:00,1.28972,1.29012,1.28880,1.28920,100
2023-08-29T03:30:00+00:00,1.28920,1.28960,1.28866,1.28906,100
2023-08-29T03:45:00+00:00,1.28906,1.28946,1.28839,1.28879,100
2023-08-29T04:00:00+00:00,1.28879,1.28966,1.28839,1.28926,100
2023-08-29T04:15:00+00:00,1.28926,1.28966,1.28879,1.28919,100
2023-08-29T04:30:00+00:00,1.28919,1.28959,1.28818,1.28858,100
2023-08-29T04:45:00+00:00,1.28858,1.28898,1.28764,1.28804,100
2023-08-29T05:00:00+00:00,1.28804,1.28858,1.28764,1.28818,100
2023-08-29T05:15:00+00:00,1.28818,1.28858,1.28676,1.28716,100
2023-08-29T05:30:00+00:00,1.28716,1.28756,1.28598,1.28638,100
2023-08-29T05:45:00+00:00,1.28638,1.28678,1.28524,1.28564,100
2023-08-29T06:00:00+00:00,1.28564,1.28604,1.28451,1.28491,100
2023-08-29T06:15:00+00:00,1.28491,1.28531,1.28341,1.28381,100
2023-08-29T06:30:00+00:00,1.28381,1.28427,1.28341,1.28387,100
2023-08-29T06:45:00+00:00,1.28387,1.28458,1.28347,1.28418,100
2023-08-29T07:00:00+00:00,1.28418,1.28458,1.28329,1.28369,100
2023-08-29T07:15:00+00:00,1.28369,1.28514,1.28329,1.28474,100
2023-08-29T07:30:00+00:00,1.28474,1.28514,1.28387,1.28427,100
2023-08-29T07:45:00+00:00,1.28427,1.28467,1.28386,1.28426,100
2023-08-29T08:00:00+00:00,1.28426,1.28500,1.28386,1.28460,100
2023-08-29T08:15:00+00:00,1.28460,1.28533,1.28420,1.28493,100
2023-08-29T08:30:00+00:00,1.28493,1.28638,1.28453,1.28598,100
2023-08-29T08:45:00+00:00,1.28598,1.28638,1.28449,1.28489,100
2023-08-29T09:00:00+00:00,1.28489,1.28529,1.28349,1.28389,100
2023-08-29T09:15:00+00:00,1.28389,1.28429,1.28245,1.28285,100
2023-08-29T09:30:00+00:00,1.28285,1.28325,1.28150,1.28190,100
2023-08-29T09:45:00+00:00,1.28190,1.28230,1.28119,1.28159,100
2023-08-29T10:00:00+00:00,1.28159,1.28210,1.28119,1.28170,100
2023-08-29T10:15:00+00:00,1.28170,1.28274,1.28130,1.28234,100
2023-08-29T10:30:00+00:00,1.28234,1.28360,1.28194,1.28320,100
2023-08-29T10:45:00+00:00,1.28320,1.28383,1.28280,1.28343,100
2023-08-29T11:00:00+00:00,1.28343,1.28391,1.28303,1.28351,100
2023-08-29T11:15:00+00:00,1.28351,1.28391,1.28298,1.28338,100
2023-08-29T11:30:00+00:00,1.28338,1.28378,1.28230,1.28270,100
2023-08-29T11:45:00+00:00,1.28270,1.28310,1.28161,1.28201,100
2023-08-29T12:00:00+00:00,1.28201,1.28241,1.28127,1.28167,100
2023-08-29T12:15:00+00:00,1.28167,1.28207,1.28035,1.28075,100
2023-08-29T12:30:00+00:00,1.28075,1.28145,1.28035,1.28105,100
2023-08-29T12:45:00+00:00,1.28105,1.28145,1.28005,1.28045,100
2023-08-29T13:00:00+00:00,1.28045,1.28196,1.28005,1.28156,100
2023-08-29T13:15:00+00:00,1.28156,1.28196,1.28076,1.28116,100
2023-08-29T13:30:00+00:00,1.28116,1.28218,1.28076,1.28178,100
2023-08-29T13:45:00+00:00,1.28178,1.28218,1.28081,1.28121,100
2023-08-29T14:00:00+00:00,1.28121,1.28161,1.28016,1.28056,100
2023-08-29T14:15:00+00:00,1.28056,1.28096,1.28001,1.28041,100
2023-08-29T14:30:00+00:00,1.28041,1.28089,1.28001,1.28049,100
2023-08-29T14:45:00+00:00,1.28049,1.28202,1.28009,1.28162,100
2023-08-29T15:00:00+00:00,1.28162,1.28202,1.28043,1.28083,100
2023-08-29T15:15:00+00:00,1.28083,1.28123,1.27929,1.27969,100
2023-08-29T15:30:00+00:00,1.27969,1.28009,1.27829,1.27869,100
2023-08-29T15:45:00+00:00,1.27869,1.27995,1.27829,1.27955,100
2023-08-29T16:00:00+00:00,1.27955,1.27995,1.27811,1.27851,100
2023-08-29T16:15:00+00:00,1.27851,1.27997,1.27811,1.27957,100
2023-08-29T16:30:00+00:00,1.27957,1.27997,1.27840,1.27880,100
2023-08-29T16:45:00+00:00,1.27880,1.28019,1.27840,1.27979,100
2023-08-29T17:00:00+00:00,1.27979,1.28019,1.27902,1.27942,100
2023-08-29T17:15:00+00:00,1.27942,1.28080,1.27902,1.28040,100
2023-08-29T17:30:00+00:00,1.28040,1.28080,1.27990,1.28030,100
2023-08-29T17:45:00+00:00,1.28030,1.28070,1.27958,1.27998,100
2023-08-29T18:00:00+00:00,1.27998,1.28038,1.27840,1.27880,100
2023-08-29T18:15:00+00:00,1.27880,1.27920,1.27816,1.27856,100
2023-08-29T18:30:00+00:00,1.27856,1.27896,1.27805,1.27845,100
2023-08-29T18:45:00+00:00,1.27845,1.27989,1.27805,1.27949,100
2023-08-29T19:00:00+00:00,1.27949,1.27993,1.27909,1.27953,100
2023-08-29T19:15:00+00:00,1.27953,1.28076,1.27913,1.28036,100
2023-08-29T19:30:00+00:00,1.28036,1.28076,1.27984,1.28024,100
2023-08-29T19:45:00+00:00,1.28024,1.28094,1.27984,1.28054,100
2023-08-29T20:00:00+00:00,1.28054,1.28120,1.28014,1.28080,100
2023-08-29T20:15:00+00:00,1.28080,1.28120,1.27949,1.27989,100
2023-08-29T20:30:00+00:00,1.27989,1.28051,1.27949,1.28011,100
2023-08-29T20:45:00+00:00,1.28011,1.28102,1.27971,1.28062,100
2023-08-29T21:00:00+00:00,1.28062,1.28102,1.28002,1.28042,100
2023-08-29T21:15:00+00:00,1.28042,1.28082,1.27925,1.27965,100
2023-08-29T21:30:00+00:00,1.27965,1.28005,1.27845,1.27885,100
2023-08-29T21:45:00+00:00,1.27885,1.27925,1.27826,1.27866,100
2023-08-29T22:00:00+00:00,1.27866,1.28015,1.27826,1.27975,100
2023-08-29T22:15:00+00:00,1.27975,1.28015,1.27926,1.27966,100
2023-08-29T22:30:00+00:00,1.27966,1.28006,1.27863,1.27903,100
2023-08-29T22:45:00+00:00,1.27903,1.27943,1.27860,1.27900,100
2023-08-29T23:00:00+00:00,1.27900,1.27998,1.27860,1.27958,100
2023-08-29T23:15:00+00:00,1.27958,1.28082,1.27918,1.28042,100
2023-08-29T23:30:00+00:00,1.28042,1.28082,1.27912,1.27952,100
2023-08-29T23:45:00+00:00,1.27952,1.27992,1.27904,1.27944,100
2023-08-30T00:00:00+00:00,1.27944,1.27984,1.27796,1.27836,100
2023-08-30T00:15:00+00:00,1.27836,1.27876,1.27750,1.27790,100
2023-08-30T00:30:00+00:00,1.27790,1.27830,1.27741,1.27781,100
2023-08-30T00:45:00+00:00,1.27781,1.27821,1.27665,1.27705,100
2023-08-30T01:00:00+00:00,1.27705,1.27745,1.27576,1.27616,100
2023-08-30T01:15:00+00:00,1.27616,1.27727,1.27576,1.27687,100
2023-08-30T01:30:00+00:00,1.27687,1.27727,1.27578,1.27618,100
2023-08-30T01:45:00+00:00,1.27618,1.27720,1.27578,1.27680,100
2023-08-30T02:00:00+00:00,1.27680,1.27720,1.27553,1.27593,100
2023-08-30T02:15:00+00:00,1.27593,1.27633,1.27473,1.27513,100
2023-08-30T02:30:00+00:00,1.27513,1.27553,1.27399,1.27439,100
2023-08-30T02:45:00+00:00,1.27439,1.27554,1.27399,1.27514,100
2023-08-30T03:00:00+00:00,1.27514,1.27554,1.27375,1.27415,100
2023-08-30T03:15:00+00:00,1.27415,1.27455,1.27307,1.27347,100
2023-08-30T03:30:00+00:00,1.27347,1.27413,1.27307,1.27373,100
2023-08-30T03:45:00+00:00,1.27373,1.27413,1.27320,1.27360,100
2023-08-30T04:00:00+00:00,1.27360,1.27491,1.27320,1.27451,100
2023-08-30T04:15:00+00:00,1.27451,1.27491,1.27361,1.27401,100
2023-08-30T04:30:00+00:00,1.27401,1.27441,1.27252,1.27292,100
2023-08-30T04:45:00+00:00,1.27292,1.27382,1.27252,1.27342,100
2023-08-30T05:00:00+00:00,1.27342,1.27382,1.27280,1.27320,100
2023-08-30T05:15:00+00:00,1.27320,1.27366,1.27280,1.27326,100
2023-08-30T05:30:00+00:00,1.27326,1.27366,1.27212,1.27252,100
2023-08-30T05:45:00+00:00,1.27252,1.27396,1.27212,1.27356,100
2023-08-30T06:00:00+00:00,1.27356,1.27463,1.27316,1.27423,100
2023-08-30T06:15:00+00:00,1.27423,1.27463,1.27322,1.27362,100
2023-08-30T06:30:00+00:00,1.27362,1.27402,1.27290,1.27330,100
2023-08-30T06:45:00+00:00,1.27330,1.27370,1.27199,1.27239,100
2023-08-30T07:00:00+00:00,1.27239,1.27393,1.27199,1.27353,100
2023-08-30T07:15:00+00:00,1.27353,1.27393,1.27225,1.27265,100
2023-08-30T07:30:00+00:00,1.27265,1.27305,1.27202,1.27242,100
2023-08-30T07:45:00+00:00,1.27242,1.27282,1.27133,1.27173,100
2023-08-30T08:00:00+00:00,1.27173,1.27213,1.27128,1.27168,100
2023-08-30T08:15:00+00:00,1.27168,1.27234,1.27128,1.27194,100
2023-08-30T08:30:00+00:00,1.27194,1.27234,1.27095,1.27135,100
2023-08-30T08:45:00+00:00,1.27135,1.27195,1.27095,1.27155,100
2023-08-30T09:00:00+00:00,1.27155,1.27236,1.27115,1.27196,100
2023-08-30T09:15:00+00:00,1.27196,1.27236,1.27091,1.27131,100
2023-08-30T09:30:00+00:00,1.27131,1.27287,1.27091,1.27247,100
2023-08-30T09:45:00+00:00,1.27247,1.27287,1.27179,1.27219,100
2023-08-30T10:00:00+00:00,1.27219,1.27275,1.27179,1.27235,100
2023-08-30T10:15:00+00:00,1.27235,1.27384,1.27195,1.27344,100
2023-08-30T10:30:00+00:00,1.27344,1.27384,1.27258,1.27298,100
2023-08-30T10:45:00+00:00,1.27298,1.27338,1.27139,1.27179,100
2023-08-30T11:00:00+00:00,1.27179,1.27219,1.27078,1.27118,100
2023-08-30T11:15:00+00:00,1.27118,1.27158,1.26981,1.27021,100
2023-08-30T11:30:00+00:00,1.27021,1.27061,1.26882,1.26922,100
2023-08-30T11:45:00+00:00,1.26922,1.27060,1.26882,1.27020,100
2023-08-30T12:00:00+00:00,1.27020,1.27094,1.26980,1.27054,100
2023-08-30T12:15:00+00:00,1.27054,1.27094,1.26935,1.26975,100
2023-08-30T12:30:00+00:00,1.26975,1.27015,1.26908,1.26948,100
2023-08-30T12:45:00+00:00,1.26948,1.26988,1.26877,1.26917,100
2023-08-30T13:00:00+00:00,1.26917,1.26957,1.26785,1.26825,100
2023-08-30T13:15:00+00:00,1.26825,1.26865,1.26728,1.26768,100
2023-08-30T13:30:00+00:00,1.26768,1.26808,1.26613,1.26653,100
2023-08-30T13:45:00+00:00,1.26653,1.26795,1.26613,1.26755,100
2023-08-30T14:00:00+00:00,1.26755,1.26795,1.26704,1.26744,100
2023-08-30T14:15:00+00:00,1.26744,1.26790,1.26704,1.26750,100
2023-08-30T14:30:00+00:00,1.26750,1.26870,1.26710,1.26830,100
2023-08-30T14:45:00+00:00,1.26830,1.26885,1.26790,1.26845,100
2023-08-30T15:00:00+00:00,1.26845,1.26885,1.26798,1.26838,100
2023-08-30T15:15:00+00:00,1.26838,1.26931,1.26798,1.26891,100
2023-08-30T15:30:00+00:00,1.26891,1.26938,1.26851,1.26898,100
2023-08-30T15:45:00+00:00,1.26898,1.26938,1.26817,1.26857,100
2023-08-30T16:00:00+00:00,1.26857,1.26960,1.26817,1.26920,100
2023-08-30T16:15:00+00:00,1.26920,1.26960,1.26782,1.26822,100
2023-08-30T16:30:00+00:00,1.26822,1.26881,1.26782,1.26841,100
2023-08-30T16:45:00+00:00,1.26841,1.26881,1.26720,1.26760,100
2023-08-30T17:00:00+00:00,1.26760,1.26802,1.26720,1.26762,100
2023-08-30T17:15:00+00:00,1.26762,1.26802,1.26646,1.26686,100
2023-08-30T17:30:00+00:00,1.26686,1.26731,1.26646,1.26691,100
2023-08-30T17:45:00+00:00,1.26691,1.26731,1.26615,1.26655,100
2023-08-30T18:00:00+00:00,1.26655,1.26740,1.26615,1.26700,100
2023-08-30T18:15:00+00:00,1.26700,1.26740,1.26617,1.26657,100
2023-08-30T18:30:00+00:00,1.26657,1.26697,1.26522,1.26562,100
2023-08-30T18:45:00+00:00,1.26562,1.26626,1.26522,1.26586,100
2023-08-30T19:00:00+00:00,1.26586,1.26626,1.26525,1.26565,100
2023-08-30T19:15:00+00:00,1.26565,1.26659,1.26525,1.26619,100
2023-08-30T19:30:00+00:00,1.26619,1.26692,1.26579,1.26652,100
2023-08-30T19:45:00+00:00,1.26652,1.26692,1.26496,1.26536,100
2023-08-30T20:00:00+00:00,1.26536,1.26597,1.26496,1.26557,100
2023-08-30T20:15:00+00:00,1.26557,1.26597,1.26402,1.26442,100
2023-08-30T20:30:00+00:00,1.26442,1.26580,1.26402,1.26540,100
2023-08-30T20:45:00+00:00,1.26540,1.26597,1.26500,1.26557,100
2023-08-30T21:00:00+00:00,1.26557,1.26616,1.26517,1.26576,100
2023-08-30T21:15:00+00:00,1.26576,1.26616,1.26503,1.26543,100
2023-08-30T21:30:00+00:00,1.26543,1.26583,1.26395,1.26435,100
2023-08-30T21:45:00+00:00,1.26435,1.26475,1.26349,1.26389,100
2023-08-30T22:00:00+00:00,1.26389,1.26429,1.26300,1.26340,100
2023-08-30T22:15:00+00:00,1.26340,1.26380,1.26221,1.26261,100
2023-08-30T22:30:00+00:00,1.26261,1.26416,1.26221,1.26376,100
2023-08-30T22:45:00+00:00,1.26376,1.26416,1.26277,1.26317,100
2023-08-30T23:00:00+00:00,1.26317,1.26360,1.26277,1.26320,100
2023-08-30T23:15:00+00:00,1.26320,1.26360,1.26216,1.26256,100
2023-08-30T23:30:00+00:00,1.26256,1.26379,1.26216,1.26339,100
2023-08-30T23:45:00+00:00,1.26339,1.26379,1.26204,1.26244,100
2023-08-31T00:00:00+00:00,1.26244,1.26397,1.26204,1.26357,100
2023-08-31T00:15:00+00:00,1.26357,1.26397,1.26237,1.26277,100
2023-08-31T00:30:00+00:00,1.26277,1.26317,1.26179,1.26219,100
2023-08-31T00:45:00+00:00,1.26219,1.26259,1.26165,1.26205,100
2023-08-31T01:00:00+00:00,1.26205,1.26245,1.26120,1.26160,100
2023-08-31T01:15:00+00:00,1.26160,1.26200,1.26021,1.26061,100
2023-08-31T01:30:00+00:00,1.26061,1.26171,1.26021,1.26131,100
2023-08-31T01:45:00+00:00,1.26131,1.26171,1.25984,1.26024,100
2023-08-31T02:00:00+00:00,1.26024,1.26064,1.25933,1.25973,100
2023-08-31T02:15:00+00:00,1.25973,1.26013,1.25816,1.25856,100
2023-08-31T02:30:00+00:00,1.25856,1.25896,1.25708,1.25748,100
2023-08-31T02:45:00+00:00,1.25748,1.25788,1.25678,1.25718,100
2023-08-31T03:00:00+00:00,1.25718,1.25773,1.25678,1.25733,100
2023-08-31T03:15:00+00:00,1.25733,1.25773,1.25573,1.25613,100
2023-08-31T03:30:00+00:00,1.25613,1.25653,1.25561,1.25601,100
2023-08-31T03:45:00+00:00,1.25601,1.25641,1.25524,1.25564,100
2023-08-31T04:00:00+00:00,1.25564,1.25718,1.25524,1.25678,100
2023-08-31T04:15:00+00:00,1.25678,1.25832,1.25638,1.25792,100
2023-08-31T04:30:00+00:00,1.25792,1.25855,1.25752,1.25815,100
2023-08-31T04:45:00+00:00,1.25815,1.25905,1.25775,1.25865,100
2023-08-31T05:00:00+00:00,1.25865,1.25905,1.25715,1.25755,100
2023-08-31T05:15:00+00:00,1.25755,1.25805,1.25715,1.25765,100
2023-08-31T05:30:00+00:00,1.25765,1.25901,1.25725,1.25861,100
2023-08-31T05:45:00+00:00,1.25861,1.25989,1.25821,1.25949,100
2023-08-31T06:00:00+00:00,1.25949,1.26040,1.25909,1.26000,100
2023-08-31T06:15:00+00:00,1.26000,1.26104,1.25960,1.26064,100
2023-08-31T06:30:00+00:00,1.26064,1.26210,1.26024,1.26170,100
2023-08-31T06:45:00+00:00,1.26170,1.26232,1.26130,1.26192,100
2023-08-31T07:00:00+00:00,1.26192,1.26232,1.26074,1.26114,100
2023-08-31T07:15:00+00:00,1.26114,1.26197,1.26074,1.26157,100
2023-08-31T07:30:00+00:00,1.26157,1.26197,1.26055,1.26095,100
2023-08-31T07:45:00+00:00,1.26095,1.26229,1.26055,1.26189,100
2023-08-31T08:00:00+00:00,1.26189,1.26229,1.26079,1.26119,100
2023-08-31T08:15:00+00:00,1.26119,1.26246,1.26079,1.26206,100
2023-08-31T08:30:00+00:00,1.26206,1.26282,1.26166,1.26242,100
2023-08-31T08:45:00+00:00,1.26242,1.26319,1.26202,1.26279,100
2023-08-31T09:00:00+00:00,1.26279,1.26319,1.26170,1.26210,100
2023-08-31T09:15:00+00:00,1.26210,1.26250,1.26163,1.26203,100
2023-08-31T09:30:00+00:00,1.26203,1.26248,1.26163,1.26208,100
2023-08-31T09:45:00+00:00,1.26208,1.26365,1.26168,1.26325,100
2023-08-31T10:00:00+00:00,1.26325,1.26413,1.26285,1.26373,100
2023-08-31T10:15:00+00:00,1.26373,1.26472,1.26333,1.26432,100
2023-08-31T10:30:00+00:00,1.26432,1.26590,1.26392,1.26550,100
2023-08-31T10:45:00+00:00,1.26550,1.26590,1.26494,1.26534,100
2023-08-31T11:00:00+00:00,1.26534,1.26605,1.26494,1.26565,100
2023-08-31T11:15:00+00:00,1.26565,1.26617,1.26525,1.26577,100
2023-08-31T11:30:00+00:00,1.26577,1.26617,1.26521,1.26561,100
2023-08-31T11:45:00+00:00,1.26561,1.26601,1.26477,1.26517,100
2023-08-31T12:00:00+00:00,1.26517,1.26557,1.26442,1.26482,100
2023-08-31T12:15:00+00:00,1.26482,1.26522,1.26343,1.26383,100
2023-08-31T12:30:00+00:00,1.26383,1.26529,1.26343,1.26489,100
2023-08-31T12:45:00+00:00,1.26489,1.26529,1.26389,1.26429,100
2023-08-31T13:00:00+00:00,1.26429,1.26552,1.26389,1.26512,100
2023-08-31T13:15:00+00:00,1.26512,1.26552,1.26436,1.26476,100
2023-08-31T13:30:00+00:00,1.26476,1.26516,1.26394,1.26434,100
2023-08-31T13:45:00+00:00,1.26434,1.26474,1.26284,1.26324,100
2023-08-31T14:00:00+00:00,1.26324,1.26364,1.26283,1.26323,100
2023-08-31T14:15:00+00:00,1.26323,1.26363,1.26213,1.26253,100
2023-08-31T14:30:00+00:00,1.26253,1.26293,1.26182,1.26222,100
2023-08-31T14:45:00+00:00,1.26222,1.26326,1.26182,1.26286,100
2023-08-31T15:00:00+00:00,1.26286,1.26432,1.26246,1.26392,100
2023-08-31T15:15:00+00:00,1.26392,1.26432,1.26246,1.26286,100
2023-08-31T15:30:00+00:00,1.26286,1.26378,1.26246,1.26338,100
2023-08-31T15:45:00+00:00,1.26338,1.26472,1.26298,1.26432,100
2023-08-31T16:00:00+00:00,1.26432,1.26556,1.26392,1.26516,100
2023-08-31T16:15:00+00:00,1.26516,1.26632,1.26476,1.26592,100
2023-08-31T16:30:00+00:00,1.26592,1.26698,1.26552,1.26658,100
2023-08-31T16:45:00+00:00,1.26658,1.26698,1.26617,1.26657,100
2023-08-31T17:00:00+00:00,1.26657,1.26697,1.26509,1.26549,100
2023-08-31T17:15:00+00:00,1.26549,1.26589,1.26437,1.26477,100
2023-08-31T17:30:00+00:00,1.26477,1.26589,1.26437,1.26549,100
2023-08-31T17:45:00+00:00,1.26549,1.26589,1.26482,1.26522,100
2023-08-31T18:00:00+00:00,1.26522,1.26562,1.26476,1.26516,100
2023-08-31T18:15:00+00:00,1.26516,1.26603,1.26476,1.26563,100
2023-08-31T18:30:00+00:00,1.26563,1.26603,1.26500,1.26540,100
2023-08-31T18:45:00+00:00,1.26540,1.26580,1.26444,1.26484,100
2023-08-31T19:00:00+00:00,1.26484,1.26524,1.26393,1.26433,100
2023-08-31T19:15:00+00:00,1.26433,1.26574,1.26393,1.26534,100
2023-08-31T19:30:00+00:00,1.26534,1.26574,1.26484,1.26524,100
2023-08-31T19:45:00+00:00,1.26524,1.26623,1.26484,1.26583,100
2023-08-31T20:00:00+00:00,1.26583,1.26667,1.26543,1.26627,100
2023-08-31T20:15:00+00:00,1.26627,1.26667,1.26550,1.26590,100
2023-08-31T20:30:00+00:00,1.26590,1.26630,1.26527,1.26567,100
2023-08-31T20:45:00+00:00,1.26567,1.26607,1.26527,1.26567,100
2023-08-31T21:00:00+00:00,1.26567,1.26612,1.26527,1.26572,100
2023-08-31T21:15:00+00:00,1.26572,1.26634,1.26532,1.26594,100
2023-08-31T21:30:00+00:00,1.26594,1.26634,1.26485,1.26525,100
2023-08-31T21:45:00+00:00,1.26525,1.26565,1.26471,1.26511,100
2023-08-31T22:00:00+00:00,1.26511,1.26610,1.26471,1.26570,100
2023-08-31T22:15:00+00:00,1.26570,1.26610,1.26476,1.26516,100
2023-08-31T22:30:00+00:00,1.26516,1.26556,1.26460,1.26500,100
2023-08-31T22:45:00+00:00,1.26500,1.26605,1.26460,1.26565,100
2023-08-31T23:00:00+00:00,1.26565,1.26641,1.26525,1.26601,100
2023-08-31T23:15:00+00:00,1.26601,1.26661,1.26561,1.26621,100
2023-08-31T23:30:00+00:00,1.26621,1.26661,1.26484,1.26524,100
2023-08-31T23:45:00+00:00,1.26524,1.26606,1.26484,1.26566,100