time,open,high,low,close,Volume
2026-01-01T00:00:00+00:00,1.26500,1.26500,1.26484,1.26491,1070
2026-01-01T00:15:00+00:00,1.26491,1.26491,1.26451,1.26454,2946
2026-01-01T00:30:00+00:00,1.26454,1.26501,1.26454,1.26501,2218
2026-01-01T00:45:00+00:00,1.26501,1.26523,1.26479,1.26487,1934
2026-01-01T01:00:00+00:00,1.26487,1.26512,1.26487,1.26498,1420
2026-01-01T01:15:00+00:00,1.26498,1.26498,1.26456,1.26487,1650
2026-01-01T01:30:00+00:00,1.26487,1.26509,1.26487,1.26505,1748
2026-01-01T01:45:00+00:00,1.26505,1.26505,1.26432,1.26432,1766
2026-01-01T02:00:00+00:00,1.26432,1.26432,1.26362,1.26362,2699
2026-01-01T02:15:00+00:00,1.26362,1.26407,1.26362,1.26381,1342
2026-01-01T02:30:00+00:00,1.26381,1.26381,1.26346,1.26353,1158
2026-01-01T02:45:00+00:00,1.26353,1.26428,1.26353,1.26428,1905
2026-01-01T03:00:00+00:00,1.26428,1.26429,1.26414,1.26429,1327
2026-01-01T03:15:00+00:00,1.26429,1.26429,1.26381,1.26393,1787
2026-01-01T03:30:00+00:00,1.26393,1.26393,1.26330,1.26330,1582
2026-01-01T03:45:00+00:00,1.26330,1.26368,1.26330,1.26359,1381
2026-01-01T04:00:00+00:00,1.26359,1.26392,1.26359,1.26392,970
2026-01-01T04:15:00+00:00,1.26392,1.26406,1.26388,1.26394,1778
2026-01-01T04:30:00+00:00,1.26394,1.26416,1.26379,1.26416,1263
2026-01-01T04:45:00+00:00,1.26416,1.26452,1.26416,1.26448,774
2026-01-01T05:00:00+00:00,1.26448,1.26451,1.26434,1.26434,1318
2026-01-01T05:15:00+00:00,1.26434,1.26478,1.26434,1.26478,2008
2026-01-01T05:30:00+00:00,1.26478,1.26524,1.26469,1.26524,2151
2026-01-01T05:45:00+00:00,1.26524,1.26524,1.26506,1.26517,1186
2026-01-01T06:00:00+00:00,1.26517,1.26566,1.26510,1.26556,1939
2026-01-01T06:15:00+00:00,1.26556,1.26667,1.26556,1.26667,2273
2026-01-01T06:30:00+00:00,1.26667,1.26672,1.26661,1.26661,1623
2026-01-01T06:45:00+00:00,1.26661,1.26674,1.26573,1.26573,2053
2026-01-01T07:00:00+00:00,1.26573,1.26689,1.26573,1.26602,2440
2026-01-01T07:15:00+00:00,1.26602,1.26613,1.26457,1.26457,2102
2026-01-01T07:30:00+00:00,1.26457,1.26457,1.26378,1.26378,2286
2026-01-01T07:45:00+00:00,1.26378,1.26385,1.26331,1.26331,1422
2026-01-01T08:00:00+00:00,1.26331,1.26331,1.26269,1.26290,3055
2026-01-01T08:15:00+00:00,1.26290,1.26324,1.26280,1.26324,1610
2026-01-01T08:30:00+00:00,1.26324,1.26412,1.26324,1.26412,1663
2026-01-01T08:45:00+00:00,1.26412,1.26412,1.26317,1.26326,1864
2026-01-01T09:00:00+00:00,1.26326,1.26380,1.26326,1.26348,2137
2026-01-01T09:15:00+00:00,1.26348,1.26348,1.26327,1.26333,1776
2026-01-01T09:30:00+00:00,1.26333,1.26333,1.26305,1.26305,1201
2026-01-01T09:45:00+00:00,1.26305,1.26326,1.26305,1.26313,1578
2026-01-01T10:00:00+00:00,1.26313,1.26313,1.26302,1.26312,1415
2026-01-01T10:15:00+00:00,1.26312,1.26314,1.26291,1.26314,1707
2026-01-01T10:30:00+00:00,1.26314,1.26319,1.26306,1.26306,1201
2026-01-01T10:45:00+00:00,1.26306,1.26323,1.26289,1.26289,593
2026-01-01T11:00:00+00:00,1.26289,1.26303,1.26284,1.26303,902
2026-01-01T11:15:00+00:00,1.26303,1.26316,1.26299,1.26314,1386
2026-01-01T11:30:00+00:00,1.26314,1.26326,1.26291,1.26291,2186
2026-01-01T11:45:00+00:00,1.26291,1.26313,1.26255,1.26258,1615
2026-01-01T12:00:00+00:00,1.26258,1.26258,1.26236,1.26236,1477
2026-01-01T12:15:00+00:00,1.26236,1.26258,1.26214,1.26214,2027
2026-01-01T12:30:00+00:00,1.26214,1.26233,1.26190,1.26233,2268
2026-01-01T12:45:00+00:00,1.26233,1.26233,1.26153,1.26186,1310
2026-01-01T13:00:00+00:00,1.26186,1.26193,1.26075,1.26075,1530
2026-01-01T13:15:00+00:00,1.26075,1.26111,1.26074,1.26074,913
2026-01-01T13:30:00+00:00,1.26074,1.26102,1.25984,1.26074,1538
2026-01-01T13:45:00+00:00,1.26074,1.26132,1.26052,1.26132,1634
2026-01-01T14:00:00+00:00,1.26132,1.26132,1.26050,1.26050,1818
2026-01-01T14:15:00+00:00,1.26050,1.26085,1.26050,1.26073,2261
2026-01-01T14:30:00+00:00,1.26073,1.26073,1.26025,1.26049,1732
2026-01-01T14:45:00+00:00,1.26049,1.26073,1.26024,1.26073,943
2026-01-01T15:00:00+00:00,1.26073,1.26126,1.26057,1.26117,2459
2026-01-01T15:15:00+00:00,1.26117,1.26120,1.26103,1.26104,830
2026-01-01T15:30:00+00:00,1.26104,1.26104,1.26065,1.26083,633
2026-01-01T15:45:00+00:00,1.26083,1.26085,1.26064,1.26073,1404
2026-01-01T16:00:00+00:00,1.26073,1.26102,1.26073,1.26092,1884
2026-01-01T16:15:00+00:00,1.26092,1.26113,1.26088,1.26113,2421
2026-01-01T16:30:00+00:00,1.26113,1.26142,1.26113,1.26139,2028
2026-01-01T16:45:00+00:00,1.26139,1.26166,1.26139,1.26142,1466
2026-01-01T17:00:00+00:00,1.26142,1.26142,1.26125,1.26142,1671
2026-01-01T17:15:00+00:00,1.26142,1.26180,1.26142,1.26172,2906
2026-01-01T17:30:00+00:00,1.26172,1.26179,1.26164,1.26179,1486
2026-01-01T17:45:00+00:00,1.26179,1.26179,1.26142,1.26145,2270
2026-01-01T18:00:00+00:00,1.26145,1.26145,1.26117,1.26137,1988
2026-01-01T18:15:00+00:00,1.26137,1.26137,1.26120,1.26120,1659
2026-01-01T18:30:00+00:00,1.26120,1.26125,1.26105,1.26105,1063
2026-01-01T18:45:00+00:00,1.26105,1.26105,1.26080,1.26090,1167
2026-01-01T19:00:00+00:00,1.26090,1.26115,1.26090,1.26115,1738
2026-01-01T19:15:00+00:00,1.26115,1.26116,1.26100,1.26100,1487
2026-01-01T19:30:00+00:00,1.26100,1.26114,1.26100,1.26114,1697
2026-01-01T19:45:00+00:00,1.26114,1.26114,1.26069,1.26069,1170
2026-01-01T20:00:00+00:00,1.26069,1.26069,1.26058,1.26061,1400
2026-01-01T20:15:00+00:00,1.26061,1.26064,1.26036,1.26043,1864
2026-01-01T20:30:00+00:00,1.26043,1.26050,1.26001,1.26001,1539
2026-01-01T20:45:00+00:00,1.26001,1.26001,1.25988,1.25989,2147
2026-01-01T21:00:00+00:00,1.25989,1.25989,1.25973,1.25973,2307
2026-01-01T21:15:00+00:00,1.25973,1.25982,1.25965,1.25982,1588
2026-01-01T21:30:00+00:00,1.25982,1.25999,1.25982,1.25987,2080
2026-01-01T21:45:00+00:00,1.25987,1.25987,1.25925,1.25925,2150
2026-01-01T22:00:00+00:00,1.25925,1.25925,1.25903,1.25903,685
2026-01-01T22:15:00+00:00,1.25903,1.25904,1.25888,1.25894,1335
2026-01-01T22:30:00+00:00,1.25894,1.25926,1.25892,1.25926,1391
2026-01-01T22:45:00+00:00,1.25926,1.25938,1.25919,1.25919,1250
2026-01-01T23:00:00+00:00,1.25919,1.25938,1.25919,1.25935,1467
2026-01-01T23:15:00+00:00,1.25935,1.25963,1.25928,1.25963,1799
2026-01-01T23:30:00+00:00,1.25963,1.25966,1.25953,1.25962,2966
2026-01-01T23:45:00+00:00,1.25962,1.25978,1.25952,1.25978,650
2026-01-02T00:00:00+00:00,1.25978,1.25985,1.25952,1.25952,2091
2026-01-02T00:15:00+00:00,1.25952,1.25965,1.25940,1.25964,2018
2026-01-02T00:30:00+00:00,1.25964,1.25976,1.25963,1.25976,1490
2026-01-02T00:45:00+00:00,1.25976,1.25976,1.25890,1.25894,2312
2026-01-02T01:00:00+00:00,1.25894,1.25894,1.25847,1.25847,1609
2026-01-02T01:15:00+00:00,1.25847,1.25870,1.25836,1.25868,1641
2026-01-02T01:30:00+00:00,1.25868,1.25907,1.25868,1.25886,1981
2026-01-02T01:45:00+00:00,1.25886,1.25940,1.25886,1.25934,1761
2026-01-02T02:00:00+00:00,1.25934,1.25939,1.25886,1.25886,1666
2026-01-02T02:15:00+00:00,1.25886,1.25899,1.25882,1.25899,1636
2026-01-02T02:30:00+00:00,1.25899,1.25911,1.25864,1.25873,2306
2026-01-02T02:45:00+00:00,1.25873,1.25878,1.25836,1.25836,1147
2026-01-02T03:00:00+00:00,1.25836,1.25872,1.25815,1.25872,1400
2026-01-02T03:15:00+00:00,1.25872,1.25915,1.25872,1.25908,1902
2026-01-02T03:30:00+00:00,1.25908,1.25908,1.25873,1.25880,1209
2026-01-02T03:45:00+00:00,1.25880,1.25946,1.25880,1.25946,1923
2026-01-02T04:00:00+00:00,1.25946,1.25990,1.25938,1.25990,1918
2026-01-02T04:15:00+00:00,1.25990,1.26010,1.25987,1.25987,1885
2026-01-02T04:30:00+00:00,1.25987,1.26017,1.25987,1.26016,977
2026-01-02T04:45:00+00:00,1.26016,1.26022,1.26005,1.26022,1316
2026-01-02T05:00:00+00:00,1.26022,1.26022,1.25992,1.25992,1229
2026-01-02T05:15:00+00:00,1.25992,1.25992,1.25961,1.25961,986
2026-01-02T05:30:00+00:00,1.25961,1.25963,1.25939,1.25963,1343
2026-01-02T05:45:00+00:00,1.25963,1.25963,1.25923,1.25924,2254
2026-01-02T06:00:00+00:00,1.25924,1.25924,1.25890,1.25891,2124
2026-01-02T06:15:00+00:00,1.25891,1.25917,1.25801,1.25801,1708
2026-01-02T06:30:00+00:00,1.25801,1.25948,1.25801,1.25948,1576
2026-01-02T06:45:00+00:00,1.25948,1.25974,1.25903,1.25903,2875
2026-01-02T07:00:00+00:00,1.25903,1.25969,1.25880,1.25969,2487
2026-01-02T07:15:00+00:00,1.25969,1.25969,1.25813,1.25883,2280
2026-01-02T07:30:00+00:00,1.25883,1.25883,1.25822,1.25822,1774
2026-01-02T07:45:00+00:00,1.25822,1.25829,1.25721,1.25770,2092
2026-01-02T08:00:00+00:00,1.25770,1.25770,1.25662,1.25736,2402
2026-01-02T08:15:00+00:00,1.25736,1.25779,1.25736,1.25762,1908
2026-01-02T08:30:00+00:00,1.25762,1.25828,1.25762,1.25828,2577
2026-01-02T08:45:00+00:00,1.25828,1.25858,1.25826,1.25826,907
2026-01-02T09:00:00+00:00,1.25826,1.25854,1.25826,1.25854,2520
2026-01-02T09:15:00+00:00,1.25854,1.25857,1.25841,1.25847,1291
2026-01-02T09:30:00+00:00,1.25847,1.25886,1.25837,1.25886,2165
2026-01-02T09:45:00+00:00,1.25886,1.25886,1.25866,1.25866,886
2026-01-02T10:00:00+00:00,1.25866,1.25866,1.25831,1.25838,1482
2026-01-02T10:15:00+00:00,1.25838,1.25842,1.25834,1.25842,1079
2026-01-02T10:30:00+00:00,1.25842,1.25871,1.25842,1.25855,2082
2026-01-02T10:45:00+00:00,1.25855,1.25855,1.25828,1.25851,1369
2026-01-02T11:00:00+00:00,1.25851,1.25872,1.25845,1.25845,2310
2026-01-02T11:15:00+00:00,1.25845,1.25860,1.25825,1.25825,1878
2026-01-02T11:30:00+00:00,1.25825,1.25876,1.25825,1.25862,1031
2026-01-02T11:45:00+00:00,1.25862,1.25894,1.25862,1.25894,1168
2026-01-02T12:00:00+00:00,1.25894,1.25894,1.25860,1.25872,2322
2026-01-02T12:15:00+00:00,1.25872,1.25872,1.25817,1.25847,1969
2026-01-02T12:30:00+00:00,1.25847,1.25902,1.25847,1.25902,1934
2026-01-02T12:45:00+00:00,1.25902,1.25904,1.25864,1.25904,2185
2026-01-02T13:00:00+00:00,1.25904,1.26051,1.25904,1.26051,1151
2026-01-02T13:15:00+00:00,1.26051,1.26079,1.26008,1.26008,1445
2026-01-02T13:30:00+00:00,1.26008,1.26008,1.25835,1.25835,1286
2026-01-02T13:45:00+00:00,1.25835,1.25891,1.25759,1.25891,1191
2026-01-02T14:00:00+00:00,1.25891,1.25891,1.25805,1.25828,1382
2026-01-02T14:15:00+00:00,1.25828,1.25832,1.25799,1.25799,1408
2026-01-02T14:30:00+00:00,1.25799,1.25799,1.25716,1.25755,2037
2026-01-02T14:45:00+00:00,1.25755,1.25804,1.25755,1.25804,1568
2026-01-02T15:00:00+00:00,1.25804,1.25804,1.25750,1.25750,1156
2026-01-02T15:15:00+00:00,1.25750,1.25751,1.25728,1.25728,1852
2026-01-02T15:30:00+00:00,1.25728,1.25750,1.25727,1.25750,1767
2026-01-02T15:45:00+00:00,1.25750,1.25772,1.25750,1.25772,1383
2026-01-02T16:00:00+00:00,1.25772,1.25779,1.25752,1.25758,1026
2026-01-02T16:15:00+00:00,1.25758,1.25769,1.25746,1.25769,2067
2026-01-02T16:30:00+00:00,1.25769,1.25792,1.25769,1.25792,1295
2026-01-02T16:45:00+00:00,1.25792,1.25792,1.25770,1.25770,1207
2026-01-02T17:00:00+00:00,1.25770,1.25770,1.25745,1.25745,1562
2026-01-02T17:15:00+00:00,1.25745,1.25777,1.25745,1.25777,1997
2026-01-02T17:30:00+00:00,1.25777,1.25796,1.25777,1.25790,1970
2026-01-02T17:45:00+00:00,1.25790,1.25808,1.25790,1.25801,1519
2026-01-02T18:00:00+00:00,1.25801,1.25820,1.25796,1.25796,1723
2026-01-02T18:15:00+00:00,1.25796,1.25816,1.25796,1.25816,1577
2026-01-02T18:30:00+00:00,1.25816,1.25816,1.25800,1.25800,648
2026-01-02T18:45:00+00:00,1.25800,1.25800,1.25785,1.25785,1580
2026-01-02T19:00:00+00:00,1.25785,1.25795,1.25756,1.25763,2198
2026-01-02T19:15:00+00:00,1.25763,1.25767,1.25720,1.25723,2465
2026-01-02T19:30:00+00:00,1.25723,1.25723,1.25700,1.25722,1011
2026-01-02T19:45:00+00:00,1.25722,1.25722,1.25700,1.25706,2540
2026-01-02T20:00:00+00:00,1.25706,1.25706,1.25674,1.25674,1900
2026-01-02T20:15:00+00:00,1.25674,1.25711,1.25674,1.25699,2061
2026-01-02T20:30:00+00:00,1.25699,1.25699,1.25679,1.25679,1629
2026-01-02T20:45:00+00:00,1.25679,1.25683,1.25665,1.25682,1388
2026-01-02T21:00:00+00:00,1.25682,1.25690,1.25677,1.25686,1928
2026-01-02T21:15:00+00:00,1.25686,1.25691,1.25662,1.25667,1562
2026-01-02T21:30:00+00:00,1.25667,1.25679,1.25655,1.25657,1876
2026-01-02T21:45:00+00:00,1.25657,1.25657,1.25638,1.25647,992
2026-01-02T22:00:00+00:00,1.25647,1.25672,1.25645,1.25672,1900
2026-01-02T22:15:00+00:00,1.25672,1.25703,1.25671,1.25703,963
2026-01-02T22:30:00+00:00,1.25703,1.25720,1.25703,1.25720,2241
2026-01-02T22:45:00+00:00,1.25720,1.25734,1.25711,1.25733,1286
2026-01-02T23:00:00+00:00,1.25733,1.25741,1.25713,1.25713,1939
2026-01-02T23:15:00+00:00,1.25713,1.25713,1.25677,1.25685,2317
2026-01-02T23:30:00+00:00,1.25685,1.25698,1.25685,1.25688,1115
2026-01-02T23:45:00+00:00,1.25688,1.25688,1.25655,1.25687,1355
2026-01-05T00:00:00+00:00,1.25687,1.25768,1.25687,1.25768,633
2026-01-05T00:15:00+00:00,1.25768,1.25837,1.25768,1.25830,2252
2026-01-05T00:30:00+00:00,1.25830,1.25843,1.25806,1.25843,1989
2026-01-05T00:45:00+00:00,1.25843,1.25859,1.25769,1.25775,1621
2026-01-05T01:00:00+00:00,1.25775,1.25776,1.25740,1.25773,1217
2026-01-05T01:15:00+00:00,1.25773,1.25811,1.25768,1.25798,2402
2026-01-05T01:30:00+00:00,1.25798,1.25798,1.25739,1.25761,1615
2026-01-05T01:45:00+00:00,1.25761,1.25794,1.25761,1.25793,1406
2026-01-05T02:00:00+00:00,1.25793,1.25811,1.25779,1.25795,2179
2026-01-05T02:15:00+00:00,1.25795,1.25851,1.25779,1.25851,1805
2026-01-05T02:30:00+00:00,1.25851,1.25851,1.25747,1.25755,2260
2026-01-05T02:45:00+00:00,1.25755,1.25770,1.25751,1.25764,2327
2026-01-05T03:00:00+00:00,1.25764,1.25764,1.25732,1.25741,2101
2026-01-05T03:15:00+00:00,1.25741,1.25741,1.25688,1.25688,1360
2026-01-05T03:30:00+00:00,1.25688,1.25705,1.25667,1.25705,1594
2026-01-05T03:45:00+00:00,1.25705,1.25738,1.25704,1.25732,763
2026-01-05T04:00:00+00:00,1.25732,1.25732,1.25713,1.25721,1211
2026-01-05T04:15:00+00:00,1.25721,1.25730,1.25701,1.25730,2454
2026-01-05T04:30:00+00:00,1.25730,1.25738,1.25707,1.25723,1321
2026-01-05T04:45:00+00:00,1.25723,1.25738,1.25710,1.25738,1947
2026-01-05T05:00:00+00:00,1.25738,1.25767,1.25738,1.25767,1798
2026-01-05T05:15:00+00:00,1.25767,1.25767,1.25740,1.25754,636
2026-01-05T05:30:00+00:00,1.25754,1.25799,1.25754,1.25773,1568
2026-01-05T05:45:00+00:00,1.25773,1.25800,1.25737,1.25787,1041
2026-01-05T06:00:00+00:00,1.25787,1.25787,1.25729,1.25746,1214
2026-01-05T06:15:00+00:00,1.25746,1.25765,1.25734,1.25734,2732
2026-01-05T06:30:00+00:00,1.25734,1.25734,1.25624,1.25717,1684
2026-01-05T06:45:00+00:00,1.25717,1.25799,1.25686,1.25731,2013
2026-01-05T07:00:00+00:00,1.25731,1.25760,1.25703,1.25703,1815
2026-01-05T07:15:00+00:00,1.25703,1.25703,1.25604,1.25666,1411
2026-01-05T07:30:00+00:00,1.25666,1.25768,1.25665,1.25731,1810
2026-01-05T07:45:00+00:00,1.25731,1.25776,1.25718,1.25776,2158
2026-01-05T08:00:00+00:00,1.25776,1.25776,1.25746,1.25748,2922
2026-01-05T08:15:00+00:00,1.25748,1.25748,1.25690,1.25729,2545
2026-01-05T08:30:00+00:00,1.25729,1.25771,1.25720,1.25771,1948
2026-01-05T08:45:00+00:00,1.25771,1.25784,1.25746,1.25770,2541
2026-01-05T09:00:00+00:00,1.25770,1.25777,1.25745,1.25761,1439
2026-01-05T09:15:00+00:00,1.25761,1.25834,1.25757,1.25824,842
2026-01-05T09:30:00+00:00,1.25824,1.25834,1.25817,1.25834,1965
2026-01-05T09:45:00+00:00,1.25834,1.25856,1.25825,1.25856,1586
2026-01-05T10:00:00+00:00,1.25856,1.25856,1.25843,1.25850,1224
2026-01-05T10:15:00+00:00,1.25850,1.25850,1.25814,1.25816,1684
2026-01-05T10:30:00+00:00,1.25816,1.25834,1.25816,1.25819,1124
2026-01-05T10:45:00+00:00,1.25819,1.25825,1.25811,1.25825,643
2026-01-05T11:00:00+00:00,1.25825,1.25825,1.25791,1.25791,2239
2026-01-05T11:15:00+00:00,1.25791,1.25814,1.25791,1.25814,1092
2026-01-05T11:30:00+00:00,1.25814,1.25849,1.25814,1.25845,2461
2026-01-05T11:45:00+00:00,1.25845,1.25870,1.25836,1.25851,2009
2026-01-05T12:00:00+00:00,1.25851,1.25862,1.25813,1.25857,1336
2026-01-05T12:15:00+00:00,1.25857,1.25963,1.25857,1.25933,1930
2026-01-05T12:30:00+00:00,1.25933,1.25943,1.25903,1.25931,1464
2026-01-05T12:45:00+00:00,1.25931,1.25931,1.25837,1.25892,1584
2026-01-05T13:00:00+00:00,1.25892,1.25957,1.25853,1.25957,2806
2026-01-05T13:15:00+00:00,1.25957,1.25957,1.25846,1.25854,1368
2026-01-05T13:30:00+00:00,1.25854,1.25967,1.25850,1.25942,1163
2026-01-05T13:45:00+00:00,1.25942,1.25991,1.25916,1.25960,2616
2026-01-05T14:00:00+00:00,1.25960,1.25978,1.25932,1.25965,1698
2026-01-05T14:15:00+00:00,1.25965,1.25999,1.25956,1.25998,2733
2026-01-05T14:30:00+00:00,1.25998,1.26006,1.25936,1.25936,2337
2026-01-05T14:45:00+00:00,1.25936,1.25944,1.25912,1.25923,1796
2026-01-05T15:00:00+00:00,1.25923,1.25970,1.25918,1.25918,1633
2026-01-05T15:15:00+00:00,1.25918,1.25918,1.25851,1.25858,1693
2026-01-05T15:30:00+00:00,1.25858,1.25858,1.25808,1.25808,1525
2026-01-05T15:45:00+00:00,1.25808,1.25813,1.25795,1.25795,1584
2026-01-05T16:00:00+00:00,1.25795,1.25809,1.25773,1.25807,1380
2026-01-05T16:15:00+00:00,1.25807,1.25827,1.25807,1.25826,1005
2026-01-05T16:30:00+00:00,1.25826,1.25836,1.25809,1.25809,2321
2026-01-05T16:45:00+00:00,1.25809,1.25817,1.25787,1.25787,1499
2026-01-05T17:00:00+00:00,1.25787,1.25787,1.25760,1.25771,1730
2026-01-05T17:15:00+00:00,1.25771,1.25791,1.25768,1.25783,2020
2026-01-05T17:30:00+00:00,1.25783,1.25800,1.25765,1.25765,529
2026-01-05T17:45:00+00:00,1.25765,1.25765,1.25748,1.25758,1537
2026-01-05T18:00:00+00:00,1.25758,1.25783,1.25757,1.25783,657
2026-01-05T18:15:00+00:00,1.25783,1.25787,1.25771,1.25771,1897
2026-01-05T18:30:00+00:00,1.25771,1.25793,1.25761,1.25793,1612
2026-01-05T18:45:00+00:00,1.25793,1.25819,1.25793,1.25815,827
2026-01-05T19:00:00+00:00,1.25815,1.25819,1.25804,1.25807,1980
2026-01-05T19:15:00+00:00,1.25807,1.25822,1.25807,1.25822,1610
2026-01-05T19:30:00+00:00,1.25822,1.25822,1.25816,1.25819,1564
2026-01-05T19:45:00+00:00,1.25819,1.25819,1.25776,1.25776,1012
2026-01-05T20:00:00+00:00,1.25776,1.25797,1.25764,1.25796,1396
2026-01-05T20:15:00+00:00,1.25796,1.25811,1.25796,1.25811,1604
2026-01-05T20:30:00+00:00,1.25811,1.25857,1.25811,1.25857,1662
2026-01-05T20:45:00+00:00,1.25857,1.25857,1.25837,1.25838,2505
2026-01-05T21:00:00+00:00,1.25838,1.25855,1.25828,1.25828,2445
2026-01-05T21:15:00+00:00,1.25828,1.25834,1.25815,1.25817,1824
2026-01-05T21:30:00+00:00,1.25817,1.25870,1.25817,1.25870,1727
2026-01-05T21:45:00+00:00,1.25870,1.25882,1.25861,1.25867,1647
2026-01-05T22:00:00+00:00,1.25867,1.25887,1.25864,1.25871,815
2026-01-05T22:15:00+00:00,1.25871,1.25898,1.25870,1.25882,1637
2026-01-05T22:30:00+00:00,1.25882,1.25898,1.25871,1.25885,2031
2026-01-05T22:45:00+00:00,1.25885,1.25899,1.25880,1.25899,1344
2026-01-05T23:00:00+00:00,1.25899,1.25899,1.25854,1.25869,2052
2026-01-05T23:15:00+00:00,1.25869,1.25869,1.25847,1.25847,1020
2026-01-05T23:30:00+00:00,1.25847,1.25855,1.25846,1.25847,1645
2026-01-05T23:45:00+00:00,1.25847,1.25857,1.25821,1.25829,1133
2026-01-06T00:00:00+00:00,1.25829,1.25918,1.25829,1.25918,1553
2026-01-06T00:15:00+00:00,1.25918,1.25946,1.25918,1.25923,1667
2026-01-06T00:30:00+00:00,1.25923,1.25923,1.25879,1.25879,1545
2026-01-06T00:45:00+00:00,1.25879,1.25879,1.25820,1.25820,2055
2026-01-06T01:00:00+00:00,1.25820,1.25842,1.25741,1.25741,1134
2026-01-06T01:15:00+00:00,1.25741,1.25782,1.25734,1.25782,1313
2026-01-06T01:30:00+00:00,1.25782,1.25799,1.25726,1.25726,1752
2026-01-06T01:45:00+00:00,1.25726,1.25726,1.25699,1.25713,1715
2026-01-06T02:00:00+00:00,1.25713,1.25744,1.25699,1.25744,1662
2026-01-06T02:15:00+00:00,1.25744,1.25796,1.25744,1.25796,1649
2026-01-06T02:30:00+00:00,1.25796,1.25808,1.25788,1.25788,2008
2026-01-06T02:45:00+00:00,1.25788,1.25788,1.25733,1.25733,2077
2026-01-06T03:00:00+00:00,1.25733,1.25733,1.25713,1.25714,2099
2026-01-06T03:15:00+00:00,1.25714,1.25723,1.25695,1.25723,2524
2026-01-06T03:30:00+00:00,1.25723,1.25730,1.25714,1.25720,633
2026-01-06T03:45:00+00:00,1.25720,1.25727,1.25698,1.25698,1367
2026-01-06T04:00:00+00:00,1.25698,1.25725,1.25698,1.25725,1074
2026-01-06T04:15:00+00:00,1.25725,1.25727,1.25711,1.25711,1338
2026-01-06T04:30:00+00:00,1.25711,1.25718,1.25696,1.25718,1026
2026-01-06T04:45:00+00:00,1.25718,1.25738,1.25718,1.25738,1426
2026-01-06T05:00:00+00:00,1.25738,1.25746,1.25730,1.25731,1552
2026-01-06T05:15:00+00:00,1.25731,1.25737,1.25711,1.25737,1849
2026-01-06T05:30:00+00:00,1.25737,1.25742,1.25723,1.25742,1169
2026-01-06T05:45:00+00:00,1.25742,1.25789,1.25721,1.25721,1286
2026-01-06T06:00:00+00:00,1.25721,1.25735,1.25719,1.25723,1560
2026-01-06T06:15:00+00:00,1.25723,1.25761,1.25717,1.25754,2412
2026-01-06T06:30:00+00:00,1.25754,1.25854,1.25754,1.25854,1396
2026-01-06T06:45:00+00:00,1.25854,1.25912,1.25854,1.25912,2601
2026-01-06T07:00:00+00:00,1.25912,1.26014,1.25912,1.26001,2413
2026-01-06T07:15:00+00:00,1.26001,1.26053,1.26001,1.26053,997
2026-01-06T07:30:00+00:00,1.26053,1.26265,1.26053,1.26265,2135
2026-01-06T07:45:00+00:00,1.26265,1.26265,1.26109,1.26122,2131
2026-01-06T08:00:00+00:00,1.26122,1.26122,1.26049,1.26089,1584
2026-01-06T08:15:00+00:00,1.26089,1.26121,1.26089,1.26091,1106
2026-01-06T08:30:00+00:00,1.26091,1.26112,1.26058,1.26058,885
2026-01-06T08:45:00+00:00,1.26058,1.26085,1.26043,1.26085,1468
2026-01-06T09:00:00+00:00,1.26085,1.26088,1.26060,1.26088,1043
2026-01-06T09:15:00+00:00,1.26088,1.26088,1.26067,1.26086,1154
2026-01-06T09:30:00+00:00,1.26086,1.26086,1.26041,1.26055,1767
2026-01-06T09:45:00+00:00,1.26055,1.26128,1.26055,1.26128,1299
2026-01-06T10:00:00+00:00,1.26128,1.26153,1.26128,1.26151,1864
2026-01-06T10:15:00+00:00,1.26151,1.26151,1.26111,1.26111,2092
2026-01-06T10:30:00+00:00,1.26111,1.26111,1.26099,1.26110,1211
2026-01-06T10:45:00+00:00,1.26110,1.26110,1.26081,1.26085,1422
2026-01-06T11:00:00+00:00,1.26085,1.26085,1.26065,1.26065,1719
2026-01-06T11:15:00+00:00,1.26065,1.26083,1.26064,1.26081,293
2026-01-06T11:30:00+00:00,1.26081,1.26108,1.26060,1.26108,1367
2026-01-06T11:45:00+00:00,1.26108,1.26124,1.26102,1.26102,2329
2026-01-06T12:00:00+00:00,1.26102,1.26129,1.26098,1.26129,2229
2026-01-06T12:15:00+00:00,1.26129,1.26163,1.26128,1.26128,1406
2026-01-06T12:30:00+00:00,1.26128,1.26231,1.26128,1.26231,2229
2026-01-06T12:45:00+00:00,1.26231,1.26231,1.26122,1.26122,2038
2026-01-06T13:00:00+00:00,1.26122,1.26131,1.26062,1.26069,2362
2026-01-06T13:15:00+00:00,1.26069,1.26085,1.26032,1.26079,1579
2026-01-06T13:30:00+00:00,1.26079,1.26180,1.26079,1.26180,1929
2026-01-06T13:45:00+00:00,1.26180,1.26228,1.26137,1.26191,1363
2026-01-06T14:00:00+00:00,1.26191,1.26232,1.26165,1.26165,626
2026-01-06T14:15:00+00:00,1.26165,1.26182,1.26070,1.26182,1378
2026-01-06T14:30:00+00:00,1.26182,1.26194,1.26160,1.26184,1658
2026-01-06T14:45:00+00:00,1.26184,1.26219,1.26184,1.26219,2522
2026-01-06T15:00:00+00:00,1.26219,1.26219,1.26155,1.26196,1597
2026-01-06T15:15:00+00:00,1.26196,1.26295,1.26196,1.26295,1273
2026-01-06T15:30:00+00:00,1.26295,1.26295,1.26267,1.26294,1859
2026-01-06T15:45:00+00:00,1.26294,1.26294,1.26267,1.26281,1069
2026-01-06T16:00:00+00:00,1.26281,1.26286,1.26265,1.26265,2319
2026-01-06T16:15:00+00:00,1.26265,1.26271,1.26253,1.26271,1658
2026-01-06T16:30:00+00:00,1.26271,1.26290,1.26269,1.26271,462
2026-01-06T16:45:00+00:00,1.26271,1.26301,1.26261,1.26301,1861
2026-01-06T17:00:00+00:00,1.26301,1.26327,1.26301,1.26322,1939
2026-01-06T17:15:00+00:00,1.26322,1.26346,1.26322,1.26338,857
2026-01-06T17:30:00+00:00,1.26338,1.26346,1.26333,1.26336,369
2026-01-06T17:45:00+00:00,1.26336,1.26355,1.26325,1.26349,1909
2026-01-06T18:00:00+00:00,1.26349,1.26359,1.26337,1.26359,2179
2026-01-06T18:15:00+00:00,1.26359,1.26359,1.26335,1.26344,2322
2026-01-06T18:30:00+00:00,1.26344,1.26347,1.26332,1.26347,1511
2026-01-06T18:45:00+00:00,1.26347,1.26379,1.26347,1.26379,1449
2026-01-06T19:00:00+00:00,1.26379,1.26396,1.26352,1.26396,1365
2026-01-06T19:15:00+00:00,1.26396,1.26396,1.26373,1.26378,1062
2026-01-06T19:30:00+00:00,1.26378,1.26399,1.26375,1.26375,1986
2026-01-06T19:45:00+00:00,1.26375,1.26375,1.26342,1.26343,1097
2026-01-06T20:00:00+00:00,1.26343,1.26363,1.26343,1.26350,2015
2026-01-06T20:15:00+00:00,1.26350,1.26386,1.26350,1.26386,979
2026-01-06T20:30:00+00:00,1.26386,1.26386,1.26365,1.26375,2065
2026-01-06T20:45:00+00:00,1.26375,1.26389,1.26359,1.26389,1561
2026-01-06T21:00:00+00:00,1.26389,1.26389,1.26351,1.26358,719
2026-01-06T21:15:00+00:00,1.26358,1.26359,1.26333,1.26347,1776
2026-01-06T21:30:00+00:00,1.26347,1.26364,1.26336,1.26362,1600
2026-01-06T21:45:00+00:00,1.26362,1.26371,1.26339,1.26339,1190
2026-01-06T22:00:00+00:00,1.26339,1.26339,1.26316,1.26327,1053
2026-01-06T22:15:00+00:00,1.26327,1.26328,1.26317,1.26326,944
2026-01-06T22:30:00+00:00,1.26326,1.26352,1.26326,1.26352,1612
2026-01-06T22:45:00+00:00,1.26352,1.26355,1.26338,1.26342,628
2026-01-06T23:00:00+00:00,1.26342,1.26348,1.26334,1.26346,1619
2026-01-06T23:15:00+00:00,1.26346,1.26359,1.26342,1.26359,1956
2026-01-06T23:30:00+00:00,1.26359,1.26375,1.26353,1.26353,1904
2026-01-06T23:45:00+00:00,1.26353,1.26353,1.26305,1.26326,1242
2026-01-07T00:00:00+00:00,1.26326,1.26350,1.26316,1.26344,1052
2026-01-07T00:15:00+00:00,1.26344,1.26367,1.26333,1.26333,1955
2026-01-07T00:30:00+00:00,1.26333,1.26333,1.26283,1.26283,1990
2026-01-07T00:45:00+00:00,1.26283,1.26296,1.26274,1.26281,1549
2026-01-07T01:00:00+00:00,1.26281,1.26304,1.26261,1.26298,2460
2026-01-07T01:15:00+00:00,1.26298,1.26298,1.26264,1.26264,2426
2026-01-07T01:30:00+00:00,1.26264,1.26279,1.26255,1.26255,1183
2026-01-07T01:45:00+00:00,1.26255,1.26260,1.26229,1.26260,1783
2026-01-07T02:00:00+00:00,1.26260,1.26262,1.26226,1.26258,2400
2026-01-07T02:15:00+00:00,1.26258,1.26313,1.26258,1.26300,1083
2026-01-07T02:30:00+00:00,1.26300,1.26328,1.26300,1.26301,821
2026-01-07T02:45:00+00:00,1.26301,1.26334,1.26286,1.26334,985
2026-01-07T03:00:00+00:00,1.26334,1.26366,1.26323,1.26366,1715
2026-01-07T03:15:00+00:00,1.26366,1.26408,1.26366,1.26403,1946
2026-01-07T03:30:00+00:00,1.26403,1.26410,1.26386,1.26392,907
2026-01-07T03:45:00+00:00,1.26392,1.26392,1.26363,1.26363,1302
2026-01-07T04:00:00+00:00,1.26363,1.26375,1.26353,1.26355,1518
2026-01-07T04:15:00+00:00,1.26355,1.26402,1.26355,1.26391,807
2026-01-07T04:30:00+00:00,1.26391,1.26393,1.26379,1.26393,1839
2026-01-07T04:45:00+00:00,1.26393,1.26437,1.26393,1.26437,1343
2026-01-07T05:00:00+00:00,1.26437,1.26459,1.26437,1.26439,1433
2026-01-07T05:15:00+00:00,1.26439,1.26445,1.26424,1.26432,1372
2026-01-07T05:30:00+00:00,1.26432,1.26472,1.26432,1.26472,1814
2026-01-07T05:45:00+00:00,1.26472,1.26472,1.26420,1.26438,1880
2026-01-07T06:00:00+00:00,1.26438,1.26438,1.26385,1.26385,2266
2026-01-07T06:15:00+00:00,1.26385,1.26470,1.26385,1.26470,1844
2026-01-07T06:30:00+00:00,1.26470,1.26470,1.26390,1.26430,2125
2026-01-07T06:45:00+00:00,1.26430,1.26562,1.26430,1.26562,2019
2026-01-07T07:00:00+00:00,1.26562,1.26562,1.26324,1.26326,1810
2026-01-07T07:15:00+00:00,1.26326,1.26396,1.26326,1.26360,1876
2026-01-07T07:30:00+00:00,1.26360,1.26418,1.26325,1.26418,1702
2026-01-07T07:45:00+00:00,1.26418,1.26418,1.26344,1.26374,1642
2026-01-07T08:00:00+00:00,1.26374,1.26410,1.26366,1.26391,1429
2026-01-07T08:15:00+00:00,1.26391,1.26468,1.26391,1.26468,1672
2026-01-07T08:30:00+00:00,1.26468,1.26485,1.26426,1.26441,2111
2026-01-07T08:45:00+00:00,1.26441,1.26441,1.26420,1.26435,1277
2026-01-07T09:00:00+00:00,1.26435,1.26480,1.26435,1.26480,2208
2026-01-07T09:15:00+00:00,1.26480,1.26489,1.26474,1.26474,1500
2026-01-07T09:30:00+00:00,1.26474,1.26490,1.26474,1.26489,1482
2026-01-07T09:45:00+00:00,1.26489,1.26513,1.26489,1.26497,1613
2026-01-07T10:00:00+00:00,1.26497,1.26508,1.26490,1.26506,2285
2026-01-07T10:15:00+00:00,1.26506,1.26523,1.26506,1.26522,1288
2026-01-07T10:30:00+00:00,1.26522,1.26522,1.26475,1.26475,1941
2026-01-07T10:45:00+00:00,1.26475,1.26475,1.26447,1.26454,1403
2026-01-07T11:00:00+00:00,1.26454,1.26470,1.26454,1.26460,1424
2026-01-07T11:15:00+00:00,1.26460,1.26482,1.26460,1.26468,1493
2026-01-07T11:30:00+00:00,1.26468,1.26484,1.26439,1.26439,2033
2026-01-07T11:45:00+00:00,1.26439,1.26548,1.26439,1.26548,621
2026-01-07T12:00:00+00:00,1.26548,1.26555,1.26525,1.26555,423
2026-01-07T12:15:00+00:00,1.26555,1.26587,1.26529,1.26540,1864
2026-01-07T12:30:00+00:00,1.26540,1.26609,1.26540,1.26575,1657
2026-01-07T12:45:00+00:00,1.26575,1.26716,1.26557,1.26716,1719
2026-01-07T13:00:00+00:00,1.26716,1.26808,1.26716,1.26806,2012
2026-01-07T13:15:00+00:00,1.26806,1.26806,1.26726,1.26741,1374
2026-01-07T13:30:00+00:00,1.26741,1.26873,1.26739,1.26851,2320
2026-01-07T13:45:00+00:00,1.26851,1.26906,1.26816,1.26906,1499
2026-01-07T14:00:00+00:00,1.26906,1.26931,1.26882,1.26882,1415
2026-01-07T14:15:00+00:00,1.26882,1.26911,1.26864,1.26911,1924
2026-01-07T14:30:00+00:00,1.26911,1.26911,1.26806,1.26827,1489
2026-01-07T14:45:00+00:00,1.26827,1.26847,1.26803,1.26840,1675
2026-01-07T15:00:00+00:00,1.26840,1.26883,1.26840,1.26873,1077
2026-01-07T15:15:00+00:00,1.26873,1.26902,1.26873,1.26877,507
2026-01-07T15:30:00+00:00,1.26877,1.26889,1.26877,1.26888,1176
2026-01-07T15:45:00+00:00,1.26888,1.26888,1.26860,1.26860,1346
2026-01-07T16:00:00+00:00,1.26860,1.26863,1.26851,1.26860,2217
2026-01-07T16:15:00+00:00,1.26860,1.26868,1.26844,1.26868,1166
2026-01-07T16:30:00+00:00,1.26868,1.26875,1.26853,1.26872,935
2026-01-07T16:45:00+00:00,1.26872,1.26900,1.26868,1.26900,1991
2026-01-07T17:00:00+00:00,1.26900,1.26907,1.26900,1.26906,1060
2026-01-07T17:15:00+00:00,1.26906,1.26936,1.26906,1.26933,2702
2026-01-07T17:30:00+00:00,1.26933,1.26933,1.26907,1.26907,1296
2026-01-07T17:45:00+00:00,1.26907,1.26907,1.26873,1.26875,1693
2026-01-07T18:00:00+00:00,1.26875,1.26875,1.26832,1.26832,1720
2026-01-07T18:15:00+00:00,1.26832,1.26859,1.26832,1.26855,1937
2026-01-07T18:30:00+00:00,1.26855,1.26855,1.26838,1.26842,2233
2026-01-07T18:45:00+00:00,1.26842,1.26865,1.26842,1.26860,1811
2026-01-07T19:00:00+00:00,1.26860,1.26860,1.26817,1.26817,2026
2026-01-07T19:15:00+00:00,1.26817,1.26836,1.26817,1.26829,627
2026-01-07T19:30:00+00:00,1.26829,1.26829,1.26804,1.26807,1813
2026-01-07T19:45:00+00:00,1.26807,1.26820,1.26797,1.26797,1463
2026-01-07T20:00:00+00:00,1.26797,1.26797,1.26756,1.26767,1681
2026-01-07T20:15:00+00:00,1.26767,1.26773,1.26755,1.26769,1816
2026-01-07T20:30:00+00:00,1.26769,1.26795,1.26769,1.26795,2000
2026-01-07T20:45:00+00:00,1.26795,1.26807,1.26795,1.26807,1713
2026-01-07T21:00:00+00:00,1.26807,1.26807,1.26775,1.26775,1499
2026-01-07T21:15:00+00:00,1.26775,1.26793,1.26769,1.26793,1373
2026-01-07T21:30:00+00:00,1.26793,1.26795,1.26792,1.26793,1789
2026-01-07T21:45:00+00:00,1.26793,1.26837,1.26793,1.26837,1458
2026-01-07T22:00:00+00:00,1.26837,1.26878,1.26837,1.26878,753
2026-01-07T22:15:00+00:00,1.26878,1.26901,1.26878,1.26883,867
2026-01-07T22:30:00+00:00,1.26883,1.26883,1.26855,1.26855,1517
2026-01-07T22:45:00+00:00,1.26855,1.26862,1.26840,1.26848,1789
2026-01-07T23:00:00+00:00,1.26848,1.26865,1.26848,1.26851,1215
2026-01-07T23:15:00+00:00,1.26851,1.26851,1.26815,1.26815,1170
2026-01-07T23:30:00+00:00,1.26815,1.26815,1.26786,1.26786,1305
2026-01-07T23:45:00+00:00,1.26786,1.26810,1.26778,1.26810,2583
2026-01-08T00:00:00+00:00,1.26810,1.26810,1.26764,1.26787,1550
2026-01-08T00:15:00+00:00,1.26787,1.26800,1.26781,1.26781,1481
2026-01-08T00:30:00+00:00,1.26781,1.26803,1.26750,1.26803,1384
2026-01-08T00:45:00+00:00,1.26803,1.26808,1.26782,1.26799,861
2026-01-08T01:00:00+00:00,1.26799,1.26852,1.26799,1.26852,1678
2026-01-08T01:15:00+00:00,1.26852,1.26908,1.26852,1.26881,1410
2026-01-08T01:30:00+00:00,1.26881,1.26881,1.26847,1.26876,2243
2026-01-08T01:45:00+00:00,1.26876,1.26916,1.26876,1.26910,1176
2026-01-08T02:00:00+00:00,1.26910,1.26913,1.26872,1.26888,1340
2026-01-08T02:15:00+00:00,1.26888,1.26888,1.26826,1.26826,1256
2026-01-08T02:30:00+00:00,1.26826,1.26834,1.26816,1.26821,973
2026-01-08T02:45:00+00:00,1.26821,1.26821,1.26799,1.26808,1152
2026-01-08T03:00:00+00:00,1.26808,1.26857,1.26808,1.26854,936
2026-01-08T03:15:00+00:00,1.26854,1.26870,1.26822,1.26870,1543
2026-01-08T03:30:00+00:00,1.26870,1.26870,1.26825,1.26825,2124
2026-01-08T03:45:00+00:00,1.26825,1.26836,1.26811,1.26836,1741
2026-01-08T04:00:00+00:00,1.26836,1.26844,1.26825,1.26827,1975
2026-01-08T04:15:00+00:00,1.26827,1.26834,1.26803,1.26810,1094
2026-01-08T04:30:00+00:00,1.26810,1.26834,1.26810,1.26834,978
2026-01-08T04:45:00+00:00,1.26834,1.26834,1.26804,1.26808,2868
2026-01-08T05:00:00+00:00,1.26808,1.26817,1.26791,1.26815,1142
2026-01-08T05:15:00+00:00,1.26815,1.26842,1.26815,1.26831,1185
2026-01-08T05:30:00+00:00,1.26831,1.26832,1.26758,1.26758,1253
2026-01-08T05:45:00+00:00,1.26758,1.26788,1.26739,1.26739,2687
2026-01-08T06:00:00+00:00,1.26739,1.26809,1.26739,1.26787,1635
2026-01-08T06:15:00+00:00,1.26787,1.26831,1.26787,1.26794,1288
2026-01-08T06:30:00+00:00,1.26794,1.26887,1.26794,1.26886,1367
2026-01-08T06:45:00+00:00,1.26886,1.26937,1.26748,1.26909,1076
2026-01-08T07:00:00+00:00,1.26909,1.26992,1.26909,1.26988,2190
2026-01-08T07:15:00+00:00,1.26988,1.26988,1.26794,1.26794,1200
2026-01-08T07:30:00+00:00,1.26794,1.26835,1.26755,1.26832,2356
2026-01-08T07:45:00+00:00,1.26832,1.26965,1.26832,1.26965,1994
2026-01-08T08:00:00+00:00,1.26965,1.27034,1.26965,1.27019,1515
2026-01-08T08:15:00+00:00,1.27019,1.27065,1.27003,1.27065,2265
2026-01-08T08:30:00+00:00,1.27065,1.27065,1.26990,1.26990,1847
2026-01-08T08:45:00+00:00,1.26990,1.26990,1.26941,1.26984,1510
2026-01-08T09:00:00+00:00,1.26984,1.27004,1.26982,1.26998,1917
2026-01-08T09:15:00+00:00,1.26998,1.26998,1.26975,1.26983,1238
2026-01-08T09:30:00+00:00,1.26983,1.26994,1.26966,1.26966,444
2026-01-08T09:45:00+00:00,1.26966,1.26966,1.26936,1.26936,1354
2026-01-08T10:00:00+00:00,1.26936,1.26987,1.26936,1.26987,288
2026-01-08T10:15:00+00:00,1.26987,1.26987,1.26957,1.26957,1190
2026-01-08T10:30:00+00:00,1.26957,1.26970,1.26952,1.26952,1875
2026-01-08T10:45:00+00:00,1.26952,1.26979,1.26943,1.26979,1796
2026-01-08T11:00:00+00:00,1.26979,1.26979,1.26953,1.26953,386
2026-01-08T11:15:00+00:00,1.26953,1.26961,1.26931,1.26934,1213
2026-01-08T11:30:00+00:00,1.26934,1.26934,1.26872,1.26872,1175
2026-01-08T11:45:00+00:00,1.26872,1.26872,1.26824,1.26852,1366
2026-01-08T12:00:00+00:00,1.26852,1.26910,1.26839,1.26909,1167
2026-01-08T12:15:00+00:00,1.26909,1.26963,1.26909,1.26932,2507
2026-01-08T12:30:00+00:00,1.26932,1.26952,1.26845,1.26858,2246
2026-01-08T12:45:00+00:00,1.26858,1.26954,1.26858,1.26954,1132
2026-01-08T13:00:00+00:00,1.26954,1.27012,1.26907,1.26907,2197
2026-01-08T13:15:00+00:00,1.26907,1.26909,1.26853,1.26853,2646
2026-01-08T13:30:00+00:00,1.26853,1.27047,1.26853,1.27026,1862
2026-01-08T13:45:00+00:00,1.27026,1.27043,1.26996,1.26996,1286
2026-01-08T14:00:00+00:00,1.26996,1.27027,1.26948,1.27027,1969
2026-01-08T14:15:00+00:00,1.27027,1.27081,1.26985,1.26985,1407
2026-01-08T14:30:00+00:00,1.26985,1.27029,1.26985,1.26997,2012
2026-01-08T14:45:00+00:00,1.26997,1.27078,1.26997,1.27077,1888
2026-01-08T15:00:00+00:00,1.27077,1.27077,1.27042,1.27051,1405
2026-01-08T15:15:00+00:00,1.27051,1.27060,1.27027,1.27046,1487
2026-01-08T15:30:00+00:00,1.27046,1.27046,1.27025,1.27027,2054
2026-01-08T15:45:00+00:00,1.27027,1.27027,1.26981,1.26981,893
2026-01-08T16:00:00+00:00,1.26981,1.26986,1.26960,1.26971,1710
2026-01-08T16:15:00+00:00,1.26971,1.26987,1.26964,1.26972,730
2026-01-08T16:30:00+00:00,1.26972,1.26972,1.26946,1.26961,575
2026-01-08T16:45:00+00:00,1.26961,1.26974,1.26947,1.26974,704
2026-01-08T17:00:00+00:00,1.26974,1.26976,1.26954,1.26956,1329
2026-01-08T17:15:00+00:00,1.26956,1.26972,1.26956,1.26963,1458
2026-01-08T17:30:00+00:00,1.26963,1.26963,1.26921,1.26933,780
2026-01-08T17:45:00+00:00,1.26933,1.26935,1.26906,1.26906,2158
2026-01-08T18:00:00+00:00,1.26906,1.26924,1.26906,1.26906,1213
2026-01-08T18:15:00+00:00,1.26906,1.26912,1.26889,1.26889,1095
2026-01-08T18:30:00+00:00,1.26889,1.26911,1.26879,1.26908,2312
2026-01-08T18:45:00+00:00,1.26908,1.26925,1.26901,1.26925,1679
2026-01-08T19:00:00+00:00,1.26925,1.26925,1.26908,1.26908,1919
2026-01-08T19:15:00+00:00,1.26908,1.26957,1.26908,1.26931,2255
2026-01-08T19:30:00+00:00,1.26931,1.26953,1.26923,1.26953,1143
2026-01-08T19:45:00+00:00,1.26953,1.26967,1.26953,1.26967,1839
2026-01-08T20:00:00+00:00,1.26967,1.26967,1.26927,1.26927,1524
2026-01-08T20:15:00+00:00,1.26927,1.26932,1.26926,1.26927,1737
2026-01-08T20:30:00+00:00,1.26927,1.26927,1.26904,1.26909,1973
2026-01-08T20:45:00+00:00,1.26909,1.26909,1.26888,1.26902,1036
2026-01-08T21:00:00+00:00,1.26902,1.26922,1.26897,1.26913,908
2026-01-08T21:15:00+00:00,1.26913,1.26929,1.26909,1.26909,1249
2026-01-08T21:30:00+00:00,1.26909,1.26909,1.26877,1.26894,1912
2026-01-08T21:45:00+00:00,1.26894,1.26911,1.26888,1.26911,922
2026-01-08T22:00:00+00:00,1.26911,1.26929,1.26900,1.26929,1755
2026-01-08T22:15:00+00:00,1.26929,1.26942,1.26929,1.26930,1410
2026-01-08T22:30:00+00:00,1.26930,1.26930,1.26894,1.26894,2072
2026-01-08T22:45:00+00:00,1.26894,1.26918,1.26894,1.26902,1731
2026-01-08T23:00:00+00:00,1.26902,1.26916,1.26902,1.26915,1195
2026-01-08T23:15:00+00:00,1.26915,1.26924,1.26915,1.26915,1027
2026-01-08T23:30:00+00:00,1.26915,1.26922,1.26888,1.26902,1904
2026-01-08T23:45:00+00:00,1.26902,1.26910,1.26901,1.26903,2424
2026-01-09T00:00:00+00:00,1.26903,1.26904,1.26865,1.26897,1294
2026-01-09T00:15:00+00:00,1.26897,1.26905,1.26819,1.26819,1540
2026-01-09T00:30:00+00:00,1.26819,1.26837,1.26781,1.26781,1866
2026-01-09T00:45:00+00:00,1.26781,1.26794,1.26781,1.26794,1482
2026-01-09T01:00:00+00:00,1.26794,1.26823,1.26794,1.26823,1625
2026-01-09T01:15:00+00:00,1.26823,1.26823,1.26720,1.26720,1455
2026-01-09T01:30:00+00:00,1.26720,1.26777,1.26720,1.26777,1049
2026-01-09T01:45:00+00:00,1.26777,1.26824,1.26777,1.26823,2330
2026-01-09T02:00:00+00:00,1.26823,1.26851,1.26793,1.26851,2593
2026-01-09T02:15:00+00:00,1.26851,1.26853,1.26825,1.26825,1686
2026-01-09T02:30:00+00:00,1.26825,1.26857,1.26825,1.26852,1358
2026-01-09T02:45:00+00:00,1.26852,1.26853,1.26810,1.26810,1779
2026-01-09T03:00:00+00:00,1.26810,1.26810,1.26770,1.26791,2298
2026-01-09T03:15:00+00:00,1.26791,1.26831,1.26791,1.26824,2152
2026-01-09T03:30:00+00:00,1.26824,1.26835,1.26817,1.26817,1981
2026-01-09T03:45:00+00:00,1.26817,1.26817,1.26776,1.26776,1998
2026-01-09T04:00:00+00:00,1.26776,1.26815,1.26776,1.26815,1588
2026-01-09T04:15:00+00:00,1.26815,1.26834,1.26809,1.26809,1026
2026-01-09T04:30:00+00:00,1.26809,1.26827,1.26770,1.26770,1352
2026-01-09T04:45:00+00:00,1.26770,1.26773,1.26755,1.26755,2426
2026-01-09T05:00:00+00:00,1.26755,1.26778,1.26755,1.26766,1525
2026-01-09T05:15:00+00:00,1.26766,1.26786,1.26756,1.26786,934
2026-01-09T05:30:00+00:00,1.26786,1.26809,1.26777,1.26809,1950
2026-01-09T05:45:00+00:00,1.26809,1.26864,1.26809,1.26864,1271
2026-01-09T06:00:00+00:00,1.26864,1.26864,1.26814,1.26814,1268
2026-01-09T06:15:00+00:00,1.26814,1.26882,1.26814,1.26882,2200
2026-01-09T06:30:00+00:00,1.26882,1.26882,1.26765,1.26786,1168
2026-01-09T06:45:00+00:00,1.26786,1.26804,1.26591,1.26599,2370
2026-01-09T07:00:00+00:00,1.26599,1.26599,1.26480,1.26480,1852
2026-01-09T07:15:00+00:00,1.26480,1.26684,1.26480,1.26684,1249
2026-01-09T07:30:00+00:00,1.26684,1.26754,1.26627,1.26754,1552
2026-01-09T07:45:00+00:00,1.26754,1.26754,1.26663,1.26707,2465
2026-01-09T08:00:00+00:00,1.26707,1.26707,1.26594,1.26621,1362
2026-01-09T08:15:00+00:00,1.26621,1.26680,1.26585,1.26585,1306
2026-01-09T08:30:00+00:00,1.26585,1.26626,1.26585,1.26614,1139
2026-01-09T08:45:00+00:00,1.26614,1.26689,1.26614,1.26671,289
2026-01-09T09:00:00+00:00,1.26671,1.26678,1.26650,1.26678,2288
2026-01-09T09:15:00+00:00,1.26678,1.26687,1.26623,1.26623,2477
2026-01-09T09:30:00+00:00,1.26623,1.26658,1.26623,1.26646,1633
2026-01-09T09:45:00+00:00,1.26646,1.26646,1.26616,1.26616,1563
2026-01-09T10:00:00+00:00,1.26616,1.26617,1.26595,1.26605,1954
2026-01-09T10:15:00+00:00,1.26605,1.26615,1.26600,1.26604,1868
2026-01-09T10:30:00+00:00,1.26604,1.26617,1.26603,1.26606,1704
2026-01-09T10:45:00+00:00,1.26606,1.26626,1.26590,1.26626,1636
2026-01-09T11:00:00+00:00,1.26626,1.26656,1.26626,1.26651,801
2026-01-09T11:15:00+00:00,1.26651,1.26663,1.26635,1.26635,1881
2026-01-09T11:30:00+00:00,1.26635,1.26658,1.26625,1.26625,1449
2026-01-09T11:45:00+00:00,1.26625,1.26640,1.26571,1.26583,434
2026-01-09T12:00:00+00:00,1.26583,1.26588,1.26476,1.26476,2235
2026-01-09T12:15:00+00:00,1.26476,1.26497,1.26450,1.26451,1510
2026-01-09T12:30:00+00:00,1.26451,1.26463,1.26423,1.26443,1127
2026-01-09T12:45:00+00:00,1.26443,1.26543,1.26443,1.26543,1792
2026-01-09T13:00:00+00:00,1.26543,1.26573,1.26543,1.26553,3363
2026-01-09T13:15:00+00:00,1.26553,1.26553,1.26484,1.26484,1870
2026-01-09T13:30:00+00:00,1.26484,1.26494,1.26464,1.26494,2203
2026-01-09T13:45:00+00:00,1.26494,1.26509,1.26475,1.26507,1344
2026-01-09T14:00:00+00:00,1.26507,1.26542,1.26503,1.26530,1511
2026-01-09T14:15:00+00:00,1.26530,1.26549,1.26474,1.26474,1674
2026-01-09T14:30:00+00:00,1.26474,1.26474,1.26412,1.26425,1757
2026-01-09T14:45:00+00:00,1.26425,1.26425,1.26384,1.26411,1388
2026-01-09T15:00:00+00:00,1.26411,1.26461,1.26391,1.26428,1651
2026-01-09T15:15:00+00:00,1.26428,1.26435,1.26400,1.26435,1987
2026-01-09T15:30:00+00:00,1.26435,1.26442,1.26402,1.26442,835
2026-01-09T15:45:00+00:00,1.26442,1.26471,1.26440,1.26471,1751
2026-01-09T16:00:00+00:00,1.26471,1.26491,1.26436,1.26436,1984
2026-01-09T16:15:00+00:00,1.26436,1.26451,1.26427,1.26428,1010
2026-01-09T16:30:00+00:00,1.26428,1.26449,1.26414,1.26414,1694
2026-01-09T16:45:00+00:00,1.26414,1.26428,1.26403,1.26403,1569
2026-01-09T17:00:00+00:00,1.26403,1.26406,1.26394,1.26404,1781
2026-01-09T17:15:00+00:00,1.26404,1.26405,1.26390,1.26405,1462
2026-01-09T17:30:00+00:00,1.26405,1.26443,1.26405,1.26443,764
2026-01-09T17:45:00+00:00,1.26443,1.26447,1.26436,1.26447,2013
2026-01-09T18:00:00+00:00,1.26447,1.26464,1.26446,1.26462,1946
2026-01-09T18:15:00+00:00,1.26462,1.26503,1.26459,1.26503,1484
2026-01-09T18:30:00+00:00,1.26503,1.26516,1.26502,1.26516,1869
2026-01-09T18:45:00+00:00,1.26516,1.26520,1.26505,1.26520,225
2026-01-09T19:00:00+00:00,1.26520,1.26535,1.26507,1.26535,1143
2026-01-09T19:15:00+00:00,1.26535,1.26537,1.26523,1.26523,1541
2026-01-09T19:30:00+00:00,1.26523,1.26532,1.26501,1.26501,2003
2026-01-09T19:45:00+00:00,1.26501,1.26507,1.26471,1.26473,1812
2026-01-09T20:00:00+00:00,1.26473,1.26501,1.26473,1.26490,2368
2026-01-09T20:15:00+00:00,1.26490,1.26521,1.26489,1.26519,2006
2026-01-09T20:30:00+00:00,1.26519,1.26545,1.26519,1.26539,1504
2026-01-09T20:45:00+00:00,1.26539,1.26542,1.26530,1.26530,2191
2026-01-09T21:00:00+00:00,1.26530,1.26536,1.26500,1.26508,2457
2026-01-09T21:15:00+00:00,1.26508,1.26512,1.26476,1.26476,1484
2026-01-09T21:30:00+00:00,1.26476,1.26497,1.26469,1.26497,1208
2026-01-09T21:45:00+00:00,1.26497,1.26497,1.26470,1.26490,1774
2026-01-09T22:00:00+00:00,1.26490,1.26490,1.26456,1.26456,607
2026-01-09T22:15:00+00:00,1.26456,1.26456,1.26429,1.26442,1169
2026-01-09T22:30:00+00:00,1.26442,1.26473,1.26442,1.26459,1060
2026-01-09T22:45:00+00:00,1.26459,1.26459,1.26434,1.26434,2567
2026-01-09T23:00:00+00:00,1.26434,1.26434,1.26390,1.26390,1689
2026-01-09T23:15:00+00:00,1.26390,1.26401,1.26367,1.26401,1089
2026-01-09T23:30:00+00:00,1.26401,1.26417,1.26399,1.26399,1240
2026-01-09T23:45:00+00:00,1.26399,1.26434,1.26399,1.26434,1861
2026-01-12T00:00:00+00:00,1.26434,1.26480,1.26430,1.26480,457
2026-01-12T00:15:00+00:00,1.26480,1.26542,1.26464,1.26542,1721
2026-01-12T00:30:00+00:00,1.26542,1.26561,1.26542,1.26560,1070
2026-01-12T00:45:00+00:00,1.26560,1.26566,1.26546,1.26551,1328
2026-01-12T01:00:00+00:00,1.26551,1.26551,1.26502,1.26537,759
2026-01-12T01:15:00+00:00,1.26537,1.26537,1.26485,1.26485,1308
2026-01-12T01:30:00+00:00,1.26485,1.26491,1.26436,1.26436,1134
2026-01-12T01:45:00+00:00,1.26436,1.26455,1.26423,1.26455,1823
2026-01-12T02:00:00+00:00,1.26455,1.26455,1.26399,1.26429,918
2026-01-12T02:15:00+00:00,1.26429,1.26457,1.26414,1.26442,1797
2026-01-12T02:30:00+00:00,1.26442,1.26487,1.26442,1.26481,1419
2026-01-12T02:45:00+00:00,1.26481,1.26485,1.26471,1.26471,1705
2026-01-12T03:00:00+00:00,1.26471,1.26497,1.26452,1.26452,1484
2026-01-12T03:15:00+00:00,1.26452,1.26462,1.26417,1.26431,1538
2026-01-12T03:30:00+00:00,1.26431,1.26469,1.26431,1.26469,979
2026-01-12T03:45:00+00:00,1.26469,1.26511,1.26469,1.26490,1813
2026-01-12T04:00:00+00:00,1.26490,1.26490,1.26462,1.26471,1515
2026-01-12T04:15:00+00:00,1.26471,1.26495,1.26471,1.26495,1093
2026-01-12T04:30:00+00:00,1.26495,1.26495,1.26451,1.26451,1935
2026-01-12T04:45:00+00:00,1.26451,1.26470,1.26451,1.26461,1500
2026-01-12T05:00:00+00:00,1.26461,1.26461,1.26420,1.26442,1203
2026-01-12T05:15:00+00:00,1.26442,1.26500,1.26434,1.26475,1545
2026-01-12T05:30:00+00:00,1.26475,1.26528,1.26475,1.26528,967
2026-01-12T05:45:00+00:00,1.26528,1.26543,1.26503,1.26506,2227
2026-01-12T06:00:00+00:00,1.26506,1.26611,1.26506,1.26611,1722
2026-01-12T06:15:00+00:00,1.26611,1.26614,1.26551,1.26614,2026
2026-01-12T06:30:00+00:00,1.26614,1.26739,1.26614,1.26679,2586
2026-01-12T06:45:00+00:00,1.26679,1.26731,1.26642,1.26666,1810
2026-01-12T07:00:00+00:00,1.26666,1.26793,1.26651,1.26793,1593
2026-01-12T07:15:00+00:00,1.26793,1.26842,1.26762,1.26833,3074
2026-01-12T07:30:00+00:00,1.26833,1.26833,1.26710,1.26710,2612
2026-01-12T07:45:00+00:00,1.26710,1.26725,1.26662,1.26725,1642
2026-01-12T08:00:00+00:00,1.26725,1.26743,1.26712,1.26715,1805
2026-01-12T08:15:00+00:00,1.26715,1.26715,1.26670,1.26670,1853
2026-01-12T08:30:00+00:00,1.26670,1.26670,1.26602,1.26652,1681
2026-01-12T08:45:00+00:00,1.26652,1.26652,1.26574,1.26574,648
2026-01-12T09:00:00+00:00,1.26574,1.26580,1.26555,1.26567,1621
2026-01-12T09:15:00+00:00,1.26567,1.26571,1.26551,1.26557,1849
2026-01-12T09:30:00+00:00,1.26557,1.26557,1.26512,1.26512,1996
2026-01-12T09:45:00+00:00,1.26512,1.26530,1.26512,1.26530,367
2026-01-12T10:00:00+00:00,1.26530,1.26530,1.26495,1.26495,1632
2026-01-12T10:15:00+00:00,1.26495,1.26509,1.26484,1.26484,2149
2026-01-12T10:30:00+00:00,1.26484,1.26515,1.26484,1.26504,2376
2026-01-12T10:45:00+00:00,1.26504,1.26527,1.26502,1.26502,1508
2026-01-12T11:00:00+00:00,1.26502,1.26548,1.26502,1.26548,1878
2026-01-12T11:15:00+00:00,1.26548,1.26556,1.26546,1.26556,1691
2026-01-12T11:30:00+00:00,1.26556,1.26558,1.26535,1.26545,932
2026-01-12T11:45:00+00:00,1.26545,1.26554,1.26510,1.26516,1204
2026-01-12T12:00:00+00:00,1.26516,1.26549,1.26470,1.26483,2766
2026-01-12T12:15:00+00:00,1.26483,1.26483,1.26408,1.26408,1321
2026-01-12T12:30:00+00:00,1.26408,1.26462,1.26364,1.26366,1006
2026-01-12T12:45:00+00:00,1.26366,1.26386,1.26296,1.26301,1969
2026-01-12T13:00:00+00:00,1.26301,1.26422,1.26301,1.26406,1328
2026-01-12T13:15:00+00:00,1.26406,1.26475,1.26406,1.26472,982
2026-01-12T13:30:00+00:00,1.26472,1.26504,1.26447,1.26496,2039
2026-01-12T13:45:00+00:00,1.26496,1.26608,1.26434,1.26608,2520
2026-01-12T14:00:00+00:00,1.26608,1.26608,1.26537,1.26537,1576
2026-01-12T14:15:00+00:00,1.26537,1.26642,1.26537,1.26642,1603
2026-01-12T14:30:00+00:00,1.26642,1.26646,1.26613,1.26646,1666
2026-01-12T14:45:00+00:00,1.26646,1.26684,1.26611,1.26611,754
2026-01-12T15:00:00+00:00,1.26611,1.26611,1.26488,1.26493,2216
2026-01-12T15:15:00+00:00,1.26493,1.26506,1.26469,1.26503,1533
2026-01-12T15:30:00+00:00,1.26503,1.26503,1.26457,1.26475,2696
2026-01-12T15:45:00+00:00,1.26475,1.26475,1.26427,1.26427,1602
2026-01-12T16:00:00+00:00,1.26427,1.26446,1.26396,1.26446,1265
2026-01-12T16:15:00+00:00,1.26446,1.26467,1.26443,1.26447,2124
2026-01-12T16:30:00+00:00,1.26447,1.26456,1.26440,1.26440,1753
2026-01-12T16:45:00+00:00,1.26440,1.26453,1.26420,1.26420,1683
2026-01-12T17:00:00+00:00,1.26420,1.26447,1.26415,1.26447,1754
2026-01-12T17:15:00+00:00,1.26447,1.26447,1.26432,1.26432,716
2026-01-12T17:30:00+00:00,1.26432,1.26477,1.26432,1.26477,1347
2026-01-12T17:45:00+00:00,1.26477,1.26501,1.26477,1.26495,860
2026-01-12T18:00:00+00:00,1.26495,1.26509,1.26491,1.26503,1612
2026-01-12T18:15:00+00:00,1.26503,1.26528,1.26497,1.26528,2108
2026-01-12T18:30:00+00:00,1.26528,1.26538,1.26523,1.26523,1584
2026-01-12T18:45:00+00:00,1.26523,1.26541,1.26523,1.26526,1162
2026-01-12T19:00:00+00:00,1.26526,1.26529,1.26516,1.26516,1590
2026-01-12T19:15:00+00:00,1.26516,1.26533,1.26516,1.26525,2090
2026-01-12T19:30:00+00:00,1.26525,1.26551,1.26525,1.26548,2731
2026-01-12T19:45:00+00:00,1.26548,1.26550,1.26539,1.26543,1987
2026-01-12T20:00:00+00:00,1.26543,1.26543,1.26509,1.26509,1227
2026-01-12T20:15:00+00:00,1.26509,1.26509,1.26500,1.26504,1558
2026-01-12T20:30:00+00:00,1.26504,1.26504,1.26474,1.26487,1066
2026-01-12T20:45:00+00:00,1.26487,1.26487,1.26460,1.26468,1950
2026-01-12T21:00:00+00:00,1.26468,1.26468,1.26430,1.26430,2080
2026-01-12T21:15:00+00:00,1.26430,1.26430,1.26412,1.26412,1789
2026-01-12T21:30:00+00:00,1.26412,1.26422,1.26412,1.26421,2306
2026-01-12T21:45:00+00:00,1.26421,1.26454,1.26421,1.26437,1918
2026-01-12T22:00:00+00:00,1.26437,1.26437,1.26380,1.26380,1894
2026-01-12T22:15:00+00:00,1.26380,1.26380,1.26364,1.26380,2469
2026-01-12T22:30:00+00:00,1.26380,1.26394,1.26366,1.26389,1865
2026-01-12T22:45:00+00:00,1.26389,1.26389,1.26367,1.26382,1919
2026-01-12T23:00:00+00:00,1.26382,1.26382,1.26330,1.26330,1830
2026-01-12T23:15:00+00:00,1.26330,1.26366,1.26330,1.26366,1121
2026-01-12T23:30:00+00:00,1.26366,1.26381,1.26365,1.26365,2018
2026-01-12T23:45:00+00:00,1.26365,1.26378,1.26345,1.26345,1938
2026-01-13T00:00:00+00:00,1.26345,1.26354,1.26285,1.26325,1584
2026-01-13T00:15:00+00:00,1.26325,1.26325,1.26306,1.26307,1242
2026-01-13T00:30:00+00:00,1.26307,1.26307,1.26269,1.26298,1075
2026-01-13T00:45:00+00:00,1.26298,1.26301,1.26278,1.26301,1556
2026-01-13T01:00:00+00:00,1.26301,1.26327,1.26301,1.26316,1699
2026-01-13T01:15:00+00:00,1.26316,1.26327,1.26282,1.26282,981
2026-01-13T01:30:00+00:00,1.26282,1.26344,1.26282,1.26344,2408
2026-01-13T01:45:00+00:00,1.26344,1.26354,1.26320,1.26325,1879
2026-01-13T02:00:00+00:00,1.26325,1.26358,1.26325,1.26358,1370
2026-01-13T02:15:00+00:00,1.26358,1.26406,1.26358,1.26406,1971
2026-01-13T02:30:00+00:00,1.26406,1.26470,1.26406,1.26462,1620
2026-01-13T02:45:00+00:00,1.26462,1.26506,1.26462,1.26498,1393
2026-01-13T03:00:00+00:00,1.26498,1.26529,1.26488,1.26517,2109
2026-01-13T03:15:00+00:00,1.26517,1.26519,1.26496,1.26514,1820
2026-01-13T03:30:00+00:00,1.26514,1.26547,1.26503,1.26503,1631
2026-01-13T03:45:00+00:00,1.26503,1.26527,1.26503,1.26516,2633
2026-01-13T04:00:00+00:00,1.26516,1.26544,1.26516,1.26544,1169
2026-01-13T04:15:00+00:00,1.26544,1.26544,1.26519,1.26525,2147
2026-01-13T04:30:00+00:00,1.26525,1.26525,1.26499,1.26499,1200
2026-01-13T04:45:00+00:00,1.26499,1.26502,1.26474,1.26474,614
2026-01-13T05:00:00+00:00,1.26474,1.26474,1.26427,1.26435,1065
2026-01-13T05:15:00+00:00,1.26435,1.26472,1.26435,1.26451,1691
2026-01-13T05:30:00+00:00,1.26451,1.26487,1.26451,1.26468,1367
2026-01-13T05:45:00+00:00,1.26468,1.26562,1.26468,1.26555,1481
2026-01-13T06:00:00+00:00,1.26555,1.26555,1.26469,1.26469,1672
2026-01-13T06:15:00+00:00,1.26469,1.26522,1.26447,1.26522,1054
2026-01-13T06:30:00+00:00,1.26522,1.26579,1.26510,1.26579,1861
2026-01-13T06:45:00+00:00,1.26579,1.26636,1.26542,1.26542,2039
2026-01-13T07:00:00+00:00,1.26542,1.26635,1.26542,1.26635,1842
2026-01-13T07:15:00+00:00,1.26635,1.26730,1.26635,1.26730,2879
2026-01-13T07:30:00+00:00,1.26730,1.26817,1.26730,1.26817,1901
2026-01-13T07:45:00+00:00,1.26817,1.27002,1.26817,1.27002,1352
2026-01-13T08:00:00+00:00,1.27002,1.27109,1.26980,1.27100,1067
2026-01-13T08:15:00+00:00,1.27100,1.27100,1.27017,1.27060,1319
2026-01-13T08:30:00+00:00,1.27060,1.27095,1.27023,1.27083,916
2026-01-13T08:45:00+00:00,1.27083,1.27102,1.27083,1.27102,1546
2026-01-13T09:00:00+00:00,1.27102,1.27109,1.27092,1.27102,3382
2026-01-13T09:15:00+00:00,1.27102,1.27129,1.27102,1.27118,2099
2026-01-13T09:30:00+00:00,1.27118,1.27118,1.27086,1.27086,410
2026-01-13T09:45:00+00:00,1.27086,1.27102,1.27086,1.27102,1476
2026-01-13T10:00:00+00:00,1.27102,1.27107,1.27086,1.27091,1191
2026-01-13T10:15:00+00:00,1.27091,1.27096,1.27082,1.27089,1179
2026-01-13T10:30:00+00:00,1.27089,1.27105,1.27089,1.27102,1586
2026-01-13T10:45:00+00:00,1.27102,1.27115,1.27102,1.27114,1578
2026-01-13T11:00:00+00:00,1.27114,1.27114,1.27102,1.27105,1284
2026-01-13T11:15:00+00:00,1.27105,1.27154,1.27105,1.27154,1387
2026-01-13T11:30:00+00:00,1.27154,1.27154,1.27141,1.27149,1364
2026-01-13T11:45:00+00:00,1.27149,1.27203,1.27146,1.27203,1496
2026-01-13T12:00:00+00:00,1.27203,1.27215,1.27196,1.27201,1583
2026-01-13T12:15:00+00:00,1.27201,1.27202,1.27149,1.27149,1848
2026-01-13T12:30:00+00:00,1.27149,1.27176,1.27148,1.27148,891
2026-01-13T12:45:00+00:00,1.27148,1.27161,1.27147,1.27161,2244
2026-01-13T13:00:00+00:00,1.27161,1.27175,1.27090,1.27090,2481
2026-01-13T13:15:00+00:00,1.27090,1.27165,1.27090,1.27120,2017
2026-01-13T13:30:00+00:00,1.27120,1.27120,1.26984,1.26984,1413
2026-01-13T13:45:00+00:00,1.26984,1.26993,1.26941,1.26986,2580
2026-01-13T14:00:00+00:00,1.26986,1.27018,1.26986,1.27010,1041
2026-01-13T14:15:00+00:00,1.27010,1.27010,1.26899,1.26899,1819
2026-01-13T14:30:00+00:00,1.26899,1.26926,1.26899,1.26926,1644
2026-01-13T14:45:00+00:00,1.26926,1.26991,1.26926,1.26991,1520
2026-01-13T15:00:00+00:00,1.26991,1.27050,1.26991,1.27050,1903
2026-01-13T15:15:00+00:00,1.27050,1.27089,1.27050,1.27083,834
2026-01-13T15:30:00+00:00,1.27083,1.27083,1.27061,1.27072,411
2026-01-13T15:45:00+00:00,1.27072,1.27097,1.27054,1.27097,1815
2026-01-13T16:00:00+00:00,1.27097,1.27137,1.27089,1.27137,2453
2026-01-13T16:15:00+00:00,1.27137,1.27148,1.27120,1.27128,675
2026-01-13T16:30:00+00:00,1.27128,1.27146,1.27112,1.27146,631
2026-01-13T16:45:00+00:00,1.27146,1.27146,1.27113,1.27113,1509
2026-01-13T17:00:00+00:00,1.27113,1.27113,1.27087,1.27087,1201
2026-01-13T17:15:00+00:00,1.27087,1.27087,1.27060,1.27067,2160
2026-01-13T17:30:00+00:00,1.27067,1.27087,1.27067,1.27081,1488
2026-01-13T17:45:00+00:00,1.27081,1.27085,1.27066,1.27085,1854
2026-01-13T18:00:00+00:00,1.27085,1.27092,1.27075,1.27092,503
2026-01-13T18:15:00+00:00,1.27092,1.27092,1.27072,1.27086,1184
2026-01-13T18:30:00+00:00,1.27086,1.27086,1.27061,1.27072,1966
2026-01-13T18:45:00+00:00,1.27072,1.27109,1.27072,1.27109,977
2026-01-13T19:00:00+00:00,1.27109,1.27118,1.27092,1.27092,1067
2026-01-13T19:15:00+00:00,1.27092,1.27107,1.27065,1.27107,1234
2026-01-13T19:30:00+00:00,1.27107,1.27132,1.27107,1.27114,1781
2026-01-13T19:45:00+00:00,1.27114,1.27114,1.27094,1.27110,1738
2026-01-13T20:00:00+00:00,1.27110,1.27132,1.27096,1.27132,842
2026-01-13T20:15:00+00:00,1.27132,1.27147,1.27132,1.27140,1492
2026-01-13T20:30:00+00:00,1.27140,1.27149,1.27135,1.27135,1898
2026-01-13T20:45:00+00:00,1.27135,1.27155,1.27123,1.27123,1750
2026-01-13T21:00:00+00:00,1.27123,1.27141,1.27123,1.27129,272
2026-01-13T21:15:00+00:00,1.27129,1.27142,1.27116,1.27142,503
2026-01-13T21:30:00+00:00,1.27142,1.27154,1.27142,1.27146,1415
2026-01-13T21:45:00+00:00,1.27146,1.27160,1.27146,1.27154,1353
2026-01-13T22:00:00+00:00,1.27154,1.27164,1.27154,1.27164,843
2026-01-13T22:15:00+00:00,1.27164,1.27165,1.27147,1.27165,844
2026-01-13T22:30:00+00:00,1.27165,1.27176,1.27165,1.27176,1080
2026-01-13T22:45:00+00:00,1.27176,1.27232,1.27176,1.27232,756
2026-01-13T23:00:00+00:00,1.27232,1.27232,1.27194,1.27194,1371
2026-01-13T23:15:00+00:00,1.27194,1.27199,1.27182,1.27189,1059
2026-01-13T23:30:00+00:00,1.27189,1.27189,1.27177,1.27178,1909
2026-01-13T23:45:00+00:00,1.27178,1.27178,1.27161,1.27161,1811
2026-01-14T00:00:00+00:00,1.27161,1.27176,1.27136,1.27176,1031
2026-01-14T00:15:00+00:00,1.27176,1.27176,1.27138,1.27150,1758
2026-01-14T00:30:00+00:00,1.27150,1.27181,1.27150,1.27154,877
2026-01-14T00:45:00+00:00,1.27154,1.27181,1.27145,1.27181,1107
2026-01-14T01:00:00+00:00,1.27181,1.27191,1.27181,1.27189,1553
2026-01-14T01:15:00+00:00,1.27189,1.27227,1.27189,1.27227,1921
2026-01-14T01:30:00+00:00,1.27227,1.27230,1.27195,1.27214,941
2026-01-14T01:45:00+00:00,1.27214,1.27232,1.27183,1.27186,1900
2026-01-14T02:00:00+00:00,1.27186,1.27202,1.27179,1.27202,1651
2026-01-14T02:15:00+00:00,1.27202,1.27205,1.27143,1.27143,2183
2026-01-14T02:30:00+00:00,1.27143,1.27164,1.27133,1.27161,1121
2026-01-14T02:45:00+00:00,1.27161,1.27161,1.27129,1.27129,542
2026-01-14T03:00:00+00:00,1.27129,1.27157,1.27122,1.27122,1921
2026-01-14T03:15:00+00:00,1.27122,1.27122,1.27086,1.27086,1360
2026-01-14T03:30:00+00:00,1.27086,1.27105,1.27067,1.27105,408
2026-01-14T03:45:00+00:00,1.27105,1.27107,1.27088,1.27088,1673
2026-01-14T04:00:00+00:00,1.27088,1.27143,1.27088,1.27143,2254
2026-01-14T04:15:00+00:00,1.27143,1.27149,1.27137,1.27137,887
2026-01-14T04:30:00+00:00,1.27137,1.27137,1.27098,1.27105,3064
2026-01-14T04:45:00+00:00,1.27105,1.27122,1.27104,1.27114,2083
2026-01-14T05:00:00+00:00,1.27114,1.27131,1.27108,1.27131,1440
2026-01-14T05:15:00+00:00,1.27131,1.27152,1.27131,1.27139,2131
2026-01-14T05:30:00+00:00,1.27139,1.27155,1.27138,1.27138,1899
2026-01-14T05:45:00+00:00,1.27138,1.27166,1.27137,1.27163,1706
2026-01-14T06:00:00+00:00,1.27163,1.27201,1.27162,1.27201,2127
2026-01-14T06:15:00+00:00,1.27201,1.27201,1.27149,1.27149,821
2026-01-14T06:30:00+00:00,1.27149,1.27154,1.27085,1.27085,2599
2026-01-14T06:45:00+00:00,1.27085,1.27161,1.27085,1.27131,1389
2026-01-14T07:00:00+00:00,1.27131,1.27165,1.27122,1.27154,1119
2026-01-14T07:15:00+00:00,1.27154,1.27154,1.27062,1.27149,1419
2026-01-14T07:30:00+00:00,1.27149,1.27270,1.27120,1.27270,1440
2026-01-14T07:45:00+00:00,1.27270,1.27270,1.27220,1.27220,1922
2026-01-14T08:00:00+00:00,1.27220,1.27257,1.27206,1.27226,1758
2026-01-14T08:15:00+00:00,1.27226,1.27264,1.27215,1.27264,2275
2026-01-14T08:30:00+00:00,1.27264,1.27292,1.27264,1.27292,1143
2026-01-14T08:45:00+00:00,1.27292,1.27351,1.27288,1.27288,1278
2026-01-14T09:00:00+00:00,1.27288,1.27291,1.27265,1.27265,1168
2026-01-14T09:15:00+00:00,1.27265,1.27313,1.27265,1.27313,2184
2026-01-14T09:30:00+00:00,1.27313,1.27334,1.27313,1.27331,1807
2026-01-14T09:45:00+00:00,1.27331,1.27335,1.27293,1.27293,1824
2026-01-14T10:00:00+00:00,1.27293,1.27293,1.27257,1.27292,1303
2026-01-14T10:15:00+00:00,1.27292,1.27296,1.27231,1.27231,1855
2026-01-14T10:30:00+00:00,1.27231,1.27231,1.27204,1.27208,1059
2026-01-14T10:45:00+00:00,1.27208,1.27225,1.27184,1.27184,1805
2026-01-14T11:00:00+00:00,1.27184,1.27184,1.27113,1.27122,1818
2026-01-14T11:15:00+00:00,1.27122,1.27133,1.27117,1.27117,1284
2026-01-14T11:30:00+00:00,1.27117,1.27117,1.27081,1.27087,1751
2026-01-14T11:45:00+00:00,1.27087,1.27140,1.27087,1.27140,1786
2026-01-14T12:00:00+00:00,1.27140,1.27140,1.27053,1.27053,2606
2026-01-14T12:15:00+00:00,1.27053,1.27053,1.26976,1.26976,1283
2026-01-14T12:30:00+00:00,1.26976,1.26976,1.26903,1.26903,1980
2026-01-14T12:45:00+00:00,1.26903,1.26904,1.26843,1.26843,1577
2026-01-14T13:00:00+00:00,1.26843,1.26843,1.26798,1.26819,1674
2026-01-14T13:15:00+00:00,1.26819,1.26819,1.26706,1.26706,964
2026-01-14T13:30:00+00:00,1.26706,1.26706,1.26563,1.26563,1946
2026-01-14T13:45:00+00:00,1.26563,1.26667,1.26563,1.26641,1643
2026-01-14T14:00:00+00:00,1.26641,1.26739,1.26632,1.26709,1247
2026-01-14T14:15:00+00:00,1.26709,1.26709,1.26572,1.26572,1327
2026-01-14T14:30:00+00:00,1.26572,1.26591,1.26537,1.26537,1379
2026-01-14T14:45:00+00:00,1.26537,1.26537,1.26458,1.26458,2322
2026-01-14T15:00:00+00:00,1.26458,1.26528,1.26458,1.26528,2081
2026-01-14T15:15:00+00:00,1.26528,1.26538,1.26517,1.26538,2334
2026-01-14T15:30:00+00:00,1.26538,1.26556,1.26538,1.26545,1771
2026-01-14T15:45:00+00:00,1.26545,1.26545,1.26480,1.26480,1266
2026-01-14T16:00:00+00:00,1.26480,1.26499,1.26480,1.26497,1858
2026-01-14T16:15:00+00:00,1.26497,1.26497,1.26462,1.26480,1058
2026-01-14T16:30:00+00:00,1.26480,1.26488,1.26463,1.26472,1991
2026-01-14T16:45:00+00:00,1.26472,1.26486,1.26472,1.26479,1696
2026-01-14T17:00:00+00:00,1.26479,1.26485,1.26448,1.26456,1663
2026-01-14T17:15:00+00:00,1.26456,1.26456,1.26440,1.26453,1449
2026-01-14T17:30:00+00:00,1.26453,1.26483,1.26453,1.26476,1119
2026-01-14T17:45:00+00:00,1.26476,1.26488,1.26473,1.26488,1915
2026-01-14T18:00:00+00:00,1.26488,1.26495,1.26483,1.26486,1366
2026-01-14T18:15:00+00:00,1.26486,1.26493,1.26480,1.26485,1533
2026-01-14T18:30:00+00:00,1.26485,1.26512,1.26485,1.26499,1979
2026-01-14T18:45:00+00:00,1.26499,1.26525,1.26488,1.26525,1100
2026-01-14T19:00:00+00:00,1.26525,1.26529,1.26521,1.26524,1021
2026-01-14T19:15:00+00:00,1.26524,1.26548,1.26524,1.26541,2006
2026-01-14T19:30:00+00:00,1.26541,1.26563,1.26540,1.26556,1157
2026-01-14T19:45:00+00:00,1.26556,1.26559,1.26543,1.26559,1025
2026-01-14T20:00:00+00:00,1.26559,1.26605,1.26559,1.26605,955
2026-01-14T20:15:00+00:00,1.26605,1.26631,1.26605,1.26619,1005
2026-01-14T20:30:00+00:00,1.26619,1.26619,1.26613,1.26617,1315
2026-01-14T20:45:00+00:00,1.26617,1.26617,1.26604,1.26606,2640
2026-01-14T21:00:00+00:00,1.26606,1.26647,1.26598,1.26647,1819
2026-01-14T21:15:00+00:00,1.26647,1.26649,1.26614,1.26614,1518
2026-01-14T21:30:00+00:00,1.26614,1.26635,1.26614,1.26628,1806
2026-01-14T21:45:00+00:00,1.26628,1.26628,1.26589,1.26605,1990
2026-01-14T22:00:00+00:00,1.26605,1.26611,1.26605,1.26609,1658
2026-01-14T22:15:00+00:00,1.26609,1.26638,1.26609,1.26634,1852
2026-01-14T22:30:00+00:00,1.26634,1.26650,1.26627,1.26650,2626
2026-01-14T22:45:00+00:00,1.26650,1.26676,1.26650,1.26676,1062
2026-01-14T23:00:00+00:00,1.26676,1.26695,1.26673,1.26695,1267
2026-01-14T23:15:00+00:00,1.26695,1.26701,1.26687,1.26687,2158
2026-01-14T23:30:00+00:00,1.26687,1.26707,1.26681,1.26707,1928
2026-01-14T23:45:00+00:00,1.26707,1.26730,1.26707,1.26722,1130
2026-01-15T00:00:00+00:00,1.26722,1.26722,1.26682,1.26719,2057
2026-01-15T00:15:00+00:00,1.26719,1.26719,1.26679,1.26679,1445
2026-01-15T00:30:00+00:00,1.26679,1.26679,1.26616,1.26617,2698
2026-01-15T00:45:00+00:00,1.26617,1.26659,1.26617,1.26635,2319
2026-01-15T01:00:00+00:00,1.26635,1.26655,1.26605,1.26605,1189
2026-01-15T01:15:00+00:00,1.26605,1.26605,1.26560,1.26597,1808
2026-01-15T01:30:00+00:00,1.26597,1.26630,1.26597,1.26628,1831
2026-01-15T01:45:00+00:00,1.26628,1.26628,1.26585,1.26585,2272
2026-01-15T02:00:00+00:00,1.26585,1.26613,1.26585,1.26602,1390
2026-01-15T02:15:00+00:00,1.26602,1.26668,1.26593,1.26668,1377
2026-01-15T02:30:00+00:00,1.26668,1.26668,1.26635,1.26659,1993
2026-01-15T02:45:00+00:00,1.26659,1.26659,1.26622,1.26625,1480
2026-01-15T03:00:00+00:00,1.26625,1.26656,1.26596,1.26596,567
2026-01-15T03:15:00+00:00,1.26596,1.26633,1.26596,1.26623,757
2026-01-15T03:30:00+00:00,1.26623,1.26645,1.26623,1.26645,2779
2026-01-15T03:45:00+00:00,1.26645,1.26670,1.26645,1.26664,960
2026-01-15T04:00:00+00:00,1.26664,1.26671,1.26621,1.26621,1143
2026-01-15T04:15:00+00:00,1.26621,1.26677,1.26621,1.26677,2354
2026-01-15T04:30:00+00:00,1.26677,1.26697,1.26677,1.26697,1791
2026-01-15T04:45:00+00:00,1.26697,1.26761,1.26697,1.26757,2365
2026-01-15T05:00:00+00:00,1.26757,1.26763,1.26732,1.26735,1856
2026-01-15T05:15:00+00:00,1.26735,1.26735,1.26714,1.26732,1146
2026-01-15T05:30:00+00:00,1.26732,1.26751,1.26716,1.26716,1618
2026-01-15T05:45:00+00:00,1.26716,1.26766,1.26716,1.26766,1820
2026-01-15T06:00:00+00:00,1.26766,1.26770,1.26714,1.26714,1703
2026-01-15T06:15:00+00:00,1.26714,1.26793,1.26701,1.26793,2104
2026-01-15T06:30:00+00:00,1.26793,1.26806,1.26774,1.26781,1526
2026-01-15T06:45:00+00:00,1.26781,1.26883,1.26781,1.26791,1560
2026-01-15T07:00:00+00:00,1.26791,1.26848,1.26749,1.26848,1957
2026-01-15T07:15:00+00:00,1.26848,1.26927,1.26845,1.26927,1164
2026-01-15T07:30:00+00:00,1.26927,1.27105,1.26927,1.26990,2512
2026-01-15T07:45:00+00:00,1.26990,1.27017,1.26959,1.27000,1151
2026-01-15T08:00:00+00:00,1.27000,1.27051,1.26984,1.27051,1238
2026-01-15T08:15:00+00:00,1.27051,1.27109,1.27051,1.27096,1470
2026-01-15T08:30:00+00:00,1.27096,1.27145,1.27070,1.27138,1422
2026-01-15T08:45:00+00:00,1.27138,1.27141,1.27124,1.27133,873
2026-01-15T09:00:00+00:00,1.27133,1.27148,1.27129,1.27144,2208
2026-01-15T09:15:00+00:00,1.27144,1.27151,1.27131,1.27151,1002
2026-01-15T09:30:00+00:00,1.27151,1.27151,1.27106,1.27106,1656
2026-01-15T09:45:00+00:00,1.27106,1.27115,1.27085,1.27091,909
2026-01-15T10:00:00+00:00,1.27091,1.27091,1.27070,1.27070,2290
2026-01-15T10:15:00+00:00,1.27070,1.27070,1.27042,1.27042,1464
2026-01-15T10:30:00+00:00,1.27042,1.27044,1.27004,1.27019,2320
2026-01-15T10:45:00+00:00,1.27019,1.27019,1.26991,1.27008,1516
2026-01-15T11:00:00+00:00,1.27008,1.27033,1.27008,1.27013,1136
2026-01-15T11:15:00+00:00,1.27013,1.27018,1.27000,1.27018,1174
2026-01-15T11:30:00+00:00,1.27018,1.27035,1.27004,1.27004,2011
2026-01-15T11:45:00+00:00,1.27004,1.27041,1.26989,1.26989,2071
2026-01-15T12:00:00+00:00,1.26989,1.27046,1.26989,1.26994,2415
2026-01-15T12:15:00+00:00,1.26994,1.27009,1.26963,1.27009,1600
2026-01-15T12:30:00+00:00,1.27009,1.27113,1.27009,1.27113,1799
2026-01-15T12:45:00+00:00,1.27113,1.27113,1.27053,1.27084,1920
2026-01-15T13:00:00+00:00,1.27084,1.27084,1.26983,1.26991,2324
2026-01-15T13:15:00+00:00,1.26991,1.27037,1.26974,1.27022,2538
2026-01-15T13:30:00+00:00,1.27022,1.27085,1.27022,1.27085,1777
2026-01-15T13:45:00+00:00,1.27085,1.27095,1.27022,1.27095,2348
2026-01-15T14:00:00+00:00,1.27095,1.27095,1.26984,1.26992,1768
2026-01-15T14:15:00+00:00,1.26992,1.27088,1.26992,1.27031,1879
2026-01-15T14:30:00+00:00,1.27031,1.27088,1.27029,1.27029,1415
2026-01-15T14:45:00+00:00,1.27029,1.27029,1.26951,1.26965,1310
2026-01-15T15:00:00+00:00,1.26965,1.26981,1.26937,1.26937,1204
2026-01-15T15:15:00+00:00,1.26937,1.26946,1.26925,1.26925,1021
2026-01-15T15:30:00+00:00,1.26925,1.26925,1.26902,1.26925,1378
2026-01-15T15:45:00+00:00,1.26925,1.26958,1.26915,1.26958,2066
2026-01-15T16:00:00+00:00,1.26958,1.26991,1.26958,1.26985,1383
2026-01-15T16:15:00+00:00,1.26985,1.26985,1.26951,1.26951,2060
2026-01-15T16:30:00+00:00,1.26951,1.26951,1.26892,1.26892,1295
2026-01-15T16:45:00+00:00,1.26892,1.26914,1.26892,1.26909,1818
2026-01-15T17:00:00+00:00,1.26909,1.26923,1.26899,1.26923,2091
2026-01-15T17:15:00+00:00,1.26923,1.26952,1.26920,1.26952,940
2026-01-15T17:30:00+00:00,1.26952,1.26970,1.26952,1.26970,2618
2026-01-15T17:45:00+00:00,1.26970,1.26985,1.26951,1.26951,809
2026-01-15T18:00:00+00:00,1.26951,1.26961,1.26951,1.26958,950
2026-01-15T18:15:00+00:00,1.26958,1.26966,1.26944,1.26966,1632
2026-01-15T18:30:00+00:00,1.26966,1.26988,1.26966,1.26983,1896
2026-01-15T18:45:00+00:00,1.26983,1.26984,1.26966,1.26971,1119
2026-01-15T19:00:00+00:00,1.26971,1.26996,1.26971,1.26996,1311
2026-01-15T19:15:00+00:00,1.26996,1.27008,1.26996,1.27002,1835
2026-01-15T19:30:00+00:00,1.27002,1.27002,1.26978,1.26978,1139
2026-01-15T19:45:00+00:00,1.26978,1.26978,1.26962,1.26971,1600
2026-01-15T20:00:00+00:00,1.26971,1.26981,1.26961,1.26961,1932
2026-01-15T20:15:00+00:00,1.26961,1.27005,1.26950,1.27005,2072
2026-01-15T20:30:00+00:00,1.27005,1.27011,1.26995,1.27011,1098
2026-01-15T20:45:00+00:00,1.27011,1.27020,1.27001,1.27010,1731
2026-01-15T21:00:00+00:00,1.27010,1.27031,1.27010,1.27012,2211
2026-01-15T21:15:00+00:00,1.27012,1.27030,1.27009,1.27020,1458
2026-01-15T21:30:00+00:00,1.27020,1.27026,1.27007,1.27026,1643
2026-01-15T21:45:00+00:00,1.27026,1.27029,1.27018,1.27019,645
2026-01-15T22:00:00+00:00,1.27019,1.27019,1.27001,1.27005,1070
2026-01-15T22:15:00+00:00,1.27005,1.27019,1.26994,1.27019,1860
2026-01-15T22:30:00+00:00,1.27019,1.27019,1.26998,1.27017,1920
2026-01-15T22:45:00+00:00,1.27017,1.27017,1.26996,1.27015,1370
2026-01-15T23:00:00+00:00,1.27015,1.27027,1.27010,1.27022,2019
2026-01-15T23:15:00+00:00,1.27022,1.27044,1.27022,1.27029,1544
2026-01-15T23:30:00+00:00,1.27029,1.27029,1.27011,1.27011,1649
2026-01-15T23:45:00+00:00,1.27011,1.27034,1.27011,1.27022,2121
2026-01-16T00:00:00+00:00,1.27022,1.27041,1.27022,1.27037,1164
2026-01-16T00:15:00+00:00,1.27037,1.27088,1.27037,1.27088,2222
2026-01-16T00:30:00+00:00,1.27088,1.27140,1.27088,1.27112,801
2026-01-16T00:45:00+00:00,1.27112,1.27149,1.27092,1.27149,2093
2026-01-16T01:00:00+00:00,1.27149,1.27176,1.27078,1.27078,1786
2026-01-16T01:15:00+00:00,1.27078,1.27099,1.27059,1.27059,1906
2026-01-16T01:30:00+00:00,1.27059,1.27059,1.27013,1.27013,1663
2026-01-16T01:45:00+00:00,1.27013,1.27028,1.27009,1.27009,252
2026-01-16T02:00:00+00:00,1.27009,1.27012,1.26991,1.26991,971
2026-01-16T02:15:00+00:00,1.26991,1.26992,1.26945,1.26969,2110
2026-01-16T02:30:00+00:00,1.26969,1.26982,1.26957,1.26961,1979
2026-01-16T02:45:00+00:00,1.26961,1.26979,1.26939,1.26939,1147
2026-01-16T03:00:00+00:00,1.26939,1.26939,1.26900,1.26906,1729
2026-01-16T03:15:00+00:00,1.26906,1.26951,1.26906,1.26951,1695
2026-01-16T03:30:00+00:00,1.26951,1.26951,1.26865,1.26865,2035
2026-01-16T03:45:00+00:00,1.26865,1.26869,1.26850,1.26863,1164
2026-01-16T04:00:00+00:00,1.26863,1.26863,1.26825,1.26829,1739
2026-01-16T04:15:00+00:00,1.26829,1.26858,1.26829,1.26858,2320
2026-01-16T04:30:00+00:00,1.26858,1.26921,1.26858,1.26921,365
2026-01-16T04:45:00+00:00,1.26921,1.26921,1.26881,1.26906,1682
2026-01-16T05:00:00+00:00,1.26906,1.26925,1.26906,1.26910,1498
2026-01-16T05:15:00+00:00,1.26910,1.26924,1.26873,1.26873,1889
2026-01-16T05:30:00+00:00,1.26873,1.26896,1.26870,1.26896,1458
2026-01-16T05:45:00+00:00,1.26896,1.26896,1.26842,1.26842,1753
2026-01-16T06:00:00+00:00,1.26842,1.26865,1.26799,1.26865,2400
2026-01-16T06:15:00+00:00,1.26865,1.26969,1.26865,1.26947,1806
2026-01-16T06:30:00+00:00,1.26947,1.26952,1.26910,1.26950,1955
2026-01-16T06:45:00+00:00,1.26950,1.26950,1.26869,1.26869,2786
2026-01-16T07:00:00+00:00,1.26869,1.26983,1.26869,1.26983,1897
2026-01-16T07:15:00+00:00,1.26983,1.26983,1.26932,1.26952,2254
2026-01-16T07:30:00+00:00,1.26952,1.26957,1.26885,1.26885,2486
2026-01-16T07:45:00+00:00,1.26885,1.26999,1.26885,1.26999,2753
2026-01-16T08:00:00+00:00,1.26999,1.26999,1.26947,1.26947,1262
2026-01-16T08:15:00+00:00,1.26947,1.26947,1.26867,1.26944,2176
2026-01-16T08:30:00+00:00,1.26944,1.26971,1.26920,1.26971,2026
2026-01-16T08:45:00+00:00,1.26971,1.27009,1.26970,1.27009,1600
2026-01-16T09:00:00+00:00,1.27009,1.27047,1.27004,1.27047,1043
2026-01-16T09:15:00+00:00,1.27047,1.27059,1.27033,1.27059,1798
2026-01-16T09:30:00+00:00,1.27059,1.27074,1.27047,1.27047,767
2026-01-16T09:45:00+00:00,1.27047,1.27050,1.27024,1.27028,1355
2026-01-16T10:00:00+00:00,1.27028,1.27034,1.27000,1.27000,1448
2026-01-16T10:15:00+00:00,1.27000,1.27029,1.26996,1.27019,1262
2026-01-16T10:30:00+00:00,1.27019,1.27019,1.26969,1.26969,1681
2026-01-16T10:45:00+00:00,1.26969,1.26969,1.26940,1.26955,981
2026-01-16T11:00:00+00:00,1.26955,1.26961,1.26916,1.26916,1729
2026-01-16T11:15:00+00:00,1.26916,1.26917,1.26887,1.26887,2131
2026-01-16T11:30:00+00:00,1.26887,1.26908,1.26868,1.26884,1326
2026-01-16T11:45:00+00:00,1.26884,1.26911,1.26876,1.26876,1920
2026-01-16T12:00:00+00:00,1.26876,1.26912,1.26864,1.26911,1795
2026-01-16T12:15:00+00:00,1.26911,1.26942,1.26886,1.26942,1030
2026-01-16T12:30:00+00:00,1.26942,1.26994,1.26940,1.26959,2457
2026-01-16T12:45:00+00:00,1.26959,1.27057,1.26959,1.27022,718
2026-01-16T13:00:00+00:00,1.27022,1.27079,1.27000,1.27070,1937
2026-01-16T13:15:00+00:00,1.27070,1.27168,1.27070,1.27145,1129
2026-01-16T13:30:00+00:00,1.27145,1.27238,1.27145,1.27181,2461
2026-01-16T13:45:00+00:00,1.27181,1.27181,1.27148,1.27159,2705
2026-01-16T14:00:00+00:00,1.27159,1.27233,1.27159,1.27215,1750
2026-01-16T14:15:00+00:00,1.27215,1.27244,1.27207,1.27214,1293
2026-01-16T14:30:00+00:00,1.27214,1.27236,1.27178,1.27184,2288
2026-01-16T14:45:00+00:00,1.27184,1.27184,1.27140,1.27184,1794
2026-01-16T15:00:00+00:00,1.27184,1.27238,1.27184,1.27238,1554
2026-01-16T15:15:00+00:00,1.27238,1.27238,1.27177,1.27177,1436
2026-01-16T15:30:00+00:00,1.27177,1.27177,1.27141,1.27141,1626
2026-01-16T15:45:00+00:00,1.27141,1.27159,1.27141,1.27142,1572
2026-01-16T16:00:00+00:00,1.27142,1.27173,1.27142,1.27169,1355
2026-01-16T16:15:00+00:00,1.27169,1.27176,1.27169,1.27175,2008
2026-01-16T16:30:00+00:00,1.27175,1.27175,1.27153,1.27173,920
2026-01-16T16:45:00+00:00,1.27173,1.27186,1.27164,1.27171,2195
2026-01-16T17:00:00+00:00,1.27171,1.27185,1.27167,1.27184,1648
2026-01-16T17:15:00+00:00,1.27184,1.27200,1.27184,1.27196,1600
2026-01-16T17:30:00+00:00,1.27196,1.27216,1.27196,1.27216,2259
2026-01-16T17:45:00+00:00,1.27216,1.27241,1.27211,1.27241,1845
2026-01-16T18:00:00+00:00,1.27241,1.27263,1.27220,1.27263,1921
2026-01-16T18:15:00+00:00,1.27263,1.27315,1.27263,1.27306,1555
2026-01-16T18:30:00+00:00,1.27306,1.27325,1.27305,1.27325,1136
2026-01-16T18:45:00+00:00,1.27325,1.27325,1.27318,1.27324,1621
2026-01-16T19:00:00+00:00,1.27324,1.27332,1.27318,1.27323,3279
2026-01-16T19:15:00+00:00,1.27323,1.27331,1.27314,1.27331,2016
2026-01-16T19:30:00+00:00,1.27331,1.27345,1.27325,1.27345,1545
2026-01-16T19:45:00+00:00,1.27345,1.27352,1.27345,1.27350,590
2026-01-16T20:00:00+00:00,1.27350,1.27350,1.27325,1.27325,1086
2026-01-16T20:15:00+00:00,1.27325,1.27333,1.27321,1.27323,738
2026-01-16T20:30:00+00:00,1.27323,1.27329,1.27317,1.27322,1474
2026-01-16T20:45:00+00:00,1.27322,1.27329,1.27293,1.27293,1486
2026-01-16T21:00:00+00:00,1.27293,1.27293,1.27279,1.27288,803
2026-01-16T21:15:00+00:00,1.27288,1.27293,1.27288,1.27289,1414
2026-01-16T21:30:00+00:00,1.27289,1.27302,1.27277,1.27302,1434
2026-01-16T21:45:00+00:00,1.27302,1.27302,1.27281,1.27281,847
2026-01-16T22:00:00+00:00,1.27281,1.27303,1.27279,1.27296,956
2026-01-16T22:15:00+00:00,1.27296,1.27297,1.27277,1.27297,1508
2026-01-16T22:30:00+00:00,1.27297,1.27312,1.27294,1.27312,2594
2026-01-16T22:45:00+00:00,1.27312,1.27320,1.27276,1.27276,1575
2026-01-16T23:00:00+00:00,1.27276,1.27306,1.27276,1.27295,868
2026-01-16T23:15:00+00:00,1.27295,1.27314,1.27278,1.27314,1564
2026-01-16T23:30:00+00:00,1.27314,1.27320,1.27310,1.27313,1129
2026-01-16T23:45:00+00:00,1.27313,1.27314,1.27282,1.27283,1570
2026-01-19T00:00:00+00:00,1.27283,1.27316,1.27260,1.27316,1551
2026-01-19T00:15:00+00:00,1.27316,1.27328,1.27308,1.27309,2106
2026-01-19T00:30:00+00:00,1.27309,1.27363,1.27309,1.27349,2069
2026-01-19T00:45:00+00:00,1.27349,1.27363,1.27333,1.27363,1259
2026-01-19T01:00:00+00:00,1.27363,1.27398,1.27359,1.27398,1417
2026-01-19T01:15:00+00:00,1.27398,1.27410,1.27379,1.27379,735
2026-01-19T01:30:00+00:00,1.27379,1.27427,1.27364,1.27427,1722
2026-01-19T01:45:00+00:00,1.27427,1.27445,1.27427,1.27429,1457
2026-01-19T02:00:00+00:00,1.27429,1.27445,1.27404,1.27445,1703
2026-01-19T02:15:00+00:00,1.27445,1.27445,1.27372,1.27372,1928
2026-01-19T02:30:00+00:00,1.27372,1.27379,1.27371,1.27376,996
2026-01-19T02:45:00+00:00,1.27376,1.27403,1.27376,1.27377,1588
2026-01-19T03:00:00+00:00,1.27377,1.27377,1.27353,1.27353,1810
2026-01-19T03:15:00+00:00,1.27353,1.27395,1.27353,1.27375,2300
2026-01-19T03:30:00+00:00,1.27375,1.27375,1.27329,1.27329,2152
2026-01-19T03:45:00+00:00,1.27329,1.27329,1.27301,1.27317,2196
2026-01-19T04:00:00+00:00,1.27317,1.27319,1.27296,1.27304,2306
2026-01-19T04:15:00+00:00,1.27304,1.27304,1.27267,1.27267,1838
2026-01-19T04:30:00+00:00,1.27267,1.27278,1.27259,1.27278,798
2026-01-19T04:45:00+00:00,1.27278,1.27278,1.27264,1.27272,897
2026-01-19T05:00:00+00:00,1.27272,1.27277,1.27260,1.27262,2065
2026-01-19T05:15:00+00:00,1.27262,1.27267,1.27242,1.27242,1795
2026-01-19T05:30:00+00:00,1.27242,1.27242,1.27208,1.27220,1027
2026-01-19T05:45:00+00:00,1.27220,1.27220,1.27184,1.27185,1711
2026-01-19T06:00:00+00:00,1.27185,1.27317,1.27185,1.27317,846
2026-01-19T06:15:00+00:00,1.27317,1.27346,1.27232,1.27232,2492
2026-01-19T06:30:00+00:00,1.27232,1.27255,1.27186,1.27204,2951
2026-01-19T06:45:00+00:00,1.27204,1.27204,1.27119,1.27143,1265
2026-01-19T07:00:00+00:00,1.27143,1.27162,1.27013,1.27013,1479
2026-01-19T07:15:00+00:00,1.27013,1.27066,1.26994,1.27026,2047
2026-01-19T07:30:00+00:00,1.27026,1.27084,1.27021,1.27084,2296
2026-01-19T07:45:00+00:00,1.27084,1.27199,1.27084,1.27199,1180
2026-01-19T08:00:00+00:00,1.27199,1.27199,1.27082,1.27159,1927
2026-01-19T08:15:00+00:00,1.27159,1.27176,1.27137,1.27152,2308
2026-01-19T08:30:00+00:00,1.27152,1.27266,1.27152,1.27250,1546
2026-01-19T08:45:00+00:00,1.27250,1.27250,1.27210,1.27210,1999
2026-01-19T09:00:00+00:00,1.27210,1.27251,1.27210,1.27250,1427
2026-01-19T09:15:00+00:00,1.27250,1.27280,1.27238,1.27278,2466
2026-01-19T09:30:00+00:00,1.27278,1.27313,1.27270,1.27311,1054
2026-01-19T09:45:00+00:00,1.27311,1.27311,1.27253,1.27268,143
2026-01-19T10:00:00+00:00,1.27268,1.27299,1.27268,1.27299,1783
2026-01-19T10:15:00+00:00,1.27299,1.27299,1.27230,1.27231,1745
2026-01-19T10:30:00+00:00,1.27231,1.27269,1.27231,1.27263,1411
2026-01-19T10:45:00+00:00,1.27263,1.27301,1.27262,1.27301,2130
2026-01-19T11:00:00+00:00,1.27301,1.27323,1.27301,1.27305,1245
2026-01-19T11:15:00+00:00,1.27305,1.27312,1.27282,1.27312,755
2026-01-19T11:30:00+00:00,1.27312,1.27312,1.27275,1.27275,1178
2026-01-19T11:45:00+00:00,1.27275,1.27284,1.27269,1.27284,2214
2026-01-19T12:00:00+00:00,1.27284,1.27318,1.27284,1.27310,2041
2026-01-19T12:15:00+00:00,1.27310,1.27394,1.27307,1.27394,1762
2026-01-19T12:30:00+00:00,1.27394,1.27394,1.27288,1.27329,1624
2026-01-19T12:45:00+00:00,1.27329,1.27350,1.27314,1.27346,1891
2026-01-19T13:00:00+00:00,1.27346,1.27464,1.27346,1.27464,1771
2026-01-19T13:15:00+00:00,1.27464,1.27522,1.27443,1.27443,1845
2026-01-19T13:30:00+00:00,1.27443,1.27572,1.27443,1.27572,901
2026-01-19T13:45:00+00:00,1.27572,1.27572,1.27399,1.27442,1603
2026-01-19T14:00:00+00:00,1.27442,1.27565,1.27442,1.27565,2061
2026-01-19T14:15:00+00:00,1.27565,1.27603,1.27534,1.27534,1508
2026-01-19T14:30:00+00:00,1.27534,1.27592,1.27534,1.27592,597
2026-01-19T14:45:00+00:00,1.27592,1.27599,1.27527,1.27533,809
2026-01-19T15:00:00+00:00,1.27533,1.27617,1.27533,1.27617,1545
2026-01-19T15:15:00+00:00,1.27617,1.27640,1.27617,1.27626,1830
2026-01-19T15:30:00+00:00,1.27626,1.27642,1.27623,1.27623,1469
2026-01-19T15:45:00+00:00,1.27623,1.27623,1.27592,1.27598,641
2026-01-19T16:00:00+00:00,1.27598,1.27598,1.27546,1.27546,1295
2026-01-19T16:15:00+00:00,1.27546,1.27546,1.27531,1.27538,2630
2026-01-19T16:30:00+00:00,1.27538,1.27563,1.27538,1.27559,1760
2026-01-19T16:45:00+00:00,1.27559,1.27564,1.27552,1.27564,1360
2026-01-19T17:00:00+00:00,1.27564,1.27564,1.27535,1.27541,2248
2026-01-19T17:15:00+00:00,1.27541,1.27566,1.27541,1.27563,1679
2026-01-19T17:30:00+00:00,1.27563,1.27568,1.27545,1.27545,1692
2026-01-19T17:45:00+00:00,1.27545,1.27550,1.27538,1.27538,1350
2026-01-19T18:00:00+00:00,1.27538,1.27538,1.27518,1.27521,1762
2026-01-19T18:15:00+00:00,1.27521,1.27531,1.27507,1.27531,1534
2026-01-19T18:30:00+00:00,1.27531,1.27554,1.27531,1.27552,1238
2026-01-19T18:45:00+00:00,1.27552,1.27580,1.27552,1.27574,2055
2026-01-19T19:00:00+00:00,1.27574,1.27591,1.27574,1.27591,1300
2026-01-19T19:15:00+00:00,1.27591,1.27591,1.27566,1.27576,2160
2026-01-19T19:30:00+00:00,1.27576,1.27607,1.27576,1.27593,2288
2026-01-19T19:45:00+00:00,1.27593,1.27593,1.27564,1.27577,165
2026-01-19T20:00:00+00:00,1.27577,1.27582,1.27571,1.27574,1529
2026-01-19T20:15:00+00:00,1.27574,1.27602,1.27574,1.27588,1014
2026-01-19T20:30:00+00:00,1.27588,1.27603,1.27588,1.27601,2183
2026-01-19T20:45:00+00:00,1.27601,1.27619,1.27595,1.27604,908
2026-01-19T21:00:00+00:00,1.27604,1.27604,1.27572,1.27572,625
2026-01-19T21:15:00+00:00,1.27572,1.27573,1.27551,1.27573,1263
2026-01-19T21:30:00+00:00,1.27573,1.27579,1.27551,1.27560,1300
2026-01-19T21:45:00+00:00,1.27560,1.27568,1.27552,1.27568,2148
2026-01-19T22:00:00+00:00,1.27568,1.27615,1.27568,1.27607,982
2026-01-19T22:15:00+00:00,1.27607,1.27619,1.27595,1.27599,1444
2026-01-19T22:30:00+00:00,1.27599,1.27620,1.27599,1.27620,2011
2026-01-19T22:45:00+00:00,1.27620,1.27621,1.27613,1.27613,1286
2026-01-19T23:00:00+00:00,1.27613,1.27613,1.27593,1.27593,1506
2026-01-19T23:15:00+00:00,1.27593,1.27593,1.27564,1.27567,1369
2026-01-19T23:30:00+00:00,1.27567,1.27598,1.27564,1.27598,1625
2026-01-19T23:45:00+00:00,1.27598,1.27598,1.27571,1.27571,1250
2026-01-20T00:00:00+00:00,1.27571,1.27571,1.27533,1.27537,1118
2026-01-20T00:15:00+00:00,1.27537,1.27562,1.27525,1.27562,1363
2026-01-20T00:30:00+00:00,1.27562,1.27562,1.27528,1.27533,1842
2026-01-20T00:45:00+00:00,1.27533,1.27537,1.27510,1.27530,1912
2026-01-20T01:00:00+00:00,1.27530,1.27536,1.27504,1.27530,618
2026-01-20T01:15:00+00:00,1.27530,1.27530,1.27509,1.27527,1679
2026-01-20T01:30:00+00:00,1.27527,1.27563,1.27483,1.27483,1705
2026-01-20T01:45:00+00:00,1.27483,1.27505,1.27460,1.27480,1599
2026-01-20T02:00:00+00:00,1.27480,1.27501,1.27469,1.27501,833
2026-01-20T02:15:00+00:00,1.27501,1.27577,1.27501,1.27577,2454
2026-01-20T02:30:00+00:00,1.27577,1.27603,1.27577,1.27601,1500
2026-01-20T02:45:00+00:00,1.27601,1.27610,1.27594,1.27610,1906
2026-01-20T03:00:00+00:00,1.27610,1.27610,1.27587,1.27598,1529
2026-01-20T03:15:00+00:00,1.27598,1.27601,1.27589,1.27589,1094
2026-01-20T03:30:00+00:00,1.27589,1.27598,1.27561,1.27568,843
2026-01-20T03:45:00+00:00,1.27568,1.27615,1.27568,1.27598,1993
2026-01-20T04:00:00+00:00,1.27598,1.27598,1.27570,1.27580,745
2026-01-20T04:15:00+00:00,1.27580,1.27608,1.27580,1.27604,2002
2026-01-20T04:30:00+00:00,1.27604,1.27625,1.27598,1.27624,1557
2026-01-20T04:45:00+00:00,1.27624,1.27624,1.27584,1.27590,1487
2026-01-20T05:00:00+00:00,1.27590,1.27590,1.27561,1.27561,1788
2026-01-20T05:15:00+00:00,1.27561,1.27621,1.27561,1.27621,1843
2026-01-20T05:30:00+00:00,1.27621,1.27654,1.27621,1.27648,1633
2026-01-20T05:45:00+00:00,1.27648,1.27663,1.27648,1.27649,2578
2026-01-20T06:00:00+00:00,1.27649,1.27691,1.27649,1.27654,342
2026-01-20T06:15:00+00:00,1.27654,1.27654,1.27542,1.27593,1348
2026-01-20T06:30:00+00:00,1.27593,1.27645,1.27593,1.27645,1577
2026-01-20T06:45:00+00:00,1.27645,1.27679,1.27645,1.27679,2618
2026-01-20T07:00:00+00:00,1.27679,1.27749,1.27632,1.27749,1634
2026-01-20T07:15:00+00:00,1.27749,1.27791,1.27722,1.27750,1978
2026-01-20T07:30:00+00:00,1.27750,1.27831,1.27707,1.27831,1188
2026-01-20T07:45:00+00:00,1.27831,1.27858,1.27815,1.27858,1434
2026-01-20T08:00:00+00:00,1.27858,1.27858,1.27736,1.27813,2581
2026-01-20T08:15:00+00:00,1.27813,1.27814,1.27771,1.27771,2390
2026-01-20T08:30:00+00:00,1.27771,1.27799,1.27712,1.27712,883
2026-01-20T08:45:00+00:00,1.27712,1.27733,1.27701,1.27701,1891
2026-01-20T09:00:00+00:00,1.27701,1.27763,1.27701,1.27763,731
2026-01-20T09:15:00+00:00,1.27763,1.27765,1.27747,1.27762,1743
2026-01-20T09:30:00+00:00,1.27762,1.27764,1.27750,1.27763,994
2026-01-20T09:45:00+00:00,1.27763,1.27773,1.27737,1.27773,1163
2026-01-20T10:00:00+00:00,1.27773,1.27783,1.27755,1.27755,1580
2026-01-20T10:15:00+00:00,1.27755,1.27760,1.27749,1.27759,1376
2026-01-20T10:30:00+00:00,1.27759,1.27776,1.27754,1.27754,2283
2026-01-20T10:45:00+00:00,1.27754,1.27792,1.27754,1.27788,1314
2026-01-20T11:00:00+00:00,1.27788,1.27790,1.27772,1.27779,1725
2026-01-20T11:15:00+00:00,1.27779,1.27792,1.27744,1.27751,894
2026-01-20T11:30:00+00:00,1.27751,1.27768,1.27739,1.27768,1768
2026-01-20T11:45:00+00:00,1.27768,1.27772,1.27750,1.27762,1478
2026-01-20T12:00:00+00:00,1.27762,1.27762,1.27698,1.27698,1368
2026-01-20T12:15:00+00:00,1.27698,1.27698,1.27655,1.27688,2157
2026-01-20T12:30:00+00:00,1.27688,1.27733,1.27656,1.27656,1978
2026-01-20T12:45:00+00:00,1.27656,1.27656,1.27541,1.27569,1814
2026-01-20T13:00:00+00:00,1.27569,1.27620,1.27566,1.27593,656
2026-01-20T13:15:00+00:00,1.27593,1.27657,1.27593,1.27649,2732
2026-01-20T13:30:00+00:00,1.27649,1.27778,1.27649,1.27778,2208
2026-01-20T13:45:00+00:00,1.27778,1.27932,1.27778,1.27932,2260
2026-01-20T14:00:00+00:00,1.27932,1.27945,1.27909,1.27921,2123
2026-01-20T14:15:00+00:00,1.27921,1.27969,1.27911,1.27969,1356
2026-01-20T14:30:00+00:00,1.27969,1.28000,1.27959,1.28000,1429
2026-01-20T14:45:00+00:00,1.28000,1.28076,1.28000,1.28076,1708
2026-01-20T15:00:00+00:00,1.28076,1.28078,1.28032,1.28036,1748
2026-01-20T15:15:00+00:00,1.28036,1.28037,1.28020,1.28037,1314
2026-01-20T15:30:00+00:00,1.28037,1.28049,1.28020,1.28032,1596
2026-01-20T15:45:00+00:00,1.28032,1.28035,1.28019,1.28020,1599
2026-01-20T16:00:00+00:00,1.28020,1.28042,1.28011,1.28011,1443
2026-01-20T16:15:00+00:00,1.28011,1.28019,1.28000,1.28019,2113
2026-01-20T16:30:00+00:00,1.28019,1.28035,1.28009,1.28019,606
2026-01-20T16:45:00+00:00,1.28019,1.28042,1.28014,1.28042,1808
2026-01-20T17:00:00+00:00,1.28042,1.28057,1.28034,1.28034,1675
2026-01-20T17:15:00+00:00,1.28034,1.28055,1.28027,1.28041,920
2026-01-20T17:30:00+00:00,1.28041,1.28059,1.28031,1.28059,1773
2026-01-20T17:45:00+00:00,1.28059,1.28076,1.28030,1.28033,1083
2026-01-20T18:00:00+00:00,1.28033,1.28049,1.28033,1.28036,1487
2026-01-20T18:15:00+00:00,1.28036,1.28041,1.28021,1.28041,2204
2026-01-20T18:30:00+00:00,1.28041,1.28064,1.28024,1.28024,2003
2026-01-20T18:45:00+00:00,1.28024,1.28033,1.28004,1.28011,1005
2026-01-20T19:00:00+00:00,1.28011,1.28029,1.27974,1.27974,1277
2026-01-20T19:15:00+00:00,1.27974,1.28034,1.27971,1.28034,1424
2026-01-20T19:30:00+00:00,1.28034,1.28051,1.28034,1.28047,391
2026-01-20T19:45:00+00:00,1.28047,1.28083,1.28047,1.28083,1264
2026-01-20T20:00:00+00:00,1.28083,1.28090,1.28083,1.28083,1649
2026-01-20T20:15:00+00:00,1.28083,1.28083,1.28065,1.28083,2058
2026-01-20T20:30:00+00:00,1.28083,1.28108,1.28081,1.28103,1678
2026-01-20T20:45:00+00:00,1.28103,1.28118,1.28096,1.28115,2095
2026-01-20T21:00:00+00:00,1.28115,1.28118,1.28091,1.28118,312
2026-01-20T21:15:00+00:00,1.28118,1.28118,1.28089,1.28098,1836
2026-01-20T21:30:00+00:00,1.28098,1.28155,1.28098,1.28155,1611
2026-01-20T21:45:00+00:00,1.28155,1.28182,1.28155,1.28180,898
2026-01-20T22:00:00+00:00,1.28180,1.28186,1.28155,1.28168,2401
2026-01-20T22:15:00+00:00,1.28168,1.28168,1.28136,1.28136,1086
2026-01-20T22:30:00+00:00,1.28136,1.28163,1.28136,1.28163,2207
2026-01-20T22:45:00+00:00,1.28163,1.28171,1.28154,1.28159,1422
2026-01-20T23:00:00+00:00,1.28159,1.28175,1.28159,1.28168,1518
2026-01-20T23:15:00+00:00,1.28168,1.28178,1.28160,1.28178,553
2026-01-20T23:30:00+00:00,1.28178,1.28195,1.28178,1.28183,1602
2026-01-20T23:45:00+00:00,1.28183,1.28186,1.28157,1.28167,1610
2026-01-21T00:00:00+00:00,1.28167,1.28213,1.28167,1.28203,1314
2026-01-21T00:15:00+00:00,1.28203,1.28242,1.28203,1.28234,1953
2026-01-21T00:30:00+00:00,1.28234,1.28261,1.28234,1.28242,1465
2026-01-21T00:45:00+00:00,1.28242,1.28315,1.28242,1.28288,3009
2026-01-21T01:00:00+00:00,1.28288,1.28326,1.28288,1.28323,2407
2026-01-21T01:15:00+00:00,1.28323,1.28327,1.28266,1.28266,1243
2026-01-21T01:30:00+00:00,1.28266,1.28333,1.28266,1.28324,1444
2026-01-21T01:45:00+00:00,1.28324,1.28362,1.28324,1.28351,1960
2026-01-21T02:00:00+00:00,1.28351,1.28429,1.28351,1.28423,2335
2026-01-21T02:15:00+00:00,1.28423,1.28507,1.28423,1.28484,1621
2026-01-21T02:30:00+00:00,1.28484,1.28551,1.28481,1.28551,1008
2026-01-21T02:45:00+00:00,1.28551,1.28551,1.28487,1.28508,691
2026-01-21T03:00:00+00:00,1.28508,1.28520,1.28490,1.28520,1024
2026-01-21T03:15:00+00:00,1.28520,1.28573,1.28520,1.28572,1066
2026-01-21T03:30:00+00:00,1.28572,1.28572,1.28556,1.28570,1033
2026-01-21T03:45:00+00:00,1.28570,1.28578,1.28566,1.28567,996
2026-01-21T04:00:00+00:00,1.28567,1.28626,1.28567,1.28600,1530
2026-01-21T04:15:00+00:00,1.28600,1.28610,1.28593,1.28610,1195
2026-01-21T04:30:00+00:00,1.28610,1.28610,1.28525,1.28527,691
2026-01-21T04:45:00+00:00,1.28527,1.28527,1.28489,1.28489,526
2026-01-21T05:00:00+00:00,1.28489,1.28489,1.28473,1.28486,1604
2026-01-21T05:15:00+00:00,1.28486,1.28513,1.28481,1.28513,2019
2026-01-21T05:30:00+00:00,1.28513,1.28513,1.28481,1.28512,1577
2026-01-21T05:45:00+00:00,1.28512,1.28516,1.28426,1.28457,692
2026-01-21T06:00:00+00:00,1.28457,1.28469,1.28430,1.28469,1958
2026-01-21T06:15:00+00:00,1.28469,1.28469,1.28414,1.28430,1177
2026-01-21T06:30:00+00:00,1.28430,1.28459,1.28412,1.28423,942
2026-01-21T06:45:00+00:00,1.28423,1.28426,1.28347,1.28365,1437
2026-01-21T07:00:00+00:00,1.28365,1.28510,1.28365,1.28500,2075
2026-01-21T07:15:00+00:00,1.28500,1.28567,1.28489,1.28503,1723
2026-01-21T07:30:00+00:00,1.28503,1.28614,1.28503,1.28561,2450
2026-01-21T07:45:00+00:00,1.28561,1.28561,1.28382,1.28475,2195
2026-01-21T08:00:00+00:00,1.28475,1.28475,1.28440,1.28467,2298
2026-01-21T08:15:00+00:00,1.28467,1.28467,1.28412,1.28432,2571
2026-01-21T08:30:00+00:00,1.28432,1.28454,1.28429,1.28434,1327
2026-01-21T08:45:00+00:00,1.28434,1.28434,1.28406,1.28428,2567
2026-01-21T09:00:00+00:00,1.28428,1.28447,1.28416,1.28447,1648
2026-01-21T09:15:00+00:00,1.28447,1.28447,1.28401,1.28401,2198
2026-01-21T09:30:00+00:00,1.28401,1.28443,1.28401,1.28440,1776
2026-01-21T09:45:00+00:00,1.28440,1.28440,1.28408,1.28415,1858
2026-01-21T10:00:00+00:00,1.28415,1.28415,1.28390,1.28391,862
2026-01-21T10:15:00+00:00,1.28391,1.28391,1.28367,1.28375,1284
2026-01-21T10:30:00+00:00,1.28375,1.28394,1.28375,1.28384,1148
2026-01-21T10:45:00+00:00,1.28384,1.28412,1.28375,1.28401,1408
2026-01-21T11:00:00+00:00,1.28401,1.28411,1.28394,1.28394,1402
2026-01-21T11:15:00+00:00,1.28394,1.28400,1.28379,1.28389,1783
2026-01-21T11:30:00+00:00,1.28389,1.28389,1.28327,1.28327,1155
2026-01-21T11:45:00+00:00,1.28327,1.28340,1.28299,1.28340,1544
2026-01-21T12:00:00+00:00,1.28340,1.28340,1.28278,1.28278,1683
2026-01-21T12:15:00+00:00,1.28278,1.28291,1.28273,1.28291,2476
2026-01-21T12:30:00+00:00,1.28291,1.28308,1.28269,1.28269,2178
2026-01-21T12:45:00+00:00,1.28269,1.28336,1.28266,1.28336,1167
2026-01-21T13:00:00+00:00,1.28336,1.28336,1.28245,1.28245,1507
2026-01-21T13:15:00+00:00,1.28245,1.28297,1.28245,1.28270,1840
2026-01-21T13:30:00+00:00,1.28270,1.28270,1.28205,1.28237,1866
2026-01-21T13:45:00+00:00,1.28237,1.28293,1.28237,1.28248,1506
2026-01-21T14:00:00+00:00,1.28248,1.28414,1.28248,1.28414,2291
2026-01-21T14:15:00+00:00,1.28414,1.28457,1.28414,1.28457,1865
2026-01-21T14:30:00+00:00,1.28457,1.28473,1.28419,1.28419,1722
2026-01-21T14:45:00+00:00,1.28419,1.28561,1.28419,1.28561,1475
2026-01-21T15:00:00+00:00,1.28561,1.28563,1.28536,1.28547,1668
2026-01-21T15:15:00+00:00,1.28547,1.28568,1.28541,1.28545,643
2026-01-21T15:30:00+00:00,1.28545,1.28545,1.28489,1.28494,1454
2026-01-21T15:45:00+00:00,1.28494,1.28514,1.28478,1.28478,1508
2026-01-21T16:00:00+00:00,1.28478,1.28507,1.28478,1.28495,1951
2026-01-21T16:15:00+00:00,1.28495,1.28504,1.28480,1.28485,1652
2026-01-21T16:30:00+00:00,1.28485,1.28525,1.28485,1.28525,1518
2026-01-21T16:45:00+00:00,1.28525,1.28553,1.28525,1.28538,1655
2026-01-21T17:00:00+00:00,1.28538,1.28538,1.28493,1.28493,1681
2026-01-21T17:15:00+00:00,1.28493,1.28504,1.28490,1.28495,1107
2026-01-21T17:30:00+00:00,1.28495,1.28503,1.28491,1.28491,1525
2026-01-21T17:45:00+00:00,1.28491,1.28491,1.28427,1.28427,1614
2026-01-21T18:00:00+00:00,1.28427,1.28427,1.28405,1.28405,1593
2026-01-21T18:15:00+00:00,1.28405,1.28405,1.28377,1.28386,1184
2026-01-21T18:30:00+00:00,1.28386,1.28401,1.28375,1.28401,1060
2026-01-21T18:45:00+00:00,1.28401,1.28436,1.28401,1.28406,1582
2026-01-21T19:00:00+00:00,1.28406,1.28406,1.28379,1.28388,580
2026-01-21T19:15:00+00:00,1.28388,1.28388,1.28379,1.28388,1248
2026-01-21T19:30:00+00:00,1.28388,1.28399,1.28384,1.28384,2002
2026-01-21T19:45:00+00:00,1.28384,1.28384,1.28357,1.28357,1402
2026-01-21T20:00:00+00:00,1.28357,1.28373,1.28356,1.28373,1254
2026-01-21T20:15:00+00:00,1.28373,1.28379,1.28360,1.28376,1790
2026-01-21T20:30:00+00:00,1.28376,1.28391,1.28371,1.28391,1568
2026-01-21T20:45:00+00:00,1.28391,1.28400,1.28385,1.28392,1584
2026-01-21T21:00:00+00:00,1.28392,1.28420,1.28392,1.28401,755
2026-01-21T21:15:00+00:00,1.28401,1.28401,1.28389,1.28394,2909
2026-01-21T21:30:00+00:00,1.28394,1.28415,1.28386,1.28415,1526
2026-01-21T21:45:00+00:00,1.28415,1.28415,1.28395,1.28395,1203
2026-01-21T22:00:00+00:00,1.28395,1.28410,1.28388,1.28395,939
2026-01-21T22:15:00+00:00,1.28395,1.28401,1.28394,1.28397,1700
2026-01-21T22:30:00+00:00,1.28397,1.28419,1.28393,1.28411,1596
2026-01-21T22:45:00+00:00,1.28411,1.28411,1.28363,1.28394,1401
2026-01-21T23:00:00+00:00,1.28394,1.28394,1.28345,1.28345,1708
2026-01-21T23:15:00+00:00,1.28345,1.28345,1.28328,1.28328,1920
2026-01-21T23:30:00+00:00,1.28328,1.28374,1.28328,1.28374,1294
2026-01-21T23:45:00+00:00,1.28374,1.28389,1.28363,1.28389,302
2026-01-22T00:00:00+00:00,1.28389,1.28395,1.28378,1.28395,1771
2026-01-22T00:15:00+00:00,1.28395,1.28421,1.28395,1.28406,2196
2026-01-22T00:30:00+00:00,1.28406,1.28406,1.28311,1.28311,796
2026-01-22T00:45:00+00:00,1.28311,1.28311,1.28252,1.28256,1759
2026-01-22T01:00:00+00:00,1.28256,1.28270,1.28232,1.28249,589
2026-01-22T01:15:00+00:00,1.28249,1.28278,1.28225,1.28225,1741
2026-01-22T01:30:00+00:00,1.28225,1.28225,1.28165,1.28165,1970
2026-01-22T01:45:00+00:00,1.28165,1.28165,1.28125,1.28130,1212
2026-01-22T02:00:00+00:00,1.28130,1.28140,1.28113,1.28113,2309
2026-01-22T02:15:00+00:00,1.28113,1.28131,1.28108,1.28131,2351
2026-01-22T02:30:00+00:00,1.28131,1.28141,1.28080,1.28080,1435
2026-01-22T02:45:00+00:00,1.28080,1.28080,1.28038,1.28038,1561
2026-01-22T03:00:00+00:00,1.28038,1.28038,1.28002,1.28002,2263
2026-01-22T03:15:00+00:00,1.28002,1.28008,1.27984,1.28000,1800
2026-01-22T03:30:00+00:00,1.28000,1.28000,1.27926,1.27926,1446
2026-01-22T03:45:00+00:00,1.27926,1.27927,1.27906,1.27914,1090
2026-01-22T04:00:00+00:00,1.27914,1.27945,1.27909,1.27945,1504
2026-01-22T04:15:00+00:00,1.27945,1.27945,1.27919,1.27919,1971
2026-01-22T04:30:00+00:00,1.27919,1.27926,1.27904,1.27922,1681
2026-01-22T04:45:00+00:00,1.27922,1.27957,1.27922,1.27957,1612
2026-01-22T05:00:00+00:00,1.27957,1.27978,1.27947,1.27978,1663
2026-01-22T05:15:00+00:00,1.27978,1.28022,1.27978,1.27999,1782
2026-01-22T05:30:00+00:00,1.27999,1.28009,1.27995,1.27996,1511
2026-01-22T05:45:00+00:00,1.27996,1.27996,1.27959,1.27959,1744
2026-01-22T06:00:00+00:00,1.27959,1.27999,1.27958,1.27958,1574
2026-01-22T06:15:00+00:00,1.27958,1.27958,1.27854,1.27854,3356
2026-01-22T06:30:00+00:00,1.27854,1.27985,1.27854,1.27985,2342
2026-01-22T06:45:00+00:00,1.27985,1.27985,1.27894,1.27964,2851
2026-01-22T07:00:00+00:00,1.27964,1.27964,1.27886,1.27915,2609
2026-01-22T07:15:00+00:00,1.27915,1.28085,1.27915,1.28085,1476
2026-01-22T07:30:00+00:00,1.28085,1.28098,1.27990,1.27990,2150
2026-01-22T07:45:00+00:00,1.27990,1.28067,1.27990,1.28067,2404
2026-01-22T08:00:00+00:00,1.28067,1.28165,1.28067,1.28165,2481
2026-01-22T08:15:00+00:00,1.28165,1.28191,1.28073,1.28073,719
2026-01-22T08:30:00+00:00,1.28073,1.28097,1.28009,1.28009,1792
2026-01-22T08:45:00+00:00,1.28009,1.28041,1.27988,1.28041,1249
2026-01-22T09:00:00+00:00,1.28041,1.28061,1.28041,1.28061,1995
2026-01-22T09:15:00+00:00,1.28061,1.28073,1.28043,1.28052,1369
2026-01-22T09:30:00+00:00,1.28052,1.28073,1.28047,1.28073,1378
2026-01-22T09:45:00+00:00,1.28073,1.28079,1.28069,1.28069,875
2026-01-22T10:00:00+00:00,1.28069,1.28069,1.28014,1.28014,1259
2026-01-22T10:15:00+00:00,1.28014,1.28026,1.27989,1.27989,1661
2026-01-22T10:30:00+00:00,1.27989,1.28006,1.27989,1.27993,925
2026-01-22T10:45:00+00:00,1.27993,1.28026,1.27993,1.28026,1117
2026-01-22T11:00:00+00:00,1.28026,1.28046,1.28026,1.28037,1416
2026-01-22T11:15:00+00:00,1.28037,1.28070,1.28037,1.28068,2161
2026-01-22T11:30:00+00:00,1.28068,1.28101,1.28068,1.28078,1094
2026-01-22T11:45:00+00:00,1.28078,1.28103,1.28072,1.28080,1560
2026-01-22T12:00:00+00:00,1.28080,1.28083,1.28029,1.28029,1568
2026-01-22T12:15:00+00:00,1.28029,1.28064,1.28029,1.28045,581
2026-01-22T12:30:00+00:00,1.28045,1.28065,1.28018,1.28050,1586
2026-01-22T12:45:00+00:00,1.28050,1.28087,1.28027,1.28030,1372
2026-01-22T13:00:00+00:00,1.28030,1.28052,1.28017,1.28031,2647
2026-01-22T13:15:00+00:00,1.28031,1.28068,1.28021,1.28037,1710
2026-01-22T13:30:00+00:00,1.28037,1.28048,1.27991,1.28034,1146
2026-01-22T13:45:00+00:00,1.28034,1.28098,1.28034,1.28086,1846
2026-01-22T14:00:00+00:00,1.28086,1.28223,1.28086,1.28179,1889
2026-01-22T14:15:00+00:00,1.28179,1.28216,1.28172,1.28194,1816
2026-01-22T14:30:00+00:00,1.28194,1.28260,1.28194,1.28260,2355
2026-01-22T14:45:00+00:00,1.28260,1.28262,1.28244,1.28255,2196
2026-01-22T15:00:00+00:00,1.28255,1.28256,1.28238,1.28245,1165
2026-01-22T15:15:00+00:00,1.28245,1.28273,1.28221,1.28221,2343
2026-01-22T15:30:00+00:00,1.28221,1.28246,1.28221,1.28246,1954
2026-01-22T15:45:00+00:00,1.28246,1.28246,1.28212,1.28226,1674
2026-01-22T16:00:00+00:00,1.28226,1.28261,1.28226,1.28240,1239
2026-01-22T16:15:00+00:00,1.28240,1.28241,1.28201,1.28201,2035
2026-01-22T16:30:00+00:00,1.28201,1.28201,1.28180,1.28194,1486
2026-01-22T16:45:00+00:00,1.28194,1.28225,1.28194,1.28223,1169
2026-01-22T17:00:00+00:00,1.28223,1.28239,1.28222,1.28239,1714
2026-01-22T17:15:00+00:00,1.28239,1.28244,1.28231,1.28236,1860
2026-01-22T17:30:00+00:00,1.28236,1.28236,1.28211,1.28214,1114
2026-01-22T17:45:00+00:00,1.28214,1.28230,1.28208,1.28208,1555
2026-01-22T18:00:00+00:00,1.28208,1.28220,1.28181,1.28181,1797
2026-01-22T18:15:00+00:00,1.28181,1.28182,1.28155,1.28155,837
2026-01-22T18:30:00+00:00,1.28155,1.28184,1.28155,1.28162,1261
2026-01-22T18:45:00+00:00,1.28162,1.28162,1.28124,1.28125,2038
2026-01-22T19:00:00+00:00,1.28125,1.28141,1.28125,1.28133,991
2026-01-22T19:15:00+00:00,1.28133,1.28143,1.28130,1.28143,1377
2026-01-22T19:30:00+00:00,1.28143,1.28143,1.28124,1.28137,2303
2026-01-22T19:45:00+00:00,1.28137,1.28149,1.28134,1.28147,1413
2026-01-22T20:00:00+00:00,1.28147,1.28166,1.28147,1.28166,981
2026-01-22T20:15:00+00:00,1.28166,1.28174,1.28159,1.28161,2260
2026-01-22T20:30:00+00:00,1.28161,1.28161,1.28136,1.28138,1865
2026-01-22T20:45:00+00:00,1.28138,1.28142,1.28127,1.28142,1317
2026-01-22T21:00:00+00:00,1.28142,1.28191,1.28142,1.28181,1365
2026-01-22T21:15:00+00:00,1.28181,1.28213,1.28181,1.28213,976
2026-01-22T21:30:00+00:00,1.28213,1.28234,1.28207,1.28207,1901
2026-01-22T21:45:00+00:00,1.28207,1.28221,1.28185,1.28221,1725
2026-01-22T22:00:00+00:00,1.28221,1.28275,1.28221,1.28275,1162
2026-01-22T22:15:00+00:00,1.28275,1.28324,1.28275,1.28312,2123
2026-01-22T22:30:00+00:00,1.28312,1.28332,1.28304,1.28327,1211
2026-01-22T22:45:00+00:00,1.28327,1.28338,1.28311,1.28311,1215
2026-01-22T23:00:00+00:00,1.28311,1.28372,1.28311,1.28362,1688
2026-01-22T23:15:00+00:00,1.28362,1.28373,1.28362,1.28373,2810
2026-01-22T23:30:00+00:00,1.28373,1.28375,1.28365,1.28370,1524
2026-01-22T23:45:00+00:00,1.28370,1.28370,1.28333,1.28333,1831
2026-01-23T00:00:00+00:00,1.28333,1.28380,1.28327,1.28362,2331
2026-01-23T00:15:00+00:00,1.28362,1.28365,1.28301,1.28301,2632
2026-01-23T00:30:00+00:00,1.28301,1.28347,1.28301,1.28330,1859
2026-01-23T00:45:00+00:00,1.28330,1.28330,1.28272,1.28272,2057
2026-01-23T01:00:00+00:00,1.28272,1.28353,1.28272,1.28353,1554
2026-01-23T01:15:00+00:00,1.28353,1.28425,1.28332,1.28425,1821
2026-01-23T01:30:00+00:00,1.28425,1.28439,1.28418,1.28436,1633
2026-01-23T01:45:00+00:00,1.28436,1.28499,1.28436,1.28494,1679
2026-01-23T02:00:00+00:00,1.28494,1.28494,1.28439,1.28439,2867
2026-01-23T02:15:00+00:00,1.28439,1.28442,1.28410,1.28410,1070
2026-01-23T02:30:00+00:00,1.28410,1.28410,1.28358,1.28384,1908
2026-01-23T02:45:00+00:00,1.28384,1.28398,1.28368,1.28368,2069
2026-01-23T03:00:00+00:00,1.28368,1.28419,1.28368,1.28407,1858
2026-01-23T03:15:00+00:00,1.28407,1.28408,1.28385,1.28408,1387
2026-01-23T03:30:00+00:00,1.28408,1.28408,1.28386,1.28388,2254
2026-01-23T03:45:00+00:00,1.28388,1.28394,1.28384,1.28385,1709
2026-01-23T04:00:00+00:00,1.28385,1.28386,1.28352,1.28352,1974
2026-01-23T04:15:00+00:00,1.28352,1.28352,1.28327,1.28334,1921
2026-01-23T04:30:00+00:00,1.28334,1.28345,1.28306,1.28311,2394
2026-01-23T04:45:00+00:00,1.28311,1.28311,1.28253,1.28253,523
2026-01-23T05:00:00+00:00,1.28253,1.28253,1.28228,1.28230,1892
2026-01-23T05:15:00+00:00,1.28230,1.28256,1.28230,1.28255,2254
2026-01-23T05:30:00+00:00,1.28255,1.28288,1.28255,1.28286,902
2026-01-23T05:45:00+00:00,1.28286,1.28308,1.28268,1.28268,2442
2026-01-23T06:00:00+00:00,1.28268,1.28268,1.28249,1.28250,1240
2026-01-23T06:15:00+00:00,1.28250,1.28250,1.28176,1.28190,2039
2026-01-23T06:30:00+00:00,1.28190,1.28235,1.28177,1.28234,2123
2026-01-23T06:45:00+00:00,1.28234,1.28234,1.28076,1.28076,1658
2026-01-23T07:00:00+00:00,1.28076,1.28082,1.28017,1.28017,2887
2026-01-23T07:15:00+00:00,1.28017,1.28114,1.28017,1.28082,1986
2026-01-23T07:30:00+00:00,1.28082,1.28096,1.28045,1.28066,1747
2026-01-23T07:45:00+00:00,1.28066,1.28129,1.28066,1.28127,2686
2026-01-23T08:00:00+00:00,1.28127,1.28142,1.28083,1.28083,1555
2026-01-23T08:15:00+00:00,1.28083,1.28106,1.28014,1.28014,2157
2026-01-23T08:30:00+00:00,1.28014,1.28031,1.27960,1.27960,1674
2026-01-23T08:45:00+00:00,1.27960,1.27980,1.27960,1.27980,2212
2026-01-23T09:00:00+00:00,1.27980,1.28001,1.27979,1.27979,965
2026-01-23T09:15:00+00:00,1.27979,1.28012,1.27979,1.28011,2071
2026-01-23T09:30:00+00:00,1.28011,1.28011,1.27954,1.27954,2027
2026-01-23T09:45:00+00:00,1.27954,1.27973,1.27939,1.27973,1454
2026-01-23T10:00:00+00:00,1.27973,1.27983,1.27965,1.27965,1066
2026-01-23T10:15:00+00:00,1.27965,1.27981,1.27957,1.27981,1571
2026-01-23T10:30:00+00:00,1.27981,1.27981,1.27957,1.27957,1536
2026-01-23T10:45:00+00:00,1.27957,1.27964,1.27954,1.27959,1979
2026-01-23T11:00:00+00:00,1.27959,1.27980,1.27952,1.27980,1096
2026-01-23T11:15:00+00:00,1.27980,1.27987,1.27974,1.27982,2370
2026-01-23T11:30:00+00:00,1.27982,1.28005,1.27947,1.27947,1285
2026-01-23T11:45:00+00:00,1.27947,1.27988,1.27947,1.27980,1094
2026-01-23T12:00:00+00:00,1.27980,1.28058,1.27980,1.28016,1106
2026-01-23T12:15:00+00:00,1.28016,1.28041,1.27999,1.28025,1364
2026-01-23T12:30:00+00:00,1.28025,1.28080,1.28025,1.28080,1806
2026-01-23T12:45:00+00:00,1.28080,1.28248,1.28080,1.28248,2602
2026-01-23T13:00:00+00:00,1.28248,1.28320,1.28248,1.28270,1884
2026-01-23T13:15:00+00:00,1.28270,1.28305,1.28257,1.28294,2138
2026-01-23T13:30:00+00:00,1.28294,1.28449,1.28294,1.28405,1555
2026-01-23T13:45:00+00:00,1.28405,1.28463,1.28405,1.28463,2105
2026-01-23T14:00:00+00:00,1.28463,1.28557,1.28458,1.28556,2429
2026-01-23T14:15:00+00:00,1.28556,1.28577,1.28536,1.28561,1924
2026-01-23T14:30:00+00:00,1.28561,1.28561,1.28508,1.28508,1554
2026-01-23T14:45:00+00:00,1.28508,1.28585,1.28487,1.28585,849
2026-01-23T15:00:00+00:00,1.28585,1.28614,1.28585,1.28604,1634
2026-01-23T15:15:00+00:00,1.28604,1.28618,1.28586,1.28586,1775
2026-01-23T15:30:00+00:00,1.28586,1.28586,1.28539,1.28550,1491
2026-01-23T15:45:00+00:00,1.28550,1.28569,1.28550,1.28558,1742
2026-01-23T16:00:00+00:00,1.28558,1.28578,1.28544,1.28576,1496
2026-01-23T16:15:00+00:00,1.28576,1.28586,1.28551,1.28551,1708
2026-01-23T16:30:00+00:00,1.28551,1.28594,1.28551,1.28594,2088
2026-01-23T16:45:00+00:00,1.28594,1.28604,1.28573,1.28573,1641
2026-01-23T17:00:00+00:00,1.28573,1.28573,1.28560,1.28567,2094
2026-01-23T17:15:00+00:00,1.28567,1.28594,1.28567,1.28591,1895
2026-01-23T17:30:00+00:00,1.28591,1.28591,1.28571,1.28588,635
2026-01-23T17:45:00+00:00,1.28588,1.28605,1.28588,1.28597,2359
2026-01-23T18:00:00+00:00,1.28597,1.28608,1.28591,1.28591,1995
2026-01-23T18:15:00+00:00,1.28591,1.28591,1.28565,1.28575,1333
2026-01-23T18:30:00+00:00,1.28575,1.28583,1.28545,1.28554,1538
2026-01-23T18:45:00+00:00,1.28554,1.28554,1.28513,1.28513,1315
2026-01-23T19:00:00+00:00,1.28513,1.28523,1.28513,1.28517,1212
2026-01-23T19:15:00+00:00,1.28517,1.28534,1.28514,1.28514,1685
2026-01-23T19:30:00+00:00,1.28514,1.28533,1.28502,1.28502,1077
2026-01-23T19:45:00+00:00,1.28502,1.28502,1.28481,1.28499,1196
2026-01-23T20:00:00+00:00,1.28499,1.28499,1.28431,1.28431,2073
2026-01-23T20:15:00+00:00,1.28431,1.28449,1.28429,1.28442,1393
2026-01-23T20:30:00+00:00,1.28442,1.28442,1.28416,1.28416,996
2026-01-23T20:45:00+00:00,1.28416,1.28441,1.28403,1.28411,1248
2026-01-23T21:00:00+00:00,1.28411,1.28418,1.28387,1.28398,2541
2026-01-23T21:15:00+00:00,1.28398,1.28419,1.28398,1.28419,1477
2026-01-23T21:30:00+00:00,1.28419,1.28431,1.28411,1.28411,2193
2026-01-23T21:45:00+00:00,1.28411,1.28425,1.28411,1.28414,1299
2026-01-23T22:00:00+00:00,1.28414,1.28429,1.28410,1.28410,2003
2026-01-23T22:15:00+00:00,1.28410,1.28456,1.28410,1.28452,1360
2026-01-23T22:30:00+00:00,1.28452,1.28458,1.28443,1.28456,1463
2026-01-23T22:45:00+00:00,1.28456,1.28481,1.28452,1.28481,1341
2026-01-23T23:00:00+00:00,1.28481,1.28508,1.28481,1.28508,1287
2026-01-23T23:15:00+00:00,1.28508,1.28508,1.28470,1.28472,1507
2026-01-23T23:30:00+00:00,1.28472,1.28482,1.28464,1.28464,1796
2026-01-23T23:45:00+00:00,1.28464,1.28476,1.28458,1.28468,1323
2026-01-26T00:00:00+00:00,1.28468,1.28505,1.28449,1.28505,503
2026-01-26T00:15:00+00:00,1.28505,1.28543,1.28501,1.28542,1555
2026-01-26T00:30:00+00:00,1.28542,1.28588,1.28542,1.28577,2627
2026-01-26T00:45:00+00:00,1.28577,1.28580,1.28568,1.28575,1248
2026-01-26T01:00:00+00:00,1.28575,1.28580,1.28499,1.28519,2168
2026-01-26T01:15:00+00:00,1.28519,1.28519,1.28489,1.28492,1060
2026-01-26T01:30:00+00:00,1.28492,1.28552,1.28492,1.28525,1062
2026-01-26T01:45:00+00:00,1.28525,1.28547,1.28509,1.28516,1337
2026-01-26T02:00:00+00:00,1.28516,1.28556,1.28511,1.28553,1663
2026-01-26T02:15:00+00:00,1.28553,1.28594,1.28523,1.28523,1714
2026-01-26T02:30:00+00:00,1.28523,1.28523,1.28482,1.28482,1207
2026-01-26T02:45:00+00:00,1.28482,1.28500,1.28472,1.28500,1215
2026-01-26T03:00:00+00:00,1.28500,1.28501,1.28449,1.28449,1524
2026-01-26T03:15:00+00:00,1.28449,1.28455,1.28437,1.28450,1498
2026-01-26T03:30:00+00:00,1.28450,1.28487,1.28450,1.28470,1608
2026-01-26T03:45:00+00:00,1.28470,1.28499,1.28470,1.28498,1093
2026-01-26T04:00:00+00:00,1.28498,1.28522,1.28489,1.28499,862
2026-01-26T04:15:00+00:00,1.28499,1.28507,1.28487,1.28487,1705
2026-01-26T04:30:00+00:00,1.28487,1.28527,1.28478,1.28527,1175
2026-01-26T04:45:00+00:00,1.28527,1.28536,1.28518,1.28518,1686
2026-01-26T05:00:00+00:00,1.28518,1.28518,1.28497,1.28517,1326
2026-01-26T05:15:00+00:00,1.28517,1.28571,1.28516,1.28571,1520
2026-01-26T05:30:00+00:00,1.28571,1.28576,1.28557,1.28576,1569
2026-01-26T05:45:00+00:00,1.28576,1.28607,1.28537,1.28607,1932
2026-01-26T06:00:00+00:00,1.28607,1.28667,1.28607,1.28652,1919
2026-01-26T06:15:00+00:00,1.28652,1.28688,1.28609,1.28677,1115
2026-01-26T06:30:00+00:00,1.28677,1.28682,1.28621,1.28621,1234
2026-01-26T06:45:00+00:00,1.28621,1.28793,1.28621,1.28793,2718
2026-01-26T07:00:00+00:00,1.28793,1.28797,1.28745,1.28789,1312
2026-01-26T07:15:00+00:00,1.28789,1.28871,1.28789,1.28871,1502
2026-01-26T07:30:00+00:00,1.28871,1.28871,1.28709,1.28709,1298
2026-01-26T07:45:00+00:00,1.28709,1.28793,1.28673,1.28673,2594
2026-01-26T08:00:00+00:00,1.28673,1.28720,1.28666,1.28692,2198
2026-01-26T08:15:00+00:00,1.28692,1.28717,1.28671,1.28671,1794
2026-01-26T08:30:00+00:00,1.28671,1.28708,1.28644,1.28644,1462
2026-01-26T08:45:00+00:00,1.28644,1.28652,1.28617,1.28650,1867
2026-01-26T09:00:00+00:00,1.28650,1.28699,1.28646,1.28688,2084
2026-01-26T09:15:00+00:00,1.28688,1.28688,1.28673,1.28673,1362
2026-01-26T09:30:00+00:00,1.28673,1.28674,1.28646,1.28646,1866
2026-01-26T09:45:00+00:00,1.28646,1.28687,1.28646,1.28685,762
2026-01-26T10:00:00+00:00,1.28685,1.28688,1.28681,1.28681,1655
2026-01-26T10:15:00+00:00,1.28681,1.28681,1.28671,1.28678,1947
2026-01-26T10:30:00+00:00,1.28678,1.28678,1.28660,1.28677,1166
2026-01-26T10:45:00+00:00,1.28677,1.28701,1.28677,1.28687,1308
2026-01-26T11:00:00+00:00,1.28687,1.28687,1.28650,1.28650,2566
2026-01-26T11:15:00+00:00,1.28650,1.28656,1.28598,1.28605,2447
2026-01-26T11:30:00+00:00,1.28605,1.28623,1.28582,1.28582,1072
2026-01-26T11:45:00+00:00,1.28582,1.28606,1.28563,1.28598,2012
2026-01-26T12:00:00+00:00,1.28598,1.28626,1.28592,1.28606,1278
2026-01-26T12:15:00+00:00,1.28606,1.28606,1.28520,1.28520,1588
2026-01-26T12:30:00+00:00,1.28520,1.28573,1.28495,1.28495,1440
2026-01-26T12:45:00+00:00,1.28495,1.28495,1.28383,1.28383,1403
2026-01-26T13:00:00+00:00,1.28383,1.28475,1.28363,1.28459,1051
2026-01-26T13:15:00+00:00,1.28459,1.28475,1.28420,1.28434,1212
2026-01-26T13:30:00+00:00,1.28434,1.28455,1.28377,1.28455,2141
2026-01-26T13:45:00+00:00,1.28455,1.28455,1.28405,1.28415,1703
2026-01-26T14:00:00+00:00,1.28415,1.28435,1.28310,1.28310,2091
2026-01-26T14:15:00+00:00,1.28310,1.28310,1.28251,1.28286,2063
2026-01-26T14:30:00+00:00,1.28286,1.28294,1.28235,1.28294,904
2026-01-26T14:45:00+00:00,1.28294,1.28294,1.28228,1.28256,1618
2026-01-26T15:00:00+00:00,1.28256,1.28283,1.28205,1.28283,1325
2026-01-26T15:15:00+00:00,1.28283,1.28291,1.28257,1.28291,1473
2026-01-26T15:30:00+00:00,1.28291,1.28295,1.28267,1.28295,2153
2026-01-26T15:45:00+00:00,1.28295,1.28311,1.28258,1.28258,2508
2026-01-26T16:00:00+00:00,1.28258,1.28258,1.28235,1.28247,1435
2026-01-26T16:15:00+00:00,1.28247,1.28247,1.28223,1.28223,1177
2026-01-26T16:30:00+00:00,1.28223,1.28227,1.28194,1.28194,1592
2026-01-26T16:45:00+00:00,1.28194,1.28235,1.28194,1.28235,2175
2026-01-26T17:00:00+00:00,1.28235,1.28246,1.28234,1.28246,1196
2026-01-26T17:15:00+00:00,1.28246,1.28263,1.28239,1.28263,1165
2026-01-26T17:30:00+00:00,1.28263,1.28277,1.28263,1.28263,1431
2026-01-26T17:45:00+00:00,1.28263,1.28263,1.28255,1.28255,1205
2026-01-26T18:00:00+00:00,1.28255,1.28255,1.28228,1.28248,1682
2026-01-26T18:15:00+00:00,1.28248,1.28251,1.28232,1.28244,1386
2026-01-26T18:30:00+00:00,1.28244,1.28244,1.28194,1.28198,2179
2026-01-26T18:45:00+00:00,1.28198,1.28201,1.28175,1.28201,1029
2026-01-26T19:00:00+00:00,1.28201,1.28220,1.28199,1.28216,1339
2026-01-26T19:15:00+00:00,1.28216,1.28241,1.28208,1.28241,1811
2026-01-26T19:30:00+00:00,1.28241,1.28268,1.28241,1.28268,1142
2026-01-26T19:45:00+00:00,1.28268,1.28301,1.28268,1.28301,1239
2026-01-26T20:00:00+00:00,1.28301,1.28303,1.28291,1.28302,1729
2026-01-26T20:15:00+00:00,1.28302,1.28313,1.28297,1.28297,2632
2026-01-26T20:30:00+00:00,1.28297,1.28334,1.28297,1.28334,804
2026-01-26T20:45:00+00:00,1.28334,1.28358,1.28322,1.28322,2066
2026-01-26T21:00:00+00:00,1.28322,1.28325,1.28289,1.28289,1949
2026-01-26T21:15:00+00:00,1.28289,1.28296,1.28280,1.28284,2157
2026-01-26T21:30:00+00:00,1.28284,1.28320,1.28284,1.28320,879
2026-01-26T21:45:00+00:00,1.28320,1.28352,1.28313,1.28352,1280
2026-01-26T22:00:00+00:00,1.28352,1.28356,1.28347,1.28356,1940
2026-01-26T22:15:00+00:00,1.28356,1.28361,1.28336,1.28336,964
2026-01-26T22:30:00+00:00,1.28336,1.28336,1.28317,1.28317,970
2026-01-26T22:45:00+00:00,1.28317,1.28347,1.28317,1.28347,2400
2026-01-26T23:00:00+00:00,1.28347,1.28356,1.28346,1.28356,1903
2026-01-26T23:15:00+00:00,1.28356,1.28356,1.28335,1.28335,1166
2026-01-26T23:30:00+00:00,1.28335,1.28335,1.28309,1.28309,1430
2026-01-26T23:45:00+00:00,1.28309,1.28309,1.28292,1.28292,2203
2026-01-27T00:00:00+00:00,1.28292,1.28292,1.28248,1.28251,1030
2026-01-27T00:15:00+00:00,1.28251,1.28263,1.28226,1.28226,1931
2026-01-27T00:30:00+00:00,1.28226,1.28274,1.28217,1.28261,1686
2026-01-27T00:45:00+00:00,1.28261,1.28261,1.28209,1.28210,1375
2026-01-27T01:00:00+00:00,1.28210,1.28210,1.28182,1.28190,956
2026-01-27T01:15:00+00:00,1.28190,1.28219,1.28190,1.28219,2079
2026-01-27T01:30:00+00:00,1.28219,1.28282,1.28207,1.28282,983
2026-01-27T01:45:00+00:00,1.28282,1.28283,1.28257,1.28265,1201
2026-01-27T02:00:00+00:00,1.28265,1.28305,1.28251,1.28305,1753
2026-01-27T02:15:00+00:00,1.28305,1.28344,1.28305,1.28344,1987
2026-01-27T02:30:00+00:00,1.28344,1.28383,1.28344,1.28376,1514
2026-01-27T02:45:00+00:00,1.28376,1.28396,1.28353,1.28396,845
2026-01-27T03:00:00+00:00,1.28396,1.28406,1.28386,1.28392,1114
2026-01-27T03:15:00+00:00,1.28392,1.28435,1.28392,1.28406,2273
2026-01-27T03:30:00+00:00,1.28406,1.28410,1.28379,1.28379,2038
2026-01-27T03:45:00+00:00,1.28379,1.28379,1.28356,1.28375,1578
2026-01-27T04:00:00+00:00,1.28375,1.28375,1.28353,1.28372,1810
2026-01-27T04:15:00+00:00,1.28372,1.28410,1.28372,1.28410,1628
2026-01-27T04:30:00+00:00,1.28410,1.28413,1.28376,1.28376,1832
2026-01-27T04:45:00+00:00,1.28376,1.28386,1.28357,1.28357,1725
2026-01-27T05:00:00+00:00,1.28357,1.28358,1.28342,1.28345,1511
2026-01-27T05:15:00+00:00,1.28345,1.28391,1.28335,1.28391,1698
2026-01-27T05:30:00+00:00,1.28391,1.28457,1.28391,1.28396,975
2026-01-27T05:45:00+00:00,1.28396,1.28396,1.28303,1.28303,823
2026-01-27T06:00:00+00:00,1.28303,1.28352,1.28287,1.28352,837
2026-01-27T06:15:00+00:00,1.28352,1.28527,1.28352,1.28478,1455
2026-01-27T06:30:00+00:00,1.28478,1.28478,1.28384,1.28384,1318
2026-01-27T06:45:00+00:00,1.28384,1.28401,1.28328,1.28358,2654
2026-01-27T07:00:00+00:00,1.28358,1.28419,1.28327,1.28348,2078
2026-01-27T07:15:00+00:00,1.28348,1.28436,1.28348,1.28374,1427
2026-01-27T07:30:00+00:00,1.28374,1.28413,1.28268,1.28301,2421
2026-01-27T07:45:00+00:00,1.28301,1.28301,1.28198,1.28253,1557
2026-01-27T08:00:00+00:00,1.28253,1.28357,1.28253,1.28305,2078
2026-01-27T08:15:00+00:00,1.28305,1.28392,1.28305,1.28392,2360
2026-01-27T08:30:00+00:00,1.28392,1.28421,1.28357,1.28421,1557
2026-01-27T08:45:00+00:00,1.28421,1.28448,1.28401,1.28438,2103
2026-01-27T09:00:00+00:00,1.28438,1.28447,1.28430,1.28430,1817
2026-01-27T09:15:00+00:00,1.28430,1.28445,1.28410,1.28445,1105
2026-01-27T09:30:00+00:00,1.28445,1.28471,1.28445,1.28449,1184
2026-01-27T09:45:00+00:00,1.28449,1.28460,1.28430,1.28445,1772
2026-01-27T10:00:00+00:00,1.28445,1.28455,1.28433,1.28455,1459
2026-01-27T10:15:00+00:00,1.28455,1.28455,1.28425,1.28448,1391
2026-01-27T10:30:00+00:00,1.28448,1.28487,1.28448,1.28482,2078
2026-01-27T10:45:00+00:00,1.28482,1.28514,1.28477,1.28514,1597
2026-01-27T11:00:00+00:00,1.28514,1.28556,1.28512,1.28556,2457
2026-01-27T11:15:00+00:00,1.28556,1.28556,1.28535,1.28544,944
2026-01-27T11:30:00+00:00,1.28544,1.28603,1.28531,1.28603,1198
2026-01-27T11:45:00+00:00,1.28603,1.28616,1.28547,1.28547,2524
2026-01-27T12:00:00+00:00,1.28547,1.28550,1.28491,1.28491,1200
2026-01-27T12:15:00+00:00,1.28491,1.28522,1.28459,1.28459,1765
2026-01-27T12:30:00+00:00,1.28459,1.28487,1.28453,1.28458,2186
2026-01-27T12:45:00+00:00,1.28458,1.28458,1.28382,1.28382,2621
2026-01-27T13:00:00+00:00,1.28382,1.28382,1.28282,1.28297,1491
2026-01-27T13:15:00+00:00,1.28297,1.28438,1.28273,1.28438,1623
2026-01-27T13:30:00+00:00,1.28438,1.28444,1.28311,1.28352,2272
2026-01-27T13:45:00+00:00,1.28352,1.28392,1.28310,1.28389,2250
2026-01-27T14:00:00+00:00,1.28389,1.28502,1.28389,1.28502,1749
2026-01-27T14:15:00+00:00,1.28502,1.28595,1.28502,1.28581,1235
2026-01-27T14:30:00+00:00,1.28581,1.28586,1.28554,1.28586,1948
2026-01-27T14:45:00+00:00,1.28586,1.28591,1.28560,1.28591,2131
2026-01-27T15:00:00+00:00,1.28591,1.28596,1.28572,1.28587,1267
2026-01-27T15:15:00+00:00,1.28587,1.28587,1.28525,1.28538,2321
2026-01-27T15:30:00+00:00,1.28538,1.28538,1.28503,1.28503,1519
2026-01-27T15:45:00+00:00,1.28503,1.28528,1.28503,1.28527,1121
2026-01-27T16:00:00+00:00,1.28527,1.28532,1.28487,1.28502,1999
2026-01-27T16:15:00+00:00,1.28502,1.28512,1.28500,1.28500,1796
2026-01-27T16:30:00+00:00,1.28500,1.28517,1.28494,1.28516,1446
2026-01-27T16:45:00+00:00,1.28516,1.28521,1.28505,1.28505,1900
2026-01-27T17:00:00+00:00,1.28505,1.28533,1.28505,1.28529,1546
2026-01-27T17:15:00+00:00,1.28529,1.28550,1.28522,1.28546,2220
2026-01-27T17:30:00+00:00,1.28546,1.28552,1.28540,1.28540,1257
2026-01-27T17:45:00+00:00,1.28540,1.28558,1.28540,1.28549,1381
2026-01-27T18:00:00+00:00,1.28549,1.28550,1.28515,1.28533,1269
2026-01-27T18:15:00+00:00,1.28533,1.28583,1.28533,1.28583,1691
2026-01-27T18:30:00+00:00,1.28583,1.28625,1.28583,1.28625,697
2026-01-27T18:45:00+00:00,1.28625,1.28625,1.28604,1.28604,1534
2026-01-27T19:00:00+00:00,1.28604,1.28611,1.28587,1.28590,840
2026-01-27T19:15:00+00:00,1.28590,1.28602,1.28589,1.28602,1542
2026-01-27T19:30:00+00:00,1.28602,1.28627,1.28602,1.28623,1418
2026-01-27T19:45:00+00:00,1.28623,1.28646,1.28623,1.28646,727
2026-01-27T20:00:00+00:00,1.28646,1.28660,1.28631,1.28660,781
2026-01-27T20:15:00+00:00,1.28660,1.28687,1.28659,1.28687,1652
2026-01-27T20:30:00+00:00,1.28687,1.28698,1.28666,1.28667,1874
2026-01-27T20:45:00+00:00,1.28667,1.28668,1.28653,1.28660,695
2026-01-27T21:00:00+00:00,1.28660,1.28660,1.28630,1.28634,2034
2026-01-27T21:15:00+00:00,1.28634,1.28634,1.28614,1.28629,2265
2026-01-27T21:30:00+00:00,1.28629,1.28634,1.28611,1.28611,1498
2026-01-27T21:45:00+00:00,1.28611,1.28614,1.28596,1.28612,1236
2026-01-27T22:00:00+00:00,1.28612,1.28643,1.28612,1.28638,1855
2026-01-27T22:15:00+00:00,1.28638,1.28657,1.28631,1.28640,1027
2026-01-27T22:30:00+00:00,1.28640,1.28669,1.28616,1.28616,1759
2026-01-27T22:45:00+00:00,1.28616,1.28616,1.28588,1.28588,604
2026-01-27T23:00:00+00:00,1.28588,1.28637,1.28588,1.28637,1140
2026-01-27T23:15:00+00:00,1.28637,1.28642,1.28623,1.28642,1919
2026-01-27T23:30:00+00:00,1.28642,1.28645,1.28636,1.28636,1639
2026-01-27T23:45:00+00:00,1.28636,1.28640,1.28610,1.28621,1488
2026-01-28T00:00:00+00:00,1.28621,1.28621,1.28581,1.28588,1600
2026-01-28T00:15:00+00:00,1.28588,1.28588,1.28530,1.28530,2066
2026-01-28T00:30:00+00:00,1.28530,1.28557,1.28521,1.28529,1836
2026-01-28T00:45:00+00:00,1.28529,1.28533,1.28457,1.28473,1947
2026-01-28T01:00:00+00:00,1.28473,1.28569,1.28473,1.28559,1971
2026-01-28T01:15:00+00:00,1.28559,1.28559,1.28505,1.28530,1889
2026-01-28T01:30:00+00:00,1.28530,1.28530,1.28480,1.28480,2497
2026-01-28T01:45:00+00:00,1.28480,1.28480,1.28450,1.28451,1055
2026-01-28T02:00:00+00:00,1.28451,1.28451,1.28374,1.28396,2596
2026-01-28T02:15:00+00:00,1.28396,1.28414,1.28391,1.28414,1324
2026-01-28T02:30:00+00:00,1.28414,1.28414,1.28375,1.28375,1881
2026-01-28T02:45:00+00:00,1.28375,1.28411,1.28375,1.28411,1428
2026-01-28T03:00:00+00:00,1.28411,1.28450,1.28397,1.28450,189
2026-01-28T03:15:00+00:00,1.28450,1.28450,1.28415,1.28423,2218
2026-01-28T03:30:00+00:00,1.28423,1.28434,1.28414,1.28414,793
2026-01-28T03:45:00+00:00,1.28414,1.28417,1.28404,1.28416,1052
2026-01-28T04:00:00+00:00,1.28416,1.28427,1.28413,1.28424,1380
2026-01-28T04:15:00+00:00,1.28424,1.28424,1.28371,1.28371,1462
2026-01-28T04:30:00+00:00,1.28371,1.28386,1.28365,1.28378,1661
2026-01-28T04:45:00+00:00,1.28378,1.28381,1.28359,1.28372,1835
2026-01-28T05:00:00+00:00,1.28372,1.28398,1.28372,1.28389,1882
2026-01-28T05:15:00+00:00,1.28389,1.28434,1.28389,1.28434,1308
2026-01-28T05:30:00+00:00,1.28434,1.28434,1.28410,1.28410,1062
2026-01-28T05:45:00+00:00,1.28410,1.28412,1.28389,1.28396,2023
2026-01-28T06:00:00+00:00,1.28396,1.28403,1.28373,1.28390,1647
2026-01-28T06:15:00+00:00,1.28390,1.28579,1.28390,1.28579,1765
2026-01-28T06:30:00+00:00,1.28579,1.28642,1.28579,1.28627,1540
2026-01-28T06:45:00+00:00,1.28627,1.28792,1.28627,1.28748,1891
2026-01-28T07:00:00+00:00,1.28748,1.28784,1.28721,1.28721,1748
2026-01-28T07:15:00+00:00,1.28721,1.28721,1.28638,1.28673,1293
2026-01-28T07:30:00+00:00,1.28673,1.28673,1.28585,1.28588,2026
2026-01-28T07:45:00+00:00,1.28588,1.28717,1.28588,1.28668,1751
2026-01-28T08:00:00+00:00,1.28668,1.28669,1.28598,1.28609,2691
2026-01-28T08:15:00+00:00,1.28609,1.28672,1.28609,1.28653,2989
2026-01-28T08:30:00+00:00,1.28653,1.28665,1.28604,1.28604,1221
2026-01-28T08:45:00+00:00,1.28604,1.28627,1.28580,1.28627,317
2026-01-28T09:00:00+00:00,1.28627,1.28656,1.28627,1.28651,1774
2026-01-28T09:15:00+00:00,1.28651,1.28670,1.28651,1.28667,1804
2026-01-28T09:30:00+00:00,1.28667,1.28682,1.28667,1.28682,1846
2026-01-28T09:45:00+00:00,1.28682,1.28682,1.28660,1.28660,1644
2026-01-28T10:00:00+00:00,1.28660,1.28673,1.28653,1.28673,1234
2026-01-28T10:15:00+00:00,1.28673,1.28673,1.28649,1.28655,2062
2026-01-28T10:30:00+00:00,1.28655,1.28665,1.28634,1.28642,874
2026-01-28T10:45:00+00:00,1.28642,1.28655,1.28634,1.28641,935
2026-01-28T11:00:00+00:00,1.28641,1.28663,1.28636,1.28663,1840
2026-01-28T11:15:00+00:00,1.28663,1.28679,1.28638,1.28638,1309
2026-01-28T11:30:00+00:00,1.28638,1.28638,1.28612,1.28621,1023
2026-01-28T11:45:00+00:00,1.28621,1.28633,1.28553,1.28561,1871
2026-01-28T12:00:00+00:00,1.28561,1.28652,1.28561,1.28652,1461
2026-01-28T12:15:00+00:00,1.28652,1.28678,1.28644,1.28668,943
2026-01-28T12:30:00+00:00,1.28668,1.28668,1.28609,1.28617,1955
2026-01-28T12:45:00+00:00,1.28617,1.28617,1.28588,1.28612,2190
2026-01-28T13:00:00+00:00,1.28612,1.28627,1.28577,1.28577,1783
2026-01-28T13:15:00+00:00,1.28577,1.28580,1.28523,1.28540,2462
2026-01-28T13:30:00+00:00,1.28540,1.28637,1.28540,1.28593,1456
2026-01-28T13:45:00+00:00,1.28593,1.28789,1.28593,1.28789,1627
2026-01-28T14:00:00+00:00,1.28789,1.28790,1.28715,1.28715,1878
2026-01-28T14:15:00+00:00,1.28715,1.28803,1.28715,1.28772,1450
2026-01-28T14:30:00+00:00,1.28772,1.28772,1.28683,1.28683,1704
2026-01-28T14:45:00+00:00,1.28683,1.28717,1.28683,1.28698,1779
2026-01-28T15:00:00+00:00,1.28698,1.28727,1.28689,1.28689,949
2026-01-28T15:15:00+00:00,1.28689,1.28696,1.28683,1.28694,2030
2026-01-28T15:30:00+00:00,1.28694,1.28706,1.28672,1.28690,1116
2026-01-28T15:45:00+00:00,1.28690,1.28690,1.28676,1.28690,979
2026-01-28T16:00:00+00:00,1.28690,1.28690,1.28675,1.28675,2241
2026-01-28T16:15:00+00:00,1.28675,1.28675,1.28646,1.28646,1337
2026-01-28T16:30:00+00:00,1.28646,1.28646,1.28620,1.28620,139
2026-01-28T16:45:00+00:00,1.28620,1.28620,1.28574,1.28582,1043
2026-01-28T17:00:00+00:00,1.28582,1.28582,1.28557,1.28559,970
2026-01-28T17:15:00+00:00,1.28559,1.28559,1.28550,1.28556,1751
2026-01-28T17:30:00+00:00,1.28556,1.28562,1.28554,1.28559,1676
2026-01-28T17:45:00+00:00,1.28559,1.28572,1.28558,1.28563,1275
2026-01-28T18:00:00+00:00,1.28563,1.28563,1.28534,1.28534,1295
2026-01-28T18:15:00+00:00,1.28534,1.28535,1.28530,1.28535,1158
2026-01-28T18:30:00+00:00,1.28535,1.28580,1.28535,1.28567,1103
2026-01-28T18:45:00+00:00,1.28567,1.28573,1.28547,1.28573,1489
2026-01-28T19:00:00+00:00,1.28573,1.28573,1.28551,1.28551,264
2026-01-28T19:15:00+00:00,1.28551,1.28563,1.28544,1.28557,1826
2026-01-28T19:30:00+00:00,1.28557,1.28575,1.28550,1.28550,1228
2026-01-28T19:45:00+00:00,1.28550,1.28550,1.28533,1.28533,1508
2026-01-28T20:00:00+00:00,1.28533,1.28564,1.28533,1.28561,1549
2026-01-28T20:15:00+00:00,1.28561,1.28561,1.28522,1.28533,1602
2026-01-28T20:30:00+00:00,1.28533,1.28553,1.28515,1.28553,678
2026-01-28T20:45:00+00:00,1.28553,1.28569,1.28553,1.28569,1971
2026-01-28T21:00:00+00:00,1.28569,1.28610,1.28569,1.28610,2409
2026-01-28T21:15:00+00:00,1.28610,1.28625,1.28610,1.28625,1440
2026-01-28T21:30:00+00:00,1.28625,1.28650,1.28625,1.28650,954
2026-01-28T21:45:00+00:00,1.28650,1.28650,1.28621,1.28625,1362
2026-01-28T22:00:00+00:00,1.28625,1.28626,1.28603,1.28609,1386
2026-01-28T22:15:00+00:00,1.28609,1.28614,1.28590,1.28590,1224
2026-01-28T22:30:00+00:00,1.28590,1.28607,1.28585,1.28596,1321
2026-01-28T22:45:00+00:00,1.28596,1.28600,1.28575,1.28578,610
2026-01-28T23:00:00+00:00,1.28578,1.28588,1.28573,1.28584,1442
2026-01-28T23:15:00+00:00,1.28584,1.28584,1.28561,1.28561,1555
2026-01-28T23:30:00+00:00,1.28561,1.28575,1.28558,1.28569,2019
2026-01-28T23:45:00+00:00,1.28569,1.28569,1.28525,1.28525,767
2026-01-29T00:00:00+00:00,1.28525,1.28551,1.28492,1.28492,2156
2026-01-29T00:15:00+00:00,1.28492,1.28523,1.28459,1.28523,781
2026-01-29T00:30:00+00:00,1.28523,1.28547,1.28503,1.28547,1306
2026-01-29T00:45:00+00:00,1.28547,1.28566,1.28537,1.28551,2325
2026-01-29T01:00:00+00:00,1.28551,1.28566,1.28544,1.28561,2014
2026-01-29T01:15:00+00:00,1.28561,1.28585,1.28521,1.28543,1272
2026-01-29T01:30:00+00:00,1.28543,1.28543,1.28516,1.28531,1003
2026-01-29T01:45:00+00:00,1.28531,1.28532,1.28464,1.28464,1184
2026-01-29T02:00:00+00:00,1.28464,1.28464,1.28428,1.28428,1467
2026-01-29T02:15:00+00:00,1.28428,1.28441,1.28368,1.28368,1738
2026-01-29T02:30:00+00:00,1.28368,1.28377,1.28339,1.28353,1178
2026-01-29T02:45:00+00:00,1.28353,1.28366,1.28329,1.28342,1395
2026-01-29T03:00:00+00:00,1.28342,1.28347,1.28329,1.28334,2186
2026-01-29T03:15:00+00:00,1.28334,1.28373,1.28334,1.28373,1377
2026-01-29T03:30:00+00:00,1.28373,1.28373,1.28350,1.28362,1999
2026-01-29T03:45:00+00:00,1.28362,1.28362,1.28331,1.28331,1830
2026-01-29T04:00:00+00:00,1.28331,1.28349,1.28308,1.28349,1705
2026-01-29T04:15:00+00:00,1.28349,1.28357,1.28337,1.28337,1088
2026-01-29T04:30:00+00:00,1.28337,1.28355,1.28332,1.28355,1413
2026-01-29T04:45:00+00:00,1.28355,1.28355,1.28325,1.28325,2101
2026-01-29T05:00:00+00:00,1.28325,1.28327,1.28316,1.28322,2098
2026-01-29T05:15:00+00:00,1.28322,1.28322,1.28279,1.28287,1349
2026-01-29T05:30:00+00:00,1.28287,1.28287,1.28248,1.28248,1419
2026-01-29T05:45:00+00:00,1.28248,1.28267,1.28218,1.28218,1306
2026-01-29T06:00:00+00:00,1.28218,1.28303,1.28189,1.28303,921
2026-01-29T06:15:00+00:00,1.28303,1.28348,1.28267,1.28323,998
2026-01-29T06:30:00+00:00,1.28323,1.28323,1.28208,1.28208,1267
2026-01-29T06:45:00+00:00,1.28208,1.28211,1.28097,1.28097,2831
2026-01-29T07:00:00+00:00,1.28097,1.28097,1.28045,1.28060,2311
2026-01-29T07:15:00+00:00,1.28060,1.28104,1.27991,1.28090,1988
2026-01-29T07:30:00+00:00,1.28090,1.28090,1.27939,1.27939,1780
2026-01-29T07:45:00+00:00,1.27939,1.27939,1.27868,1.27868,1687
2026-01-29T08:00:00+00:00,1.27868,1.27868,1.27766,1.27766,2189
2026-01-29T08:15:00+00:00,1.27766,1.27791,1.27731,1.27774,1269
2026-01-29T08:30:00+00:00,1.27774,1.27781,1.27730,1.27730,1812
2026-01-29T08:45:00+00:00,1.27730,1.27785,1.27727,1.27781,1806
2026-01-29T09:00:00+00:00,1.27781,1.27814,1.27781,1.27812,2045
2026-01-29T09:15:00+00:00,1.27812,1.27812,1.27783,1.27805,2093
2026-01-29T09:30:00+00:00,1.27805,1.27809,1.27787,1.27809,1984
2026-01-29T09:45:00+00:00,1.27809,1.27812,1.27801,1.27801,1218
2026-01-29T10:00:00+00:00,1.27801,1.27801,1.27764,1.27764,2363
2026-01-29T10:15:00+00:00,1.27764,1.27767,1.27732,1.27732,1405
2026-01-29T10:30:00+00:00,1.27732,1.27732,1.27701,1.27701,1048
2026-01-29T10:45:00+00:00,1.27701,1.27720,1.27701,1.27720,1227
2026-01-29T11:00:00+00:00,1.27720,1.27765,1.27720,1.27765,1802
2026-01-29T11:15:00+00:00,1.27765,1.27788,1.27764,1.27766,1644
2026-01-29T11:30:00+00:00,1.27766,1.27766,1.27725,1.27727,687
2026-01-29T11:45:00+00:00,1.27727,1.27727,1.27701,1.27711,2378
2026-01-29T12:00:00+00:00,1.27711,1.27711,1.27670,1.27671,1985
2026-01-29T12:15:00+00:00,1.27671,1.27729,1.27671,1.27705,679
2026-01-29T12:30:00+00:00,1.27705,1.27776,1.27678,1.27776,1018
2026-01-29T12:45:00+00:00,1.27776,1.27789,1.27707,1.27738,2826
2026-01-29T13:00:00+00:00,1.27738,1.27774,1.27733,1.27742,1948
2026-01-29T13:15:00+00:00,1.27742,1.27904,1.27742,1.27832,823
2026-01-29T13:30:00+00:00,1.27832,1.28007,1.27806,1.28007,2735
2026-01-29T13:45:00+00:00,1.28007,1.28007,1.27963,1.27983,1470
2026-01-29T14:00:00+00:00,1.27983,1.28136,1.27983,1.28108,1742
2026-01-29T14:15:00+00:00,1.28108,1.28112,1.28078,1.28078,1708
2026-01-29T14:30:00+00:00,1.28078,1.28128,1.28060,1.28128,1623
2026-01-29T14:45:00+00:00,1.28128,1.28128,1.28108,1.28118,2076
2026-01-29T15:00:00+00:00,1.28118,1.28160,1.28092,1.28092,826
2026-01-29T15:15:00+00:00,1.28092,1.28105,1.28082,1.28082,1783
2026-01-29T15:30:00+00:00,1.28082,1.28096,1.28059,1.28089,1725
2026-01-29T15:45:00+00:00,1.28089,1.28092,1.28066,1.28066,1269
2026-01-29T16:00:00+00:00,1.28066,1.28077,1.28041,1.28077,922
2026-01-29T16:15:00+00:00,1.28077,1.28103,1.28077,1.28097,1781
2026-01-29T16:30:00+00:00,1.28097,1.28132,1.28097,1.28132,1935
2026-01-29T16:45:00+00:00,1.28132,1.28134,1.28119,1.28119,1985
2026-01-29T17:00:00+00:00,1.28119,1.28133,1.28117,1.28122,1435
2026-01-29T17:15:00+00:00,1.28122,1.28122,1.28099,1.28099,1428
2026-01-29T17:30:00+00:00,1.28099,1.28099,1.28075,1.28075,1981
2026-01-29T17:45:00+00:00,1.28075,1.28092,1.28075,1.28080,1221
2026-01-29T18:00:00+00:00,1.28080,1.28100,1.28080,1.28083,1615
2026-01-29T18:15:00+00:00,1.28083,1.28084,1.28066,1.28066,1245
2026-01-29T18:30:00+00:00,1.28066,1.28074,1.28049,1.28062,664
2026-01-29T18:45:00+00:00,1.28062,1.28062,1.28036,1.28036,1382
2026-01-29T19:00:00+00:00,1.28036,1.28040,1.28007,1.28007,1884
2026-01-29T19:15:00+00:00,1.28007,1.28008,1.27991,1.28000,2055
2026-01-29T19:30:00+00:00,1.28000,1.28016,1.28000,1.28014,2114
2026-01-29T19:45:00+00:00,1.28014,1.28018,1.28006,1.28010,1773
2026-01-29T20:00:00+00:00,1.28010,1.28015,1.27990,1.27990,2111
2026-01-29T20:15:00+00:00,1.27990,1.27991,1.27976,1.27991,1060
2026-01-29T20:30:00+00:00,1.27991,1.28007,1.27991,1.27998,1889
2026-01-29T20:45:00+00:00,1.27998,1.28038,1.27985,1.28038,1542
2026-01-29T21:00:00+00:00,1.28038,1.28083,1.28038,1.28083,1575
2026-01-29T21:15:00+00:00,1.28083,1.28112,1.28080,1.28112,1331
2026-01-29T21:30:00+00:00,1.28112,1.28112,1.28061,1.28061,852
2026-01-29T21:45:00+00:00,1.28061,1.28061,1.28002,1.28023,417
2026-01-29T22:00:00+00:00,1.28023,1.28023,1.28001,1.28009,1665
2026-01-29T22:15:00+00:00,1.28009,1.28009,1.27988,1.27988,1034
2026-01-29T22:30:00+00:00,1.27988,1.27988,1.27968,1.27968,1715
2026-01-29T22:45:00+00:00,1.27968,1.27997,1.27961,1.27974,1170
2026-01-29T23:00:00+00:00,1.27974,1.27987,1.27960,1.27960,965
2026-01-29T23:15:00+00:00,1.27960,1.27960,1.27912,1.27921,1722
2026-01-29T23:30:00+00:00,1.27921,1.27930,1.27920,1.27928,2101
2026-01-29T23:45:00+00:00,1.27928,1.27928,1.27874,1.27874,1815
2026-01-30T00:00:00+00:00,1.27874,1.27959,1.27873,1.27959,1145
2026-01-30T00:15:00+00:00,1.27959,1.27968,1.27958,1.27960,2063
2026-01-30T00:30:00+00:00,1.27960,1.27960,1.27940,1.27947,2042
2026-01-30T00:45:00+00:00,1.27947,1.27998,1.27947,1.27998,2306
2026-01-30T01:00:00+00:00,1.27998,1.28019,1.27987,1.27987,2347
2026-01-30T01:15:00+00:00,1.27987,1.27987,1.27919,1.27919,1631
2026-01-30T01:30:00+00:00,1.27919,1.27920,1.27868,1.27868,1578
2026-01-30T01:45:00+00:00,1.27868,1.27874,1.27840,1.27861,1075
2026-01-30T02:00:00+00:00,1.27861,1.27898,1.27861,1.27878,780
2026-01-30T02:15:00+00:00,1.27878,1.27915,1.27867,1.27915,1694
2026-01-30T02:30:00+00:00,1.27915,1.27966,1.27915,1.27949,1606
2026-01-30T02:45:00+00:00,1.27949,1.27954,1.27935,1.27946,1467
2026-01-30T03:00:00+00:00,1.27946,1.27951,1.27921,1.27921,986
2026-01-30T03:15:00+00:00,1.27921,1.27929,1.27921,1.27927,1169
2026-01-30T03:30:00+00:00,1.27927,1.27945,1.27925,1.27925,1268
2026-01-30T03:45:00+00:00,1.27925,1.27947,1.27925,1.27933,1654
2026-01-30T04:00:00+00:00,1.27933,1.27961,1.27933,1.27961,1766
2026-01-30T04:15:00+00:00,1.27961,1.27998,1.27961,1.27998,938
2026-01-30T04:30:00+00:00,1.27998,1.28006,1.27977,1.27977,1882
2026-01-30T04:45:00+00:00,1.27977,1.28007,1.27977,1.27992,1470
2026-01-30T05:00:00+00:00,1.27992,1.27997,1.27924,1.27924,1844
2026-01-30T05:15:00+00:00,1.27924,1.27947,1.27924,1.27947,1585
2026-01-30T05:30:00+00:00,1.27947,1.27956,1.27937,1.27956,1964
2026-01-30T05:45:00+00:00,1.27956,1.27980,1.27956,1.27961,1420
2026-01-30T06:00:00+00:00,1.27961,1.28040,1.27956,1.28040,1665
2026-01-30T06:15:00+00:00,1.28040,1.28094,1.28032,1.28069,2157
2026-01-30T06:30:00+00:00,1.28069,1.28122,1.28067,1.28122,1362
2026-01-30T06:45:00+00:00,1.28122,1.28228,1.28122,1.28158,1586
2026-01-30T07:00:00+00:00,1.28158,1.28158,1.28071,1.28095,1608
2026-01-30T07:15:00+00:00,1.28095,1.28095,1.28021,1.28021,2402
2026-01-30T07:30:00+00:00,1.28021,1.28021,1.27941,1.27973,1275
2026-01-30T07:45:00+00:00,1.27973,1.28029,1.27816,1.27816,1714
2026-01-30T08:00:00+00:00,1.27816,1.27885,1.27795,1.27862,1668
2026-01-30T08:15:00+00:00,1.27862,1.27875,1.27738,1.27738,1371
2026-01-30T08:30:00+00:00,1.27738,1.27738,1.27657,1.27690,736
2026-01-30T08:45:00+00:00,1.27690,1.27690,1.27650,1.27650,2110
2026-01-30T09:00:00+00:00,1.27650,1.27676,1.27644,1.27676,1565
2026-01-30T09:15:00+00:00,1.27676,1.27695,1.27669,1.27695,977
2026-01-30T09:30:00+00:00,1.27695,1.27731,1.27695,1.27731,907
2026-01-30T09:45:00+00:00,1.27731,1.27735,1.27720,1.27720,1395
2026-01-30T10:00:00+00:00,1.27720,1.27720,1.27671,1.27688,1521
2026-01-30T10:15:00+00:00,1.27688,1.27699,1.27682,1.27682,2224
2026-01-30T10:30:00+00:00,1.27682,1.27704,1.27661,1.27704,1529
2026-01-30T10:45:00+00:00,1.27704,1.27726,1.27704,1.27715,857
2026-01-30T11:00:00+00:00,1.27715,1.27742,1.27715,1.27740,1252
2026-01-30T11:15:00+00:00,1.27740,1.27778,1.27740,1.27778,873
2026-01-30T11:30:00+00:00,1.27778,1.27786,1.27770,1.27770,1548
2026-01-30T11:45:00+00:00,1.27770,1.27770,1.27744,1.27757,1326
2026-01-30T12:00:00+00:00,1.27757,1.27818,1.27757,1.27818,2247
2026-01-30T12:15:00+00:00,1.27818,1.27834,1.27796,1.27796,1396
2026-01-30T12:30:00+00:00,1.27796,1.27796,1.27692,1.27734,2589
2026-01-30T12:45:00+00:00,1.27734,1.27776,1.27734,1.27769,2721
2026-01-30T13:00:00+00:00,1.27769,1.27798,1.27756,1.27774,1932
2026-01-30T13:15:00+00:00,1.27774,1.27806,1.27729,1.27806,2345
2026-01-30T13:30:00+00:00,1.27806,1.27876,1.27806,1.27858,1141
2026-01-30T13:45:00+00:00,1.27858,1.27858,1.27769,1.27840,1881
2026-01-30T14:00:00+00:00,1.27840,1.27886,1.27827,1.27864,1064
2026-01-30T14:15:00+00:00,1.27864,1.27896,1.27842,1.27842,2343
2026-01-30T14:30:00+00:00,1.27842,1.27878,1.27807,1.27807,1736
2026-01-30T14:45:00+00:00,1.27807,1.27857,1.27806,1.27806,1900
2026-01-30T15:00:00+00:00,1.27806,1.27836,1.27788,1.27836,1639
2026-01-30T15:15:00+00:00,1.27836,1.27840,1.27789,1.27789,1654
2026-01-30T15:30:00+00:00,1.27789,1.27811,1.27784,1.27811,1325
2026-01-30T15:45:00+00:00,1.27811,1.27846,1.27811,1.27834,1339
2026-01-30T16:00:00+00:00,1.27834,1.27858,1.27834,1.27854,1759
2026-01-30T16:15:00+00:00,1.27854,1.27854,1.27838,1.27853,1578
2026-01-30T16:30:00+00:00,1.27853,1.27871,1.27844,1.27871,1872
2026-01-30T16:45:00+00:00,1.27871,1.27892,1.27862,1.27892,1956
2026-01-30T17:00:00+00:00,1.27892,1.27892,1.27858,1.27864,2367
2026-01-30T17:15:00+00:00,1.27864,1.27882,1.27861,1.27873,1045
2026-01-30T17:30:00+00:00,1.27873,1.27873,1.27839,1.27841,1110
2026-01-30T17:45:00+00:00,1.27841,1.27841,1.27832,1.27832,1532
2026-01-30T18:00:00+00:00,1.27832,1.27851,1.27832,1.27841,1143
2026-01-30T18:15:00+00:00,1.27841,1.27861,1.27837,1.27861,1546
2026-01-30T18:30:00+00:00,1.27861,1.27871,1.27853,1.27864,1431
2026-01-30T18:45:00+00:00,1.27864,1.27866,1.27851,1.27866,1537
2026-01-30T19:00:00+00:00,1.27866,1.27898,1.27864,1.27898,1272
2026-01-30T19:15:00+00:00,1.27898,1.27926,1.27887,1.27921,1391
2026-01-30T19:30:00+00:00,1.27921,1.27935,1.27908,1.27935,1036
2026-01-30T19:45:00+00:00,1.27935,1.27942,1.27923,1.27942,1269
2026-01-30T20:00:00+00:00,1.27942,1.27947,1.27940,1.27941,1560
2026-01-30T20:15:00+00:00,1.27941,1.27987,1.27941,1.27981,1441
2026-01-30T20:30:00+00:00,1.27981,1.27981,1.27970,1.27979,1658
2026-01-30T20:45:00+00:00,1.27979,1.27992,1.27972,1.27985,1974
2026-01-30T21:00:00+00:00,1.27985,1.28036,1.27985,1.28036,1255
2026-01-30T21:15:00+00:00,1.28036,1.28061,1.28017,1.28061,1955
2026-01-30T21:30:00+00:00,1.28061,1.28065,1.28046,1.28051,1832
2026-01-30T21:45:00+00:00,1.28051,1.28065,1.28051,1.28063,1320
2026-01-30T22:00:00+00:00,1.28063,1.28063,1.28027,1.28027,1358
2026-01-30T22:15:00+00:00,1.28027,1.28032,1.28025,1.28028,1934
2026-01-30T22:30:00+00:00,1.28028,1.28031,1.28004,1.28004,1043
2026-01-30T22:45:00+00:00,1.28004,1.28005,1.28000,1.28000,850
2026-01-30T23:00:00+00:00,1.28000,1.28000,1.27959,1.27959,1650
2026-01-30T23:15:00+00:00,1.27959,1.27960,1.27939,1.27960,2417
2026-01-30T23:30:00+00:00,1.27960,1.27965,1.27919,1.27919,1521
2026-01-30T23:45:00+00:00,1.27919,1.27919,1.27902,1.27910,1254
2026-02-02T00:00:00+00:00,1.27910,1.27961,1.27907,1.27961,1707
2026-02-02T00:15:00+00:00,1.27961,1.28011,1.27961,1.28011,2224
2026-02-02T00:30:00+00:00,1.28011,1.28050,1.28000,1.28000,1455
2026-02-02T00:45:00+00:00,1.28000,1.28038,1.27995,1.28032,958
2026-02-02T01:00:00+00:00,1.28032,1.28095,1.28023,1.28095,2518
2026-02-02T01:15:00+00:00,1.28095,1.28095,1.28020,1.28020,2123
2026-02-02T01:30:00+00:00,1.28020,1.28043,1.28013,1.28043,1585
2026-02-02T01:45:00+00:00,1.28043,1.28069,1.28040,1.28058,1138
2026-02-02T02:00:00+00:00,1.28058,1.28081,1.28013,1.28013,1839
2026-02-02T02:15:00+00:00,1.28013,1.28046,1.28013,1.28046,1430
2026-02-02T02:30:00+00:00,1.28046,1.28104,1.28046,1.28099,1859
2026-02-02T02:45:00+00:00,1.28099,1.28127,1.28083,1.28083,2068
2026-02-02T03:00:00+00:00,1.28083,1.28110,1.28078,1.28110,1161
2026-02-02T03:15:00+00:00,1.28110,1.28111,1.28080,1.28080,1685
2026-02-02T03:30:00+00:00,1.28080,1.28080,1.28004,1.28004,1644
2026-02-02T03:45:00+00:00,1.28004,1.28004,1.27982,1.27994,1502
2026-02-02T04:00:00+00:00,1.27994,1.28014,1.27970,1.27970,1385
2026-02-02T04:15:00+00:00,1.27970,1.27974,1.27947,1.27947,1650
2026-02-02T04:30:00+00:00,1.27947,1.27960,1.27942,1.27956,1157
2026-02-02T04:45:00+00:00,1.27956,1.27956,1.27946,1.27946,2001
2026-02-02T05:00:00+00:00,1.27946,1.27946,1.27910,1.27910,2205
2026-02-02T05:15:00+00:00,1.27910,1.27920,1.27904,1.27909,2356
2026-02-02T05:30:00+00:00,1.27909,1.27926,1.27890,1.27912,1131
2026-02-02T05:45:00+00:00,1.27912,1.27912,1.27877,1.27904,1323
2026-02-02T06:00:00+00:00,1.27904,1.27904,1.27802,1.27836,1714
2026-02-02T06:15:00+00:00,1.27836,1.27928,1.27836,1.27904,1616
2026-02-02T06:30:00+00:00,1.27904,1.27929,1.27883,1.27883,2155
2026-02-02T06:45:00+00:00,1.27883,1.27971,1.27883,1.27971,1488
2026-02-02T07:00:00+00:00,1.27971,1.27971,1.27916,1.27941,1504
2026-02-02T07:15:00+00:00,1.27941,1.27941,1.27793,1.27793,1998
2026-02-02T07:30:00+00:00,1.27793,1.27923,1.27793,1.27923,2139
2026-02-02T07:45:00+00:00,1.27923,1.27947,1.27868,1.27936,1976
2026-02-02T08:00:00+00:00,1.27936,1.27937,1.27817,1.27817,1336
2026-02-02T08:15:00+00:00,1.27817,1.27878,1.27812,1.27873,1915
2026-02-02T08:30:00+00:00,1.27873,1.27910,1.27861,1.27881,1352
2026-02-02T08:45:00+00:00,1.27881,1.27912,1.27873,1.27873,1174
2026-02-02T09:00:00+00:00,1.27873,1.27894,1.27861,1.27866,712
2026-02-02T09:15:00+00:00,1.27866,1.27867,1.27857,1.27857,837
2026-02-02T09:30:00+00:00,1.27857,1.27857,1.27813,1.27813,897
2026-02-02T09:45:00+00:00,1.27813,1.27813,1.27773,1.27773,1504
2026-02-02T10:00:00+00:00,1.27773,1.27805,1.27773,1.27805,2146
2026-02-02T10:15:00+00:00,1.27805,1.27817,1.27800,1.27803,1958
2026-02-02T10:30:00+00:00,1.27803,1.27803,1.27768,1.27773,806
2026-02-02T10:45:00+00:00,1.27773,1.27785,1.27768,1.27775,2195
2026-02-02T11:00:00+00:00,1.27775,1.27828,1.27775,1.27828,866
2026-02-02T11:15:00+00:00,1.27828,1.27852,1.27792,1.27792,1765
2026-02-02T11:30:00+00:00,1.27792,1.27792,1.27680,1.27680,1407
2026-02-02T11:45:00+00:00,1.27680,1.27714,1.27680,1.27714,1184
2026-02-02T12:00:00+00:00,1.27714,1.27744,1.27708,1.27743,1798
2026-02-02T12:15:00+00:00,1.27743,1.27829,1.27728,1.27829,2238
2026-02-02T12:30:00+00:00,1.27829,1.27829,1.27627,1.27627,1689
2026-02-02T12:45:00+00:00,1.27627,1.27677,1.27598,1.27599,1614
2026-02-02T13:00:00+00:00,1.27599,1.27663,1.27565,1.27565,2127
2026-02-02T13:15:00+00:00,1.27565,1.27690,1.27565,1.27690,1849
2026-02-02T13:30:00+00:00,1.27690,1.27736,1.27648,1.27662,2006
2026-02-02T13:45:00+00:00,1.27662,1.27662,1.27477,1.27477,2263
2026-02-02T14:00:00+00:00,1.27477,1.27536,1.27477,1.27536,1454
2026-02-02T14:15:00+00:00,1.27536,1.27577,1.27536,1.27550,604
2026-02-02T14:30:00+00:00,1.27550,1.27621,1.27550,1.27585,2138
2026-02-02T14:45:00+00:00,1.27585,1.27622,1.27555,1.27574,2103
2026-02-02T15:00:00+00:00,1.27574,1.27582,1.27535,1.27571,2145
2026-02-02T15:15:00+00:00,1.27571,1.27604,1.27565,1.27604,1776
2026-02-02T15:30:00+00:00,1.27604,1.27620,1.27561,1.27561,2166
2026-02-02T15:45:00+00:00,1.27561,1.27581,1.27537,1.27565,1765
2026-02-02T16:00:00+00:00,1.27565,1.27582,1.27549,1.27582,1272
2026-02-02T16:15:00+00:00,1.27582,1.27582,1.27548,1.27548,1504
2026-02-02T16:30:00+00:00,1.27548,1.27563,1.27548,1.27556,803
2026-02-02T16:45:00+00:00,1.27556,1.27556,1.27538,1.27538,1431
2026-02-02T17:00:00+00:00,1.27538,1.27550,1.27531,1.27531,1675
2026-02-02T17:15:00+00:00,1.27531,1.27531,1.27517,1.27523,1217
2026-02-02T17:30:00+00:00,1.27523,1.27523,1.27507,1.27507,1136
2026-02-02T17:45:00+00:00,1.27507,1.27548,1.27507,1.27544,2310
2026-02-02T18:00:00+00:00,1.27544,1.27558,1.27544,1.27552,587
2026-02-02T18:15:00+00:00,1.27552,1.27552,1.27528,1.27528,2210
2026-02-02T18:30:00+00:00,1.27528,1.27528,1.27514,1.27514,1128
2026-02-02T18:45:00+00:00,1.27514,1.27514,1.27506,1.27506,1310
2026-02-02T19:00:00+00:00,1.27506,1.27531,1.27506,1.27527,1618
2026-02-02T19:15:00+00:00,1.27527,1.27527,1.27496,1.27496,2144
2026-02-02T19:30:00+00:00,1.27496,1.27544,1.27496,1.27543,2647
2026-02-02T19:45:00+00:00,1.27543,1.27577,1.27543,1.27577,2133
2026-02-02T20:00:00+00:00,1.27577,1.27599,1.27577,1.27593,1651
2026-02-02T20:15:00+00:00,1.27593,1.27612,1.27592,1.27592,2050
2026-02-02T20:30:00+00:00,1.27592,1.27616,1.27578,1.27616,1242
2026-02-02T20:45:00+00:00,1.27616,1.27656,1.27616,1.27656,1511
2026-02-02T21:00:00+00:00,1.27656,1.27708,1.27656,1.27702,2463
2026-02-02T21:15:00+00:00,1.27702,1.27712,1.27699,1.27699,1290
2026-02-02T21:30:00+00:00,1.27699,1.27758,1.27699,1.27758,1657
2026-02-02T21:45:00+00:00,1.27758,1.27758,1.27742,1.27751,870
2026-02-02T22:00:00+00:00,1.27751,1.27769,1.27745,1.27769,2114
2026-02-02T22:15:00+00:00,1.27769,1.27769,1.27749,1.27750,1385
2026-02-02T22:30:00+00:00,1.27750,1.27750,1.27717,1.27717,1612
2026-02-02T22:45:00+00:00,1.27717,1.27738,1.27717,1.27738,1543
2026-02-02T23:00:00+00:00,1.27738,1.27755,1.27738,1.27743,1498
2026-02-02T23:15:00+00:00,1.27743,1.27760,1.27741,1.27741,824
2026-02-02T23:30:00+00:00,1.27741,1.27741,1.27730,1.27741,1400
2026-02-02T23:45:00+00:00,1.27741,1.27741,1.27699,1.27704,2455
2026-02-03T00:00:00+00:00,1.27704,1.27746,1.27704,1.27746,574
2026-02-03T00:15:00+00:00,1.27746,1.27746,1.27726,1.27739,1970
2026-02-03T00:30:00+00:00,1.27739,1.27756,1.27720,1.27720,2009
2026-02-03T00:45:00+00:00,1.27720,1.27736,1.27711,1.27723,2043
2026-02-03T01:00:00+00:00,1.27723,1.27744,1.27676,1.27693,1483
2026-02-03T01:15:00+00:00,1.27693,1.27697,1.27674,1.27692,1110
2026-02-03T01:30:00+00:00,1.27692,1.27692,1.27653,1.27691,1498
2026-02-03T01:45:00+00:00,1.27691,1.27714,1.27691,1.27692,2586
2026-02-03T02:00:00+00:00,1.27692,1.27721,1.27692,1.27706,1722
2026-02-03T02:15:00+00:00,1.27706,1.27714,1.27664,1.27664,1294
2026-02-03T02:30:00+00:00,1.27664,1.27664,1.27619,1.27638,694
2026-02-03T02:45:00+00:00,1.27638,1.27657,1.27638,1.27651,983
2026-02-03T03:00:00+00:00,1.27651,1.27660,1.27630,1.27660,1534
2026-02-03T03:15:00+00:00,1.27660,1.27684,1.27658,1.27658,2100
2026-02-03T03:30:00+00:00,1.27658,1.27658,1.27599,1.27599,1740
2026-02-03T03:45:00+00:00,1.27599,1.27631,1.27599,1.27631,1647
2026-02-03T04:00:00+00:00,1.27631,1.27648,1.27614,1.27626,747
2026-02-03T04:15:00+00:00,1.27626,1.27635,1.27621,1.27622,1642
2026-02-03T04:30:00+00:00,1.27622,1.27647,1.27622,1.27647,1811
2026-02-03T04:45:00+00:00,1.27647,1.27665,1.27643,1.27645,1654
2026-02-03T05:00:00+00:00,1.27645,1.27645,1.27636,1.27644,2029
2026-02-03T05:15:00+00:00,1.27644,1.27644,1.27623,1.27623,2768
2026-02-03T05:30:00+00:00,1.27623,1.27647,1.27623,1.27628,2106
2026-02-03T05:45:00+00:00,1.27628,1.27650,1.27612,1.27650,862
2026-02-03T06:00:00+00:00,1.27650,1.27660,1.27643,1.27651,451
2026-02-03T06:15:00+00:00,1.27651,1.27651,1.27596,1.27645,1358
2026-02-03T06:30:00+00:00,1.27645,1.27660,1.27568,1.27568,1575
2026-02-03T06:45:00+00:00,1.27568,1.27568,1.27488,1.27503,639
2026-02-03T07:00:00+00:00,1.27503,1.27503,1.27396,1.27396,2528
2026-02-03T07:15:00+00:00,1.27396,1.27505,1.27396,1.27484,1985
2026-02-03T07:30:00+00:00,1.27484,1.27574,1.27471,1.27573,1863
2026-02-03T07:45:00+00:00,1.27573,1.27573,1.27480,1.27487,2270
2026-02-03T08:00:00+00:00,1.27487,1.27578,1.27487,1.27578,2112
2026-02-03T08:15:00+00:00,1.27578,1.27633,1.27578,1.27587,1948
2026-02-03T08:30:00+00:00,1.27587,1.27626,1.27587,1.27622,1121
2026-02-03T08:45:00+00:00,1.27622,1.27644,1.27622,1.27641,1279
2026-02-03T09:00:00+00:00,1.27641,1.27657,1.27633,1.27645,1327
2026-02-03T09:15:00+00:00,1.27645,1.27645,1.27613,1.27644,1925
2026-02-03T09:30:00+00:00,1.27644,1.27644,1.27619,1.27619,2035
2026-02-03T09:45:00+00:00,1.27619,1.27629,1.27608,1.27621,1124
2026-02-03T10:00:00+00:00,1.27621,1.27621,1.27601,1.27620,970
2026-02-03T10:15:00+00:00,1.27620,1.27666,1.27617,1.27666,1698
2026-02-03T10:30:00+00:00,1.27666,1.27675,1.27661,1.27661,1190
2026-02-03T10:45:00+00:00,1.27661,1.27661,1.27644,1.27655,555
2026-02-03T11:00:00+00:00,1.27655,1.27676,1.27652,1.27656,1820
2026-02-03T11:15:00+00:00,1.27656,1.27664,1.27634,1.27664,1217
2026-02-03T11:30:00+00:00,1.27664,1.27678,1.27647,1.27674,1540
2026-02-03T11:45:00+00:00,1.27674,1.27677,1.27624,1.27657,1384
2026-02-03T12:00:00+00:00,1.27657,1.27696,1.27648,1.27693,2433
2026-02-03T12:15:00+00:00,1.27693,1.27713,1.27654,1.27703,1421
2026-02-03T12:30:00+00:00,1.27703,1.27717,1.27703,1.27717,1698
2026-02-03T12:45:00+00:00,1.27717,1.27768,1.27702,1.27754,2194
2026-02-03T13:00:00+00:00,1.27754,1.27777,1.27705,1.27705,2793
2026-02-03T13:15:00+00:00,1.27705,1.27705,1.27613,1.27642,1652
2026-02-03T13:30:00+00:00,1.27642,1.27642,1.27511,1.27511,2042
2026-02-03T13:45:00+00:00,1.27511,1.27528,1.27500,1.27500,2260
2026-02-03T14:00:00+00:00,1.27500,1.27502,1.27424,1.27424,1937
2026-02-03T14:15:00+00:00,1.27424,1.27449,1.27411,1.27447,1529
2026-02-03T14:30:00+00:00,1.27447,1.27447,1.27385,1.27438,1165
2026-02-03T14:45:00+00:00,1.27438,1.27438,1.27369,1.27376,1893
2026-02-03T15:00:00+00:00,1.27376,1.27390,1.27353,1.27390,1449
2026-02-03T15:15:00+00:00,1.27390,1.27412,1.27384,1.27412,1040
2026-02-03T15:30:00+00:00,1.27412,1.27440,1.27353,1.27353,1587
2026-02-03T15:45:00+00:00,1.27353,1.27371,1.27336,1.27371,2054
2026-02-03T16:00:00+00:00,1.27371,1.27400,1.27371,1.27381,1469
2026-02-03T16:15:00+00:00,1.27381,1.27390,1.27361,1.27361,1001
2026-02-03T16:30:00+00:00,1.27361,1.27401,1.27361,1.27401,1847
2026-02-03T16:45:00+00:00,1.27401,1.27428,1.27401,1.27424,1954
2026-02-03T17:00:00+00:00,1.27424,1.27429,1.27415,1.27425,1706
2026-02-03T17:15:00+00:00,1.27425,1.27434,1.27400,1.27400,1611
2026-02-03T17:30:00+00:00,1.27400,1.27400,1.27387,1.27393,1621
2026-02-03T17:45:00+00:00,1.27393,1.27396,1.27351,1.27351,1515
2026-02-03T18:00:00+00:00,1.27351,1.27352,1.27339,1.27343,1443
2026-02-03T18:15:00+00:00,1.27343,1.27360,1.27336,1.27336,1712
2026-02-03T18:30:00+00:00,1.27336,1.27336,1.27306,1.27330,2301
2026-02-03T18:45:00+00:00,1.27330,1.27349,1.27330,1.27345,1135
2026-02-03T19:00:00+00:00,1.27345,1.27391,1.27345,1.27391,1652
2026-02-03T19:15:00+00:00,1.27391,1.27410,1.27390,1.27390,1954
2026-02-03T19:30:00+00:00,1.27390,1.27390,1.27335,1.27335,1454
2026-02-03T19:45:00+00:00,1.27335,1.27342,1.27312,1.27312,1416
2026-02-03T20:00:00+00:00,1.27312,1.27323,1.27310,1.27323,412
2026-02-03T20:15:00+00:00,1.27323,1.27342,1.27323,1.27342,1540
2026-02-03T20:30:00+00:00,1.27342,1.27379,1.27342,1.27379,1816
2026-02-03T20:45:00+00:00,1.27379,1.27402,1.27369,1.27402,1543
2026-02-03T21:00:00+00:00,1.27402,1.27419,1.27399,1.27401,1480
2026-02-03T21:15:00+00:00,1.27401,1.27415,1.27401,1.27401,1770
2026-02-03T21:30:00+00:00,1.27401,1.27404,1.27387,1.27387,751
2026-02-03T21:45:00+00:00,1.27387,1.27399,1.27369,1.27371,1477
2026-02-03T22:00:00+00:00,1.27371,1.27392,1.27367,1.27382,1045
2026-02-03T22:15:00+00:00,1.27382,1.27383,1.27364,1.27383,1948
2026-02-03T22:30:00+00:00,1.27383,1.27406,1.27383,1.27395,2178
2026-02-03T22:45:00+00:00,1.27395,1.27398,1.27392,1.27392,1087
2026-02-03T23:00:00+00:00,1.27392,1.27392,1.27374,1.27390,713
2026-02-03T23:15:00+00:00,1.27390,1.27400,1.27385,1.27392,1248
2026-02-03T23:30:00+00:00,1.27392,1.27413,1.27375,1.27413,1747
2026-02-03T23:45:00+00:00,1.27413,1.27413,1.27397,1.27397,2044
2026-02-04T00:00:00+00:00,1.27397,1.27397,1.27363,1.27365,1990
2026-02-04T00:15:00+00:00,1.27365,1.27365,1.27321,1.27321,1776
2026-02-04T00:30:00+00:00,1.27321,1.27321,1.27278,1.27293,1385
2026-02-04T00:45:00+00:00,1.27293,1.27323,1.27285,1.27287,2073
2026-02-04T01:00:00+00:00,1.27287,1.27310,1.27281,1.27310,1057
2026-02-04T01:15:00+00:00,1.27310,1.27317,1.27246,1.27252,1879
2026-02-04T01:30:00+00:00,1.27252,1.27252,1.27203,1.27203,1301
2026-02-04T01:45:00+00:00,1.27203,1.27265,1.27200,1.27265,1921
2026-02-04T02:00:00+00:00,1.27265,1.27273,1.27254,1.27267,2987
2026-02-04T02:15:00+00:00,1.27267,1.27335,1.27267,1.27312,1701
2026-02-04T02:30:00+00:00,1.27312,1.27341,1.27312,1.27320,1358
2026-02-04T02:45:00+00:00,1.27320,1.27359,1.27311,1.27359,1758
2026-02-04T03:00:00+00:00,1.27359,1.27364,1.27326,1.27326,861
2026-02-04T03:15:00+00:00,1.27326,1.27339,1.27308,1.27325,2250
2026-02-04T03:30:00+00:00,1.27325,1.27325,1.27285,1.27285,1250
2026-02-04T03:45:00+00:00,1.27285,1.27312,1.27285,1.27312,1891
2026-02-04T04:00:00+00:00,1.27312,1.27325,1.27275,1.27277,1251
2026-02-04T04:15:00+00:00,1.27277,1.27293,1.27272,1.27293,1218
2026-02-04T04:30:00+00:00,1.27293,1.27301,1.27258,1.27258,1197
2026-02-04T04:45:00+00:00,1.27258,1.27274,1.27250,1.27263,1480
2026-02-04T05:00:00+00:00,1.27263,1.27278,1.27251,1.27251,1825
2026-02-04T05:15:00+00:00,1.27251,1.27263,1.27242,1.27263,1046
2026-02-04T05:30:00+00:00,1.27263,1.27283,1.27257,1.27273,2106
2026-02-04T05:45:00+00:00,1.27273,1.27273,1.27188,1.27211,1633
2026-02-04T06:00:00+00:00,1.27211,1.27211,1.27180,1.27183,1794
2026-02-04T06:15:00+00:00,1.27183,1.27248,1.27183,1.27248,1611
2026-02-04T06:30:00+00:00,1.27248,1.27248,1.27190,1.27190,1973
2026-02-04T06:45:00+00:00,1.27190,1.27224,1.27169,1.27211,2224
2026-02-04T07:00:00+00:00,1.27211,1.27261,1.27171,1.27171,1213
2026-02-04T07:15:00+00:00,1.27171,1.27219,1.27171,1.27208,1769
2026-02-04T07:30:00+00:00,1.27208,1.27324,1.27208,1.27293,2947
2026-02-04T07:45:00+00:00,1.27293,1.27359,1.27293,1.27317,1676
2026-02-04T08:00:00+00:00,1.27317,1.27436,1.27317,1.27418,1440
2026-02-04T08:15:00+00:00,1.27418,1.27422,1.27332,1.27332,2071
2026-02-04T08:30:00+00:00,1.27332,1.27394,1.27332,1.27355,1233
2026-02-04T08:45:00+00:00,1.27355,1.27386,1.27333,1.27386,1990
2026-02-04T09:00:00+00:00,1.27386,1.27436,1.27386,1.27415,1880
2026-02-04T09:15:00+00:00,1.27415,1.27437,1.27409,1.27437,791
2026-02-04T09:30:00+00:00,1.27437,1.27445,1.27430,1.27436,1145
2026-02-04T09:45:00+00:00,1.27436,1.27436,1.27386,1.27387,602
2026-02-04T10:00:00+00:00,1.27387,1.27427,1.27387,1.27427,2048
2026-02-04T10:15:00+00:00,1.27427,1.27427,1.27385,1.27394,1931
2026-02-04T10:30:00+00:00,1.27394,1.27394,1.27371,1.27389,1570
2026-02-04T10:45:00+00:00,1.27389,1.27408,1.27379,1.27381,1439
2026-02-04T11:00:00+00:00,1.27381,1.27432,1.27381,1.27430,1746
2026-02-04T11:15:00+00:00,1.27430,1.27447,1.27426,1.27430,1695
2026-02-04T11:30:00+00:00,1.27430,1.27531,1.27429,1.27531,2285
2026-02-04T11:45:00+00:00,1.27531,1.27531,1.27492,1.27492,614
2026-02-04T12:00:00+00:00,1.27492,1.27516,1.27491,1.27516,978
2026-02-04T12:15:00+00:00,1.27516,1.27550,1.27509,1.27550,1786
2026-02-04T12:30:00+00:00,1.27550,1.27550,1.27522,1.27522,1785
2026-02-04T12:45:00+00:00,1.27522,1.27577,1.27522,1.27550,2767
2026-02-04T13:00:00+00:00,1.27550,1.27624,1.27541,1.27618,1536
2026-02-04T13:15:00+00:00,1.27618,1.27650,1.27590,1.27646,1376
2026-02-04T13:30:00+00:00,1.27646,1.27646,1.27511,1.27511,2093
2026-02-04T13:45:00+00:00,1.27511,1.27511,1.27383,1.27399,2246
2026-02-04T14:00:00+00:00,1.27399,1.27399,1.27314,1.27335,853
2026-02-04T14:15:00+00:00,1.27335,1.27335,1.27250,1.27250,1372
2026-02-04T14:30:00+00:00,1.27250,1.27263,1.27230,1.27259,2028
2026-02-04T14:45:00+00:00,1.27259,1.27269,1.27223,1.27223,1386
2026-02-04T15:00:00+00:00,1.27223,1.27288,1.27223,1.27285,2078
2026-02-04T15:15:00+00:00,1.27285,1.27291,1.27260,1.27260,1418
2026-02-04T15:30:00+00:00,1.27260,1.27280,1.27260,1.27272,1126
2026-02-04T15:45:00+00:00,1.27272,1.27296,1.27262,1.27262,1774
2026-02-04T16:00:00+00:00,1.27262,1.27279,1.27246,1.27279,1297
2026-02-04T16:15:00+00:00,1.27279,1.27279,1.27262,1.27262,2037
2026-02-04T16:30:00+00:00,1.27262,1.27295,1.27262,1.27287,1170
2026-02-04T16:45:00+00:00,1.27287,1.27332,1.27287,1.27322,982
2026-02-04T17:00:00+00:00,1.27322,1.27322,1.27282,1.27299,500
2026-02-04T17:15:00+00:00,1.27299,1.27299,1.27270,1.27282,1864
2026-02-04T17:30:00+00:00,1.27282,1.27282,1.27269,1.27275,1870
2026-02-04T17:45:00+00:00,1.27275,1.27292,1.27264,1.27292,1503
2026-02-04T18:00:00+00:00,1.27292,1.27300,1.27284,1.27290,1745
2026-02-04T18:15:00+00:00,1.27290,1.27302,1.27284,1.27302,601
2026-02-04T18:30:00+00:00,1.27302,1.27315,1.27290,1.27295,2304
2026-02-04T18:45:00+00:00,1.27295,1.27295,1.27246,1.27246,2830
2026-02-04T19:00:00+00:00,1.27246,1.27246,1.27227,1.27228,1267
2026-02-04T19:15:00+00:00,1.27228,1.27239,1.27213,1.27234,1199
2026-02-04T19:30:00+00:00,1.27234,1.27278,1.27232,1.27278,2217
2026-02-04T19:45:00+00:00,1.27278,1.27292,1.27275,1.27292,1542
2026-02-04T20:00:00+00:00,1.27292,1.27321,1.27292,1.27321,1678
2026-02-04T20:15:00+00:00,1.27321,1.27322,1.27295,1.27297,1421
2026-02-04T20:30:00+00:00,1.27297,1.27300,1.27264,1.27264,1744
2026-02-04T20:45:00+00:00,1.27264,1.27281,1.27261,1.27281,1508
2026-02-04T21:00:00+00:00,1.27281,1.27319,1.27281,1.27317,1629
2026-02-04T21:15:00+00:00,1.27317,1.27317,1.27303,1.27315,1887
2026-02-04T21:30:00+00:00,1.27315,1.27315,1.27291,1.27301,921
2026-02-04T21:45:00+00:00,1.27301,1.27334,1.27300,1.27329,1834
2026-02-04T22:00:00+00:00,1.27329,1.27380,1.27327,1.27379,1712
2026-02-04T22:15:00+00:00,1.27379,1.27379,1.27328,1.27335,1240
2026-02-04T22:30:00+00:00,1.27335,1.27354,1.27335,1.27336,1743
2026-02-04T22:45:00+00:00,1.27336,1.27362,1.27332,1.27362,657
2026-02-04T23:00:00+00:00,1.27362,1.27362,1.27301,1.27301,1976
2026-02-04T23:15:00+00:00,1.27301,1.27310,1.27280,1.27300,867
2026-02-04T23:30:00+00:00,1.27300,1.27327,1.27300,1.27327,1123
2026-02-04T23:45:00+00:00,1.27327,1.27328,1.27318,1.27327,1410
2026-02-05T00:00:00+00:00,1.27327,1.27336,1.27321,1.27321,2271
2026-02-05T00:15:00+00:00,1.27321,1.27321,1.27309,1.27309,2906
2026-02-05T00:30:00+00:00,1.27309,1.27337,1.27303,1.27303,1815
2026-02-05T00:45:00+00:00,1.27303,1.27303,1.27254,1.27254,1328
2026-02-05T01:00:00+00:00,1.27254,1.27254,1.27211,1.27211,964
2026-02-05T01:15:00+00:00,1.27211,1.27226,1.27173,1.27197,2523
2026-02-05T01:30:00+00:00,1.27197,1.27197,1.27126,1.27126,1475
2026-02-05T01:45:00+00:00,1.27126,1.27127,1.27056,1.27056,516
2026-02-05T02:00:00+00:00,1.27056,1.27077,1.27045,1.27077,2307
2026-02-05T02:15:00+00:00,1.27077,1.27106,1.27077,1.27089,1824
2026-02-05T02:30:00+00:00,1.27089,1.27159,1.27089,1.27137,1623
2026-02-05T02:45:00+00:00,1.27137,1.27176,1.27130,1.27176,1336
2026-02-05T03:00:00+00:00,1.27176,1.27212,1.27160,1.27212,1028
2026-02-05T03:15:00+00:00,1.27212,1.27226,1.27192,1.27192,1773
2026-02-05T03:30:00+00:00,1.27192,1.27221,1.27192,1.27221,1192
2026-02-05T03:45:00+00:00,1.27221,1.27222,1.27204,1.27204,1998
2026-02-05T04:00:00+00:00,1.27204,1.27210,1.27195,1.27195,2316
2026-02-05T04:15:00+00:00,1.27195,1.27195,1.27164,1.27164,1639
2026-02-05T04:30:00+00:00,1.27164,1.27164,1.27142,1.27148,1987
2026-02-05T04:45:00+00:00,1.27148,1.27148,1.27129,1.27146,580
2026-02-05T05:00:00+00:00,1.27146,1.27210,1.27146,1.27210,294
2026-02-05T05:15:00+00:00,1.27210,1.27214,1.27205,1.27213,2741
2026-02-05T05:30:00+00:00,1.27213,1.27256,1.27213,1.27252,1090
2026-02-05T05:45:00+00:00,1.27252,1.27259,1.27231,1.27231,1129
2026-02-05T06:00:00+00:00,1.27231,1.27272,1.27166,1.27172,1530
2026-02-05T06:15:00+00:00,1.27172,1.27241,1.27169,1.27223,962
2026-02-05T06:30:00+00:00,1.27223,1.27223,1.27163,1.27182,1740
2026-02-05T06:45:00+00:00,1.27182,1.27231,1.27182,1.27196,2286
2026-02-05T07:00:00+00:00,1.27196,1.27258,1.27146,1.27258,1431
2026-02-05T07:15:00+00:00,1.27258,1.27328,1.27258,1.27304,1650
2026-02-05T07:30:00+00:00,1.27304,1.27304,1.27132,1.27132,1164
2026-02-05T07:45:00+00:00,1.27132,1.27132,1.26956,1.26956,1529
2026-02-05T08:00:00+00:00,1.26956,1.26956,1.26872,1.26903,2067
2026-02-05T08:15:00+00:00,1.26903,1.26941,1.26903,1.26925,1351
2026-02-05T08:30:00+00:00,1.26925,1.26939,1.26833,1.26833,1130
2026-02-05T08:45:00+00:00,1.26833,1.26851,1.26821,1.26845,1818
2026-02-05T09:00:00+00:00,1.26845,1.26847,1.26795,1.26833,1691
2026-02-05T09:15:00+00:00,1.26833,1.26844,1.26815,1.26844,2313
2026-02-05T09:30:00+00:00,1.26844,1.26844,1.26823,1.26827,1061
2026-02-05T09:45:00+00:00,1.26827,1.26827,1.26794,1.26806,1467
2026-02-05T10:00:00+00:00,1.26806,1.26817,1.26788,1.26788,1763
2026-02-05T10:15:00+00:00,1.26788,1.26790,1.26759,1.26790,1746
2026-02-05T10:30:00+00:00,1.26790,1.26814,1.26790,1.26791,1797
2026-02-05T10:45:00+00:00,1.26791,1.26820,1.26786,1.26797,2133
2026-02-05T11:00:00+00:00,1.26797,1.26810,1.26783,1.26810,1977
2026-02-05T11:15:00+00:00,1.26810,1.26850,1.26810,1.26850,2204
2026-02-05T11:30:00+00:00,1.26850,1.26906,1.26850,1.26906,1742
2026-02-05T11:45:00+00:00,1.26906,1.26908,1.26884,1.26897,2277
2026-02-05T12:00:00+00:00,1.26897,1.26953,1.26897,1.26921,2287
2026-02-05T12:15:00+00:00,1.26921,1.26932,1.26910,1.26932,1499
2026-02-05T12:30:00+00:00,1.26932,1.26980,1.26932,1.26980,1461
2026-02-05T12:45:00+00:00,1.26980,1.27028,1.26962,1.27001,2703
2026-02-05T13:00:00+00:00,1.27001,1.27001,1.26909,1.26955,2849
2026-02-05T13:15:00+00:00,1.26955,1.26990,1.26952,1.26952,2287
2026-02-05T13:30:00+00:00,1.26952,1.26954,1.26911,1.26954,2253
2026-02-05T13:45:00+00:00,1.26954,1.26954,1.26897,1.26912,2352
2026-02-05T14:00:00+00:00,1.26912,1.26912,1.26839,1.26909,1791
2026-02-05T14:15:00+00:00,1.26909,1.26992,1.26887,1.26992,2604
2026-02-05T14:30:00+00:00,1.26992,1.27027,1.26992,1.26995,1559
2026-02-05T14:45:00+00:00,1.26995,1.27034,1.26952,1.26952,830
2026-02-05T15:00:00+00:00,1.26952,1.26952,1.26908,1.26940,2087
2026-02-05T15:15:00+00:00,1.26940,1.26973,1.26913,1.26973,1259
2026-02-05T15:30:00+00:00,1.26973,1.26998,1.26973,1.26994,1901
2026-02-05T15:45:00+00:00,1.26994,1.26994,1.26980,1.26981,975
2026-02-05T16:00:00+00:00,1.26981,1.27026,1.26981,1.27016,1510
2026-02-05T16:15:00+00:00,1.27016,1.27043,1.27013,1.27021,1448
2026-02-05T16:30:00+00:00,1.27021,1.27024,1.26998,1.26998,1799
2026-02-05T16:45:00+00:00,1.26998,1.27026,1.26998,1.27026,927
2026-02-05T17:00:00+00:00,1.27026,1.27040,1.27007,1.27013,1102
2026-02-05T17:15:00+00:00,1.27013,1.27016,1.26990,1.26990,983
2026-02-05T17:30:00+00:00,1.26990,1.26991,1.26973,1.26980,667
2026-02-05T17:45:00+00:00,1.26980,1.26980,1.26961,1.26969,1982
2026-02-05T18:00:00+00:00,1.26969,1.26969,1.26925,1.26925,1059
2026-02-05T18:15:00+00:00,1.26925,1.26940,1.26925,1.26929,2346
2026-02-05T18:30:00+00:00,1.26929,1.26948,1.26929,1.26931,1398
2026-02-05T18:45:00+00:00,1.26931,1.26956,1.26925,1.26956,373
2026-02-05T19:00:00+00:00,1.26956,1.26956,1.26945,1.26945,2034
2026-02-05T19:15:00+00:00,1.26945,1.26972,1.26945,1.26972,2078
2026-02-05T19:30:00+00:00,1.26972,1.26997,1.26967,1.26967,1692
2026-02-05T19:45:00+00:00,1.26967,1.26983,1.26967,1.26983,570
2026-02-05T20:00:00+00:00,1.26983,1.26996,1.26977,1.26977,1499
2026-02-05T20:15:00+00:00,1.26977,1.26991,1.26960,1.26960,2247
2026-02-05T20:30:00+00:00,1.26960,1.26969,1.26948,1.26960,1616
2026-02-05T20:45:00+00:00,1.26960,1.26960,1.26946,1.26959,2063
2026-02-05T21:00:00+00:00,1.26959,1.26973,1.26944,1.26944,1826
2026-02-05T21:15:00+00:00,1.26944,1.26944,1.26916,1.26927,1468
2026-02-05T21:30:00+00:00,1.26927,1.26944,1.26919,1.26944,1889
2026-02-05T21:45:00+00:00,1.26944,1.26949,1.26925,1.26949,1125
2026-02-05T22:00:00+00:00,1.26949,1.26975,1.26946,1.26956,1945
2026-02-05T22:15:00+00:00,1.26956,1.26997,1.26956,1.26997,758
2026-02-05T22:30:00+00:00,1.26997,1.27022,1.26997,1.27014,981
2026-02-05T22:45:00+00:00,1.27014,1.27025,1.27002,1.27019,1851
2026-02-05T23:00:00+00:00,1.27019,1.27019,1.26981,1.26990,1668
2026-02-05T23:15:00+00:00,1.26990,1.27019,1.26989,1.27014,1404
2026-02-05T23:30:00+00:00,1.27014,1.27014,1.26973,1.26973,1987
2026-02-05T23:45:00+00:00,1.26973,1.26973,1.26953,1.26953,1835
2026-02-06T00:00:00+00:00,1.26953,1.26982,1.26953,1.26964,558
2026-02-06T00:15:00+00:00,1.26964,1.26964,1.26885,1.26885,414
2026-02-06T00:30:00+00:00,1.26885,1.26941,1.26885,1.26936,2766
2026-02-06T00:45:00+00:00,1.26936,1.27023,1.26936,1.27023,2449
2026-02-06T01:00:00+00:00,1.27023,1.27023,1.26971,1.26971,1764
2026-02-06T01:15:00+00:00,1.26971,1.27021,1.26960,1.27012,1926
2026-02-06T01:30:00+00:00,1.27012,1.27012,1.26940,1.26940,2365
2026-02-06T01:45:00+00:00,1.26940,1.26966,1.26935,1.26935,1609
2026-02-06T02:00:00+00:00,1.26935,1.27006,1.26935,1.26998,1652
2026-02-06T02:15:00+00:00,1.26998,1.26998,1.26949,1.26952,1442
2026-02-06T02:30:00+00:00,1.26952,1.26986,1.26952,1.26976,992
2026-02-06T02:45:00+00:00,1.26976,1.26976,1.26961,1.26965,2073
2026-02-06T03:00:00+00:00,1.26965,1.26976,1.26947,1.26976,2193
2026-02-06T03:15:00+00:00,1.26976,1.26976,1.26958,1.26958,413
2026-02-06T03:30:00+00:00,1.26958,1.26959,1.26923,1.26927,1478
2026-02-06T03:45:00+00:00,1.26927,1.26951,1.26917,1.26944,1809
2026-02-06T04:00:00+00:00,1.26944,1.26944,1.26917,1.26920,2369
2026-02-06T04:15:00+00:00,1.26920,1.26930,1.26908,1.26908,1751
2026-02-06T04:30:00+00:00,1.26908,1.26908,1.26900,1.26906,1931
2026-02-06T04:45:00+00:00,1.26906,1.26918,1.26896,1.26918,1792
2026-02-06T05:00:00+00:00,1.26918,1.26965,1.26918,1.26965,1822
2026-02-06T05:15:00+00:00,1.26965,1.26975,1.26958,1.26972,1811
2026-02-06T05:30:00+00:00,1.26972,1.26974,1.26958,1.26973,994
2026-02-06T05:45:00+00:00,1.26973,1.26984,1.26937,1.26937,714
2026-02-06T06:00:00+00:00,1.26937,1.26950,1.26918,1.26950,939
2026-02-06T06:15:00+00:00,1.26950,1.26999,1.26927,1.26999,672
2026-02-06T06:30:00+00:00,1.26999,1.26999,1.26900,1.26977,1480
2026-02-06T06:45:00+00:00,1.26977,1.26995,1.26977,1.26995,1489
2026-02-06T07:00:00+00:00,1.26995,1.27029,1.26935,1.27029,1977
2026-02-06T07:15:00+00:00,1.27029,1.27029,1.26977,1.26977,2956
2026-02-06T07:30:00+00:00,1.26977,1.26977,1.26847,1.26847,636
2026-02-06T07:45:00+00:00,1.26847,1.26847,1.26703,1.26721,2039
2026-02-06T08:00:00+00:00,1.26721,1.26746,1.26634,1.26634,1879
2026-02-06T08:15:00+00:00,1.26634,1.26662,1.26595,1.26662,1603
2026-02-06T08:30:00+00:00,1.26662,1.26703,1.26661,1.26703,2014
2026-02-06T08:45:00+00:00,1.26703,1.26769,1.26703,1.26769,2468
2026-02-06T09:00:00+00:00,1.26769,1.26774,1.26758,1.26774,1496
2026-02-06T09:15:00+00:00,1.26774,1.26784,1.26768,1.26768,564
2026-02-06T09:30:00+00:00,1.26768,1.26777,1.26761,1.26769,1181
2026-02-06T09:45:00+00:00,1.26769,1.26780,1.26762,1.26762,1186
2026-02-06T10:00:00+00:00,1.26762,1.26774,1.26757,1.26774,566
2026-02-06T10:15:00+00:00,1.26774,1.26808,1.26774,1.26808,1211
2026-02-06T10:30:00+00:00,1.26808,1.26808,1.26764,1.26770,913
2026-02-06T10:45:00+00:00,1.26770,1.26783,1.26769,1.26779,1378
2026-02-06T11:00:00+00:00,1.26779,1.26807,1.26766,1.26766,1719
2026-02-06T11:15:00+00:00,1.26766,1.26805,1.26766,1.26805,1717
2026-02-06T11:30:00+00:00,1.26805,1.26815,1.26776,1.26776,971
2026-02-06T11:45:00+00:00,1.26776,1.26806,1.26746,1.26746,1451
2026-02-06T12:00:00+00:00,1.26746,1.26764,1.26712,1.26764,1993
2026-02-06T12:15:00+00:00,1.26764,1.26809,1.26764,1.26809,1708
2026-02-06T12:30:00+00:00,1.26809,1.26809,1.26775,1.26796,1779
2026-02-06T12:45:00+00:00,1.26796,1.26796,1.26720,1.26720,1815
2026-02-06T13:00:00+00:00,1.26720,1.26801,1.26668,1.26801,2834
2026-02-06T13:15:00+00:00,1.26801,1.26801,1.26706,1.26710,1238
2026-02-06T13:30:00+00:00,1.26710,1.26710,1.26633,1.26633,1823
2026-02-06T13:45:00+00:00,1.26633,1.26663,1.26578,1.26578,1469
2026-02-06T14:00:00+00:00,1.26578,1.26613,1.26529,1.26587,2069
2026-02-06T14:15:00+00:00,1.26587,1.26664,1.26587,1.26592,2270
2026-02-06T14:30:00+00:00,1.26592,1.26636,1.26590,1.26590,2178
2026-02-06T14:45:00+00:00,1.26590,1.26590,1.26531,1.26531,1312
2026-02-06T15:00:00+00:00,1.26531,1.26577,1.26523,1.26525,2056
2026-02-06T15:15:00+00:00,1.26525,1.26574,1.26525,1.26574,895
2026-02-06T15:30:00+00:00,1.26574,1.26637,1.26557,1.26637,889
2026-02-06T15:45:00+00:00,1.26637,1.26638,1.26625,1.26629,1313
2026-02-06T16:00:00+00:00,1.26629,1.26640,1.26622,1.26625,1372
2026-02-06T16:15:00+00:00,1.26625,1.26662,1.26625,1.26645,1791
2026-02-06T16:30:00+00:00,1.26645,1.26660,1.26644,1.26644,1561
2026-02-06T16:45:00+00:00,1.26644,1.26666,1.26625,1.26625,2387
2026-02-06T17:00:00+00:00,1.26625,1.26643,1.26625,1.26633,1999
2026-02-06T17:15:00+00:00,1.26633,1.26635,1.26618,1.26624,1725
2026-02-06T17:30:00+00:00,1.26624,1.26642,1.26617,1.26617,1205
2026-02-06T17:45:00+00:00,1.26617,1.26633,1.26614,1.26618,1558
2026-02-06T18:00:00+00:00,1.26618,1.26634,1.26618,1.26619,1390
2026-02-06T18:15:00+00:00,1.26619,1.26620,1.26611,1.26620,847
2026-02-06T18:30:00+00:00,1.26620,1.26663,1.26620,1.26662,1209
2026-02-06T18:45:00+00:00,1.26662,1.26694,1.26652,1.26681,373
2026-02-06T19:00:00+00:00,1.26681,1.26684,1.26665,1.26665,1439
2026-02-06T19:15:00+00:00,1.26665,1.26683,1.26665,1.26674,1139
2026-02-06T19:30:00+00:00,1.26674,1.26696,1.26671,1.26671,1488
2026-02-06T19:45:00+00:00,1.26671,1.26671,1.26629,1.26635,1133
2026-02-06T20:00:00+00:00,1.26635,1.26659,1.26616,1.26659,1396
2026-02-06T20:15:00+00:00,1.26659,1.26660,1.26639,1.26641,2266
2026-02-06T20:30:00+00:00,1.26641,1.26653,1.26641,1.26642,2277
2026-02-06T20:45:00+00:00,1.26642,1.26646,1.26626,1.26646,1787
2026-02-06T21:00:00+00:00,1.26646,1.26650,1.26626,1.26650,1681
2026-02-06T21:15:00+00:00,1.26650,1.26650,1.26636,1.26640,749
2026-02-06T21:30:00+00:00,1.26640,1.26673,1.26640,1.26667,1008
2026-02-06T21:45:00+00:00,1.26667,1.26668,1.26645,1.26645,1087
2026-02-06T22:00:00+00:00,1.26645,1.26656,1.26642,1.26642,1459
2026-02-06T22:15:00+00:00,1.26642,1.26678,1.26642,1.26678,1749
2026-02-06T22:30:00+00:00,1.26678,1.26721,1.26678,1.26721,1622
2026-02-06T22:45:00+00:00,1.26721,1.26739,1.26721,1.26739,2144
2026-02-06T23:00:00+00:00,1.26739,1.26739,1.26728,1.26736,1577
2026-02-06T23:15:00+00:00,1.26736,1.26759,1.26735,1.26735,858
2026-02-06T23:30:00+00:00,1.26735,1.26770,1.26735,1.26770,1025
2026-02-06T23:45:00+00:00,1.26770,1.26784,1.26755,1.26755,1890
2026-02-09T00:00:00+00:00,1.26755,1.26783,1.26755,1.26770,1707
2026-02-09T00:15:00+00:00,1.26770,1.26770,1.26744,1.26764,481
2026-02-09T00:30:00+00:00,1.26764,1.26813,1.26764,1.26767,2495
2026-02-09T00:45:00+00:00,1.26767,1.26791,1.26739,1.26739,465
2026-02-09T01:00:00+00:00,1.26739,1.26739,1.26715,1.26715,1483
2026-02-09T01:15:00+00:00,1.26715,1.26762,1.26715,1.26762,1994
2026-02-09T01:30:00+00:00,1.26762,1.26842,1.26762,1.26828,1200
2026-02-09T01:45:00+00:00,1.26828,1.26828,1.26767,1.26767,2002
2026-02-09T02:00:00+00:00,1.26767,1.26784,1.26767,1.26770,1886
2026-02-09T02:15:00+00:00,1.26770,1.26831,1.26770,1.26821,1741
2026-02-09T02:30:00+00:00,1.26821,1.26821,1.26781,1.26784,1077
2026-02-09T02:45:00+00:00,1.26784,1.26784,1.26755,1.26759,2858
2026-02-09T03:00:00+00:00,1.26759,1.26763,1.26725,1.26725,1169
2026-02-09T03:15:00+00:00,1.26725,1.26759,1.26725,1.26759,653
2026-02-09T03:30:00+00:00,1.26759,1.26766,1.26732,1.26766,2358
2026-02-09T03:45:00+00:00,1.26766,1.26802,1.26766,1.26787,1181
2026-02-09T04:00:00+00:00,1.26787,1.26809,1.26787,1.26801,1310
2026-02-09T04:15:00+00:00,1.26801,1.26802,1.26766,1.26783,2205
2026-02-09T04:30:00+00:00,1.26783,1.26817,1.26777,1.26811,805
2026-02-09T04:45:00+00:00,1.26811,1.26827,1.26808,1.26820,1794
2026-02-09T05:00:00+00:00,1.26820,1.26820,1.26792,1.26811,2264
2026-02-09T05:15:00+00:00,1.26811,1.26849,1.26811,1.26845,2000
2026-02-09T05:30:00+00:00,1.26845,1.26850,1.26812,1.26812,1823
2026-02-09T05:45:00+00:00,1.26812,1.26820,1.26793,1.26804,1381
2026-02-09T06:00:00+00:00,1.26804,1.26865,1.26801,1.26865,1935
2026-02-09T06:15:00+00:00,1.26865,1.26989,1.26865,1.26989,2354
2026-02-09T06:30:00+00:00,1.26989,1.27040,1.26989,1.27031,1451
2026-02-09T06:45:00+00:00,1.27031,1.27031,1.26903,1.26903,1945
2026-02-09T07:00:00+00:00,1.26903,1.26903,1.26723,1.26723,2090
2026-02-09T07:15:00+00:00,1.26723,1.26810,1.26713,1.26762,2502
2026-02-09T07:30:00+00:00,1.26762,1.26820,1.26659,1.26820,1973
2026-02-09T07:45:00+00:00,1.26820,1.26845,1.26759,1.26823,2100
2026-02-09T08:00:00+00:00,1.26823,1.26946,1.26823,1.26892,1971
2026-02-09T08:15:00+00:00,1.26892,1.26970,1.26884,1.26970,1415
2026-02-09T08:30:00+00:00,1.26970,1.27015,1.26956,1.27015,1168
2026-02-09T08:45:00+00:00,1.27015,1.27041,1.26997,1.27041,2090
2026-02-09T09:00:00+00:00,1.27041,1.27055,1.27028,1.27034,1962
2026-02-09T09:15:00+00:00,1.27034,1.27056,1.27034,1.27051,763
2026-02-09T09:30:00+00:00,1.27051,1.27051,1.27030,1.27030,1951
2026-02-09T09:45:00+00:00,1.27030,1.27030,1.26990,1.26990,1242
2026-02-09T10:00:00+00:00,1.26990,1.27014,1.26990,1.27003,1556
2026-02-09T10:15:00+00:00,1.27003,1.27003,1.26967,1.26967,1334
2026-02-09T10:30:00+00:00,1.26967,1.26967,1.26945,1.26946,1468
2026-02-09T10:45:00+00:00,1.26946,1.26946,1.26932,1.26932,368
2026-02-09T11:00:00+00:00,1.26932,1.26947,1.26914,1.26914,1661
2026-02-09T11:15:00+00:00,1.26914,1.26916,1.26867,1.26869,1267
2026-02-09T11:30:00+00:00,1.26869,1.26892,1.26812,1.26821,1236
2026-02-09T11:45:00+00:00,1.26821,1.26832,1.26798,1.26798,1348
2026-02-09T12:00:00+00:00,1.26798,1.26847,1.26798,1.26847,1220
2026-02-09T12:15:00+00:00,1.26847,1.26861,1.26837,1.26837,727
2026-02-09T12:30:00+00:00,1.26837,1.26891,1.26837,1.26870,1714
2026-02-09T12:45:00+00:00,1.26870,1.26903,1.26794,1.26903,2547
2026-02-09T13:00:00+00:00,1.26903,1.26955,1.26871,1.26955,1861
2026-02-09T13:15:00+00:00,1.26955,1.26971,1.26890,1.26971,1369
2026-02-09T13:30:00+00:00,1.26971,1.26971,1.26746,1.26746,2003
2026-02-09T13:45:00+00:00,1.26746,1.26760,1.26704,1.26736,2061
2026-02-09T14:00:00+00:00,1.26736,1.26812,1.26729,1.26783,1578
2026-02-09T14:15:00+00:00,1.26783,1.26807,1.26780,1.26794,1663
2026-02-09T14:30:00+00:00,1.26794,1.26794,1.26729,1.26729,2271
2026-02-09T14:45:00+00:00,1.26729,1.26738,1.26722,1.26724,1480
2026-02-09T15:00:00+00:00,1.26724,1.26733,1.26668,1.26668,1539
2026-02-09T15:15:00+00:00,1.26668,1.26715,1.26668,1.26705,2125
2026-02-09T15:30:00+00:00,1.26705,1.26705,1.26668,1.26679,1450
2026-02-09T15:45:00+00:00,1.26679,1.26681,1.26647,1.26647,646
2026-02-09T16:00:00+00:00,1.26647,1.26654,1.26638,1.26644,2414
2026-02-09T16:15:00+00:00,1.26644,1.26656,1.26634,1.26634,1137
2026-02-09T16:30:00+00:00,1.26634,1.26657,1.26634,1.26656,1208
2026-02-09T16:45:00+00:00,1.26656,1.26656,1.26617,1.26617,2274
2026-02-09T17:00:00+00:00,1.26617,1.26631,1.26614,1.26623,1287
2026-02-09T17:15:00+00:00,1.26623,1.26640,1.26600,1.26640,801
2026-02-09T17:30:00+00:00,1.26640,1.26640,1.26627,1.26630,1345
2026-02-09T17:45:00+00:00,1.26630,1.26630,1.26609,1.26611,1542
2026-02-09T18:00:00+00:00,1.26611,1.26632,1.26596,1.26632,1095
2026-02-09T18:15:00+00:00,1.26632,1.26632,1.26607,1.26607,1651
2026-02-09T18:30:00+00:00,1.26607,1.26628,1.26596,1.26600,1205
2026-02-09T18:45:00+00:00,1.26600,1.26661,1.26599,1.26661,2539
2026-02-09T19:00:00+00:00,1.26661,1.26677,1.26657,1.26665,1660
2026-02-09T19:15:00+00:00,1.26665,1.26709,1.26665,1.26709,1302
2026-02-09T19:30:00+00:00,1.26709,1.26709,1.26644,1.26644,1445
2026-02-09T19:45:00+00:00,1.26644,1.26661,1.26643,1.26648,1992
2026-02-09T20:00:00+00:00,1.26648,1.26648,1.26604,1.26604,1535
2026-02-09T20:15:00+00:00,1.26604,1.26604,1.26579,1.26579,1600
2026-02-09T20:30:00+00:00,1.26579,1.26596,1.26579,1.26596,547
2026-02-09T20:45:00+00:00,1.26596,1.26639,1.26596,1.26639,1931
2026-02-09T21:00:00+00:00,1.26639,1.26667,1.26639,1.26657,1168
2026-02-09T21:15:00+00:00,1.26657,1.26657,1.26641,1.26645,1148
2026-02-09T21:30:00+00:00,1.26645,1.26645,1.26620,1.26620,2002
2026-02-09T21:45:00+00:00,1.26620,1.26659,1.26617,1.26659,1853
2026-02-09T22:00:00+00:00,1.26659,1.26668,1.26645,1.26664,1471
2026-02-09T22:15:00+00:00,1.26664,1.26677,1.26656,1.26670,1842
2026-02-09T22:30:00+00:00,1.26670,1.26678,1.26666,1.26666,1509
2026-02-09T22:45:00+00:00,1.26666,1.26666,1.26654,1.26660,1599
2026-02-09T23:00:00+00:00,1.26660,1.26660,1.26641,1.26649,1592
2026-02-09T23:15:00+00:00,1.26649,1.26649,1.26625,1.26632,1541
2026-02-09T23:30:00+00:00,1.26632,1.26656,1.26632,1.26656,1805
2026-02-09T23:45:00+00:00,1.26656,1.26694,1.26656,1.26686,1141
2026-02-10T00:00:00+00:00,1.26686,1.26695,1.26661,1.26695,845
2026-02-10T00:15:00+00:00,1.26695,1.26695,1.26622,1.26622,1679
2026-02-10T00:30:00+00:00,1.26622,1.26633,1.26578,1.26578,1300
2026-02-10T00:45:00+00:00,1.26578,1.26617,1.26578,1.26588,741
2026-02-10T01:00:00+00:00,1.26588,1.26643,1.26588,1.26592,1913
2026-02-10T01:15:00+00:00,1.26592,1.26596,1.26506,1.26506,1939
2026-02-10T01:30:00+00:00,1.26506,1.26538,1.26506,1.26524,1480
2026-02-10T01:45:00+00:00,1.26524,1.26545,1.26522,1.26522,926
2026-02-10T02:00:00+00:00,1.26522,1.26551,1.26517,1.26551,1000
2026-02-10T02:15:00+00:00,1.26551,1.26598,1.26551,1.26578,1251
2026-02-10T02:30:00+00:00,1.26578,1.26579,1.26563,1.26576,1802
2026-02-10T02:45:00+00:00,1.26576,1.26601,1.26570,1.26601,1648
2026-02-10T03:00:00+00:00,1.26601,1.26601,1.26578,1.26597,1346
2026-02-10T03:15:00+00:00,1.26597,1.26628,1.26597,1.26606,1798
2026-02-10T03:30:00+00:00,1.26606,1.26637,1.26606,1.26617,769
2026-02-10T03:45:00+00:00,1.26617,1.26662,1.26614,1.26662,1907
2026-02-10T04:00:00+00:00,1.26662,1.26716,1.26660,1.26716,2304
2026-02-10T04:15:00+00:00,1.26716,1.26716,1.26701,1.26701,1540
2026-02-10T04:30:00+00:00,1.26701,1.26723,1.26700,1.26723,1715
2026-02-10T04:45:00+00:00,1.26723,1.26749,1.26723,1.26746,1171
2026-02-10T05:00:00+00:00,1.26746,1.26774,1.26740,1.26740,1821
2026-02-10T05:15:00+00:00,1.26740,1.26795,1.26736,1.26795,1597
2026-02-10T05:30:00+00:00,1.26795,1.26795,1.26753,1.26753,1668
2026-02-10T05:45:00+00:00,1.26753,1.26794,1.26753,1.26763,1229
2026-02-10T06:00:00+00:00,1.26763,1.26763,1.26680,1.26706,1253
2026-02-10T06:15:00+00:00,1.26706,1.26746,1.26635,1.26635,1201
2026-02-10T06:30:00+00:00,1.26635,1.26715,1.26635,1.26707,1635
2026-02-10T06:45:00+00:00,1.26707,1.26772,1.26644,1.26772,2003
2026-02-10T07:00:00+00:00,1.26772,1.26843,1.26742,1.26843,2403
2026-02-10T07:15:00+00:00,1.26843,1.26972,1.26843,1.26972,2462
2026-02-10T07:30:00+00:00,1.26972,1.26972,1.26838,1.26838,1627
2026-02-10T07:45:00+00:00,1.26838,1.26961,1.26838,1.26961,2023
2026-02-10T08:00:00+00:00,1.26961,1.26969,1.26910,1.26910,2410
2026-02-10T08:15:00+00:00,1.26910,1.26939,1.26895,1.26938,1487
2026-02-10T08:30:00+00:00,1.26938,1.26943,1.26914,1.26923,2302
2026-02-10T08:45:00+00:00,1.26923,1.26948,1.26923,1.26948,1611
2026-02-10T09:00:00+00:00,1.26948,1.27016,1.26948,1.27016,1387
2026-02-10T09:15:00+00:00,1.27016,1.27047,1.27010,1.27047,1397
2026-02-10T09:30:00+00:00,1.27047,1.27081,1.27042,1.27081,2412
2026-02-10T09:45:00+00:00,1.27081,1.27099,1.27079,1.27090,1589
2026-02-10T10:00:00+00:00,1.27090,1.27112,1.27090,1.27094,1130
2026-02-10T10:15:00+00:00,1.27094,1.27127,1.27085,1.27127,1304
2026-02-10T10:30:00+00:00,1.27127,1.27127,1.27105,1.27105,1885
2026-02-10T10:45:00+00:00,1.27105,1.27107,1.27080,1.27080,1733
2026-02-10T11:00:00+00:00,1.27080,1.27080,1.27041,1.27056,1304
2026-02-10T11:15:00+00:00,1.27056,1.27058,1.27019,1.27019,787
2026-02-10T11:30:00+00:00,1.27019,1.27042,1.27005,1.27005,1758
2026-02-10T11:45:00+00:00,1.27005,1.27041,1.26998,1.27030,923
2026-02-10T12:00:00+00:00,1.27030,1.27035,1.27020,1.27020,1573
2026-02-10T12:15:00+00:00,1.27020,1.27020,1.26945,1.26945,2119
2026-02-10T12:30:00+00:00,1.26945,1.26952,1.26875,1.26878,1414
2026-02-10T12:45:00+00:00,1.26878,1.26909,1.26806,1.26806,1187
2026-02-10T13:00:00+00:00,1.26806,1.26832,1.26777,1.26823,2445
2026-02-10T13:15:00+00:00,1.26823,1.27047,1.26823,1.27047,2032
2026-02-10T13:30:00+00:00,1.27047,1.27050,1.26999,1.27006,1723
2026-02-10T13:45:00+00:00,1.27006,1.27045,1.26968,1.26968,810
2026-02-10T14:00:00+00:00,1.26968,1.26968,1.26862,1.26862,1776
2026-02-10T14:15:00+00:00,1.26862,1.26862,1.26788,1.26855,2257
2026-02-10T14:30:00+00:00,1.26855,1.26886,1.26802,1.26802,1565
2026-02-10T14:45:00+00:00,1.26802,1.26859,1.26774,1.26801,1779
2026-02-10T15:00:00+00:00,1.26801,1.26801,1.26768,1.26781,1354
2026-02-10T15:15:00+00:00,1.26781,1.26831,1.26781,1.26831,1694
2026-02-10T15:30:00+00:00,1.26831,1.26831,1.26812,1.26812,1397
2026-02-10T15:45:00+00:00,1.26812,1.26833,1.26804,1.26818,1488
2026-02-10T16:00:00+00:00,1.26818,1.26833,1.26818,1.26824,1438
2026-02-10T16:15:00+00:00,1.26824,1.26855,1.26815,1.26815,1396
2026-02-10T16:30:00+00:00,1.26815,1.26826,1.26798,1.26813,1674
2026-02-10T16:45:00+00:00,1.26813,1.26829,1.26813,1.26820,2102
2026-02-10T17:00:00+00:00,1.26820,1.26841,1.26820,1.26827,1435
2026-02-10T17:15:00+00:00,1.26827,1.26827,1.26820,1.26822,839
2026-02-10T17:30:00+00:00,1.26822,1.26837,1.26814,1.26837,2211
2026-02-10T17:45:00+00:00,1.26837,1.26837,1.26817,1.26817,1141
2026-02-10T18:00:00+00:00,1.26817,1.26825,1.26799,1.26825,1714
2026-02-10T18:15:00+00:00,1.26825,1.26825,1.26775,1.26775,1294
2026-02-10T18:30:00+00:00,1.26775,1.26789,1.26772,1.26784,1517
2026-02-10T18:45:00+00:00,1.26784,1.26809,1.26784,1.26809,1877
2026-02-10T19:00:00+00:00,1.26809,1.26825,1.26803,1.26805,1906
2026-02-10T19:15:00+00:00,1.26805,1.26805,1.26777,1.26777,1502
2026-02-10T19:30:00+00:00,1.26777,1.26788,1.26772,1.26785,858
2026-02-10T19:45:00+00:00,1.26785,1.26789,1.26764,1.26789,1541
2026-02-10T20:00:00+00:00,1.26789,1.26791,1.26769,1.26769,1263
2026-02-10T20:15:00+00:00,1.26769,1.26769,1.26746,1.26748,903
2026-02-10T20:30:00+00:00,1.26748,1.26781,1.26747,1.26781,1162
2026-02-10T20:45:00+00:00,1.26781,1.26807,1.26781,1.26797,1631
2026-02-10T21:00:00+00:00,1.26797,1.26811,1.26768,1.26784,1420
2026-02-10T21:15:00+00:00,1.26784,1.26784,1.26751,1.26752,1314
2026-02-10T21:30:00+00:00,1.26752,1.26762,1.26744,1.26744,1008
2026-02-10T21:45:00+00:00,1.26744,1.26749,1.26731,1.26749,696
2026-02-10T22:00:00+00:00,1.26749,1.26772,1.26725,1.26725,612
2026-02-10T22:15:00+00:00,1.26725,1.26725,1.26712,1.26715,1445
2026-02-10T22:30:00+00:00,1.26715,1.26716,1.26705,1.26716,2036
2026-02-10T22:45:00+00:00,1.26716,1.26718,1.26697,1.26697,1647
2026-02-10T23:00:00+00:00,1.26697,1.26697,1.26675,1.26680,1167
2026-02-10T23:15:00+00:00,1.26680,1.26716,1.26680,1.26694,927
2026-02-10T23:30:00+00:00,1.26694,1.26727,1.26687,1.26687,1966
2026-02-10T23:45:00+00:00,1.26687,1.26702,1.26683,1.26687,2011
2026-02-11T00:00:00+00:00,1.26687,1.26726,1.26687,1.26724,2382
2026-02-11T00:15:00+00:00,1.26724,1.26741,1.26709,1.26709,1923
2026-02-11T00:30:00+00:00,1.26709,1.26756,1.26709,1.26735,1603
2026-02-11T00:45:00+00:00,1.26735,1.26771,1.26726,1.26771,314
2026-02-11T01:00:00+00:00,1.26771,1.26771,1.26724,1.26736,980
2026-02-11T01:15:00+00:00,1.26736,1.26742,1.26725,1.26742,1400
2026-02-11T01:30:00+00:00,1.26742,1.26753,1.26724,1.26730,2468
2026-02-11T01:45:00+00:00,1.26730,1.26731,1.26714,1.26722,1940
2026-02-11T02:00:00+00:00,1.26722,1.26747,1.26721,1.26721,1261
2026-02-11T02:15:00+00:00,1.26721,1.26751,1.26705,1.26751,1631
2026-02-11T02:30:00+00:00,1.26751,1.26792,1.26745,1.26792,1064
2026-02-11T02:45:00+00:00,1.26792,1.26810,1.26786,1.26809,1722
2026-02-11T03:00:00+00:00,1.26809,1.26822,1.26800,1.26804,1316
2026-02-11T03:15:00+00:00,1.26804,1.26822,1.26804,1.26815,1662
2026-02-11T03:30:00+00:00,1.26815,1.26850,1.26815,1.26850,1773
2026-02-11T03:45:00+00:00,1.26850,1.26850,1.26829,1.26833,1713
2026-02-11T04:00:00+00:00,1.26833,1.26854,1.26833,1.26848,1165
2026-02-11T04:15:00+00:00,1.26848,1.26848,1.26824,1.26827,1284
2026-02-11T04:30:00+00:00,1.26827,1.26827,1.26813,1.26827,1212
2026-02-11T04:45:00+00:00,1.26827,1.26827,1.26760,1.26760,1100
2026-02-11T05:00:00+00:00,1.26760,1.26783,1.26753,1.26783,1361
2026-02-11T05:15:00+00:00,1.26783,1.26783,1.26760,1.26760,1527
2026-02-11T05:30:00+00:00,1.26760,1.26767,1.26723,1.26754,2016
2026-02-11T05:45:00+00:00,1.26754,1.26779,1.26750,1.26770,2066
2026-02-11T06:00:00+00:00,1.26770,1.26793,1.26740,1.26743,1602
2026-02-11T06:15:00+00:00,1.26743,1.26783,1.26743,1.26752,1824
2026-02-11T06:30:00+00:00,1.26752,1.26899,1.26752,1.26899,2241
2026-02-11T06:45:00+00:00,1.26899,1.26950,1.26887,1.26887,1886
2026-02-11T07:00:00+00:00,1.26887,1.26888,1.26810,1.26888,1928
2026-02-11T07:15:00+00:00,1.26888,1.26888,1.26864,1.26864,3107
2026-02-11T07:30:00+00:00,1.26864,1.26864,1.26812,1.26829,1649
2026-02-11T07:45:00+00:00,1.26829,1.26869,1.26810,1.26852,1696
2026-02-11T08:00:00+00:00,1.26852,1.26864,1.26826,1.26826,1183
2026-02-11T08:15:00+00:00,1.26826,1.26909,1.26817,1.26909,1489
2026-02-11T08:30:00+00:00,1.26909,1.26970,1.26909,1.26952,875
2026-02-11T08:45:00+00:00,1.26952,1.26976,1.26952,1.26976,2266
2026-02-11T09:00:00+00:00,1.26976,1.27003,1.26962,1.26983,2133
2026-02-11T09:15:00+00:00,1.26983,1.26993,1.26969,1.26969,1634
2026-02-11T09:30:00+00:00,1.26969,1.26981,1.26964,1.26964,1692
2026-02-11T09:45:00+00:00,1.26964,1.26964,1.26938,1.26940,956
2026-02-11T10:00:00+00:00,1.26940,1.26965,1.26935,1.26962,954
2026-02-11T10:15:00+00:00,1.26962,1.26982,1.26962,1.26982,1626
2026-02-11T10:30:00+00:00,1.26982,1.26998,1.26944,1.26944,1502
2026-02-11T10:45:00+00:00,1.26944,1.26977,1.26931,1.26967,1368
2026-02-11T11:00:00+00:00,1.26967,1.27016,1.26960,1.27016,1691
2026-02-11T11:15:00+00:00,1.27016,1.27034,1.26982,1.26982,1960
2026-02-11T11:30:00+00:00,1.26982,1.27030,1.26982,1.27030,2544
2026-02-11T11:45:00+00:00,1.27030,1.27034,1.27000,1.27002,1354
2026-02-11T12:00:00+00:00,1.27002,1.27013,1.26993,1.27000,1337
2026-02-11T12:15:00+00:00,1.27000,1.27000,1.26876,1.26876,1569
2026-02-11T12:30:00+00:00,1.26876,1.26876,1.26727,1.26727,1625
2026-02-11T12:45:00+00:00,1.26727,1.26749,1.26654,1.26654,2114
2026-02-11T13:00:00+00:00,1.26654,1.26657,1.26601,1.26601,1312
2026-02-11T13:15:00+00:00,1.26601,1.26637,1.26555,1.26637,1097
2026-02-11T13:30:00+00:00,1.26637,1.26637,1.26558,1.26618,2018
2026-02-11T13:45:00+00:00,1.26618,1.26618,1.26506,1.26538,2356
2026-02-11T14:00:00+00:00,1.26538,1.26585,1.26466,1.26466,2809
2026-02-11T14:15:00+00:00,1.26466,1.26500,1.26369,1.26369,2803
2026-02-11T14:30:00+00:00,1.26369,1.26432,1.26369,1.26391,2297
2026-02-11T14:45:00+00:00,1.26391,1.26391,1.26378,1.26378,487
2026-02-11T15:00:00+00:00,1.26378,1.26424,1.26378,1.26407,1584
2026-02-11T15:15:00+00:00,1.26407,1.26416,1.26383,1.26416,882
2026-02-11T15:30:00+00:00,1.26416,1.26420,1.26383,1.26420,1154
2026-02-11T15:45:00+00:00,1.26420,1.26420,1.26397,1.26417,1407
2026-02-11T16:00:00+00:00,1.26417,1.26432,1.26405,1.26405,1625
2026-02-11T16:15:00+00:00,1.26405,1.26406,1.26393,1.26399,2030
2026-02-11T16:30:00+00:00,1.26399,1.26425,1.26398,1.26406,1668
2026-02-11T16:45:00+00:00,1.26406,1.26442,1.26406,1.26442,1280
2026-02-11T17:00:00+00:00,1.26442,1.26455,1.26442,1.26455,1410
2026-02-11T17:15:00+00:00,1.26455,1.26475,1.26453,1.26468,1672
2026-02-11T17:30:00+00:00,1.26468,1.26485,1.26468,1.26485,1935
2026-02-11T17:45:00+00:00,1.26485,1.26512,1.26485,1.26512,733
2026-02-11T18:00:00+00:00,1.26512,1.26526,1.26512,1.26526,1150
2026-02-11T18:15:00+00:00,1.26526,1.26558,1.26526,1.26534,1443
2026-02-11T18:30:00+00:00,1.26534,1.26534,1.26513,1.26533,1610
2026-02-11T18:45:00+00:00,1.26533,1.26543,1.26520,1.26520,2441
2026-02-11T19:00:00+00:00,1.26520,1.26557,1.26520,1.26551,1523
2026-02-11T19:15:00+00:00,1.26551,1.26551,1.26489,1.26490,884
2026-02-11T19:30:00+00:00,1.26490,1.26490,1.26466,1.26476,2365
2026-02-11T19:45:00+00:00,1.26476,1.26476,1.26457,1.26464,2247
2026-02-11T20:00:00+00:00,1.26464,1.26478,1.26459,1.26478,1619
2026-02-11T20:15:00+00:00,1.26478,1.26492,1.26473,1.26473,1403
2026-02-11T20:30:00+00:00,1.26473,1.26490,1.26465,1.26471,166
2026-02-11T20:45:00+00:00,1.26471,1.26480,1.26461,1.26466,2185
2026-02-11T21:00:00+00:00,1.26466,1.26483,1.26466,1.26472,1907
2026-02-11T21:15:00+00:00,1.26472,1.26474,1.26440,1.26441,579
2026-02-11T21:30:00+00:00,1.26441,1.26445,1.26430,1.26444,517
2026-02-11T21:45:00+00:00,1.26444,1.26456,1.26443,1.26456,927
2026-02-11T22:00:00+00:00,1.26456,1.26456,1.26414,1.26441,1765
2026-02-11T22:15:00+00:00,1.26441,1.26456,1.26441,1.26456,1406
2026-02-11T22:30:00+00:00,1.26456,1.26481,1.26456,1.26481,617
2026-02-11T22:45:00+00:00,1.26481,1.26481,1.26463,1.26463,807
2026-02-11T23:00:00+00:00,1.26463,1.26485,1.26463,1.26485,1701
2026-02-11T23:15:00+00:00,1.26485,1.26485,1.26474,1.26485,2837
2026-02-11T23:30:00+00:00,1.26485,1.26493,1.26468,1.26468,1657
2026-02-11T23:45:00+00:00,1.26468,1.26492,1.26465,1.26492,1714
2026-02-12T00:00:00+00:00,1.26492,1.26502,1.26461,1.26461,1039
2026-02-12T00:15:00+00:00,1.26461,1.26487,1.26455,1.26464,1235
2026-02-12T00:30:00+00:00,1.26464,1.26476,1.26440,1.26449,1900
2026-02-12T00:45:00+00:00,1.26449,1.26489,1.26446,1.26484,1594
2026-02-12T01:00:00+00:00,1.26484,1.26499,1.26442,1.26442,1435
2026-02-12T01:15:00+00:00,1.26442,1.26479,1.26437,1.26479,1722
2026-02-12T01:30:00+00:00,1.26479,1.26500,1.26474,1.26500,2019
2026-02-12T01:45:00+00:00,1.26500,1.26501,1.26472,1.26483,1973
2026-02-12T02:00:00+00:00,1.26483,1.26502,1.26478,1.26492,1829
2026-02-12T02:15:00+00:00,1.26492,1.26492,1.26474,1.26480,2128
2026-02-12T02:30:00+00:00,1.26480,1.26516,1.26480,1.26495,1259
2026-02-12T02:45:00+00:00,1.26495,1.26509,1.26416,1.26416,2050
2026-02-12T03:00:00+00:00,1.26416,1.26434,1.26416,1.26434,1142
2026-02-12T03:15:00+00:00,1.26434,1.26441,1.26433,1.26435,2658
2026-02-12T03:30:00+00:00,1.26435,1.26435,1.26421,1.26421,1116
2026-02-12T03:45:00+00:00,1.26421,1.26456,1.26421,1.26456,765
2026-02-12T04:00:00+00:00,1.26456,1.26456,1.26410,1.26410,2011
2026-02-12T04:15:00+00:00,1.26410,1.26419,1.26390,1.26390,1640
2026-02-12T04:30:00+00:00,1.26390,1.26407,1.26390,1.26398,2284
2026-02-12T04:45:00+00:00,1.26398,1.26421,1.26395,1.26421,1193
2026-02-12T05:00:00+00:00,1.26421,1.26448,1.26421,1.26442,733
2026-02-12T05:15:00+00:00,1.26442,1.26452,1.26395,1.26395,758
2026-02-12T05:30:00+00:00,1.26395,1.26421,1.26394,1.26411,1893
2026-02-12T05:45:00+00:00,1.26411,1.26411,1.26368,1.26385,1434
2026-02-12T06:00:00+00:00,1.26385,1.26442,1.26383,1.26383,744
2026-02-12T06:15:00+00:00,1.26383,1.26407,1.26350,1.26351,1627
2026-02-12T06:30:00+00:00,1.26351,1.26455,1.26351,1.26455,1213
2026-02-12T06:45:00+00:00,1.26455,1.26609,1.26446,1.26609,1897
2026-02-12T07:00:00+00:00,1.26609,1.26609,1.26566,1.26573,2344
2026-02-12T07:15:00+00:00,1.26573,1.26633,1.26487,1.26633,1426
2026-02-12T07:30:00+00:00,1.26633,1.26642,1.26604,1.26609,1870
2026-02-12T07:45:00+00:00,1.26609,1.26750,1.26609,1.26750,1798
2026-02-12T08:00:00+00:00,1.26750,1.26763,1.26714,1.26717,2329
2026-02-12T08:15:00+00:00,1.26717,1.26717,1.26573,1.26573,2115
2026-02-12T08:30:00+00:00,1.26573,1.26590,1.26520,1.26567,2163
2026-02-12T08:45:00+00:00,1.26567,1.26663,1.26567,1.26650,1488
2026-02-12T09:00:00+00:00,1.26650,1.26721,1.26650,1.26721,2423
2026-02-12T09:15:00+00:00,1.26721,1.26748,1.26721,1.26746,1846
2026-02-12T09:30:00+00:00,1.26746,1.26747,1.26737,1.26741,1908
2026-02-12T09:45:00+00:00,1.26741,1.26776,1.26741,1.26776,1630
2026-02-12T10:00:00+00:00,1.26776,1.26776,1.26768,1.26768,2029
2026-02-12T10:15:00+00:00,1.26768,1.26768,1.26732,1.26732,1374
2026-02-12T10:30:00+00:00,1.26732,1.26760,1.26732,1.26760,1735
2026-02-12T10:45:00+00:00,1.26760,1.26786,1.26742,1.26770,924
2026-02-12T11:00:00+00:00,1.26770,1.26839,1.26770,1.26835,2248
2026-02-12T11:15:00+00:00,1.26835,1.26842,1.26803,1.26811,965
2026-02-12T11:30:00+00:00,1.26811,1.26820,1.26763,1.26766,1716
2026-02-12T11:45:00+00:00,1.26766,1.26766,1.26740,1.26740,1925
2026-02-12T12:00:00+00:00,1.26740,1.26756,1.26730,1.26730,1699
2026-02-12T12:15:00+00:00,1.26730,1.26756,1.26710,1.26734,1555
2026-02-12T12:30:00+00:00,1.26734,1.26734,1.26594,1.26594,1702
2026-02-12T12:45:00+00:00,1.26594,1.26644,1.26594,1.26600,1189
2026-02-12T13:00:00+00:00,1.26600,1.26600,1.26487,1.26496,2198
2026-02-12T13:15:00+00:00,1.26496,1.26587,1.26496,1.26561,1924
2026-02-12T13:30:00+00:00,1.26561,1.26562,1.26516,1.26547,1616
2026-02-12T13:45:00+00:00,1.26547,1.26547,1.26486,1.26503,2407
2026-02-12T14:00:00+00:00,1.26503,1.26503,1.26444,1.26499,1989
2026-02-12T14:15:00+00:00,1.26499,1.26512,1.26496,1.26496,1752
2026-02-12T14:30:00+00:00,1.26496,1.26496,1.26448,1.26461,987
2026-02-12T14:45:00+00:00,1.26461,1.26529,1.26456,1.26529,1340
2026-02-12T15:00:00+00:00,1.26529,1.26529,1.26478,1.26478,1930
2026-02-12T15:15:00+00:00,1.26478,1.26478,1.26406,1.26434,1425
2026-02-12T15:30:00+00:00,1.26434,1.26446,1.26420,1.26420,1058
2026-02-12T15:45:00+00:00,1.26420,1.26420,1.26391,1.26398,1553
2026-02-12T16:00:00+00:00,1.26398,1.26424,1.26398,1.26400,1360
2026-02-12T16:15:00+00:00,1.26400,1.26400,1.26374,1.26374,1337
2026-02-12T16:30:00+00:00,1.26374,1.26400,1.26374,1.26400,1730
2026-02-12T16:45:00+00:00,1.26400,1.26400,1.26341,1.26341,1755
2026-02-12T17:00:00+00:00,1.26341,1.26341,1.26329,1.26337,1968
2026-02-12T17:15:00+00:00,1.26337,1.26337,1.26320,1.26321,2053
2026-02-12T17:30:00+00:00,1.26321,1.26321,1.26281,1.26281,1953
2026-02-12T17:45:00+00:00,1.26281,1.26282,1.26264,1.26281,1320
2026-02-12T18:00:00+00:00,1.26281,1.26295,1.26281,1.26283,1775
2026-02-12T18:15:00+00:00,1.26283,1.26307,1.26282,1.26282,1631
2026-02-12T18:30:00+00:00,1.26282,1.26282,1.26267,1.26275,1308
2026-02-12T18:45:00+00:00,1.26275,1.26306,1.26270,1.26306,1229
2026-02-12T19:00:00+00:00,1.26306,1.26310,1.26289,1.26289,771
2026-02-12T19:15:00+00:00,1.26289,1.26337,1.26289,1.26333,918
2026-02-12T19:30:00+00:00,1.26333,1.26341,1.26301,1.26301,1827
2026-02-12T19:45:00+00:00,1.26301,1.26320,1.26301,1.26317,1001
2026-02-12T20:00:00+00:00,1.26317,1.26348,1.26317,1.26347,767
2026-02-12T20:15:00+00:00,1.26347,1.26391,1.26338,1.26391,1387
2026-02-12T20:30:00+00:00,1.26391,1.26397,1.26382,1.26397,1493
2026-02-12T20:45:00+00:00,1.26397,1.26404,1.26389,1.26393,755
2026-02-12T21:00:00+00:00,1.26393,1.26434,1.26393,1.26426,1175
2026-02-12T21:15:00+00:00,1.26426,1.26446,1.26426,1.26439,1705
2026-02-12T21:30:00+00:00,1.26439,1.26444,1.26435,1.26435,2140
2026-02-12T21:45:00+00:00,1.26435,1.26470,1.26434,1.26468,1939
2026-02-12T22:00:00+00:00,1.26468,1.26468,1.26444,1.26444,1119
2026-02-12T22:15:00+00:00,1.26444,1.26445,1.26411,1.26439,1401
2026-02-12T22:30:00+00:00,1.26439,1.26442,1.26426,1.26426,2203
2026-02-12T22:45:00+00:00,1.26426,1.26446,1.26426,1.26444,735
2026-02-12T23:00:00+00:00,1.26444,1.26474,1.26441,1.26474,955
2026-02-12T23:15:00+00:00,1.26474,1.26474,1.26452,1.26452,2053
2026-02-12T23:30:00+00:00,1.26452,1.26462,1.26429,1.26441,2020
2026-02-12T23:45:00+00:00,1.26441,1.26473,1.26441,1.26473,1633
2026-02-13T00:00:00+00:00,1.26473,1.26493,1.26469,1.26488,2016
2026-02-13T00:15:00+00:00,1.26488,1.26567,1.26488,1.26562,1951
2026-02-13T00:30:00+00:00,1.26562,1.26562,1.26526,1.26556,2449
2026-02-13T00:45:00+00:00,1.26556,1.26583,1.26556,1.26583,2055
2026-02-13T01:00:00+00:00,1.26583,1.26597,1.26560,1.26576,2631
2026-02-13T01:15:00+00:00,1.26576,1.26649,1.26576,1.26649,1285
2026-02-13T01:30:00+00:00,1.26649,1.26712,1.26649,1.26688,1767
2026-02-13T01:45:00+00:00,1.26688,1.26689,1.26650,1.26650,1353
2026-02-13T02:00:00+00:00,1.26650,1.26653,1.26635,1.26653,1964
2026-02-13T02:15:00+00:00,1.26653,1.26669,1.26633,1.26656,741
2026-02-13T02:30:00+00:00,1.26656,1.26656,1.26570,1.26570,1982
2026-02-13T02:45:00+00:00,1.26570,1.26570,1.26542,1.26552,1282
2026-02-13T03:00:00+00:00,1.26552,1.26573,1.26538,1.26538,1529
2026-02-13T03:15:00+00:00,1.26538,1.26544,1.26522,1.26541,1798
2026-02-13T03:30:00+00:00,1.26541,1.26543,1.26528,1.26536,1628
2026-02-13T03:45:00+00:00,1.26536,1.26536,1.26490,1.26490,1481
2026-02-13T04:00:00+00:00,1.26490,1.26515,1.26479,1.26515,1892
2026-02-13T04:15:00+00:00,1.26515,1.26536,1.26515,1.26531,1479
2026-02-13T04:30:00+00:00,1.26531,1.26591,1.26531,1.26550,2080
2026-02-13T04:45:00+00:00,1.26550,1.26550,1.26522,1.26540,1124
2026-02-13T05:00:00+00:00,1.26540,1.26553,1.26513,1.26528,1488
2026-02-13T05:15:00+00:00,1.26528,1.26554,1.26528,1.26554,1178
2026-02-13T05:30:00+00:00,1.26554,1.26582,1.26527,1.26582,2226
2026-02-13T05:45:00+00:00,1.26582,1.26582,1.26515,1.26519,1542
2026-02-13T06:00:00+00:00,1.26519,1.26519,1.26491,1.26491,1413
2026-02-13T06:15:00+00:00,1.26491,1.26566,1.26491,1.26566,1443
2026-02-13T06:30:00+00:00,1.26566,1.26589,1.26537,1.26564,1667
2026-02-13T06:45:00+00:00,1.26564,1.26590,1.26515,1.26590,1330
2026-02-13T07:00:00+00:00,1.26590,1.26659,1.26577,1.26659,1176
2026-02-13T07:15:00+00:00,1.26659,1.26664,1.26590,1.26664,1952
2026-02-13T07:30:00+00:00,1.26664,1.26671,1.26542,1.26573,1365
2026-02-13T07:45:00+00:00,1.26573,1.26573,1.26397,1.26397,1741
2026-02-13T08:00:00+00:00,1.26397,1.26439,1.26397,1.26439,1942
2026-02-13T08:15:00+00:00,1.26439,1.26531,1.26439,1.26531,1691
2026-02-13T08:30:00+00:00,1.26531,1.26545,1.26484,1.26484,1833
2026-02-13T08:45:00+00:00,1.26484,1.26507,1.26473,1.26507,1187
2026-02-13T09:00:00+00:00,1.26507,1.26519,1.26490,1.26504,2136
2026-02-13T09:15:00+00:00,1.26504,1.26546,1.26504,1.26538,985
2026-02-13T09:30:00+00:00,1.26538,1.26538,1.26512,1.26512,1345
2026-02-13T09:45:00+00:00,1.26512,1.26520,1.26496,1.26513,1232
2026-02-13T10:00:00+00:00,1.26513,1.26516,1.26480,1.26480,955
2026-02-13T10:15:00+00:00,1.26480,1.26480,1.26453,1.26467,2001
2026-02-13T10:30:00+00:00,1.26467,1.26467,1.26448,1.26462,1999
2026-02-13T10:45:00+00:00,1.26462,1.26470,1.26459,1.26470,1443
2026-02-13T11:00:00+00:00,1.26470,1.26475,1.26432,1.26432,1059
2026-02-13T11:15:00+00:00,1.26432,1.26448,1.26421,1.26448,1987
2026-02-13T11:30:00+00:00,1.26448,1.26448,1.26421,1.26421,1893
2026-02-13T11:45:00+00:00,1.26421,1.26456,1.26421,1.26435,2199
2026-02-13T12:00:00+00:00,1.26435,1.26453,1.26401,1.26401,2352
2026-02-13T12:15:00+00:00,1.26401,1.26401,1.26329,1.26382,1143
2026-02-13T12:30:00+00:00,1.26382,1.26382,1.26306,1.26342,2011
2026-02-13T12:45:00+00:00,1.26342,1.26443,1.26342,1.26435,1841
2026-02-13T13:00:00+00:00,1.26435,1.26465,1.26367,1.26465,875
2026-02-13T13:15:00+00:00,1.26465,1.26465,1.26393,1.26413,1543
2026-02-13T13:30:00+00:00,1.26413,1.26602,1.26413,1.26602,2094
2026-02-13T13:45:00+00:00,1.26602,1.26701,1.26602,1.26648,2070
2026-02-13T14:00:00+00:00,1.26648,1.26677,1.26621,1.26660,2658
2026-02-13T14:15:00+00:00,1.26660,1.26726,1.26635,1.26726,823
2026-02-13T14:30:00+00:00,1.26726,1.26726,1.26679,1.26712,1704
2026-02-13T14:45:00+00:00,1.26712,1.26756,1.26684,1.26684,1459
2026-02-13T15:00:00+00:00,1.26684,1.26684,1.26660,1.26673,1587
2026-02-13T15:15:00+00:00,1.26673,1.26712,1.26673,1.26712,1820
2026-02-13T15:30:00+00:00,1.26712,1.26712,1.26650,1.26650,2420
2026-02-13T15:45:00+00:00,1.26650,1.26687,1.26650,1.26687,2204
2026-02-13T16:00:00+00:00,1.26687,1.26700,1.26682,1.26696,2810
2026-02-13T16:15:00+00:00,1.26696,1.26696,1.26657,1.26657,2248
2026-02-13T16:30:00+00:00,1.26657,1.26663,1.26639,1.26663,1588
2026-02-13T16:45:00+00:00,1.26663,1.26683,1.26663,1.26679,689
2026-02-13T17:00:00+00:00,1.26679,1.26707,1.26677,1.26707,1358
2026-02-13T17:15:00+00:00,1.26707,1.26707,1.26677,1.26677,2683
2026-02-13T17:30:00+00:00,1.26677,1.26678,1.26669,1.26671,1466
2026-02-13T17:45:00+00:00,1.26671,1.26678,1.26638,1.26651,1294
2026-02-13T18:00:00+00:00,1.26651,1.26671,1.26651,1.26669,915
2026-02-13T18:15:00+00:00,1.26669,1.26669,1.26650,1.26650,534
2026-02-13T18:30:00+00:00,1.26650,1.26677,1.26650,1.26671,1824
2026-02-13T18:45:00+00:00,1.26671,1.26677,1.26662,1.26663,1812
2026-02-13T19:00:00+00:00,1.26663,1.26665,1.26650,1.26655,1915
2026-02-13T19:15:00+00:00,1.26655,1.26684,1.26655,1.26684,1184
2026-02-13T19:30:00+00:00,1.26684,1.26686,1.26666,1.26677,1233
2026-02-13T19:45:00+00:00,1.26677,1.26714,1.26677,1.26714,1482
2026-02-13T20:00:00+00:00,1.26714,1.26737,1.26714,1.26727,666
2026-02-13T20:15:00+00:00,1.26727,1.26735,1.26703,1.26703,444
2026-02-13T20:30:00+00:00,1.26703,1.26723,1.26701,1.26704,1702
2026-02-13T20:45:00+00:00,1.26704,1.26704,1.26691,1.26703,765
2026-02-13T21:00:00+00:00,1.26703,1.26720,1.26703,1.26720,920
2026-02-13T21:15:00+00:00,1.26720,1.26724,1.26704,1.26717,1803
2026-02-13T21:30:00+00:00,1.26717,1.26717,1.26683,1.26683,1535
2026-02-13T21:45:00+00:00,1.26683,1.26705,1.26678,1.26705,827
2026-02-13T22:00:00+00:00,1.26705,1.26735,1.26703,1.26735,1958
2026-02-13T22:15:00+00:00,1.26735,1.26746,1.26724,1.26746,480
2026-02-13T22:30:00+00:00,1.26746,1.26764,1.26746,1.26756,1745
2026-02-13T22:45:00+00:00,1.26756,1.26764,1.26756,1.26756,811
2026-02-13T23:00:00+00:00,1.26756,1.26756,1.26726,1.26735,2072
2026-02-13T23:15:00+00:00,1.26735,1.26766,1.26735,1.26761,1786
2026-02-13T23:30:00+00:00,1.26761,1.26778,1.26750,1.26756,1119
2026-02-13T23:45:00+00:00,1.26756,1.26756,1.26729,1.26734,1333
2026-02-16T00:00:00+00:00,1.26734,1.26805,1.26734,1.26805,1647
2026-02-16T00:15:00+00:00,1.26805,1.26830,1.26793,1.26830,1468
2026-02-16T00:30:00+00:00,1.26830,1.26857,1.26827,1.26827,1764
2026-02-16T00:45:00+00:00,1.26827,1.26867,1.26805,1.26847,899
2026-02-16T01:00:00+00:00,1.26847,1.26867,1.26833,1.26842,1954
2026-02-16T01:15:00+00:00,1.26842,1.26892,1.26829,1.26892,774
2026-02-16T01:30:00+00:00,1.26892,1.26897,1.26877,1.26897,1189
2026-02-16T01:45:00+00:00,1.26897,1.26897,1.26883,1.26897,2206
2026-02-16T02:00:00+00:00,1.26897,1.26903,1.26880,1.26887,1409
2026-02-16T02:15:00+00:00,1.26887,1.26918,1.26885,1.26885,933
2026-02-16T02:30:00+00:00,1.26885,1.26885,1.26851,1.26851,2340
2026-02-16T02:45:00+00:00,1.26851,1.26876,1.26849,1.26876,1125
2026-02-16T03:00:00+00:00,1.26876,1.26919,1.26876,1.26891,2069
2026-02-16T03:15:00+00:00,1.26891,1.26894,1.26871,1.26894,1712
2026-02-16T03:30:00+00:00,1.26894,1.26903,1.26885,1.26903,1684
2026-02-16T03:45:00+00:00,1.26903,1.26929,1.26903,1.26927,1506
2026-02-16T04:00:00+00:00,1.26927,1.26927,1.26841,1.26841,2266
2026-02-16T04:15:00+00:00,1.26841,1.26843,1.26807,1.26807,883
2026-02-16T04:30:00+00:00,1.26807,1.26830,1.26807,1.26830,1722
2026-02-16T04:45:00+00:00,1.26830,1.26883,1.26830,1.26883,891
2026-02-16T05:00:00+00:00,1.26883,1.26905,1.26883,1.26896,1247
2026-02-16T05:15:00+00:00,1.26896,1.26912,1.26882,1.26912,1238
2026-02-16T05:30:00+00:00,1.26912,1.26929,1.26900,1.26906,1223
2026-02-16T05:45:00+00:00,1.26906,1.26910,1.26843,1.26843,2330
2026-02-16T06:00:00+00:00,1.26843,1.26847,1.26801,1.26821,1264
2026-02-16T06:15:00+00:00,1.26821,1.26821,1.26727,1.26758,1444
2026-02-16T06:30:00+00:00,1.26758,1.26897,1.26758,1.26897,1025
2026-02-16T06:45:00+00:00,1.26897,1.26897,1.26814,1.26814,2223
2026-02-16T07:00:00+00:00,1.26814,1.26902,1.26814,1.26872,2438
2026-02-16T07:15:00+00:00,1.26872,1.26892,1.26713,1.26743,2805
2026-02-16T07:30:00+00:00,1.26743,1.26932,1.26710,1.26932,2333
2026-02-16T07:45:00+00:00,1.26932,1.27005,1.26917,1.26951,1790
2026-02-16T08:00:00+00:00,1.26951,1.27044,1.26951,1.27044,1535
2026-02-16T08:15:00+00:00,1.27044,1.27062,1.27024,1.27027,3008
2026-02-16T08:30:00+00:00,1.27027,1.27068,1.27027,1.27050,2078
2026-02-16T08:45:00+00:00,1.27050,1.27063,1.27033,1.27034,1802
2026-02-16T09:00:00+00:00,1.27034,1.27038,1.27011,1.27011,461
2026-02-16T09:15:00+00:00,1.27011,1.27033,1.26991,1.27030,1165
2026-02-16T09:30:00+00:00,1.27030,1.27030,1.26965,1.26965,2127
2026-02-16T09:45:00+00:00,1.26965,1.26978,1.26959,1.26975,1788
2026-02-16T10:00:00+00:00,1.26975,1.26993,1.26971,1.26993,1614
2026-02-16T10:15:00+00:00,1.26993,1.26993,1.26963,1.26977,1487
2026-02-16T10:30:00+00:00,1.26977,1.26977,1.26957,1.26966,2298
2026-02-16T10:45:00+00:00,1.26966,1.26969,1.26928,1.26928,1676
2026-02-16T11:00:00+00:00,1.26928,1.26928,1.26900,1.26900,999
2026-02-16T11:15:00+00:00,1.26900,1.26908,1.26895,1.26904,2206
2026-02-16T11:30:00+00:00,1.26904,1.26942,1.26899,1.26942,2605
2026-02-16T11:45:00+00:00,1.26942,1.26962,1.26920,1.26932,1851
2026-02-16T12:00:00+00:00,1.26932,1.26947,1.26917,1.26942,726
2026-02-16T12:15:00+00:00,1.26942,1.26957,1.26915,1.26952,2460
2026-02-16T12:30:00+00:00,1.26952,1.27019,1.26952,1.26958,1306
2026-02-16T12:45:00+00:00,1.26958,1.27062,1.26958,1.27039,1383
2026-02-16T13:00:00+00:00,1.27039,1.27049,1.27002,1.27002,664
2026-02-16T13:15:00+00:00,1.27002,1.27085,1.27002,1.27047,851
2026-02-16T13:30:00+00:00,1.27047,1.27047,1.26940,1.26940,1156
2026-02-16T13:45:00+00:00,1.26940,1.27010,1.26916,1.27010,1460
2026-02-16T14:00:00+00:00,1.27010,1.27092,1.27003,1.27054,2227
2026-02-16T14:15:00+00:00,1.27054,1.27095,1.27054,1.27073,1529
2026-02-16T14:30:00+00:00,1.27073,1.27127,1.27073,1.27084,1190
2026-02-16T14:45:00+00:00,1.27084,1.27084,1.26984,1.26984,1146
2026-02-16T15:00:00+00:00,1.26984,1.27003,1.26968,1.27003,1638
2026-02-16T15:15:00+00:00,1.27003,1.27054,1.27002,1.27054,1581
2026-02-16T15:30:00+00:00,1.27054,1.27116,1.27054,1.27116,1967
2026-02-16T15:45:00+00:00,1.27116,1.27116,1.27060,1.27072,1089
2026-02-16T16:00:00+00:00,1.27072,1.27083,1.27049,1.27053,2022
2026-02-16T16:15:00+00:00,1.27053,1.27081,1.27053,1.27075,937
2026-02-16T16:30:00+00:00,1.27075,1.27129,1.27075,1.27128,1233
2026-02-16T16:45:00+00:00,1.27128,1.27143,1.27128,1.27137,1111
2026-02-16T17:00:00+00:00,1.27137,1.27137,1.27117,1.27121,1533
2026-02-16T17:15:00+00:00,1.27121,1.27130,1.27111,1.27119,1096
2026-02-16T17:30:00+00:00,1.27119,1.27130,1.27112,1.27130,1737
2026-02-16T17:45:00+00:00,1.27130,1.27159,1.27130,1.27144,2005
2026-02-16T18:00:00+00:00,1.27144,1.27146,1.27131,1.27131,1083
2026-02-16T18:15:00+00:00,1.27131,1.27142,1.27130,1.27141,2090
2026-02-16T18:30:00+00:00,1.27141,1.27146,1.27126,1.27146,1297
2026-02-16T18:45:00+00:00,1.27146,1.27157,1.27120,1.27157,1284
2026-02-16T19:00:00+00:00,1.27157,1.27163,1.27119,1.27119,1989
2026-02-16T19:15:00+00:00,1.27119,1.27119,1.27084,1.27084,943
2026-02-16T19:30:00+00:00,1.27084,1.27103,1.27071,1.27103,1535
2026-02-16T19:45:00+00:00,1.27103,1.27139,1.27103,1.27113,886
2026-02-16T20:00:00+00:00,1.27113,1.27121,1.27097,1.27097,1254
2026-02-16T20:15:00+00:00,1.27097,1.27116,1.27097,1.27116,1621
2026-02-16T20:30:00+00:00,1.27116,1.27140,1.27105,1.27131,1342
2026-02-16T20:45:00+00:00,1.27131,1.27138,1.27117,1.27127,1130
2026-02-16T21:00:00+00:00,1.27127,1.27188,1.27127,1.27188,1831
2026-02-16T21:15:00+00:00,1.27188,1.27202,1.27187,1.27202,1512
2026-02-16T21:30:00+00:00,1.27202,1.27221,1.27194,1.27216,1405
2026-02-16T21:45:00+00:00,1.27216,1.27257,1.27216,1.27243,1313
2026-02-16T22:00:00+00:00,1.27243,1.27243,1.27219,1.27220,1571
2026-02-16T22:15:00+00:00,1.27220,1.27220,1.27199,1.27202,1442
2026-02-16T22:30:00+00:00,1.27202,1.27204,1.27186,1.27204,2432
2026-02-16T22:45:00+00:00,1.27204,1.27218,1.27196,1.27212,1544
2026-02-16T23:00:00+00:00,1.27212,1.27220,1.27207,1.27207,2347
2026-02-16T23:15:00+00:00,1.27207,1.27218,1.27195,1.27218,512
2026-02-16T23:30:00+00:00,1.27218,1.27220,1.27204,1.27204,1430
2026-02-16T23:45:00+00:00,1.27204,1.27204,1.27159,1.27173,1619
2026-02-17T00:00:00+00:00,1.27173,1.27177,1.27149,1.27166,1185
2026-02-17T00:15:00+00:00,1.27166,1.27180,1.27147,1.27147,2078
2026-02-17T00:30:00+00:00,1.27147,1.27155,1.27130,1.27155,851
2026-02-17T00:45:00+00:00,1.27155,1.27156,1.27131,1.27136,1131
2026-02-17T01:00:00+00:00,1.27136,1.27182,1.27136,1.27150,2419
2026-02-17T01:15:00+00:00,1.27150,1.27184,1.27150,1.27176,1240
2026-02-17T01:30:00+00:00,1.27176,1.27176,1.27050,1.27050,1085
2026-02-17T01:45:00+00:00,1.27050,1.27056,1.27021,1.27021,2403
2026-02-17T02:00:00+00:00,1.27021,1.27071,1.27021,1.27057,1925
2026-02-17T02:15:00+00:00,1.27057,1.27079,1.27057,1.27074,1982
2026-02-17T02:30:00+00:00,1.27074,1.27098,1.27072,1.27085,1958
2026-02-17T02:45:00+00:00,1.27085,1.27118,1.27085,1.27118,1634
2026-02-17T03:00:00+00:00,1.27118,1.27127,1.27107,1.27107,2001
2026-02-17T03:15:00+00:00,1.27107,1.27141,1.27100,1.27128,1064
2026-02-17T03:30:00+00:00,1.27128,1.27152,1.27112,1.27152,1669
2026-02-17T03:45:00+00:00,1.27152,1.27192,1.27152,1.27192,2299
2026-02-17T04:00:00+00:00,1.27192,1.27210,1.27191,1.27210,1759
2026-02-17T04:15:00+00:00,1.27210,1.27210,1.27174,1.27180,416
2026-02-17T04:30:00+00:00,1.27180,1.27180,1.27163,1.27175,1428
2026-02-17T04:45:00+00:00,1.27175,1.27175,1.27143,1.27143,1406
2026-02-17T05:00:00+00:00,1.27143,1.27143,1.27104,1.27104,1178
2026-02-17T05:15:00+00:00,1.27104,1.27104,1.27061,1.27061,2179
2026-02-17T05:30:00+00:00,1.27061,1.27127,1.27059,1.27115,1003
2026-02-17T05:45:00+00:00,1.27115,1.27115,1.27097,1.27097,1329
2026-02-17T06:00:00+00:00,1.27097,1.27120,1.27063,1.27063,2181
2026-02-17T06:15:00+00:00,1.27063,1.27063,1.26938,1.26938,2139
2026-02-17T06:30:00+00:00,1.26938,1.26938,1.26813,1.26813,2423
2026-02-17T06:45:00+00:00,1.26813,1.26831,1.26745,1.26831,1375
2026-02-17T07:00:00+00:00,1.26831,1.26897,1.26765,1.26765,2196
2026-02-17T07:15:00+00:00,1.26765,1.26765,1.26663,1.26663,1277
2026-02-17T07:30:00+00:00,1.26663,1.26794,1.26663,1.26724,2560
2026-02-17T07:45:00+00:00,1.26724,1.26724,1.26664,1.26707,2305
2026-02-17T08:00:00+00:00,1.26707,1.26709,1.26674,1.26709,2614
2026-02-17T08:15:00+00:00,1.26709,1.26742,1.26703,1.26742,2676
2026-02-17T08:30:00+00:00,1.26742,1.26818,1.26742,1.26818,927
2026-02-17T08:45:00+00:00,1.26818,1.26834,1.26786,1.26834,1506
2026-02-17T09:00:00+00:00,1.26834,1.26846,1.26822,1.26842,1022
2026-02-17T09:15:00+00:00,1.26842,1.26842,1.26801,1.26801,1416
2026-02-17T09:30:00+00:00,1.26801,1.26816,1.26801,1.26805,1471
2026-02-17T09:45:00+00:00,1.26805,1.26827,1.26805,1.26808,1092
2026-02-17T10:00:00+00:00,1.26808,1.26838,1.26808,1.26838,559
2026-02-17T10:15:00+00:00,1.26838,1.26846,1.26837,1.26846,299
2026-02-17T10:30:00+00:00,1.26846,1.26857,1.26841,1.26856,968
2026-02-17T10:45:00+00:00,1.26856,1.26856,1.26844,1.26856,1260
2026-02-17T11:00:00+00:00,1.26856,1.26856,1.26830,1.26851,1680
2026-02-17T11:15:00+00:00,1.26851,1.26851,1.26817,1.26819,1614
2026-02-17T11:30:00+00:00,1.26819,1.26819,1.26800,1.26813,2224
2026-02-17T11:45:00+00:00,1.26813,1.26840,1.26813,1.26821,1055
2026-02-17T12:00:00+00:00,1.26821,1.26850,1.26796,1.26796,1852
2026-02-17T12:15:00+00:00,1.26796,1.26796,1.26765,1.26770,1380
2026-02-17T12:30:00+00:00,1.26770,1.26803,1.26741,1.26803,2003
2026-02-17T12:45:00+00:00,1.26803,1.26904,1.26803,1.26898,1316
2026-02-17T13:00:00+00:00,1.26898,1.26944,1.26898,1.26944,955
2026-02-17T13:15:00+00:00,1.26944,1.26944,1.26894,1.26929,2260
2026-02-17T13:30:00+00:00,1.26929,1.26941,1.26888,1.26916,1730
2026-02-17T13:45:00+00:00,1.26916,1.26972,1.26873,1.26928,1486
2026-02-17T14:00:00+00:00,1.26928,1.26960,1.26928,1.26950,1783
2026-02-17T14:15:00+00:00,1.26950,1.27032,1.26933,1.27004,2485
2026-02-17T14:30:00+00:00,1.27004,1.27136,1.27004,1.27136,1455
2026-02-17T14:45:00+00:00,1.27136,1.27136,1.27079,1.27079,1382
2026-02-17T15:00:00+00:00,1.27079,1.27113,1.27065,1.27113,1560
2026-02-17T15:15:00+00:00,1.27113,1.27145,1.27082,1.27145,1323
2026-02-17T15:30:00+00:00,1.27145,1.27157,1.27115,1.27157,1405
2026-02-17T15:45:00+00:00,1.27157,1.27157,1.27136,1.27136,1400
2026-02-17T16:00:00+00:00,1.27136,1.27136,1.27067,1.27067,818
2026-02-17T16:15:00+00:00,1.27067,1.27067,1.27030,1.27030,1300
2026-02-17T16:30:00+00:00,1.27030,1.27056,1.27030,1.27056,1715
2026-02-17T16:45:00+00:00,1.27056,1.27084,1.27056,1.27084,637
2026-02-17T17:00:00+00:00,1.27084,1.27103,1.27084,1.27092,1518
2026-02-17T17:15:00+00:00,1.27092,1.27096,1.27083,1.27092,1623
2026-02-17T17:30:00+00:00,1.27092,1.27092,1.27082,1.27092,1222
2026-02-17T17:45:00+00:00,1.27092,1.27092,1.27075,1.27079,952
2026-02-17T18:00:00+00:00,1.27079,1.27088,1.27074,1.27078,1496
2026-02-17T18:15:00+00:00,1.27078,1.27082,1.27041,1.27041,2639
2026-02-17T18:30:00+00:00,1.27041,1.27054,1.27041,1.27044,1450
2026-02-17T18:45:00+00:00,1.27044,1.27060,1.27037,1.27060,1598
2026-02-17T19:00:00+00:00,1.27060,1.27081,1.27060,1.27079,1037
2026-02-17T19:15:00+00:00,1.27079,1.27096,1.27063,1.27063,1776
2026-02-17T19:30:00+00:00,1.27063,1.27063,1.27048,1.27058,1351
2026-02-17T19:45:00+00:00,1.27058,1.27058,1.27046,1.27053,699
2026-02-17T20:00:00+00:00,1.27053,1.27053,1.27014,1.27027,836
2026-02-17T20:15:00+00:00,1.27027,1.27033,1.27012,1.27023,1271
2026-02-17T20:30:00+00:00,1.27023,1.27023,1.27008,1.27014,1056
2026-02-17T20:45:00+00:00,1.27014,1.27031,1.26999,1.27031,1138
2026-02-17T21:00:00+00:00,1.27031,1.27040,1.26983,1.26983,1985
2026-02-17T21:15:00+00:00,1.26983,1.26983,1.26939,1.26939,1048
2026-02-17T21:30:00+00:00,1.26939,1.26939,1.26915,1.26915,1499
2026-02-17T21:45:00+00:00,1.26915,1.26948,1.26915,1.26948,2092
2026-02-17T22:00:00+00:00,1.26948,1.26959,1.26948,1.26952,2264
2026-02-17T22:15:00+00:00,1.26952,1.26970,1.26952,1.26970,1277
2026-02-17T22:30:00+00:00,1.26970,1.26975,1.26963,1.26965,2663
2026-02-17T22:45:00+00:00,1.26965,1.26976,1.26953,1.26953,1471
2026-02-17T23:00:00+00:00,1.26953,1.26953,1.26916,1.26925,1636
2026-02-17T23:15:00+00:00,1.26925,1.26925,1.26892,1.26892,1046
2026-02-17T23:30:00+00:00,1.26892,1.26892,1.26882,1.26889,1187
2026-02-17T23:45:00+00:00,1.26889,1.26927,1.26879,1.26927,922
2026-02-18T00:00:00+00:00,1.26927,1.26956,1.26927,1.26956,2141
2026-02-18T00:15:00+00:00,1.26956,1.26974,1.26949,1.26949,1677
2026-02-18T00:30:00+00:00,1.26949,1.26949,1.26880,1.26880,1420
2026-02-18T00:45:00+00:00,1.26880,1.26927,1.26880,1.26923,2099
2026-02-18T01:00:00+00:00,1.26923,1.26936,1.26910,1.26929,1886
2026-02-18T01:15:00+00:00,1.26929,1.26988,1.26929,1.26988,1596
2026-02-18T01:30:00+00:00,1.26988,1.26988,1.26939,1.26939,1395
2026-02-18T01:45:00+00:00,1.26939,1.26939,1.26889,1.26889,1769
2026-02-18T02:00:00+00:00,1.26889,1.26901,1.26865,1.26901,1239
2026-02-18T02:15:00+00:00,1.26901,1.26923,1.26855,1.26855,1329
2026-02-18T02:30:00+00:00,1.26855,1.26899,1.26846,1.26899,1051
2026-02-18T02:45:00+00:00,1.26899,1.26899,1.26850,1.26850,529
2026-02-18T03:00:00+00:00,1.26850,1.26858,1.26828,1.26858,1002
2026-02-18T03:15:00+00:00,1.26858,1.26858,1.26823,1.26823,1712
2026-02-18T03:30:00+00:00,1.26823,1.26823,1.26798,1.26802,2562
2026-02-18T03:45:00+00:00,1.26802,1.26802,1.26771,1.26771,1839
2026-02-18T04:00:00+00:00,1.26771,1.26789,1.26767,1.26789,2386
2026-02-18T04:15:00+00:00,1.26789,1.26794,1.26738,1.26751,1665
2026-02-18T04:30:00+00:00,1.26751,1.26775,1.26741,1.26741,1701
2026-02-18T04:45:00+00:00,1.26741,1.26747,1.26721,1.26721,1679
2026-02-18T05:00:00+00:00,1.26721,1.26737,1.26710,1.26737,2005
2026-02-18T05:15:00+00:00,1.26737,1.26754,1.26737,1.26743,1980
2026-02-18T05:30:00+00:00,1.26743,1.26774,1.26743,1.26768,1705
2026-02-18T05:45:00+00:00,1.26768,1.26778,1.26737,1.26737,1686
2026-02-18T06:00:00+00:00,1.26737,1.26788,1.26737,1.26767,1453
2026-02-18T06:15:00+00:00,1.26767,1.26767,1.26645,1.26645,1539
2026-02-18T06:30:00+00:00,1.26645,1.26769,1.26645,1.26769,2413
2026-02-18T06:45:00+00:00,1.26769,1.26769,1.26686,1.26730,1743
2026-02-18T07:00:00+00:00,1.26730,1.26740,1.26667,1.26667,1508
2026-02-18T07:15:00+00:00,1.26667,1.26696,1.26634,1.26644,2028
2026-02-18T07:30:00+00:00,1.26644,1.26644,1.26491,1.26491,2273
2026-02-18T07:45:00+00:00,1.26491,1.26513,1.26473,1.26473,1387
2026-02-18T08:00:00+00:00,1.26473,1.26572,1.26473,1.26572,1961
2026-02-18T08:15:00+00:00,1.26572,1.26572,1.26504,1.26508,1999
2026-02-18T08:30:00+00:00,1.26508,1.26551,1.26508,1.26551,1458
2026-02-18T08:45:00+00:00,1.26551,1.26559,1.26519,1.26559,2029
2026-02-18T09:00:00+00:00,1.26559,1.26564,1.26541,1.26564,1573
2026-02-18T09:15:00+00:00,1.26564,1.26579,1.26540,1.26550,2207
2026-02-18T09:30:00+00:00,1.26550,1.26557,1.26543,1.26556,1551
2026-02-18T09:45:00+00:00,1.26556,1.26556,1.26543,1.26543,1351
2026-02-18T10:00:00+00:00,1.26543,1.26554,1.26532,1.26540,1787
2026-02-18T10:15:00+00:00,1.26540,1.26576,1.26540,1.26561,1775
2026-02-18T10:30:00+00:00,1.26561,1.26564,1.26548,1.26548,2183
2026-02-18T10:45:00+00:00,1.26548,1.26574,1.26548,1.26574,2411
2026-02-18T11:00:00+00:00,1.26574,1.26586,1.26543,1.26552,1688
2026-02-18T11:15:00+00:00,1.26552,1.26555,1.26537,1.26555,1564
2026-02-18T11:30:00+00:00,1.26555,1.26555,1.26513,1.26513,1750
2026-02-18T11:45:00+00:00,1.26513,1.26532,1.26497,1.26497,1973
2026-02-18T12:00:00+00:00,1.26497,1.26522,1.26497,1.26510,1950
2026-02-18T12:15:00+00:00,1.26510,1.26599,1.26510,1.26599,975
2026-02-18T12:30:00+00:00,1.26599,1.26599,1.26537,1.26563,799
2026-02-18T12:45:00+00:00,1.26563,1.26601,1.26537,1.26601,2329
2026-02-18T13:00:00+00:00,1.26601,1.26646,1.26580,1.26585,1466
2026-02-18T13:15:00+00:00,1.26585,1.26595,1.26550,1.26595,2054
2026-02-18T13:30:00+00:00,1.26595,1.26684,1.26595,1.26655,1604
2026-02-18T13:45:00+00:00,1.26655,1.26655,1.26589,1.26589,1659
2026-02-18T14:00:00+00:00,1.26589,1.26686,1.26589,1.26686,2304
2026-02-18T14:15:00+00:00,1.26686,1.26686,1.26555,1.26563,2112
2026-02-18T14:30:00+00:00,1.26563,1.26646,1.26563,1.26646,2123
2026-02-18T14:45:00+00:00,1.26646,1.26646,1.26587,1.26608,2401
2026-02-18T15:00:00+00:00,1.26608,1.26625,1.26583,1.26625,1549
2026-02-18T15:15:00+00:00,1.26625,1.26650,1.26622,1.26622,1814
2026-02-18T15:30:00+00:00,1.26622,1.26678,1.26622,1.26663,1919
2026-02-18T15:45:00+00:00,1.26663,1.26684,1.26650,1.26650,1685
2026-02-18T16:00:00+00:00,1.26650,1.26650,1.26613,1.26620,1640
2026-02-18T16:15:00+00:00,1.26620,1.26643,1.26615,1.26624,743
2026-02-18T16:30:00+00:00,1.26624,1.26656,1.26624,1.26656,1258
2026-02-18T16:45:00+00:00,1.26656,1.26656,1.26626,1.26626,1109
2026-02-18T17:00:00+00:00,1.26626,1.26637,1.26618,1.26625,974
2026-02-18T17:15:00+00:00,1.26625,1.26644,1.26625,1.26630,2121
2026-02-18T17:30:00+00:00,1.26630,1.26676,1.26630,1.26676,814
2026-02-18T17:45:00+00:00,1.26676,1.26680,1.26664,1.26671,755
2026-02-18T18:00:00+00:00,1.26671,1.26687,1.26671,1.26682,1664
2026-02-18T18:15:00+00:00,1.26682,1.26712,1.26682,1.26694,863
2026-02-18T18:30:00+00:00,1.26694,1.26715,1.26693,1.26696,1692
2026-02-18T18:45:00+00:00,1.26696,1.26734,1.26696,1.26734,2055
2026-02-18T19:00:00+00:00,1.26734,1.26770,1.26734,1.26770,1533
2026-02-18T19:15:00+00:00,1.26770,1.26776,1.26734,1.26742,611
2026-02-18T19:30:00+00:00,1.26742,1.26751,1.26742,1.26749,283
2026-02-18T19:45:00+00:00,1.26749,1.26784,1.26749,1.26784,1576
2026-02-18T20:00:00+00:00,1.26784,1.26809,1.26784,1.26799,1732
2026-02-18T20:15:00+00:00,1.26799,1.26803,1.26785,1.26803,2677
2026-02-18T20:30:00+00:00,1.26803,1.26811,1.26803,1.26811,1684
2026-02-18T20:45:00+00:00,1.26811,1.26811,1.26789,1.26803,2304
2026-02-18T21:00:00+00:00,1.26803,1.26807,1.26795,1.26797,1022
2026-02-18T21:15:00+00:00,1.26797,1.26841,1.26797,1.26841,166
2026-02-18T21:30:00+00:00,1.26841,1.26850,1.26825,1.26825,1683
2026-02-18T21:45:00+00:00,1.26825,1.26843,1.26820,1.26843,769
2026-02-18T22:00:00+00:00,1.26843,1.26843,1.26828,1.26828,1432
2026-02-18T22:15:00+00:00,1.26828,1.26861,1.26828,1.26861,1043
2026-02-18T22:30:00+00:00,1.26861,1.26861,1.26815,1.26828,1215
2026-02-18T22:45:00+00:00,1.26828,1.26830,1.26811,1.26817,1078
2026-02-18T23:00:00+00:00,1.26817,1.26817,1.26788,1.26788,2232
2026-02-18T23:15:00+00:00,1.26788,1.26795,1.26772,1.26777,1414
2026-02-18T23:30:00+00:00,1.26777,1.26815,1.26777,1.26815,2304
2026-02-18T23:45:00+00:00,1.26815,1.26815,1.26804,1.26806,1716
2026-02-19T00:00:00+00:00,1.26806,1.26843,1.26806,1.26843,2201
2026-02-19T00:15:00+00:00,1.26843,1.26857,1.26818,1.26818,1857
2026-02-19T00:30:00+00:00,1.26818,1.26818,1.26765,1.26765,1935
2026-02-19T00:45:00+00:00,1.26765,1.26777,1.26730,1.26746,964
2026-02-19T01:00:00+00:00,1.26746,1.26825,1.26746,1.26799,1650
2026-02-19T01:15:00+00:00,1.26799,1.26846,1.26799,1.26846,1205
2026-02-19T01:30:00+00:00,1.26846,1.26863,1.26812,1.26863,546
2026-02-19T01:45:00+00:00,1.26863,1.26894,1.26856,1.26894,2301
2026-02-19T02:00:00+00:00,1.26894,1.26903,1.26877,1.26883,1866
2026-02-19T02:15:00+00:00,1.26883,1.26904,1.26883,1.26886,1288
2026-02-19T02:30:00+00:00,1.26886,1.26934,1.26882,1.26917,2165
2026-02-19T02:45:00+00:00,1.26917,1.26935,1.26915,1.26918,2511
2026-02-19T03:00:00+00:00,1.26918,1.26923,1.26895,1.26903,1652
2026-02-19T03:15:00+00:00,1.26903,1.26916,1.26896,1.26916,1386
2026-02-19T03:30:00+00:00,1.26916,1.26916,1.26859,1.26859,872
2026-02-19T03:45:00+00:00,1.26859,1.26865,1.26853,1.26855,1380
2026-02-19T04:00:00+00:00,1.26855,1.26914,1.26855,1.26904,1807
2026-02-19T04:15:00+00:00,1.26904,1.26931,1.26904,1.26929,1026
2026-02-19T04:30:00+00:00,1.26929,1.26939,1.26897,1.26900,1398
2026-02-19T04:45:00+00:00,1.26900,1.26918,1.26898,1.26918,1024
2026-02-19T05:00:00+00:00,1.26918,1.26947,1.26918,1.26943,1242
2026-02-19T05:15:00+00:00,1.26943,1.26943,1.26884,1.26884,2304
2026-02-19T05:30:00+00:00,1.26884,1.26900,1.26866,1.26866,1202
2026-02-19T05:45:00+00:00,1.26866,1.26874,1.26810,1.26810,1353
2026-02-19T06:00:00+00:00,1.26810,1.26810,1.26752,1.26797,900
2026-02-19T06:15:00+00:00,1.26797,1.26833,1.26740,1.26777,1515
2026-02-19T06:30:00+00:00,1.26777,1.26841,1.26730,1.26794,2441
2026-02-19T06:45:00+00:00,1.26794,1.26820,1.26755,1.26757,1868
2026-02-19T07:00:00+00:00,1.26757,1.26962,1.26752,1.26962,2375
2026-02-19T07:15:00+00:00,1.26962,1.27033,1.26962,1.27033,2100
2026-02-19T07:30:00+00:00,1.27033,1.27033,1.26944,1.26974,1666
2026-02-19T07:45:00+00:00,1.26974,1.27066,1.26951,1.26951,1761
2026-02-19T08:00:00+00:00,1.26951,1.26951,1.26834,1.26850,1722
2026-02-19T08:15:00+00:00,1.26850,1.26850,1.26786,1.26816,1834
2026-02-19T08:30:00+00:00,1.26816,1.26816,1.26767,1.26801,1397
2026-02-19T08:45:00+00:00,1.26801,1.26801,1.26698,1.26698,375
2026-02-19T09:00:00+00:00,1.26698,1.26701,1.26675,1.26687,1287
2026-02-19T09:15:00+00:00,1.26687,1.26728,1.26687,1.26727,2205
2026-02-19T09:30:00+00:00,1.26727,1.26741,1.26719,1.26734,1802
2026-02-19T09:45:00+00:00,1.26734,1.26734,1.26697,1.26709,1352
2026-02-19T10:00:00+00:00,1.26709,1.26721,1.26695,1.26713,1865
2026-02-19T10:15:00+00:00,1.26713,1.26746,1.26713,1.26744,1695
2026-02-19T10:30:00+00:00,1.26744,1.26750,1.26725,1.26750,1518
2026-02-19T10:45:00+00:00,1.26750,1.26761,1.26710,1.26713,255
2026-02-19T11:00:00+00:00,1.26713,1.26748,1.26713,1.26748,1299
2026-02-19T11:15:00+00:00,1.26748,1.26762,1.26739,1.26762,1702
2026-02-19T11:30:00+00:00,1.26762,1.26787,1.26762,1.26777,1762
2026-02-19T11:45:00+00:00,1.26777,1.26777,1.26725,1.26774,1569
2026-02-19T12:00:00+00:00,1.26774,1.26803,1.26764,1.26803,2081
2026-02-19T12:15:00+00:00,1.26803,1.26803,1.26727,1.26763,1612
2026-02-19T12:30:00+00:00,1.26763,1.26763,1.26644,1.26722,2017
2026-02-19T12:45:00+00:00,1.26722,1.26735,1.26639,1.26639,2860
2026-02-19T13:00:00+00:00,1.26639,1.26809,1.26639,1.26809,1852
2026-02-19T13:15:00+00:00,1.26809,1.26843,1.26745,1.26746,2181
2026-02-19T13:30:00+00:00,1.26746,1.26893,1.26728,1.26893,1745
2026-02-19T13:45:00+00:00,1.26893,1.26927,1.26879,1.26899,1101
2026-02-19T14:00:00+00:00,1.26899,1.27008,1.26899,1.27008,1753
2026-02-19T14:15:00+00:00,1.27008,1.27085,1.26986,1.27085,1277
2026-02-19T14:30:00+00:00,1.27085,1.27098,1.27063,1.27098,1246
2026-02-19T14:45:00+00:00,1.27098,1.27139,1.27076,1.27076,1865
2026-02-19T15:00:00+00:00,1.27076,1.27114,1.27076,1.27098,1970
2026-02-19T15:15:00+00:00,1.27098,1.27098,1.27056,1.27076,1813
2026-02-19T15:30:00+00:00,1.27076,1.27076,1.27025,1.27025,1163
2026-02-19T15:45:00+00:00,1.27025,1.27034,1.27008,1.27014,1217
2026-02-19T16:00:00+00:00,1.27014,1.27024,1.26995,1.26995,1935
2026-02-19T16:15:00+00:00,1.26995,1.27000,1.26978,1.26978,2085
2026-02-19T16:30:00+00:00,1.26978,1.26980,1.26970,1.26977,1898
2026-02-19T16:45:00+00:00,1.26977,1.26993,1.26977,1.26983,1630
2026-02-19T17:00:00+00:00,1.26983,1.26987,1.26949,1.26949,2737
2026-02-19T17:15:00+00:00,1.26949,1.26951,1.26930,1.26951,1939
2026-02-19T17:30:00+00:00,1.26951,1.26952,1.26913,1.26913,1155
2026-02-19T17:45:00+00:00,1.26913,1.26922,1.26906,1.26911,1965
2026-02-19T18:00:00+00:00,1.26911,1.26925,1.26905,1.26906,1237
2026-02-19T18:15:00+00:00,1.26906,1.26908,1.26896,1.26900,1000
2026-02-19T18:30:00+00:00,1.26900,1.26900,1.26879,1.26881,1818
2026-02-19T18:45:00+00:00,1.26881,1.26901,1.26881,1.26898,2026
2026-02-19T19:00:00+00:00,1.26898,1.26912,1.26894,1.26900,1545
2026-02-19T19:15:00+00:00,1.26900,1.26909,1.26900,1.26906,2543
2026-02-19T19:30:00+00:00,1.26906,1.26906,1.26884,1.26889,1011
2026-02-19T19:45:00+00:00,1.26889,1.26901,1.26875,1.26879,1465
2026-02-19T20:00:00+00:00,1.26879,1.26882,1.26858,1.26868,1349
2026-02-19T20:15:00+00:00,1.26868,1.26868,1.26849,1.26851,2927
2026-02-19T20:30:00+00:00,1.26851,1.26876,1.26851,1.26876,1510
2026-02-19T20:45:00+00:00,1.26876,1.26877,1.26870,1.26870,756
2026-02-19T21:00:00+00:00,1.26870,1.26870,1.26847,1.26849,1214
2026-02-19T21:15:00+00:00,1.26849,1.26888,1.26849,1.26888,1924
2026-02-19T21:30:00+00:00,1.26888,1.26888,1.26864,1.26864,1645
2026-02-19T21:45:00+00:00,1.26864,1.26864,1.26841,1.26841,1477
2026-02-19T22:00:00+00:00,1.26841,1.26848,1.26836,1.26848,1733
2026-02-19T22:15:00+00:00,1.26848,1.26854,1.26819,1.26819,1064
2026-02-19T22:30:00+00:00,1.26819,1.26829,1.26803,1.26829,1196
2026-02-19T22:45:00+00:00,1.26829,1.26829,1.26808,1.26817,1462
2026-02-19T23:00:00+00:00,1.26817,1.26879,1.26817,1.26879,1123
2026-02-19T23:15:00+00:00,1.26879,1.26881,1.26860,1.26881,1401
2026-02-19T23:30:00+00:00,1.26881,1.26899,1.26881,1.26893,1358
2026-02-19T23:45:00+00:00,1.26893,1.26923,1.26892,1.26923,1462
2026-02-20T00:00:00+00:00,1.26923,1.26998,1.26923,1.26998,1750
2026-02-20T00:15:00+00:00,1.26998,1.26998,1.26963,1.26968,1663
2026-02-20T00:30:00+00:00,1.26968,1.26991,1.26960,1.26960,876
2026-02-20T00:45:00+00:00,1.26960,1.26962,1.26950,1.26950,1061
2026-02-20T01:00:00+00:00,1.26950,1.26950,1.26899,1.26907,2598
2026-02-20T01:15:00+00:00,1.26907,1.26915,1.26875,1.26915,1713
2026-02-20T01:30:00+00:00,1.26915,1.26960,1.26903,1.26960,1345
2026-02-20T01:45:00+00:00,1.26960,1.26968,1.26947,1.26947,1950
2026-02-20T02:00:00+00:00,1.26947,1.26947,1.26919,1.26927,1534
2026-02-20T02:15:00+00:00,1.26927,1.26957,1.26921,1.26922,849
2026-02-20T02:30:00+00:00,1.26922,1.26935,1.26877,1.26883,2021
2026-02-20T02:45:00+00:00,1.26883,1.26883,1.26798,1.26798,1540
2026-02-20T03:00:00+00:00,1.26798,1.26844,1.26798,1.26844,1153
2026-02-20T03:15:00+00:00,1.26844,1.26844,1.26793,1.26805,1599
2026-02-20T03:30:00+00:00,1.26805,1.26805,1.26756,1.26773,1605
2026-02-20T03:45:00+00:00,1.26773,1.26773,1.26754,1.26754,1824
2026-02-20T04:00:00+00:00,1.26754,1.26790,1.26754,1.26776,1433
2026-02-20T04:15:00+00:00,1.26776,1.26822,1.26776,1.26822,1838
2026-02-20T04:30:00+00:00,1.26822,1.26853,1.26822,1.26838,1533
2026-02-20T04:45:00+00:00,1.26838,1.26883,1.26838,1.26883,2471
2026-02-20T05:00:00+00:00,1.26883,1.26892,1.26875,1.26883,1576
2026-02-20T05:15:00+00:00,1.26883,1.26894,1.26870,1.26890,783
2026-02-20T05:30:00+00:00,1.26890,1.26955,1.26890,1.26955,1895
2026-02-20T05:45:00+00:00,1.26955,1.27006,1.26955,1.27006,2475
2026-02-20T06:00:00+00:00,1.27006,1.27052,1.26961,1.27052,2403
2026-02-20T06:15:00+00:00,1.27052,1.27101,1.27028,1.27101,2505
2026-02-20T06:30:00+00:00,1.27101,1.27114,1.27039,1.27039,1820
2026-02-20T06:45:00+00:00,1.27039,1.27091,1.27039,1.27083,1609
2026-02-20T07:00:00+00:00,1.27083,1.27088,1.27009,1.27009,2224
2026-02-20T07:15:00+00:00,1.27009,1.27009,1.26895,1.26895,814
2026-02-20T07:30:00+00:00,1.26895,1.26980,1.26864,1.26980,2068
2026-02-20T07:45:00+00:00,1.26980,1.27172,1.26980,1.27172,1935
2026-02-20T08:00:00+00:00,1.27172,1.27172,1.26986,1.26986,2057
2026-02-20T08:15:00+00:00,1.26986,1.27018,1.26956,1.26956,2010
2026-02-20T08:30:00+00:00,1.26956,1.27015,1.26956,1.27015,1523
2026-02-20T08:45:00+00:00,1.27015,1.27018,1.26947,1.26947,1172
2026-02-20T09:00:00+00:00,1.26947,1.26947,1.26880,1.26880,2064
2026-02-20T09:15:00+00:00,1.26880,1.26880,1.26823,1.26838,1076
2026-02-20T09:30:00+00:00,1.26838,1.26847,1.26835,1.26847,2120
2026-02-20T09:45:00+00:00,1.26847,1.26864,1.26847,1.26850,756
2026-02-20T10:00:00+00:00,1.26850,1.26864,1.26832,1.26832,708
2026-02-20T10:15:00+00:00,1.26832,1.26841,1.26830,1.26840,1304
2026-02-20T10:30:00+00:00,1.26840,1.26866,1.26839,1.26852,458
2026-02-20T10:45:00+00:00,1.26852,1.26880,1.26852,1.26880,2462
2026-02-20T11:00:00+00:00,1.26880,1.26909,1.26867,1.26909,1962
2026-02-20T11:15:00+00:00,1.26909,1.26946,1.26909,1.26935,816
2026-02-20T11:30:00+00:00,1.26935,1.26950,1.26935,1.26942,1186
2026-02-20T11:45:00+00:00,1.26942,1.26958,1.26932,1.26950,2076
2026-02-20T12:00:00+00:00,1.26950,1.26950,1.26898,1.26924,2052
2026-02-20T12:15:00+00:00,1.26924,1.26944,1.26922,1.26929,1750
2026-02-20T12:30:00+00:00,1.26929,1.26929,1.26872,1.26920,1414
2026-02-20T12:45:00+00:00,1.26920,1.26920,1.26804,1.26804,1235
2026-02-20T13:00:00+00:00,1.26804,1.26833,1.26775,1.26781,791
2026-02-20T13:15:00+00:00,1.26781,1.26806,1.26715,1.26805,2101
2026-02-20T13:30:00+00:00,1.26805,1.26851,1.26786,1.26851,2780
2026-02-20T13:45:00+00:00,1.26851,1.26855,1.26776,1.26839,1137
2026-02-20T14:00:00+00:00,1.26839,1.26931,1.26832,1.26885,997
2026-02-20T14:15:00+00:00,1.26885,1.26946,1.26885,1.26944,1326
2026-02-20T14:30:00+00:00,1.26944,1.26974,1.26944,1.26952,1988
2026-02-20T14:45:00+00:00,1.26952,1.26955,1.26894,1.26894,1420
2026-02-20T15:00:00+00:00,1.26894,1.26906,1.26887,1.26903,1985
2026-02-20T15:15:00+00:00,1.26903,1.26903,1.26876,1.26885,1013
2026-02-20T15:30:00+00:00,1.26885,1.26942,1.26885,1.26942,919
2026-02-20T15:45:00+00:00,1.26942,1.26961,1.26942,1.26947,2201
2026-02-20T16:00:00+00:00,1.26947,1.26974,1.26944,1.26965,1846
2026-02-20T16:15:00+00:00,1.26965,1.26965,1.26947,1.26947,1761
2026-02-20T16:30:00+00:00,1.26947,1.26947,1.26919,1.26919,2074
2026-02-20T16:45:00+00:00,1.26919,1.26920,1.26903,1.26903,2120
2026-02-20T17:00:00+00:00,1.26903,1.26908,1.26886,1.26889,1303
2026-02-20T17:15:00+00:00,1.26889,1.26902,1.26889,1.26902,701
2026-02-20T17:30:00+00:00,1.26902,1.26909,1.26886,1.26886,826
2026-02-20T17:45:00+00:00,1.26886,1.26886,1.26873,1.26873,1805
2026-02-20T18:00:00+00:00,1.26873,1.26873,1.26821,1.26821,799
2026-02-20T18:15:00+00:00,1.26821,1.26821,1.26802,1.26802,1744
2026-02-20T18:30:00+00:00,1.26802,1.26811,1.26792,1.26792,736
2026-02-20T18:45:00+00:00,1.26792,1.26809,1.26792,1.26796,1423
2026-02-20T19:00:00+00:00,1.26796,1.26827,1.26796,1.26817,675
2026-02-20T19:15:00+00:00,1.26817,1.26860,1.26817,1.26826,1299
2026-02-20T19:30:00+00:00,1.26826,1.26826,1.26789,1.26795,1351
2026-02-20T19:45:00+00:00,1.26795,1.26795,1.26768,1.26786,1381
2026-02-20T20:00:00+00:00,1.26786,1.26786,1.26775,1.26779,1850
2026-02-20T20:15:00+00:00,1.26779,1.26781,1.26746,1.26746,1262
2026-02-20T20:30:00+00:00,1.26746,1.26760,1.26745,1.26756,855
2026-02-20T20:45:00+00:00,1.26756,1.26756,1.26736,1.26755,998
2026-02-20T21:00:00+00:00,1.26755,1.26762,1.26748,1.26755,1645
2026-02-20T21:15:00+00:00,1.26755,1.26755,1.26736,1.26736,1962
2026-02-20T21:30:00+00:00,1.26736,1.26737,1.26722,1.26722,1691
2026-02-20T21:45:00+00:00,1.26722,1.26724,1.26708,1.26718,1202
2026-02-20T22:00:00+00:00,1.26718,1.26731,1.26701,1.26701,1459
2026-02-20T22:15:00+00:00,1.26701,1.26721,1.26701,1.26720,1955
2026-02-20T22:30:00+00:00,1.26720,1.26720,1.26709,1.26709,2014
2026-02-20T22:45:00+00:00,1.26709,1.26718,1.26698,1.26718,1783
2026-02-20T23:00:00+00:00,1.26718,1.26726,1.26715,1.26715,1255
2026-02-20T23:15:00+00:00,1.26715,1.26715,1.26695,1.26700,1556
2026-02-20T23:30:00+00:00,1.26700,1.26700,1.26679,1.26688,2401
2026-02-20T23:45:00+00:00,1.26688,1.26689,1.26671,1.26685,1556
2026-02-23T00:00:00+00:00,1.26685,1.26744,1.26685,1.26744,2165
2026-02-23T00:15:00+00:00,1.26744,1.26748,1.26729,1.26729,1106
2026-02-23T00:30:00+00:00,1.26729,1.26733,1.26712,1.26712,1862
2026-02-23T00:45:00+00:00,1.26712,1.26721,1.26698,1.26698,1892
2026-02-23T01:00:00+00:00,1.26698,1.26722,1.26687,1.26704,1853
2026-02-23T01:15:00+00:00,1.26704,1.26704,1.26668,1.26668,1293
2026-02-23T01:30:00+00:00,1.26668,1.26761,1.26668,1.26761,1301
2026-02-23T01:45:00+00:00,1.26761,1.26761,1.26679,1.26679,1793
2026-02-23T02:00:00+00:00,1.26679,1.26750,1.26679,1.26750,1960
2026-02-23T02:15:00+00:00,1.26750,1.26782,1.26737,1.26772,1878
2026-02-23T02:30:00+00:00,1.26772,1.26791,1.26772,1.26784,1486
2026-02-23T02:45:00+00:00,1.26784,1.26794,1.26783,1.26789,1383
2026-02-23T03:00:00+00:00,1.26789,1.26817,1.26789,1.26794,2351
2026-02-23T03:15:00+00:00,1.26794,1.26794,1.26756,1.26776,2108
2026-02-23T03:30:00+00:00,1.26776,1.26821,1.26776,1.26803,2563
2026-02-23T03:45:00+00:00,1.26803,1.26803,1.26755,1.26755,1344
2026-02-23T04:00:00+00:00,1.26755,1.26768,1.26744,1.26765,1382
2026-02-23T04:15:00+00:00,1.26765,1.26770,1.26748,1.26748,1543
2026-02-23T04:30:00+00:00,1.26748,1.26748,1.26706,1.26709,1890
2026-02-23T04:45:00+00:00,1.26709,1.26731,1.26707,1.26729,1100
2026-02-23T05:00:00+00:00,1.26729,1.26734,1.26697,1.26708,2172
2026-02-23T05:15:00+00:00,1.26708,1.26750,1.26708,1.26750,255
2026-02-23T05:30:00+00:00,1.26750,1.26766,1.26747,1.26747,1116
2026-02-23T05:45:00+00:00,1.26747,1.26761,1.26736,1.26754,1064
2026-02-23T06:00:00+00:00,1.26754,1.26754,1.26702,1.26702,1547
2026-02-23T06:15:00+00:00,1.26702,1.26723,1.26672,1.26699,1151
2026-02-23T06:30:00+00:00,1.26699,1.26733,1.26676,1.26679,1708
2026-02-23T06:45:00+00:00,1.26679,1.26684,1.26668,1.26684,2604
2026-02-23T07:00:00+00:00,1.26684,1.26686,1.26556,1.26590,2476
2026-02-23T07:15:00+00:00,1.26590,1.26591,1.26521,1.26559,1241
2026-02-23T07:30:00+00:00,1.26559,1.26643,1.26524,1.26524,2240
2026-02-23T07:45:00+00:00,1.26524,1.26561,1.26449,1.26469,1320
2026-02-23T08:00:00+00:00,1.26469,1.26510,1.26447,1.26497,1400
2026-02-23T08:15:00+00:00,1.26497,1.26513,1.26414,1.26414,1230
2026-02-23T08:30:00+00:00,1.26414,1.26445,1.26406,1.26432,1366
2026-02-23T08:45:00+00:00,1.26432,1.26440,1.26412,1.26412,1695
2026-02-23T09:00:00+00:00,1.26412,1.26412,1.26360,1.26360,2272
2026-02-23T09:15:00+00:00,1.26360,1.26375,1.26352,1.26352,1374
2026-02-23T09:30:00+00:00,1.26352,1.26352,1.26327,1.26331,1506
2026-02-23T09:45:00+00:00,1.26331,1.26331,1.26297,1.26307,2481
2026-02-23T10:00:00+00:00,1.26307,1.26360,1.26302,1.26360,856
2026-02-23T10:15:00+00:00,1.26360,1.26396,1.26360,1.26396,903
2026-02-23T10:30:00+00:00,1.26396,1.26396,1.26373,1.26384,1408
2026-02-23T10:45:00+00:00,1.26384,1.26398,1.26382,1.26398,1115
2026-02-23T11:00:00+00:00,1.26398,1.26398,1.26372,1.26389,1659
2026-02-23T11:15:00+00:00,1.26389,1.26389,1.26352,1.26352,1547
2026-02-23T11:30:00+00:00,1.26352,1.26408,1.26352,1.26408,910
2026-02-23T11:45:00+00:00,1.26408,1.26501,1.26390,1.26501,1996
2026-02-23T12:00:00+00:00,1.26501,1.26515,1.26468,1.26493,1237
2026-02-23T12:15:00+00:00,1.26493,1.26530,1.26492,1.26497,1701
2026-02-23T12:30:00+00:00,1.26497,1.26523,1.26496,1.26496,1137
2026-02-23T12:45:00+00:00,1.26496,1.26621,1.26496,1.26586,2010
2026-02-23T13:00:00+00:00,1.26586,1.26630,1.26561,1.26616,1550
2026-02-23T13:15:00+00:00,1.26616,1.26616,1.26508,1.26529,1209
2026-02-23T13:30:00+00:00,1.26529,1.26583,1.26507,1.26583,1746
2026-02-23T13:45:00+00:00,1.26583,1.26631,1.26576,1.26631,1463
2026-02-23T14:00:00+00:00,1.26631,1.26762,1.26613,1.26762,1492
2026-02-23T14:15:00+00:00,1.26762,1.26814,1.26753,1.26806,1411
2026-02-23T14:30:00+00:00,1.26806,1.26806,1.26724,1.26724,1519
2026-02-23T14:45:00+00:00,1.26724,1.26797,1.26724,1.26772,1098
2026-02-23T15:00:00+00:00,1.26772,1.26772,1.26744,1.26762,1444
2026-02-23T15:15:00+00:00,1.26762,1.26762,1.26738,1.26743,1747
2026-02-23T15:30:00+00:00,1.26743,1.26743,1.26713,1.26713,570
2026-02-23T15:45:00+00:00,1.26713,1.26733,1.26713,1.26716,805
2026-02-23T16:00:00+00:00,1.26716,1.26720,1.26701,1.26701,1594
2026-02-23T16:15:00+00:00,1.26701,1.26755,1.26701,1.26755,489
2026-02-23T16:30:00+00:00,1.26755,1.26759,1.26736,1.26759,1413
2026-02-23T16:45:00+00:00,1.26759,1.26759,1.26734,1.26739,1490
2026-02-23T17:00:00+00:00,1.26739,1.26748,1.26734,1.26734,2320
2026-02-23T17:15:00+00:00,1.26734,1.26756,1.26734,1.26745,1191
2026-02-23T17:30:00+00:00,1.26745,1.26745,1.26730,1.26732,2404
2026-02-23T17:45:00+00:00,1.26732,1.26736,1.26708,1.26708,983
2026-02-23T18:00:00+00:00,1.26708,1.26720,1.26701,1.26704,1538
2026-02-23T18:15:00+00:00,1.26704,1.26706,1.26672,1.26675,1268
2026-02-23T18:30:00+00:00,1.26675,1.26686,1.26665,1.26686,988
2026-02-23T18:45:00+00:00,1.26686,1.26695,1.26684,1.26695,1154
2026-02-23T19:00:00+00:00,1.26695,1.26712,1.26689,1.26700,2084
2026-02-23T19:15:00+00:00,1.26700,1.26724,1.26700,1.26714,1223
2026-02-23T19:30:00+00:00,1.26714,1.26720,1.26692,1.26707,1837
2026-02-23T19:45:00+00:00,1.26707,1.26707,1.26674,1.26674,1782
2026-02-23T20:00:00+00:00,1.26674,1.26712,1.26674,1.26698,1799
2026-02-23T20:15:00+00:00,1.26698,1.26703,1.26687,1.26699,2159
2026-02-23T20:30:00+00:00,1.26699,1.26700,1.26686,1.26695,1491
2026-02-23T20:45:00+00:00,1.26695,1.26710,1.26677,1.26710,1244
2026-02-23T21:00:00+00:00,1.26710,1.26710,1.26672,1.26672,2128
2026-02-23T21:15:00+00:00,1.26672,1.26693,1.26667,1.26667,1039
2026-02-23T21:30:00+00:00,1.26667,1.26716,1.26664,1.26716,1893
2026-02-23T21:45:00+00:00,1.26716,1.26741,1.26716,1.26741,1298
2026-02-23T22:00:00+00:00,1.26741,1.26787,1.26741,1.26769,1672
2026-02-23T22:15:00+00:00,1.26769,1.26820,1.26769,1.26798,1292
2026-02-23T22:30:00+00:00,1.26798,1.26849,1.26790,1.26832,1331
2026-02-23T22:45:00+00:00,1.26832,1.26845,1.26826,1.26829,989
2026-02-23T23:00:00+00:00,1.26829,1.26871,1.26829,1.26871,1418
2026-02-23T23:15:00+00:00,1.26871,1.26886,1.26867,1.26886,1508
2026-02-23T23:30:00+00:00,1.26886,1.26889,1.26874,1.26889,2074
2026-02-23T23:45:00+00:00,1.26889,1.26925,1.26889,1.26925,1845
2026-02-24T00:00:00+00:00,1.26925,1.26969,1.26923,1.26952,2060
2026-02-24T00:15:00+00:00,1.26952,1.26953,1.26900,1.26953,1500
2026-02-24T00:30:00+00:00,1.26953,1.26984,1.26953,1.26971,1486
2026-02-24T00:45:00+00:00,1.26971,1.26971,1.26876,1.26876,1628
2026-02-24T01:00:00+00:00,1.26876,1.26895,1.26852,1.26895,896
2026-02-24T01:15:00+00:00,1.26895,1.26899,1.26871,1.26880,1793
2026-02-24T01:30:00+00:00,1.26880,1.26911,1.26880,1.26908,1285
2026-02-24T01:45:00+00:00,1.26908,1.26911,1.26884,1.26909,943
2026-02-24T02:00:00+00:00,1.26909,1.26937,1.26909,1.26913,2364
2026-02-24T02:15:00+00:00,1.26913,1.26966,1.26913,1.26951,2376
2026-02-24T02:30:00+00:00,1.26951,1.26959,1.26932,1.26933,2183
2026-02-24T02:45:00+00:00,1.26933,1.26947,1.26886,1.26886,1150
2026-02-24T03:00:00+00:00,1.26886,1.26886,1.26838,1.26838,1792
2026-02-24T03:15:00+00:00,1.26838,1.26845,1.26804,1.26808,924
2026-02-24T03:30:00+00:00,1.26808,1.26811,1.26788,1.26788,2211
2026-02-24T03:45:00+00:00,1.26788,1.26813,1.26788,1.26813,1542
2026-02-24T04:00:00+00:00,1.26813,1.26835,1.26798,1.26835,2192
2026-02-24T04:15:00+00:00,1.26835,1.26838,1.26825,1.26829,891
2026-02-24T04:30:00+00:00,1.26829,1.26854,1.26812,1.26854,1589
2026-02-24T04:45:00+00:00,1.26854,1.26883,1.26854,1.26881,1041
2026-02-24T05:00:00+00:00,1.26881,1.26882,1.26837,1.26837,1596
2026-02-24T05:15:00+00:00,1.26837,1.26886,1.26837,1.26886,1868
2026-02-24T05:30:00+00:00,1.26886,1.26933,1.26884,1.26933,2409
2026-02-24T05:45:00+00:00,1.26933,1.26971,1.26933,1.26945,1840
2026-02-24T06:00:00+00:00,1.26945,1.26966,1.26910,1.26966,1758
2026-02-24T06:15:00+00:00,1.26966,1.26966,1.26858,1.26858,1964
2026-02-24T06:30:00+00:00,1.26858,1.27013,1.26858,1.27013,2445
2026-02-24T06:45:00+00:00,1.27013,1.27073,1.26955,1.26955,2000
2026-02-24T07:00:00+00:00,1.26955,1.27156,1.26940,1.27156,1513
2026-02-24T07:15:00+00:00,1.27156,1.27183,1.27120,1.27154,1474
2026-02-24T07:30:00+00:00,1.27154,1.27154,1.26928,1.26989,758
2026-02-24T07:45:00+00:00,1.26989,1.27011,1.26924,1.26940,1430
2026-02-24T08:00:00+00:00,1.26940,1.26941,1.26864,1.26882,1775
2026-02-24T08:15:00+00:00,1.26882,1.27042,1.26882,1.27042,1965
2026-02-24T08:30:00+00:00,1.27042,1.27042,1.26986,1.26997,2462
2026-02-24T08:45:00+00:00,1.26997,1.26998,1.26938,1.26939,1407
2026-02-24T09:00:00+00:00,1.26939,1.26960,1.26911,1.26960,1733
2026-02-24T09:15:00+00:00,1.26960,1.26971,1.26922,1.26971,2094
2026-02-24T09:30:00+00:00,1.26971,1.27005,1.26968,1.27005,1452
2026-02-24T09:45:00+00:00,1.27005,1.27027,1.26996,1.26996,2239
2026-02-24T10:00:00+00:00,1.26996,1.26998,1.26987,1.26987,1904
2026-02-24T10:15:00+00:00,1.26987,1.26987,1.26924,1.26924,981
2026-02-24T10:30:00+00:00,1.26924,1.26936,1.26910,1.26915,929
2026-02-24T10:45:00+00:00,1.26915,1.26924,1.26880,1.26880,1511
2026-02-24T11:00:00+00:00,1.26880,1.26888,1.26876,1.26884,1299
2026-02-24T11:15:00+00:00,1.26884,1.26884,1.26867,1.26867,1517
2026-02-24T11:30:00+00:00,1.26867,1.26867,1.26802,1.26802,1847
2026-02-24T11:45:00+00:00,1.26802,1.26802,1.26762,1.26762,1666
2026-02-24T12:00:00+00:00,1.26762,1.26762,1.26712,1.26714,1798
2026-02-24T12:15:00+00:00,1.26714,1.26714,1.26605,1.26605,1119
2026-02-24T12:30:00+00:00,1.26605,1.26638,1.26582,1.26614,1463
2026-02-24T12:45:00+00:00,1.26614,1.26614,1.26531,1.26548,1930
2026-02-24T13:00:00+00:00,1.26548,1.26552,1.26506,1.26506,2091
2026-02-24T13:15:00+00:00,1.26506,1.26552,1.26460,1.26460,1983
2026-02-24T13:30:00+00:00,1.26460,1.26460,1.26358,1.26436,1995
2026-02-24T13:45:00+00:00,1.26436,1.26478,1.26431,1.26464,1479
2026-02-24T14:00:00+00:00,1.26464,1.26464,1.26420,1.26443,1521
2026-02-24T14:15:00+00:00,1.26443,1.26479,1.26373,1.26479,2114
2026-02-24T14:30:00+00:00,1.26479,1.26569,1.26479,1.26569,2023
2026-02-24T14:45:00+00:00,1.26569,1.26569,1.26527,1.26544,661
2026-02-24T15:00:00+00:00,1.26544,1.26566,1.26541,1.26541,1310
2026-02-24T15:15:00+00:00,1.26541,1.26554,1.26514,1.26514,2460
2026-02-24T15:30:00+00:00,1.26514,1.26515,1.26485,1.26500,636
2026-02-24T15:45:00+00:00,1.26500,1.26539,1.26486,1.26539,2542
2026-02-24T16:00:00+00:00,1.26539,1.26554,1.26531,1.26531,822
2026-02-24T16:15:00+00:00,1.26531,1.26543,1.26524,1.26527,1819
2026-02-24T16:30:00+00:00,1.26527,1.26564,1.26527,1.26558,1689
2026-02-24T16:45:00+00:00,1.26558,1.26578,1.26558,1.26572,921
2026-02-24T17:00:00+00:00,1.26572,1.26572,1.26556,1.26556,1504
2026-02-24T17:15:00+00:00,1.26556,1.26591,1.26556,1.26591,851
2026-02-24T17:30:00+00:00,1.26591,1.26591,1.26562,1.26562,2164
2026-02-24T17:45:00+00:00,1.26562,1.26562,1.26530,1.26530,1977
2026-02-24T18:00:00+00:00,1.26530,1.26530,1.26515,1.26521,1290
2026-02-24T18:15:00+00:00,1.26521,1.26543,1.26511,1.26524,1327
2026-02-24T18:30:00+00:00,1.26524,1.26574,1.26524,1.26572,895
2026-02-24T18:45:00+00:00,1.26572,1.26589,1.26572,1.26580,1379
2026-02-24T19:00:00+00:00,1.26580,1.26580,1.26539,1.26567,1685
2026-02-24T19:15:00+00:00,1.26567,1.26567,1.26544,1.26561,1310
2026-02-24T19:30:00+00:00,1.26561,1.26564,1.26550,1.26564,941
2026-02-24T19:45:00+00:00,1.26564,1.26594,1.26564,1.26594,889
2026-02-24T20:00:00+00:00,1.26594,1.26594,1.26566,1.26581,1361
2026-02-24T20:15:00+00:00,1.26581,1.26594,1.26568,1.26594,1458
2026-02-24T20:30:00+00:00,1.26594,1.26594,1.26577,1.26578,1689
2026-02-24T20:45:00+00:00,1.26578,1.26581,1.26569,1.26577,1486
2026-02-24T21:00:00+00:00,1.26577,1.26585,1.26555,1.26555,1841
2026-02-24T21:15:00+00:00,1.26555,1.26563,1.26532,1.26563,2182
2026-02-24T21:30:00+00:00,1.26563,1.26582,1.26563,1.26570,1503
2026-02-24T21:45:00+00:00,1.26570,1.26577,1.26553,1.26577,1092
2026-02-24T22:00:00+00:00,1.26577,1.26587,1.26571,1.26571,1348
2026-02-24T22:15:00+00:00,1.26571,1.26595,1.26561,1.26595,2553
2026-02-24T22:30:00+00:00,1.26595,1.26638,1.26592,1.26638,451
2026-02-24T22:45:00+00:00,1.26638,1.26657,1.26638,1.26644,1502
2026-02-24T23:00:00+00:00,1.26644,1.26672,1.26643,1.26644,1179
2026-02-24T23:15:00+00:00,1.26644,1.26644,1.26609,1.26625,985
2026-02-24T23:30:00+00:00,1.26625,1.26654,1.26625,1.26648,994
2026-02-24T23:45:00+00:00,1.26648,1.26680,1.26647,1.26680,1231
2026-02-25T00:00:00+00:00,1.26680,1.26681,1.26613,1.26637,1211
2026-02-25T00:15:00+00:00,1.26637,1.26637,1.26579,1.26610,1909
2026-02-25T00:30:00+00:00,1.26610,1.26614,1.26581,1.26581,1416
2026-02-25T00:45:00+00:00,1.26581,1.26604,1.26575,1.26604,2272
2026-02-25T01:00:00+00:00,1.26604,1.26641,1.26604,1.26629,1884
2026-02-25T01:15:00+00:00,1.26629,1.26663,1.26629,1.26636,819
2026-02-25T01:30:00+00:00,1.26636,1.26687,1.26626,1.26687,1229
2026-02-25T01:45:00+00:00,1.26687,1.26695,1.26663,1.26670,1829
2026-02-25T02:00:00+00:00,1.26670,1.26674,1.26652,1.26674,1428
2026-02-25T02:15:00+00:00,1.26674,1.26695,1.26653,1.26655,1621
2026-02-25T02:30:00+00:00,1.26655,1.26658,1.26616,1.26658,846
2026-02-25T02:45:00+00:00,1.26658,1.26721,1.26658,1.26721,2272
2026-02-25T03:00:00+00:00,1.26721,1.26778,1.26721,1.26778,790
2026-02-25T03:15:00+00:00,1.26778,1.26796,1.26778,1.26794,996
2026-02-25T03:30:00+00:00,1.26794,1.26807,1.26794,1.26795,1503
2026-02-25T03:45:00+00:00,1.26795,1.26795,1.26764,1.26764,1645
2026-02-25T04:00:00+00:00,1.26764,1.26767,1.26754,1.26759,825
2026-02-25T04:15:00+00:00,1.26759,1.26765,1.26741,1.26741,1363
2026-02-25T04:30:00+00:00,1.26741,1.26741,1.26718,1.26739,1491
2026-02-25T04:45:00+00:00,1.26739,1.26743,1.26729,1.26739,2028
2026-02-25T05:00:00+00:00,1.26739,1.26764,1.26739,1.26764,1308
2026-02-25T05:15:00+00:00,1.26764,1.26769,1.26749,1.26765,1096
2026-02-25T05:30:00+00:00,1.26765,1.26813,1.26765,1.26773,1470
2026-02-25T05:45:00+00:00,1.26773,1.26802,1.26759,1.26769,2108
2026-02-25T06:00:00+00:00,1.26769,1.26770,1.26695,1.26695,2327
2026-02-25T06:15:00+00:00,1.26695,1.26707,1.26632,1.26632,780
2026-02-25T06:30:00+00:00,1.26632,1.26739,1.26632,1.26675,2039
2026-02-25T06:45:00+00:00,1.26675,1.26768,1.26675,1.26768,2326
2026-02-25T07:00:00+00:00,1.26768,1.26790,1.26651,1.26651,2170
2026-02-25T07:15:00+00:00,1.26651,1.26740,1.26648,1.26648,1600
2026-02-25T07:30:00+00:00,1.26648,1.26648,1.26486,1.26486,2084
2026-02-25T07:45:00+00:00,1.26486,1.26486,1.26385,1.26385,2236
2026-02-25T08:00:00+00:00,1.26385,1.26422,1.26367,1.26382,2152
2026-02-25T08:15:00+00:00,1.26382,1.26391,1.26322,1.26352,2334
2026-02-25T08:30:00+00:00,1.26352,1.26379,1.26317,1.26317,2250
2026-02-25T08:45:00+00:00,1.26317,1.26351,1.26296,1.26347,1261
2026-02-25T09:00:00+00:00,1.26347,1.26361,1.26343,1.26343,1472
2026-02-25T09:15:00+00:00,1.26343,1.26363,1.26340,1.26340,1457
2026-02-25T09:30:00+00:00,1.26340,1.26350,1.26324,1.26324,2457
2026-02-25T09:45:00+00:00,1.26324,1.26346,1.26324,1.26346,885
2026-02-25T10:00:00+00:00,1.26346,1.26367,1.26342,1.26342,2163
2026-02-25T10:15:00+00:00,1.26342,1.26342,1.26325,1.26325,2065
2026-02-25T10:30:00+00:00,1.26325,1.26340,1.26317,1.26317,1356
2026-02-25T10:45:00+00:00,1.26317,1.26334,1.26316,1.26316,814
2026-02-25T11:00:00+00:00,1.26316,1.26316,1.26273,1.26291,1400
2026-02-25T11:15:00+00:00,1.26291,1.26308,1.26285,1.26291,1610
2026-02-25T11:30:00+00:00,1.26291,1.26345,1.26291,1.26345,1363
2026-02-25T11:45:00+00:00,1.26345,1.26371,1.26345,1.26367,1820
2026-02-25T12:00:00+00:00,1.26367,1.26391,1.26351,1.26368,783
2026-02-25T12:15:00+00:00,1.26368,1.26452,1.26368,1.26435,1015
2026-02-25T12:30:00+00:00,1.26435,1.26435,1.26395,1.26395,1869
2026-02-25T12:45:00+00:00,1.26395,1.26462,1.26362,1.26380,1821
2026-02-25T13:00:00+00:00,1.26380,1.26427,1.26349,1.26427,2318
2026-02-25T13:15:00+00:00,1.26427,1.26457,1.26408,1.26408,1285
2026-02-25T13:30:00+00:00,1.26408,1.26541,1.26408,1.26541,2003
2026-02-25T13:45:00+00:00,1.26541,1.26541,1.26395,1.26429,1910
2026-02-25T14:00:00+00:00,1.26429,1.26442,1.26398,1.26442,1641
2026-02-25T14:15:00+00:00,1.26442,1.26443,1.26408,1.26424,1945
2026-02-25T14:30:00+00:00,1.26424,1.26428,1.26417,1.26420,1462
2026-02-25T14:45:00+00:00,1.26420,1.26429,1.26393,1.26426,1196
2026-02-25T15:00:00+00:00,1.26426,1.26468,1.26426,1.26468,1386
2026-02-25T15:15:00+00:00,1.26468,1.26468,1.26422,1.26448,1304
2026-02-25T15:30:00+00:00,1.26448,1.26450,1.26402,1.26402,1493
2026-02-25T15:45:00+00:00,1.26402,1.26411,1.26345,1.26345,844
2026-02-25T16:00:00+00:00,1.26345,1.26368,1.26345,1.26353,2150
2026-02-25T16:15:00+00:00,1.26353,1.26367,1.26346,1.26351,1942
2026-02-25T16:30:00+00:00,1.26351,1.26351,1.26330,1.26330,1366
2026-02-25T16:45:00+00:00,1.26330,1.26337,1.26330,1.26332,462
2026-02-25T17:00:00+00:00,1.26332,1.26347,1.26332,1.26339,1187
2026-02-25T17:15:00+00:00,1.26339,1.26339,1.26317,1.26317,1439
2026-02-25T17:30:00+00:00,1.26317,1.26352,1.26317,1.26347,1383
2026-02-25T17:45:00+00:00,1.26347,1.26347,1.26300,1.26312,2091
2026-02-25T18:00:00+00:00,1.26312,1.26325,1.26299,1.26325,1735
2026-02-25T18:15:00+00:00,1.26325,1.26341,1.26320,1.26320,1632
2026-02-25T18:30:00+00:00,1.26320,1.26335,1.26306,1.26306,1270
2026-02-25T18:45:00+00:00,1.26306,1.26344,1.26306,1.26344,2102
2026-02-25T19:00:00+00:00,1.26344,1.26354,1.26323,1.26342,1151
2026-02-25T19:15:00+00:00,1.26342,1.26354,1.26310,1.26310,1084
2026-02-25T19:30:00+00:00,1.26310,1.26317,1.26293,1.26293,2202
2026-02-25T19:45:00+00:00,1.26293,1.26293,1.26263,1.26280,1381
2026-02-25T20:00:00+00:00,1.26280,1.26280,1.26248,1.26249,1863
2026-02-25T20:15:00+00:00,1.26249,1.26274,1.26249,1.26274,1541
2026-02-25T20:30:00+00:00,1.26274,1.26293,1.26274,1.26291,2373
2026-02-25T20:45:00+00:00,1.26291,1.26291,1.26241,1.26283,1064
2026-02-25T21:00:00+00:00,1.26283,1.26295,1.26266,1.26272,913
2026-02-25T21:15:00+00:00,1.26272,1.26273,1.26247,1.26247,1983
2026-02-25T21:30:00+00:00,1.26247,1.26271,1.26247,1.26270,1777
2026-02-25T21:45:00+00:00,1.26270,1.26285,1.26268,1.26268,1418
2026-02-25T22:00:00+00:00,1.26268,1.26268,1.26247,1.26251,463
2026-02-25T22:15:00+00:00,1.26251,1.26280,1.26251,1.26280,1731
2026-02-25T22:30:00+00:00,1.26280,1.26280,1.26257,1.26259,1555
2026-02-25T22:45:00+00:00,1.26259,1.26266,1.26236,1.26236,2181
2026-02-25T23:00:00+00:00,1.26236,1.26236,1.26171,1.26171,1753
2026-02-25T23:15:00+00:00,1.26171,1.26190,1.26168,1.26190,2010
2026-02-25T23:30:00+00:00,1.26190,1.26197,1.26183,1.26197,1649
2026-02-25T23:45:00+00:00,1.26197,1.26221,1.26196,1.26209,1712
2026-02-26T00:00:00+00:00,1.26209,1.26209,1.26157,1.26157,1619
2026-02-26T00:15:00+00:00,1.26157,1.26157,1.26140,1.26153,1928
2026-02-26T00:30:00+00:00,1.26153,1.26155,1.26107,1.26107,1454
2026-02-26T00:45:00+00:00,1.26107,1.26122,1.26101,1.26122,1993
2026-02-26T01:00:00+00:00,1.26122,1.26173,1.26122,1.26129,1523
2026-02-26T01:15:00+00:00,1.26129,1.26147,1.26095,1.26121,2764
2026-02-26T01:30:00+00:00,1.26121,1.26141,1.26113,1.26140,1370
2026-02-26T01:45:00+00:00,1.26140,1.26140,1.26068,1.26068,2213
2026-02-26T02:00:00+00:00,1.26068,1.26112,1.26068,1.26109,1713
2026-02-26T02:15:00+00:00,1.26109,1.26110,1.26100,1.26100,1116
2026-02-26T02:30:00+00:00,1.26100,1.26106,1.26063,1.26063,2271
2026-02-26T02:45:00+00:00,1.26063,1.26109,1.26063,1.26091,1764
2026-02-26T03:00:00+00:00,1.26091,1.26091,1.26029,1.26035,1798
2026-02-26T03:15:00+00:00,1.26035,1.26035,1.25987,1.26006,1873
2026-02-26T03:30:00+00:00,1.26006,1.26006,1.25988,1.25990,1985
2026-02-26T03:45:00+00:00,1.25990,1.26002,1.25979,1.25979,566
2026-02-26T04:00:00+00:00,1.25979,1.25984,1.25971,1.25984,1034
2026-02-26T04:15:00+00:00,1.25984,1.25984,1.25942,1.25957,1490
2026-02-26T04:30:00+00:00,1.25957,1.25965,1.25944,1.25956,2499
2026-02-26T04:45:00+00:00,1.25956,1.25983,1.25953,1.25979,1819
2026-02-26T05:00:00+00:00,1.25979,1.25986,1.25947,1.25974,986
2026-02-26T05:15:00+00:00,1.25974,1.25974,1.25951,1.25953,553
2026-02-26T05:30:00+00:00,1.25953,1.25963,1.25940,1.25963,1110
2026-02-26T05:45:00+00:00,1.25963,1.25985,1.25963,1.25980,1897
2026-02-26T06:00:00+00:00,1.25980,1.25999,1.25943,1.25977,1644
2026-02-26T06:15:00+00:00,1.25977,1.25977,1.25920,1.25930,2609
2026-02-26T06:30:00+00:00,1.25930,1.25965,1.25866,1.25866,1912
2026-02-26T06:45:00+00:00,1.25866,1.25866,1.25801,1.25801,2147
2026-02-26T07:00:00+00:00,1.25801,1.25923,1.25801,1.25917,1160
2026-02-26T07:15:00+00:00,1.25917,1.25947,1.25878,1.25940,2766
2026-02-26T07:30:00+00:00,1.25940,1.25942,1.25843,1.25942,2048
2026-02-26T07:45:00+00:00,1.25942,1.25993,1.25933,1.25933,1682
2026-02-26T08:00:00+00:00,1.25933,1.25955,1.25923,1.25952,1264
2026-02-26T08:15:00+00:00,1.25952,1.25952,1.25917,1.25917,1690
2026-02-26T08:30:00+00:00,1.25917,1.25946,1.25904,1.25904,2210
2026-02-26T08:45:00+00:00,1.25904,1.25964,1.25904,1.25964,1189
2026-02-26T09:00:00+00:00,1.25964,1.26038,1.25964,1.26027,1754
2026-02-26T09:15:00+00:00,1.26027,1.26052,1.26018,1.26034,733
2026-02-26T09:30:00+00:00,1.26034,1.26034,1.25987,1.25987,1685
2026-02-26T09:45:00+00:00,1.25987,1.25993,1.25985,1.25986,1171
2026-02-26T10:00:00+00:00,1.25986,1.26001,1.25986,1.25991,840
2026-02-26T10:15:00+00:00,1.25991,1.26012,1.25991,1.26003,2416
2026-02-26T10:30:00+00:00,1.26003,1.26021,1.26001,1.26017,957
2026-02-26T10:45:00+00:00,1.26017,1.26045,1.26017,1.26040,2135
2026-02-26T11:00:00+00:00,1.26040,1.26067,1.26032,1.26032,2283
2026-02-26T11:15:00+00:00,1.26032,1.26037,1.26019,1.26025,1463
2026-02-26T11:30:00+00:00,1.26025,1.26072,1.26024,1.26072,2017
2026-02-26T11:45:00+00:00,1.26072,1.26072,1.26001,1.26008,1488
2026-02-26T12:00:00+00:00,1.26008,1.26008,1.25944,1.25944,2301
2026-02-26T12:15:00+00:00,1.25944,1.25967,1.25917,1.25965,1060
2026-02-26T12:30:00+00:00,1.25965,1.25972,1.25933,1.25942,1925
2026-02-26T12:45:00+00:00,1.25942,1.26018,1.25941,1.25941,1606
2026-02-26T13:00:00+00:00,1.25941,1.25941,1.25897,1.25937,1248
2026-02-26T13:15:00+00:00,1.25937,1.25951,1.25909,1.25909,2642
2026-02-26T13:30:00+00:00,1.25909,1.25936,1.25873,1.25873,2339
2026-02-26T13:45:00+00:00,1.25873,1.25939,1.25873,1.25919,1431
2026-02-26T14:00:00+00:00,1.25919,1.25976,1.25840,1.25976,1623
2026-02-26T14:15:00+00:00,1.25976,1.26093,1.25951,1.26072,1671
2026-02-26T14:30:00+00:00,1.26072,1.26083,1.26051,1.26051,1844
2026-02-26T14:45:00+00:00,1.26051,1.26083,1.26045,1.26045,1930
2026-02-26T15:00:00+00:00,1.26045,1.26048,1.26006,1.26019,1657
2026-02-26T15:15:00+00:00,1.26019,1.26082,1.26019,1.26073,1443
2026-02-26T15:30:00+00:00,1.26073,1.26109,1.26067,1.26109,970
2026-02-26T15:45:00+00:00,1.26109,1.26170,1.26109,1.26170,1205
2026-02-26T16:00:00+00:00,1.26170,1.26194,1.26169,1.26175,1914
2026-02-26T16:15:00+00:00,1.26175,1.26190,1.26175,1.26184,1101
2026-02-26T16:30:00+00:00,1.26184,1.26220,1.26184,1.26213,1454
2026-02-26T16:45:00+00:00,1.26213,1.26220,1.26205,1.26210,2625
2026-02-26T17:00:00+00:00,1.26210,1.26217,1.26194,1.26209,1966
2026-02-26T17:15:00+00:00,1.26209,1.26218,1.26193,1.26218,1746
2026-02-26T17:30:00+00:00,1.26218,1.26224,1.26195,1.26195,1643
2026-02-26T17:45:00+00:00,1.26195,1.26240,1.26195,1.26236,1354
2026-02-26T18:00:00+00:00,1.26236,1.26236,1.26221,1.26233,1486
2026-02-26T18:15:00+00:00,1.26233,1.26233,1.26193,1.26202,1486
2026-02-26T18:30:00+00:00,1.26202,1.26202,1.26167,1.26171,1845
2026-02-26T18:45:00+00:00,1.26171,1.26195,1.26171,1.26195,1403
2026-02-26T19:00:00+00:00,1.26195,1.26207,1.26181,1.26181,2164
2026-02-26T19:15:00+00:00,1.26181,1.26235,1.26181,1.26235,2099
2026-02-26T19:30:00+00:00,1.26235,1.26238,1.26223,1.26238,1157
2026-02-26T19:45:00+00:00,1.26238,1.26246,1.26215,1.26215,1164
2026-02-26T20:00:00+00:00,1.26215,1.26226,1.26215,1.26217,1216
2026-02-26T20:15:00+00:00,1.26217,1.26222,1.26197,1.26204,1954
2026-02-26T20:30:00+00:00,1.26204,1.26204,1.26192,1.26192,159
2026-02-26T20:45:00+00:00,1.26192,1.26241,1.26192,1.26241,526
2026-02-26T21:00:00+00:00,1.26241,1.26249,1.26229,1.26229,1666
2026-02-26T21:15:00+00:00,1.26229,1.26229,1.26214,1.26214,1694
2026-02-26T21:30:00+00:00,1.26214,1.26252,1.26214,1.26252,2614
2026-02-26T21:45:00+00:00,1.26252,1.26260,1.26226,1.26226,1625
2026-02-26T22:00:00+00:00,1.26226,1.26270,1.26226,1.26270,1300
2026-02-26T22:15:00+00:00,1.26270,1.26270,1.26252,1.26252,740
2026-02-26T22:30:00+00:00,1.26252,1.26280,1.26252,1.26280,1198
2026-02-26T22:45:00+00:00,1.26280,1.26286,1.26242,1.26242,1762
2026-02-26T23:00:00+00:00,1.26242,1.26286,1.26242,1.26286,2021
2026-02-26T23:15:00+00:00,1.26286,1.26286,1.26274,1.26277,441
2026-02-26T23:30:00+00:00,1.26277,1.26277,1.26231,1.26231,1916
2026-02-26T23:45:00+00:00,1.26231,1.26270,1.26222,1.26262,749
2026-02-27T00:00:00+00:00,1.26262,1.26295,1.26253,1.26295,1473
2026-02-27T00:15:00+00:00,1.26295,1.26329,1.26295,1.26318,996
2026-02-27T00:30:00+00:00,1.26318,1.26364,1.26304,1.26361,1578
2026-02-27T00:45:00+00:00,1.26361,1.26370,1.26347,1.26355,1741
2026-02-27T01:00:00+00:00,1.26355,1.26355,1.26326,1.26334,1679
2026-02-27T01:15:00+00:00,1.26334,1.26350,1.26296,1.26350,1860
2026-02-27T01:30:00+00:00,1.26350,1.26380,1.26330,1.26380,2339
2026-02-27T01:45:00+00:00,1.26380,1.26436,1.26380,1.26436,1080
2026-02-27T02:00:00+00:00,1.26436,1.26436,1.26383,1.26421,1364
2026-02-27T02:15:00+00:00,1.26421,1.26489,1.26421,1.26489,2713
2026-02-27T02:30:00+00:00,1.26489,1.26505,1.26484,1.26499,1731
2026-02-27T02:45:00+00:00,1.26499,1.26525,1.26477,1.26525,2271
2026-02-27T03:00:00+00:00,1.26525,1.26530,1.26488,1.26488,1414
2026-02-27T03:15:00+00:00,1.26488,1.26551,1.26488,1.26551,1631
2026-02-27T03:30:00+00:00,1.26551,1.26551,1.26526,1.26526,1388
2026-02-27T03:45:00+00:00,1.26526,1.26540,1.26525,1.26529,1814
2026-02-27T04:00:00+00:00,1.26529,1.26573,1.26524,1.26571,1349
2026-02-27T04:15:00+00:00,1.26571,1.26579,1.26553,1.26577,941
2026-02-27T04:30:00+00:00,1.26577,1.26577,1.26544,1.26567,1134
2026-02-27T04:45:00+00:00,1.26567,1.26572,1.26544,1.26548,1116
2026-02-27T05:00:00+00:00,1.26548,1.26548,1.26531,1.26533,1634
2026-02-27T05:15:00+00:00,1.26533,1.26560,1.26533,1.26560,1687
2026-02-27T05:30:00+00:00,1.26560,1.26607,1.26556,1.26607,1876
2026-02-27T05:45:00+00:00,1.26607,1.26634,1.26607,1.26631,626
2026-02-27T06:00:00+00:00,1.26631,1.26716,1.26631,1.26715,1414
2026-02-27T06:15:00+00:00,1.26715,1.26759,1.26715,1.26734,1966
2026-02-27T06:30:00+00:00,1.26734,1.26795,1.26691,1.26795,2487
2026-02-27T06:45:00+00:00,1.26795,1.26802,1.26702,1.26702,2111
2026-02-27T07:00:00+00:00,1.26702,1.26719,1.26657,1.26719,1651
2026-02-27T07:15:00+00:00,1.26719,1.26766,1.26673,1.26688,1852
2026-02-27T07:30:00+00:00,1.26688,1.26717,1.26667,1.26683,2094
2026-02-27T07:45:00+00:00,1.26683,1.26683,1.26554,1.26606,1722
2026-02-27T08:00:00+00:00,1.26606,1.26606,1.26480,1.26480,1440
2026-02-27T08:15:00+00:00,1.26480,1.26553,1.26480,1.26553,2342
2026-02-27T08:30:00+00:00,1.26553,1.26553,1.26522,1.26528,893
2026-02-27T08:45:00+00:00,1.26528,1.26553,1.26519,1.26551,2033
2026-02-27T09:00:00+00:00,1.26551,1.26565,1.26529,1.26565,1771
2026-02-27T09:15:00+00:00,1.26565,1.26621,1.26565,1.26621,2009
2026-02-27T09:30:00+00:00,1.26621,1.26624,1.26608,1.26624,352
2026-02-27T09:45:00+00:00,1.26624,1.26650,1.26624,1.26632,1209
2026-02-27T10:00:00+00:00,1.26632,1.26689,1.26631,1.26689,2557
2026-02-27T10:15:00+00:00,1.26689,1.26689,1.26659,1.26659,1424
2026-02-27T10:30:00+00:00,1.26659,1.26671,1.26657,1.26671,2591
2026-02-27T10:45:00+00:00,1.26671,1.26678,1.26652,1.26678,1836
2026-02-27T11:00:00+00:00,1.26678,1.26678,1.26635,1.26653,1841
2026-02-27T11:15:00+00:00,1.26653,1.26660,1.26621,1.26633,1333
2026-02-27T11:30:00+00:00,1.26633,1.26633,1.26586,1.26588,1480
2026-02-27T11:45:00+00:00,1.26588,1.26616,1.26588,1.26615,1884
2026-02-27T12:00:00+00:00,1.26615,1.26621,1.26578,1.26578,1725
2026-02-27T12:15:00+00:00,1.26578,1.26614,1.26546,1.26546,819
2026-02-27T12:30:00+00:00,1.26546,1.26647,1.26546,1.26647,1161
2026-02-27T12:45:00+00:00,1.26647,1.26647,1.26551,1.26551,1411
2026-02-27T13:00:00+00:00,1.26551,1.26551,1.26494,1.26494,1228
2026-02-27T13:15:00+00:00,1.26494,1.26623,1.26494,1.26623,1939
2026-02-27T13:30:00+00:00,1.26623,1.26717,1.26623,1.26717,1900
2026-02-27T13:45:00+00:00,1.26717,1.26850,1.26717,1.26850,1418
2026-02-27T14:00:00+00:00,1.26850,1.26850,1.26772,1.26772,1936
2026-02-27T14:15:00+00:00,1.26772,1.26786,1.26740,1.26740,1515
2026-02-27T14:30:00+00:00,1.26740,1.26740,1.26608,1.26608,1463
2026-02-27T14:45:00+00:00,1.26608,1.26674,1.26608,1.26669,757
2026-02-27T15:00:00+00:00,1.26669,1.26696,1.26665,1.26665,1799
2026-02-27T15:15:00+00:00,1.26665,1.26714,1.26665,1.26714,2397
2026-02-27T15:30:00+00:00,1.26714,1.26714,1.26694,1.26702,753
2026-02-27T15:45:00+00:00,1.26702,1.26743,1.26702,1.26716,1536
2026-02-27T16:00:00+00:00,1.26716,1.26728,1.26702,1.26709,1495
2026-02-27T16:15:00+00:00,1.26709,1.26709,1.26685,1.26685,2386
2026-02-27T16:30:00+00:00,1.26685,1.26705,1.26685,1.26704,1200
2026-02-27T16:45:00+00:00,1.26704,1.26727,1.26704,1.26717,1558
2026-02-27T17:00:00+00:00,1.26717,1.26718,1.26702,1.26715,627
2026-02-27T17:15:00+00:00,1.26715,1.26739,1.26710,1.26739,920
2026-02-27T17:30:00+00:00,1.26739,1.26766,1.26738,1.26756,1896
2026-02-27T17:45:00+00:00,1.26756,1.26767,1.26729,1.26729,1582
2026-02-27T18:00:00+00:00,1.26729,1.26729,1.26721,1.26727,2310
2026-02-27T18:15:00+00:00,1.26727,1.26727,1.26711,1.26714,2192
2026-02-27T18:30:00+00:00,1.26714,1.26719,1.26670,1.26675,1397
2026-02-27T18:45:00+00:00,1.26675,1.26675,1.26658,1.26675,1224
2026-02-27T19:00:00+00:00,1.26675,1.26703,1.26675,1.26687,1120
2026-02-27T19:15:00+00:00,1.26687,1.26700,1.26674,1.26692,847
2026-02-27T19:30:00+00:00,1.26692,1.26728,1.26692,1.26721,976
2026-02-27T19:45:00+00:00,1.26721,1.26721,1.26670,1.26672,1125
2026-02-27T20:00:00+00:00,1.26672,1.26704,1.26672,1.26704,1186
2026-02-27T20:15:00+00:00,1.26704,1.26712,1.26690,1.26707,1033
2026-02-27T20:30:00+00:00,1.26707,1.26716,1.26699,1.26699,1110
2026-02-27T20:45:00+00:00,1.26699,1.26699,1.26671,1.26671,1568
2026-02-27T21:00:00+00:00,1.26671,1.26708,1.26662,1.26708,1623
2026-02-27T21:15:00+00:00,1.26708,1.26708,1.26668,1.26668,485
2026-02-27T21:30:00+00:00,1.26668,1.26692,1.26659,1.26659,1689
2026-02-27T21:45:00+00:00,1.26659,1.26685,1.26659,1.26668,1259
2026-02-27T22:00:00+00:00,1.26668,1.26702,1.26662,1.26702,1834
2026-02-27T22:15:00+00:00,1.26702,1.26721,1.26695,1.26721,1342
2026-02-27T22:30:00+00:00,1.26721,1.26747,1.26716,1.26747,1483
2026-02-27T22:45:00+00:00,1.26747,1.26771,1.26738,1.26753,1732
2026-02-27T23:00:00+00:00,1.26753,1.26759,1.26746,1.26746,2212
2026-02-27T23:15:00+00:00,1.26746,1.26768,1.26746,1.26765,2252
2026-02-27T23:30:00+00:00,1.26765,1.26795,1.26765,1.26789,1376
2026-02-27T23:45:00+00:00,1.26789,1.26789,1.26773,1.26780,1136
2026-03-02T00:00:00+00:00,1.26780,1.26780,1.26718,1.26718,1023
2026-03-02T00:15:00+00:00,1.26718,1.26725,1.26680,1.26680,1827
2026-03-02T00:30:00+00:00,1.26680,1.26690,1.26679,1.26679,411
2026-03-02T00:45:00+00:00,1.26679,1.26680,1.26635,1.26645,1140
2026-03-02T01:00:00+00:00,1.26645,1.26650,1.26605,1.26605,1743
2026-03-02T01:15:00+00:00,1.26605,1.26605,1.26583,1.26583,2066
2026-03-02T01:30:00+00:00,1.26583,1.26598,1.26512,1.26512,1466
2026-03-02T01:45:00+00:00,1.26512,1.26521,1.26494,1.26509,2044
2026-03-02T02:00:00+00:00,1.26509,1.26509,1.26471,1.26489,975
2026-03-02T02:15:00+00:00,1.26489,1.26530,1.26489,1.26528,1986
2026-03-02T02:30:00+00:00,1.26528,1.26528,1.26496,1.26496,2164
2026-03-02T02:45:00+00:00,1.26496,1.26511,1.26478,1.26511,1024
2026-03-02T03:00:00+00:00,1.26511,1.26517,1.26489,1.26517,1092
2026-03-02T03:15:00+00:00,1.26517,1.26517,1.26501,1.26503,2202
2026-03-02T03:30:00+00:00,1.26503,1.26503,1.26494,1.26494,1635
2026-03-02T03:45:00+00:00,1.26494,1.26522,1.26494,1.26506,2292
2026-03-02T04:00:00+00:00,1.26506,1.26514,1.26501,1.26501,1977
2026-03-02T04:15:00+00:00,1.26501,1.26501,1.26463,1.26475,1182
2026-03-02T04:30:00+00:00,1.26475,1.26485,1.26475,1.26475,808
2026-03-02T04:45:00+00:00,1.26475,1.26485,1.26441,1.26441,1417
2026-03-02T05:00:00+00:00,1.26441,1.26441,1.26424,1.26427,1430
2026-03-02T05:15:00+00:00,1.26427,1.26485,1.26427,1.26476,1898
2026-03-02T05:30:00+00:00,1.26476,1.26521,1.26476,1.26521,1502
2026-03-02T05:45:00+00:00,1.26521,1.26528,1.26462,1.26462,1481
2026-03-02T06:00:00+00:00,1.26462,1.26533,1.26462,1.26533,2270
2026-03-02T06:15:00+00:00,1.26533,1.26540,1.26502,1.26502,2742
2026-03-02T06:30:00+00:00,1.26502,1.26615,1.26500,1.26615,1876
2026-03-02T06:45:00+00:00,1.26615,1.26827,1.26615,1.26827,2645
2026-03-02T07:00:00+00:00,1.26827,1.26827,1.26666,1.26736,2452
2026-03-02T07:15:00+00:00,1.26736,1.26761,1.26691,1.26738,1188
2026-03-02T07:30:00+00:00,1.26738,1.26738,1.26624,1.26696,2125
2026-03-02T07:45:00+00:00,1.26696,1.26805,1.26696,1.26781,1712
2026-03-02T08:00:00+00:00,1.26781,1.26806,1.26781,1.26803,1307
2026-03-02T08:15:00+00:00,1.26803,1.26886,1.26803,1.26886,1421
2026-03-02T08:30:00+00:00,1.26886,1.26889,1.26859,1.26880,2303
2026-03-02T08:45:00+00:00,1.26880,1.26896,1.26865,1.26896,2779
2026-03-02T09:00:00+00:00,1.26896,1.26899,1.26879,1.26883,1720
2026-03-02T09:15:00+00:00,1.26883,1.26903,1.26882,1.26885,1767
2026-03-02T09:30:00+00:00,1.26885,1.26888,1.26874,1.26874,1535
2026-03-02T09:45:00+00:00,1.26874,1.26897,1.26873,1.26873,1539
2026-03-02T10:00:00+00:00,1.26873,1.26873,1.26847,1.26850,2208
2026-03-02T10:15:00+00:00,1.26850,1.26860,1.26844,1.26855,1042
2026-03-02T10:30:00+00:00,1.26855,1.26855,1.26821,1.26822,2214
2026-03-02T10:45:00+00:00,1.26822,1.26824,1.26814,1.26821,1876
2026-03-02T11:00:00+00:00,1.26821,1.26838,1.26804,1.26838,1673
2026-03-02T11:15:00+00:00,1.26838,1.26861,1.26838,1.26861,844
2026-03-02T11:30:00+00:00,1.26861,1.26897,1.26861,1.26897,475
2026-03-02T11:45:00+00:00,1.26897,1.26900,1.26888,1.26894,1332
2026-03-02T12:00:00+00:00,1.26894,1.26908,1.26842,1.26857,1457
2026-03-02T12:15:00+00:00,1.26857,1.26925,1.26832,1.26925,1484
2026-03-02T12:30:00+00:00,1.26925,1.26966,1.26916,1.26918,2478
2026-03-02T12:45:00+00:00,1.26918,1.26932,1.26826,1.26826,1938
2026-03-02T13:00:00+00:00,1.26826,1.26892,1.26826,1.26865,1555
2026-03-02T13:15:00+00:00,1.26865,1.26888,1.26791,1.26791,2761
2026-03-02T13:30:00+00:00,1.26791,1.26864,1.26764,1.26864,1957
2026-03-02T13:45:00+00:00,1.26864,1.26871,1.26816,1.26816,2062
2026-03-02T14:00:00+00:00,1.26816,1.26816,1.26767,1.26812,1980
2026-03-02T14:15:00+00:00,1.26812,1.26861,1.26812,1.26825,1219
2026-03-02T14:30:00+00:00,1.26825,1.26922,1.26825,1.26922,1243
2026-03-02T14:45:00+00:00,1.26922,1.26922,1.26875,1.26877,1139
2026-03-02T15:00:00+00:00,1.26877,1.26921,1.26870,1.26921,1960
2026-03-02T15:15:00+00:00,1.26921,1.26921,1.26897,1.26909,1771
2026-03-02T15:30:00+00:00,1.26909,1.26949,1.26893,1.26925,606
2026-03-02T15:45:00+00:00,1.26925,1.26961,1.26925,1.26954,2082
2026-03-02T16:00:00+00:00,1.26954,1.26987,1.26954,1.26968,1966
2026-03-02T16:15:00+00:00,1.26968,1.26981,1.26946,1.26965,1338
2026-03-02T16:30:00+00:00,1.26965,1.26968,1.26963,1.26964,1686
2026-03-02T16:45:00+00:00,1.26964,1.27014,1.26962,1.27014,1293
2026-03-02T17:00:00+00:00,1.27014,1.27014,1.26963,1.26963,1114
2026-03-02T17:15:00+00:00,1.26963,1.26963,1.26909,1.26909,983
2026-03-02T17:30:00+00:00,1.26909,1.26917,1.26892,1.26914,2305
2026-03-02T17:45:00+00:00,1.26914,1.26914,1.26897,1.26912,1573
2026-03-02T18:00:00+00:00,1.26912,1.26912,1.26879,1.26879,2279
2026-03-02T18:15:00+00:00,1.26879,1.26901,1.26877,1.26901,1952
2026-03-02T18:30:00+00:00,1.26901,1.26910,1.26882,1.26882,2238
2026-03-02T18:45:00+00:00,1.26882,1.26885,1.26878,1.26884,262
2026-03-02T19:00:00+00:00,1.26884,1.26909,1.26876,1.26907,2143
2026-03-02T19:15:00+00:00,1.26907,1.26907,1.26875,1.26875,1275
2026-03-02T19:30:00+00:00,1.26875,1.26880,1.26847,1.26880,2067
2026-03-02T19:45:00+00:00,1.26880,1.26889,1.26876,1.26889,1225
2026-03-02T20:00:00+00:00,1.26889,1.26893,1.26882,1.26884,1707
2026-03-02T20:15:00+00:00,1.26884,1.26911,1.26884,1.26911,727
2026-03-02T20:30:00+00:00,1.26911,1.26929,1.26910,1.26920,2175
2026-03-02T20:45:00+00:00,1.26920,1.26939,1.26913,1.26939,1392
2026-03-02T21:00:00+00:00,1.26939,1.26939,1.26910,1.26913,1174
2026-03-02T21:15:00+00:00,1.26913,1.26916,1.26906,1.26916,1238
2026-03-02T21:30:00+00:00,1.26916,1.26919,1.26896,1.26919,2569
2026-03-02T21:45:00+00:00,1.26919,1.26919,1.26896,1.26904,1206
2026-03-02T22:00:00+00:00,1.26904,1.26936,1.26900,1.26931,1806
2026-03-02T22:15:00+00:00,1.26931,1.26951,1.26921,1.26926,1302
2026-03-02T22:30:00+00:00,1.26926,1.26935,1.26909,1.26935,1102
2026-03-02T22:45:00+00:00,1.26935,1.26950,1.26935,1.26941,1165
2026-03-02T23:00:00+00:00,1.26941,1.26966,1.26941,1.26960,2420
2026-03-02T23:15:00+00:00,1.26960,1.26972,1.26956,1.26962,1942
2026-03-02T23:30:00+00:00,1.26962,1.26962,1.26932,1.26937,767
2026-03-02T23:45:00+00:00,1.26937,1.26937,1.26921,1.26921,1485
2026-03-03T00:00:00+00:00,1.26921,1.26974,1.26921,1.26950,1274
2026-03-03T00:15:00+00:00,1.26950,1.26967,1.26922,1.26967,1517
2026-03-03T00:30:00+00:00,1.26967,1.26991,1.26945,1.26972,1941
2026-03-03T00:45:00+00:00,1.26972,1.26972,1.26918,1.26918,1845
2026-03-03T01:00:00+00:00,1.26918,1.26978,1.26918,1.26944,1641
2026-03-03T01:15:00+00:00,1.26944,1.26978,1.26944,1.26978,1396
2026-03-03T01:30:00+00:00,1.26978,1.26978,1.26939,1.26939,1524
2026-03-03T01:45:00+00:00,1.26939,1.26968,1.26939,1.26962,1621
2026-03-03T02:00:00+00:00,1.26962,1.26982,1.26926,1.26956,938
2026-03-03T02:15:00+00:00,1.26956,1.26994,1.26956,1.26994,2032
2026-03-03T02:30:00+00:00,1.26994,1.27028,1.26982,1.27026,2442
2026-03-03T02:45:00+00:00,1.27026,1.27026,1.26993,1.26993,625
2026-03-03T03:00:00+00:00,1.26993,1.26993,1.26956,1.26956,1324
2026-03-03T03:15:00+00:00,1.26956,1.26958,1.26937,1.26938,1234
2026-03-03T03:30:00+00:00,1.26938,1.26963,1.26931,1.26963,1709
2026-03-03T03:45:00+00:00,1.26963,1.26963,1.26939,1.26939,2050
2026-03-03T04:00:00+00:00,1.26939,1.26968,1.26939,1.26967,1776
2026-03-03T04:15:00+00:00,1.26967,1.27025,1.26967,1.27009,891
2026-03-03T04:30:00+00:00,1.27009,1.27051,1.27004,1.27039,1638
2026-03-03T04:45:00+00:00,1.27039,1.27080,1.27039,1.27080,1295
2026-03-03T05:00:00+00:00,1.27080,1.27093,1.27077,1.27083,1929
2026-03-03T05:15:00+00:00,1.27083,1.27083,1.27028,1.27028,364
2026-03-03T05:30:00+00:00,1.27028,1.27067,1.27022,1.27067,1337
2026-03-03T05:45:00+00:00,1.27067,1.27087,1.27059,1.27087,2064
2026-03-03T06:00:00+00:00,1.27087,1.27122,1.27081,1.27099,1898
2026-03-03T06:15:00+00:00,1.27099,1.27108,1.27060,1.27108,1656
2026-03-03T06:30:00+00:00,1.27108,1.27182,1.27103,1.27106,1794
2026-03-03T06:45:00+00:00,1.27106,1.27154,1.27106,1.27154,2400
2026-03-03T07:00:00+00:00,1.27154,1.27313,1.27154,1.27264,1513
2026-03-03T07:15:00+00:00,1.27264,1.27402,1.27264,1.27402,1649
2026-03-03T07:30:00+00:00,1.27402,1.27402,1.27200,1.27213,1584
2026-03-03T07:45:00+00:00,1.27213,1.27369,1.27213,1.27369,1135
2026-03-03T08:00:00+00:00,1.27369,1.27423,1.27345,1.27350,1860
2026-03-03T08:15:00+00:00,1.27350,1.27350,1.27248,1.27248,1528
2026-03-03T08:30:00+00:00,1.27248,1.27262,1.27177,1.27191,1405
2026-03-03T08:45:00+00:00,1.27191,1.27214,1.27171,1.27214,2118
2026-03-03T09:00:00+00:00,1.27214,1.27226,1.27213,1.27220,1815
2026-03-03T09:15:00+00:00,1.27220,1.27239,1.27217,1.27217,1495
2026-03-03T09:30:00+00:00,1.27217,1.27217,1.27187,1.27191,1093
2026-03-03T09:45:00+00:00,1.27191,1.27213,1.27191,1.27213,2062
2026-03-03T10:00:00+00:00,1.27213,1.27213,1.27172,1.27184,1240
2026-03-03T10:15:00+00:00,1.27184,1.27190,1.27142,1.27148,1198
2026-03-03T10:30:00+00:00,1.27148,1.27148,1.27127,1.27131,1769
2026-03-03T10:45:00+00:00,1.27131,1.27137,1.27120,1.27128,1617
2026-03-03T11:00:00+00:00,1.27128,1.27128,1.27119,1.27125,1393
2026-03-03T11:15:00+00:00,1.27125,1.27146,1.27125,1.27145,1349
2026-03-03T11:30:00+00:00,1.27145,1.27178,1.27143,1.27178,2198
2026-03-03T11:45:00+00:00,1.27178,1.27192,1.27164,1.27164,1948
2026-03-03T12:00:00+00:00,1.27164,1.27270,1.27164,1.27270,1276
2026-03-03T12:15:00+00:00,1.27270,1.27332,1.27270,1.27290,1744
2026-03-03T12:30:00+00:00,1.27290,1.27302,1.27192,1.27192,1668
2026-03-03T12:45:00+00:00,1.27192,1.27289,1.27192,1.27244,2101
2026-03-03T13:00:00+00:00,1.27244,1.27256,1.27232,1.27256,1465
2026-03-03T13:15:00+00:00,1.27256,1.27374,1.27256,1.27290,554
2026-03-03T13:30:00+00:00,1.27290,1.27390,1.27290,1.27355,2530
2026-03-03T13:45:00+00:00,1.27355,1.27423,1.27292,1.27292,1714
2026-03-03T14:00:00+00:00,1.27292,1.27329,1.27263,1.27291,1735
2026-03-03T14:15:00+00:00,1.27291,1.27291,1.27154,1.27211,1502
2026-03-03T14:30:00+00:00,1.27211,1.27211,1.27166,1.27197,2479
2026-03-03T14:45:00+00:00,1.27197,1.27211,1.27164,1.27164,1273
2026-03-03T15:00:00+00:00,1.27164,1.27176,1.27156,1.27170,1247
2026-03-03T15:15:00+00:00,1.27170,1.27170,1.27129,1.27153,1882
2026-03-03T15:30:00+00:00,1.27153,1.27165,1.27147,1.27151,759
2026-03-03T15:45:00+00:00,1.27151,1.27206,1.27151,1.27204,1125
2026-03-03T16:00:00+00:00,1.27204,1.27208,1.27165,1.27165,1260
2026-03-03T16:15:00+00:00,1.27165,1.27191,1.27165,1.27183,1313
2026-03-03T16:30:00+00:00,1.27183,1.27183,1.27153,1.27171,1578
2026-03-03T16:45:00+00:00,1.27171,1.27188,1.27171,1.27183,1308
2026-03-03T17:00:00+00:00,1.27183,1.27191,1.27176,1.27186,1253
2026-03-03T17:15:00+00:00,1.27186,1.27186,1.27164,1.27175,1747
2026-03-03T17:30:00+00:00,1.27175,1.27175,1.27159,1.27168,1832
2026-03-03T17:45:00+00:00,1.27168,1.27174,1.27138,1.27143,899
2026-03-03T18:00:00+00:00,1.27143,1.27177,1.27141,1.27177,1308
2026-03-03T18:15:00+00:00,1.27177,1.27177,1.27131,1.27137,1666
2026-03-03T18:30:00+00:00,1.27137,1.27161,1.27137,1.27161,1423
2026-03-03T18:45:00+00:00,1.27161,1.27168,1.27150,1.27166,1767
2026-03-03T19:00:00+00:00,1.27166,1.27196,1.27166,1.27195,1575
2026-03-03T19:15:00+00:00,1.27195,1.27195,1.27175,1.27181,815
2026-03-03T19:30:00+00:00,1.27181,1.27206,1.27181,1.27201,1271
2026-03-03T19:45:00+00:00,1.27201,1.27201,1.27166,1.27167,705
2026-03-03T20:00:00+00:00,1.27167,1.27192,1.27159,1.27192,1098
2026-03-03T20:15:00+00:00,1.27192,1.27203,1.27183,1.27203,1477
2026-03-03T20:30:00+00:00,1.27203,1.27224,1.27197,1.27224,1835
2026-03-03T20:45:00+00:00,1.27224,1.27232,1.27224,1.27224,2197
2026-03-03T21:00:00+00:00,1.27224,1.27224,1.27205,1.27206,2542
2026-03-03T21:15:00+00:00,1.27206,1.27213,1.27204,1.27207,1960
2026-03-03T21:30:00+00:00,1.27207,1.27207,1.27181,1.27181,1710
2026-03-03T21:45:00+00:00,1.27181,1.27207,1.27176,1.27207,1870
2026-03-03T22:00:00+00:00,1.27207,1.27232,1.27207,1.27230,1056
2026-03-03T22:15:00+00:00,1.27230,1.27250,1.27230,1.27248,853
2026-03-03T22:30:00+00:00,1.27248,1.27249,1.27238,1.27239,2210
2026-03-03T22:45:00+00:00,1.27239,1.27254,1.27227,1.27227,973
2026-03-03T23:00:00+00:00,1.27227,1.27227,1.27205,1.27210,1961
2026-03-03T23:15:00+00:00,1.27210,1.27224,1.27206,1.27224,688
2026-03-03T23:30:00+00:00,1.27224,1.27224,1.27195,1.27195,861
2026-03-03T23:45:00+00:00,1.27195,1.27232,1.27195,1.27232,1737
2026-03-04T00:00:00+00:00,1.27232,1.27254,1.27225,1.27225,1547
2026-03-04T00:15:00+00:00,1.27225,1.27226,1.27153,1.27155,1699
2026-03-04T00:30:00+00:00,1.27155,1.27188,1.27155,1.27188,2622
2026-03-04T00:45:00+00:00,1.27188,1.27203,1.27129,1.27129,1306
2026-03-04T01:00:00+00:00,1.27129,1.27209,1.27129,1.27209,869
2026-03-04T01:15:00+00:00,1.27209,1.27209,1.27163,1.27166,1417
2026-03-04T01:30:00+00:00,1.27166,1.27166,1.27136,1.27143,1876
2026-03-04T01:45:00+00:00,1.27143,1.27274,1.27143,1.27274,2374
2026-03-04T02:00:00+00:00,1.27274,1.27279,1.27252,1.27252,1788
2026-03-04T02:15:00+00:00,1.27252,1.27259,1.27183,1.27183,1815
2026-03-04T02:30:00+00:00,1.27183,1.27200,1.27179,1.27179,1505
2026-03-04T02:45:00+00:00,1.27179,1.27217,1.27179,1.27197,1461
2026-03-04T03:00:00+00:00,1.27197,1.27197,1.27176,1.27178,298
2026-03-04T03:15:00+00:00,1.27178,1.27184,1.27144,1.27144,1277
2026-03-04T03:30:00+00:00,1.27144,1.27155,1.27131,1.27131,1287
2026-03-04T03:45:00+00:00,1.27131,1.27137,1.27099,1.27137,2102
2026-03-04T04:00:00+00:00,1.27137,1.27142,1.27107,1.27127,2093
2026-03-04T04:15:00+00:00,1.27127,1.27127,1.27095,1.27095,1724
2026-03-04T04:30:00+00:00,1.27095,1.27095,1.27069,1.27084,2247
2026-03-04T04:45:00+00:00,1.27084,1.27097,1.27074,1.27097,1822
2026-03-04T05:00:00+00:00,1.27097,1.27118,1.27097,1.27118,781
2026-03-04T05:15:00+00:00,1.27118,1.27122,1.27096,1.27096,1094
2026-03-04T05:30:00+00:00,1.27096,1.27132,1.27096,1.27104,1722
2026-03-04T05:45:00+00:00,1.27104,1.27104,1.27045,1.27045,1956
2026-03-04T06:00:00+00:00,1.27045,1.27067,1.27024,1.27042,1576
2026-03-04T06:15:00+00:00,1.27042,1.27042,1.26926,1.26926,684
2026-03-04T06:30:00+00:00,1.26926,1.26982,1.26926,1.26982,1109
2026-03-04T06:45:00+00:00,1.26982,1.26994,1.26932,1.26932,2453
2026-03-04T07:00:00+00:00,1.26932,1.27004,1.26898,1.27004,1658
2026-03-04T07:15:00+00:00,1.27004,1.27056,1.26948,1.26948,2350
2026-03-04T07:30:00+00:00,1.26948,1.27031,1.26933,1.26958,2455
2026-03-04T07:45:00+00:00,1.26958,1.26965,1.26849,1.26849,2072
2026-03-04T08:00:00+00:00,1.26849,1.26985,1.26849,1.26955,1855
2026-03-04T08:15:00+00:00,1.26955,1.27009,1.26950,1.27009,1701
2026-03-04T08:30:00+00:00,1.27009,1.27030,1.26979,1.27030,307
2026-03-04T08:45:00+00:00,1.27030,1.27030,1.26979,1.26979,1202
2026-03-04T09:00:00+00:00,1.26979,1.26986,1.26962,1.26982,1501
2026-03-04T09:15:00+00:00,1.26982,1.27011,1.26968,1.26971,1116
2026-03-04T09:30:00+00:00,1.26971,1.26972,1.26918,1.26928,2268
2026-03-04T09:45:00+00:00,1.26928,1.26976,1.26928,1.26976,1635
2026-03-04T10:00:00+00:00,1.26976,1.26976,1.26952,1.26960,847
2026-03-04T10:15:00+00:00,1.26960,1.26960,1.26938,1.26942,1843
2026-03-04T10:30:00+00:00,1.26942,1.26951,1.26930,1.26951,1822
2026-03-04T10:45:00+00:00,1.26951,1.26956,1.26938,1.26954,1773
2026-03-04T11:00:00+00:00,1.26954,1.26980,1.26941,1.26978,1251
2026-03-04T11:15:00+00:00,1.26978,1.26978,1.26869,1.26869,1708
2026-03-04T11:30:00+00:00,1.26869,1.26872,1.26861,1.26872,1375
2026-03-04T11:45:00+00:00,1.26872,1.26915,1.26872,1.26915,905
2026-03-04T12:00:00+00:00,1.26915,1.26915,1.26856,1.26856,2860
2026-03-04T12:15:00+00:00,1.26856,1.26903,1.26856,1.26903,1651
2026-03-04T12:30:00+00:00,1.26903,1.26903,1.26861,1.26861,1440
2026-03-04T12:45:00+00:00,1.26861,1.26931,1.26822,1.26931,1119
2026-03-04T13:00:00+00:00,1.26931,1.27086,1.26931,1.27086,2641
2026-03-04T13:15:00+00:00,1.27086,1.27135,1.27082,1.27135,513
2026-03-04T13:30:00+00:00,1.27135,1.27154,1.27099,1.27109,1599
2026-03-04T13:45:00+00:00,1.27109,1.27201,1.27109,1.27136,1594
2026-03-04T14:00:00+00:00,1.27136,1.27136,1.27053,1.27086,1952
2026-03-04T14:15:00+00:00,1.27086,1.27088,1.27017,1.27017,796
2026-03-04T14:30:00+00:00,1.27017,1.27045,1.26995,1.27008,2102
2026-03-04T14:45:00+00:00,1.27008,1.27020,1.27002,1.27018,2305
2026-03-04T15:00:00+00:00,1.27018,1.27018,1.26964,1.26979,1740
2026-03-04T15:15:00+00:00,1.26979,1.27044,1.26971,1.27037,805
2026-03-04T15:30:00+00:00,1.27037,1.27073,1.27037,1.27073,1384
2026-03-04T15:45:00+00:00,1.27073,1.27107,1.27073,1.27107,2487
2026-03-04T16:00:00+00:00,1.27107,1.27122,1.27090,1.27114,1490
2026-03-04T16:15:00+00:00,1.27114,1.27114,1.27096,1.27102,1758
2026-03-04T16:30:00+00:00,1.27102,1.27113,1.27101,1.27101,1539
2026-03-04T16:45:00+00:00,1.27101,1.27114,1.27090,1.27109,1872
2026-03-04T17:00:00+00:00,1.27109,1.27136,1.27109,1.27123,1011
2026-03-04T17:15:00+00:00,1.27123,1.27137,1.27117,1.27137,928
2026-03-04T17:30:00+00:00,1.27137,1.27155,1.27137,1.27155,1184
2026-03-04T17:45:00+00:00,1.27155,1.27194,1.27155,1.27194,1895
2026-03-04T18:00:00+00:00,1.27194,1.27201,1.27194,1.27197,1746
2026-03-04T18:15:00+00:00,1.27197,1.27197,1.27172,1.27182,1103
2026-03-04T18:30:00+00:00,1.27182,1.27183,1.27169,1.27170,1668
2026-03-04T18:45:00+00:00,1.27170,1.27170,1.27112,1.27112,1173
2026-03-04T19:00:00+00:00,1.27112,1.27112,1.27085,1.27085,1950
2026-03-04T19:15:00+00:00,1.27085,1.27112,1.27085,1.27097,1733
2026-03-04T19:30:00+00:00,1.27097,1.27097,1.27075,1.27075,2424
2026-03-04T19:45:00+00:00,1.27075,1.27118,1.27075,1.27118,1798
2026-03-04T20:00:00+00:00,1.27118,1.27119,1.27102,1.27115,1142
2026-03-04T20:15:00+00:00,1.27115,1.27115,1.27102,1.27102,1252
2026-03-04T20:30:00+00:00,1.27102,1.27102,1.27086,1.27090,1063
2026-03-04T20:45:00+00:00,1.27090,1.27102,1.27090,1.27097,996
2026-03-04T21:00:00+00:00,1.27097,1.27127,1.27097,1.27124,1134
2026-03-04T21:15:00+00:00,1.27124,1.27130,1.27121,1.27121,1586
2026-03-04T21:30:00+00:00,1.27121,1.27144,1.27121,1.27144,2117
2026-03-04T21:45:00+00:00,1.27144,1.27144,1.27090,1.27090,1251
2026-03-04T22:00:00+00:00,1.27090,1.27103,1.27090,1.27103,862
2026-03-04T22:15:00+00:00,1.27103,1.27103,1.27080,1.27081,2633
2026-03-04T22:30:00+00:00,1.27081,1.27092,1.27081,1.27083,1404
2026-03-04T22:45:00+00:00,1.27083,1.27094,1.27080,1.27094,1044
2026-03-04T23:00:00+00:00,1.27094,1.27108,1.27093,1.27098,1352
2026-03-04T23:15:00+00:00,1.27098,1.27098,1.27073,1.27073,2543
2026-03-04T23:30:00+00:00,1.27073,1.27100,1.27073,1.27100,1850
2026-03-04T23:45:00+00:00,1.27100,1.27111,1.27089,1.27089,2382
2026-03-05T00:00:00+00:00,1.27089,1.27114,1.27077,1.27077,2017
2026-03-05T00:15:00+00:00,1.27077,1.27105,1.27077,1.27090,1518
2026-03-05T00:30:00+00:00,1.27090,1.27192,1.27090,1.27192,1761
2026-03-05T00:45:00+00:00,1.27192,1.27222,1.27180,1.27222,2223
2026-03-05T01:00:00+00:00,1.27222,1.27285,1.27212,1.27285,1890
2026-03-05T01:15:00+00:00,1.27285,1.27285,1.27209,1.27214,1717
2026-03-05T01:30:00+00:00,1.27214,1.27214,1.27197,1.27205,1523
2026-03-05T01:45:00+00:00,1.27205,1.27261,1.27205,1.27233,1710
2026-03-05T02:00:00+00:00,1.27233,1.27233,1.27145,1.27145,756
2026-03-05T02:15:00+00:00,1.27145,1.27162,1.27113,1.27113,1175
2026-03-05T02:30:00+00:00,1.27113,1.27113,1.27017,1.27017,2360
2026-03-05T02:45:00+00:00,1.27017,1.27027,1.26982,1.27027,1291
2026-03-05T03:00:00+00:00,1.27027,1.27057,1.27027,1.27040,1742
2026-03-05T03:15:00+00:00,1.27040,1.27058,1.27040,1.27053,1612
2026-03-05T03:30:00+00:00,1.27053,1.27053,1.27018,1.27024,1793
2026-03-05T03:45:00+00:00,1.27024,1.27054,1.27024,1.27054,2919
2026-03-05T04:00:00+00:00,1.27054,1.27054,1.27019,1.27019,962
2026-03-05T04:15:00+00:00,1.27019,1.27046,1.27019,1.27044,1727
2026-03-05T04:30:00+00:00,1.27044,1.27044,1.27014,1.27014,1032
2026-03-05T04:45:00+00:00,1.27014,1.27037,1.27014,1.27022,1390
2026-03-05T05:00:00+00:00,1.27022,1.27022,1.26990,1.26990,1504
2026-03-05T05:15:00+00:00,1.26990,1.27018,1.26990,1.27007,1152
2026-03-05T05:30:00+00:00,1.27007,1.27007,1.26959,1.26968,1877
2026-03-05T05:45:00+00:00,1.26968,1.27007,1.26968,1.27007,1699
2026-03-05T06:00:00+00:00,1.27007,1.27093,1.27007,1.27074,1796
2026-03-05T06:15:00+00:00,1.27074,1.27152,1.27047,1.27152,1794
2026-03-05T06:30:00+00:00,1.27152,1.27210,1.27136,1.27177,2090
2026-03-05T06:45:00+00:00,1.27177,1.27216,1.27170,1.27181,1722
2026-03-05T07:00:00+00:00,1.27181,1.27181,1.27143,1.27154,2407
2026-03-05T07:15:00+00:00,1.27154,1.27181,1.27118,1.27181,1886
2026-03-05T07:30:00+00:00,1.27181,1.27188,1.27122,1.27122,2150
2026-03-05T07:45:00+00:00,1.27122,1.27285,1.27122,1.27236,832
2026-03-05T08:00:00+00:00,1.27236,1.27340,1.27236,1.27340,1522
2026-03-05T08:15:00+00:00,1.27340,1.27430,1.27329,1.27384,1233
2026-03-05T08:30:00+00:00,1.27384,1.27409,1.27319,1.27409,1902
2026-03-05T08:45:00+00:00,1.27409,1.27409,1.27372,1.27372,1723
2026-03-05T09:00:00+00:00,1.27372,1.27372,1.27308,1.27310,2311
2026-03-05T09:15:00+00:00,1.27310,1.27337,1.27294,1.27337,1660
2026-03-05T09:30:00+00:00,1.27337,1.27349,1.27327,1.27327,1807
2026-03-05T09:45:00+00:00,1.27327,1.27367,1.27327,1.27342,999
2026-03-05T10:00:00+00:00,1.27342,1.27352,1.27325,1.27325,1864
2026-03-05T10:15:00+00:00,1.27325,1.27325,1.27305,1.27312,302
2026-03-05T10:30:00+00:00,1.27312,1.27344,1.27312,1.27323,2325
2026-03-05T10:45:00+00:00,1.27323,1.27337,1.27319,1.27337,2018
2026-03-05T11:00:00+00:00,1.27337,1.27339,1.27285,1.27285,1725
2026-03-05T11:15:00+00:00,1.27285,1.27285,1.27253,1.27280,2746
2026-03-05T11:30:00+00:00,1.27280,1.27323,1.27280,1.27292,1838
2026-03-05T11:45:00+00:00,1.27292,1.27292,1.27248,1.27271,1575
2026-03-05T12:00:00+00:00,1.27271,1.27271,1.27234,1.27244,2011
2026-03-05T12:15:00+00:00,1.27244,1.27296,1.27244,1.27296,2633
2026-03-05T12:30:00+00:00,1.27296,1.27353,1.27296,1.27339,1948
2026-03-05T12:45:00+00:00,1.27339,1.27397,1.27339,1.27372,510
2026-03-05T13:00:00+00:00,1.27372,1.27372,1.27251,1.27251,1129
2026-03-05T13:15:00+00:00,1.27251,1.27251,1.27206,1.27220,2633
2026-03-05T13:30:00+00:00,1.27220,1.27220,1.27117,1.27117,2324
2026-03-05T13:45:00+00:00,1.27117,1.27117,1.27017,1.27017,1702
2026-03-05T14:00:00+00:00,1.27017,1.27023,1.26971,1.27023,2169
2026-03-05T14:15:00+00:00,1.27023,1.27097,1.27022,1.27045,1993
2026-03-05T14:30:00+00:00,1.27045,1.27133,1.27045,1.27133,1540
2026-03-05T14:45:00+00:00,1.27133,1.27133,1.27101,1.27106,1167
2026-03-05T15:00:00+00:00,1.27106,1.27106,1.27055,1.27084,1406
2026-03-05T15:15:00+00:00,1.27084,1.27124,1.27084,1.27104,1698
2026-03-05T15:30:00+00:00,1.27104,1.27142,1.27104,1.27142,1416
2026-03-05T15:45:00+00:00,1.27142,1.27147,1.27116,1.27116,1796
2026-03-05T16:00:00+00:00,1.27116,1.27135,1.27086,1.27135,2313
2026-03-05T16:15:00+00:00,1.27135,1.27135,1.27108,1.27108,1633
2026-03-05T16:30:00+00:00,1.27108,1.27108,1.27087,1.27092,1569
2026-03-05T16:45:00+00:00,1.27092,1.27092,1.27041,1.27047,1920
2026-03-05T17:00:00+00:00,1.27047,1.27047,1.27019,1.27019,1523
2026-03-05T17:15:00+00:00,1.27019,1.27033,1.27016,1.27033,2031
2026-03-05T17:30:00+00:00,1.27033,1.27033,1.27016,1.27030,1925
2026-03-05T17:45:00+00:00,1.27030,1.27031,1.27022,1.27027,1754
2026-03-05T18:00:00+00:00,1.27027,1.27052,1.27027,1.27047,1760
2026-03-05T18:15:00+00:00,1.27047,1.27055,1.27042,1.27042,1735
2026-03-05T18:30:00+00:00,1.27042,1.27079,1.27042,1.27077,2161
2026-03-05T18:45:00+00:00,1.27077,1.27077,1.27051,1.27051,1689
2026-03-05T19:00:00+00:00,1.27051,1.27067,1.27043,1.27050,884
2026-03-05T19:15:00+00:00,1.27050,1.27050,1.27034,1.27034,1528
2026-03-05T19:30:00+00:00,1.27034,1.27038,1.27034,1.27036,1857
2026-03-05T19:45:00+00:00,1.27036,1.27080,1.27036,1.27080,1247
2026-03-05T20:00:00+00:00,1.27080,1.27080,1.27065,1.27065,2302
2026-03-05T20:15:00+00:00,1.27065,1.27065,1.27034,1.27046,1693
2026-03-05T20:30:00+00:00,1.27046,1.27057,1.27024,1.27031,2219
2026-03-05T20:45:00+00:00,1.27031,1.27046,1.27031,1.27045,1312
2026-03-05T21:00:00+00:00,1.27045,1.27074,1.27045,1.27053,1171
2026-03-05T21:15:00+00:00,1.27053,1.27053,1.27033,1.27051,935
2026-03-05T21:30:00+00:00,1.27051,1.27063,1.27036,1.27039,919
2026-03-05T21:45:00+00:00,1.27039,1.27056,1.27034,1.27041,1810
2026-03-05T22:00:00+00:00,1.27041,1.27053,1.27017,1.27025,1647
2026-03-05T22:15:00+00:00,1.27025,1.27043,1.27025,1.27043,1923
2026-03-05T22:30:00+00:00,1.27043,1.27070,1.27043,1.27070,622
2026-03-05T22:45:00+00:00,1.27070,1.27093,1.27070,1.27078,816
2026-03-05T23:00:00+00:00,1.27078,1.27136,1.27074,1.27136,1297
2026-03-05T23:15:00+00:00,1.27136,1.27136,1.27123,1.27123,1586
2026-03-05T23:30:00+00:00,1.27123,1.27128,1.27113,1.27128,489
2026-03-05T23:45:00+00:00,1.27128,1.27134,1.27111,1.27126,1201
2026-03-06T00:00:00+00:00,1.27126,1.27128,1.27110,1.27116,1567
2026-03-06T00:15:00+00:00,1.27116,1.27126,1.27078,1.27092,1490
2026-03-06T00:30:00+00:00,1.27092,1.27119,1.27092,1.27119,1308
2026-03-06T00:45:00+00:00,1.27119,1.27119,1.27047,1.27079,2193
2026-03-06T01:00:00+00:00,1.27079,1.27105,1.27073,1.27105,1591
2026-03-06T01:15:00+00:00,1.27105,1.27138,1.27060,1.27060,1824
2026-03-06T01:30:00+00:00,1.27060,1.27060,1.27006,1.27046,1664
2026-03-06T01:45:00+00:00,1.27046,1.27094,1.27046,1.27083,1718
2026-03-06T02:00:00+00:00,1.27083,1.27178,1.27083,1.27178,1949
2026-03-06T02:15:00+00:00,1.27178,1.27194,1.27178,1.27194,2218
2026-03-06T02:30:00+00:00,1.27194,1.27236,1.27184,1.27236,1695
2026-03-06T02:45:00+00:00,1.27236,1.27293,1.27236,1.27274,1162
2026-03-06T03:00:00+00:00,1.27274,1.27320,1.27274,1.27320,1982
2026-03-06T03:15:00+00:00,1.27320,1.27346,1.27320,1.27336,1367
2026-03-06T03:30:00+00:00,1.27336,1.27349,1.27317,1.27344,971
2026-03-06T03:45:00+00:00,1.27344,1.27369,1.27344,1.27369,1489
2026-03-06T04:00:00+00:00,1.27369,1.27374,1.27355,1.27363,1365
2026-03-06T04:15:00+00:00,1.27363,1.27363,1.27340,1.27361,2097
2026-03-06T04:30:00+00:00,1.27361,1.27382,1.27361,1.27362,1478
2026-03-06T04:45:00+00:00,1.27362,1.27362,1.27340,1.27343,2674
2026-03-06T05:00:00+00:00,1.27343,1.27343,1.27309,1.27320,2155
2026-03-06T05:15:00+00:00,1.27320,1.27375,1.27320,1.27375,1826
2026-03-06T05:30:00+00:00,1.27375,1.27420,1.27375,1.27407,1351
2026-03-06T05:45:00+00:00,1.27407,1.27449,1.27407,1.27449,649
2026-03-06T06:00:00+00:00,1.27449,1.27471,1.27399,1.27399,2247
2026-03-06T06:15:00+00:00,1.27399,1.27407,1.27360,1.27407,1636
2026-03-06T06:30:00+00:00,1.27407,1.27407,1.27344,1.27344,1772
2026-03-06T06:45:00+00:00,1.27344,1.27484,1.27344,1.27484,1834
2026-03-06T07:00:00+00:00,1.27484,1.27582,1.27484,1.27582,1631
2026-03-06T07:15:00+00:00,1.27582,1.27639,1.27522,1.27522,928
2026-03-06T07:30:00+00:00,1.27522,1.27575,1.27496,1.27575,1225
2026-03-06T07:45:00+00:00,1.27575,1.27609,1.27476,1.27493,1533
2026-03-06T08:00:00+00:00,1.27493,1.27497,1.27451,1.27476,1522
2026-03-06T08:15:00+00:00,1.27476,1.27476,1.27418,1.27418,1442
2026-03-06T08:30:00+00:00,1.27418,1.27452,1.27409,1.27432,1476
2026-03-06T08:45:00+00:00,1.27432,1.27447,1.27412,1.27438,1488
2026-03-06T09:00:00+00:00,1.27438,1.27438,1.27403,1.27429,1370
2026-03-06T09:15:00+00:00,1.27429,1.27458,1.27428,1.27434,2316
2026-03-06T09:30:00+00:00,1.27434,1.27449,1.27400,1.27400,1713
2026-03-06T09:45:00+00:00,1.27400,1.27424,1.27400,1.27409,2081
2026-03-06T10:00:00+00:00,1.27409,1.27409,1.27360,1.27360,1776
2026-03-06T10:15:00+00:00,1.27360,1.27360,1.27331,1.27339,1396
2026-03-06T10:30:00+00:00,1.27339,1.27342,1.27326,1.27340,1588
2026-03-06T10:45:00+00:00,1.27340,1.27387,1.27340,1.27367,1175
2026-03-06T11:00:00+00:00,1.27367,1.27396,1.27362,1.27377,2775
2026-03-06T11:15:00+00:00,1.27377,1.27403,1.27377,1.27398,2013
2026-03-06T11:30:00+00:00,1.27398,1.27409,1.27380,1.27409,1399
2026-03-06T11:45:00+00:00,1.27409,1.27490,1.27405,1.27490,1604
2026-03-06T12:00:00+00:00,1.27490,1.27557,1.27490,1.27557,988
2026-03-06T12:15:00+00:00,1.27557,1.27563,1.27539,1.27551,2054
2026-03-06T12:30:00+00:00,1.27551,1.27689,1.27551,1.27689,1838
2026-03-06T12:45:00+00:00,1.27689,1.27766,1.27689,1.27766,1828
2026-03-06T13:00:00+00:00,1.27766,1.27766,1.27631,1.27631,1891
2026-03-06T13:15:00+00:00,1.27631,1.27637,1.27578,1.27602,2158
2026-03-06T13:30:00+00:00,1.27602,1.27667,1.27588,1.27604,1612
2026-03-06T13:45:00+00:00,1.27604,1.27613,1.27535,1.27597,1752
2026-03-06T14:00:00+00:00,1.27597,1.27695,1.27597,1.27695,1693
2026-03-06T14:15:00+00:00,1.27695,1.27753,1.27695,1.27752,1831
2026-03-06T14:30:00+00:00,1.27752,1.27752,1.27722,1.27730,1837
2026-03-06T14:45:00+00:00,1.27730,1.27764,1.27682,1.27682,1557
2026-03-06T15:00:00+00:00,1.27682,1.27715,1.27681,1.27681,1480
2026-03-06T15:15:00+00:00,1.27681,1.27738,1.27681,1.27738,2084
2026-03-06T15:30:00+00:00,1.27738,1.27741,1.27711,1.27711,1274
2026-03-06T15:45:00+00:00,1.27711,1.27728,1.27698,1.27715,950
2026-03-06T16:00:00+00:00,1.27715,1.27747,1.27715,1.27725,2443
2026-03-06T16:15:00+00:00,1.27725,1.27736,1.27708,1.27716,2348
2026-03-06T16:30:00+00:00,1.27716,1.27762,1.27716,1.27762,1688
2026-03-06T16:45:00+00:00,1.27762,1.27768,1.27744,1.27747,719
2026-03-06T17:00:00+00:00,1.27747,1.27747,1.27730,1.27730,896
2026-03-06T17:15:00+00:00,1.27730,1.27751,1.27730,1.27733,1225
2026-03-06T17:30:00+00:00,1.27733,1.27733,1.27710,1.27710,1666
2026-03-06T17:45:00+00:00,1.27710,1.27739,1.27710,1.27739,2568
2026-03-06T18:00:00+00:00,1.27739,1.27747,1.27737,1.27743,1557
2026-03-06T18:15:00+00:00,1.27743,1.27743,1.27721,1.27726,1243
2026-03-06T18:30:00+00:00,1.27726,1.27747,1.27726,1.27736,1384
2026-03-06T18:45:00+00:00,1.27736,1.27736,1.27718,1.27726,1653
2026-03-06T19:00:00+00:00,1.27726,1.27726,1.27719,1.27719,1453
2026-03-06T19:15:00+00:00,1.27719,1.27719,1.27701,1.27702,1830
2026-03-06T19:30:00+00:00,1.27702,1.27704,1.27686,1.27686,2207
2026-03-06T19:45:00+00:00,1.27686,1.27697,1.27661,1.27661,502
2026-03-06T20:00:00+00:00,1.27661,1.27662,1.27655,1.27662,1924
2026-03-06T20:15:00+00:00,1.27662,1.27662,1.27636,1.27638,1174
2026-03-06T20:30:00+00:00,1.27638,1.27638,1.27606,1.27606,1340
2026-03-06T20:45:00+00:00,1.27606,1.27636,1.27605,1.27636,1207
2026-03-06T21:00:00+00:00,1.27636,1.27636,1.27592,1.27592,2011
2026-03-06T21:15:00+00:00,1.27592,1.27620,1.27592,1.27618,1791
2026-03-06T21:30:00+00:00,1.27618,1.27632,1.27617,1.27621,2190
2026-03-06T21:45:00+00:00,1.27621,1.27621,1.27575,1.27575,2158
2026-03-06T22:00:00+00:00,1.27575,1.27575,1.27551,1.27565,1070
2026-03-06T22:15:00+00:00,1.27565,1.27574,1.27557,1.27574,1854
2026-03-06T22:30:00+00:00,1.27574,1.27584,1.27574,1.27582,2488
2026-03-06T22:45:00+00:00,1.27582,1.27587,1.27556,1.27587,1303
2026-03-06T23:00:00+00:00,1.27587,1.27587,1.27564,1.27582,2015
2026-03-06T23:15:00+00:00,1.27582,1.27582,1.27542,1.27549,1125
2026-03-06T23:30:00+00:00,1.27549,1.27549,1.27522,1.27522,1497
2026-03-06T23:45:00+00:00,1.27522,1.27538,1.27522,1.27537,1803
2026-03-09T00:00:00+00:00,1.27537,1.27562,1.27507,1.27562,1458
2026-03-09T00:15:00+00:00,1.27562,1.27578,1.27551,1.27558,1339
2026-03-09T00:30:00+00:00,1.27558,1.27591,1.27544,1.27591,727
2026-03-09T00:45:00+00:00,1.27591,1.27634,1.27591,1.27634,2127
2026-03-09T01:00:00+00:00,1.27634,1.27634,1.27598,1.27598,1042
2026-03-09T01:15:00+00:00,1.27598,1.27601,1.27554,1.27565,1351
2026-03-09T01:30:00+00:00,1.27565,1.27578,1.27542,1.27542,1184
2026-03-09T01:45:00+00:00,1.27542,1.27547,1.27501,1.27508,454
2026-03-09T02:00:00+00:00,1.27508,1.27516,1.27498,1.27516,1784
2026-03-09T02:15:00+00:00,1.27516,1.27524,1.27472,1.27472,1905
2026-03-09T02:30:00+00:00,1.27472,1.27503,1.27469,1.27503,2218
2026-03-09T02:45:00+00:00,1.27503,1.27518,1.27502,1.27509,1033
2026-03-09T03:00:00+00:00,1.27509,1.27555,1.27507,1.27539,1174
2026-03-09T03:15:00+00:00,1.27539,1.27555,1.27528,1.27528,1544
2026-03-09T03:30:00+00:00,1.27528,1.27528,1.27512,1.27516,541
2026-03-09T03:45:00+00:00,1.27516,1.27516,1.27473,1.27486,1767
2026-03-09T04:00:00+00:00,1.27486,1.27529,1.27486,1.27518,1488
2026-03-09T04:15:00+00:00,1.27518,1.27537,1.27512,1.27515,1976
2026-03-09T04:30:00+00:00,1.27515,1.27515,1.27500,1.27500,1875
2026-03-09T04:45:00+00:00,1.27500,1.27516,1.27489,1.27516,2230
2026-03-09T05:00:00+00:00,1.27516,1.27521,1.27491,1.27491,651
2026-03-09T05:15:00+00:00,1.27491,1.27491,1.27458,1.27463,430
2026-03-09T05:30:00+00:00,1.27463,1.27494,1.27439,1.27439,1705
2026-03-09T05:45:00+00:00,1.27439,1.27439,1.27318,1.27318,2106
2026-03-09T06:00:00+00:00,1.27318,1.27318,1.27223,1.27242,1326
2026-03-09T06:15:00+00:00,1.27242,1.27319,1.27242,1.27296,638
2026-03-09T06:30:00+00:00,1.27296,1.27296,1.27192,1.27192,1482
2026-03-09T06:45:00+00:00,1.27192,1.27254,1.27192,1.27254,2715
2026-03-09T07:00:00+00:00,1.27254,1.27320,1.27254,1.27266,1975
2026-03-09T07:15:00+00:00,1.27266,1.27386,1.27203,1.27386,1417
2026-03-09T07:30:00+00:00,1.27386,1.27455,1.27381,1.27455,2041
2026-03-09T07:45:00+00:00,1.27455,1.27455,1.27388,1.27427,1916
2026-03-09T08:00:00+00:00,1.27427,1.27450,1.27334,1.27349,1703
2026-03-09T08:15:00+00:00,1.27349,1.27394,1.27329,1.27329,2012
2026-03-09T08:30:00+00:00,1.27329,1.27329,1.27236,1.27236,846
2026-03-09T08:45:00+00:00,1.27236,1.27236,1.27197,1.27214,1381
2026-03-09T09:00:00+00:00,1.27214,1.27214,1.27203,1.27212,2502
2026-03-09T09:15:00+00:00,1.27212,1.27212,1.27180,1.27190,1352
2026-03-09T09:30:00+00:00,1.27190,1.27190,1.27157,1.27162,2163
2026-03-09T09:45:00+00:00,1.27162,1.27204,1.27162,1.27195,2215
2026-03-09T10:00:00+00:00,1.27195,1.27201,1.27172,1.27172,1129
2026-03-09T10:15:00+00:00,1.27172,1.27172,1.27118,1.27118,1646
2026-03-09T10:30:00+00:00,1.27118,1.27127,1.27110,1.27110,2130
2026-03-09T10:45:00+00:00,1.27110,1.27127,1.27089,1.27119,1597
2026-03-09T11:00:00+00:00,1.27119,1.27119,1.27091,1.27091,2058
2026-03-09T11:15:00+00:00,1.27091,1.27098,1.27079,1.27079,1160
2026-03-09T11:30:00+00:00,1.27079,1.27093,1.27049,1.27093,2021
2026-03-09T11:45:00+00:00,1.27093,1.27131,1.27093,1.27131,834
2026-03-09T12:00:00+00:00,1.27131,1.27168,1.27101,1.27168,1146
2026-03-09T12:15:00+00:00,1.27168,1.27188,1.27119,1.27119,2235
2026-03-09T12:30:00+00:00,1.27119,1.27140,1.27103,1.27115,1289
2026-03-09T12:45:00+00:00,1.27115,1.27127,1.27096,1.27096,1406
2026-03-09T13:00:00+00:00,1.27096,1.27097,1.27019,1.27019,1393
2026-03-09T13:15:00+00:00,1.27019,1.27199,1.27019,1.27199,2054
2026-03-09T13:30:00+00:00,1.27199,1.27220,1.27152,1.27152,1220
2026-03-09T13:45:00+00:00,1.27152,1.27158,1.27098,1.27158,1639
2026-03-09T14:00:00+00:00,1.27158,1.27158,1.27072,1.27072,2227
2026-03-09T14:15:00+00:00,1.27072,1.27186,1.27072,1.27171,2185
2026-03-09T14:30:00+00:00,1.27171,1.27182,1.27111,1.27111,1979
2026-03-09T14:45:00+00:00,1.27111,1.27111,1.27036,1.27044,1639
2026-03-09T15:00:00+00:00,1.27044,1.27093,1.27018,1.27093,2203
2026-03-09T15:15:00+00:00,1.27093,1.27104,1.27079,1.27103,3093
2026-03-09T15:30:00+00:00,1.27103,1.27103,1.27040,1.27045,2190
2026-03-09T15:45:00+00:00,1.27045,1.27071,1.27045,1.27071,1213
2026-03-09T16:00:00+00:00,1.27071,1.27107,1.27071,1.27096,701
2026-03-09T16:15:00+00:00,1.27096,1.27141,1.27096,1.27141,966
2026-03-09T16:30:00+00:00,1.27141,1.27142,1.27131,1.27133,1897
2026-03-09T16:45:00+00:00,1.27133,1.27163,1.27133,1.27146,880
2026-03-09T17:00:00+00:00,1.27146,1.27157,1.27133,1.27144,958
2026-03-09T17:15:00+00:00,1.27144,1.27144,1.27081,1.27095,890
2026-03-09T17:30:00+00:00,1.27095,1.27103,1.27084,1.27096,1221
2026-03-09T17:45:00+00:00,1.27096,1.27105,1.27083,1.27105,1394
2026-03-09T18:00:00+00:00,1.27105,1.27109,1.27092,1.27092,1953
2026-03-09T18:15:00+00:00,1.27092,1.27128,1.27092,1.27128,1651
2026-03-09T18:30:00+00:00,1.27128,1.27153,1.27128,1.27153,1180
2026-03-09T18:45:00+00:00,1.27153,1.27176,1.27147,1.27176,891
2026-03-09T19:00:00+00:00,1.27176,1.27192,1.27176,1.27192,1695
2026-03-09T19:15:00+00:00,1.27192,1.27211,1.27192,1.27211,1978
2026-03-09T19:30:00+00:00,1.27211,1.27211,1.27169,1.27169,1546
2026-03-09T19:45:00+00:00,1.27169,1.27188,1.27169,1.27186,1987
2026-03-09T20:00:00+00:00,1.27186,1.27190,1.27180,1.27190,1438
2026-03-09T20:15:00+00:00,1.27190,1.27211,1.27190,1.27200,1892
2026-03-09T20:30:00+00:00,1.27200,1.27200,1.27152,1.27152,1725
2026-03-09T20:45:00+00:00,1.27152,1.27160,1.27145,1.27158,1451
2026-03-09T21:00:00+00:00,1.27158,1.27158,1.27131,1.27144,1630
2026-03-09T21:15:00+00:00,1.27144,1.27174,1.27140,1.27162,1249
2026-03-09T21:30:00+00:00,1.27162,1.27162,1.27091,1.27091,1199
2026-03-09T21:45:00+00:00,1.27091,1.27123,1.27091,1.27106,1593
2026-03-09T22:00:00+00:00,1.27106,1.27106,1.27092,1.27101,1531
2026-03-09T22:15:00+00:00,1.27101,1.27127,1.27101,1.27123,2035
2026-03-09T22:30:00+00:00,1.27123,1.27139,1.27123,1.27138,1704
2026-03-09T22:45:00+00:00,1.27138,1.27164,1.27138,1.27164,1654
2026-03-09T23:00:00+00:00,1.27164,1.27169,1.27158,1.27158,1809
2026-03-09T23:15:00+00:00,1.27158,1.27189,1.27158,1.27172,893
2026-03-09T23:30:00+00:00,1.27172,1.27191,1.27165,1.27191,2091
2026-03-09T23:45:00+00:00,1.27191,1.27191,1.27180,1.27180,1445
2026-03-10T00:00:00+00:00,1.27180,1.27180,1.27135,1.27141,845
2026-03-10T00:15:00+00:00,1.27141,1.27188,1.27137,1.27187,1045
2026-03-10T00:30:00+00:00,1.27187,1.27211,1.27138,1.27211,2168
2026-03-10T00:45:00+00:00,1.27211,1.27243,1.27211,1.27243,683
2026-03-10T01:00:00+00:00,1.27243,1.27278,1.27211,1.27253,1790
2026-03-10T01:15:00+00:00,1.27253,1.27253,1.27178,1.27178,1784
2026-03-10T01:30:00+00:00,1.27178,1.27209,1.27177,1.27209,1905
2026-03-10T01:45:00+00:00,1.27209,1.27209,1.27169,1.27182,1119
2026-03-10T02:00:00+00:00,1.27182,1.27189,1.27171,1.27189,1752
2026-03-10T02:15:00+00:00,1.27189,1.27189,1.27125,1.27139,1898
2026-03-10T02:30:00+00:00,1.27139,1.27146,1.27121,1.27138,1687
2026-03-10T02:45:00+00:00,1.27138,1.27138,1.27103,1.27109,1366
2026-03-10T03:00:00+00:00,1.27109,1.27137,1.27097,1.27137,1668
2026-03-10T03:15:00+00:00,1.27137,1.27166,1.27125,1.27166,1894
2026-03-10T03:30:00+00:00,1.27166,1.27171,1.27137,1.27137,572
2026-03-10T03:45:00+00:00,1.27137,1.27154,1.27136,1.27152,2174
2026-03-10T04:00:00+00:00,1.27152,1.27163,1.27143,1.27157,1423
2026-03-10T04:15:00+00:00,1.27157,1.27192,1.27157,1.27192,1945
2026-03-10T04:30:00+00:00,1.27192,1.27192,1.27152,1.27185,1850
2026-03-10T04:45:00+00:00,1.27185,1.27202,1.27183,1.27195,1142
2026-03-10T05:00:00+00:00,1.27195,1.27207,1.27188,1.27192,1823
2026-03-10T05:15:00+00:00,1.27192,1.27206,1.27179,1.27179,1320
2026-03-10T05:30:00+00:00,1.27179,1.27199,1.27165,1.27174,2217
2026-03-10T05:45:00+00:00,1.27174,1.27271,1.27174,1.27271,1165
2026-03-10T06:00:00+00:00,1.27271,1.27271,1.27229,1.27256,1376
2026-03-10T06:15:00+00:00,1.27256,1.27258,1.27212,1.27212,2622
2026-03-10T06:30:00+00:00,1.27212,1.27237,1.27177,1.27177,1476
2026-03-10T06:45:00+00:00,1.27177,1.27310,1.27177,1.27277,2643
2026-03-10T07:00:00+00:00,1.27277,1.27418,1.27277,1.27391,2150
2026-03-10T07:15:00+00:00,1.27391,1.27472,1.27354,1.27354,2041
2026-03-10T07:30:00+00:00,1.27354,1.27359,1.27307,1.27359,2388
2026-03-10T07:45:00+00:00,1.27359,1.27474,1.27344,1.27474,1263
2026-03-10T08:00:00+00:00,1.27474,1.27555,1.27441,1.27555,1344
2026-03-10T08:15:00+00:00,1.27555,1.27566,1.27510,1.27524,2240
2026-03-10T08:30:00+00:00,1.27524,1.27524,1.27439,1.27440,3456
2026-03-10T08:45:00+00:00,1.27440,1.27489,1.27418,1.27489,727
2026-03-10T09:00:00+00:00,1.27489,1.27534,1.27474,1.27534,1332
2026-03-10T09:15:00+00:00,1.27534,1.27578,1.27534,1.27578,1449
2026-03-10T09:30:00+00:00,1.27578,1.27593,1.27575,1.27575,1879
2026-03-10T09:45:00+00:00,1.27575,1.27575,1.27540,1.27540,1848
2026-03-10T10:00:00+00:00,1.27540,1.27548,1.27515,1.27515,2017
2026-03-10T10:15:00+00:00,1.27515,1.27516,1.27491,1.27491,284
2026-03-10T10:30:00+00:00,1.27491,1.27495,1.27474,1.27474,1701
2026-03-10T10:45:00+00:00,1.27474,1.27503,1.27460,1.27503,1905
2026-03-10T11:00:00+00:00,1.27503,1.27532,1.27500,1.27507,1583
2026-03-10T11:15:00+00:00,1.27507,1.27511,1.27487,1.27487,1214
2026-03-10T11:30:00+00:00,1.27487,1.27523,1.27487,1.27498,1885
2026-03-10T11:45:00+00:00,1.27498,1.27534,1.27487,1.27531,1911
2026-03-10T12:00:00+00:00,1.27531,1.27591,1.27531,1.27564,1080
2026-03-10T12:15:00+00:00,1.27564,1.27564,1.27526,1.27526,2241
2026-03-10T12:30:00+00:00,1.27526,1.27526,1.27485,1.27521,2176
2026-03-10T12:45:00+00:00,1.27521,1.27547,1.27498,1.27500,2242
2026-03-10T13:00:00+00:00,1.27500,1.27518,1.27458,1.27458,1759
2026-03-10T13:15:00+00:00,1.27458,1.27532,1.27458,1.27532,1797
2026-03-10T13:30:00+00:00,1.27532,1.27532,1.27499,1.27520,1119
2026-03-10T13:45:00+00:00,1.27520,1.27549,1.27469,1.27548,1471
2026-03-10T14:00:00+00:00,1.27548,1.27612,1.27548,1.27612,1957
2026-03-10T14:15:00+00:00,1.27612,1.27702,1.27607,1.27702,2091
2026-03-10T14:30:00+00:00,1.27702,1.27725,1.27637,1.27637,2031
2026-03-10T14:45:00+00:00,1.27637,1.27641,1.27589,1.27589,2038
2026-03-10T15:00:00+00:00,1.27589,1.27589,1.27565,1.27565,2540
2026-03-10T15:15:00+00:00,1.27565,1.27565,1.27505,1.27505,784
2026-03-10T15:30:00+00:00,1.27505,1.27524,1.27495,1.27510,1938
2026-03-10T15:45:00+00:00,1.27510,1.27538,1.27494,1.27494,2230
2026-03-10T16:00:00+00:00,1.27494,1.27494,1.27469,1.27479,1230
2026-03-10T16:15:00+00:00,1.27479,1.27479,1.27419,1.27433,1445
2026-03-10T16:30:00+00:00,1.27433,1.27463,1.27431,1.27463,1857
2026-03-10T16:45:00+00:00,1.27463,1.27486,1.27463,1.27470,1566
2026-03-10T17:00:00+00:00,1.27470,1.27470,1.27445,1.27469,1282
2026-03-10T17:15:00+00:00,1.27469,1.27480,1.27461,1.27480,2870
2026-03-10T17:30:00+00:00,1.27480,1.27489,1.27476,1.27483,1324
2026-03-10T17:45:00+00:00,1.27483,1.27509,1.27483,1.27505,728
2026-03-10T18:00:00+00:00,1.27505,1.27505,1.27469,1.27469,1053
2026-03-10T18:15:00+00:00,1.27469,1.27486,1.27469,1.27486,1238
2026-03-10T18:30:00+00:00,1.27486,1.27506,1.27481,1.27506,1855
2026-03-10T18:45:00+00:00,1.27506,1.27507,1.27488,1.27488,1297
2026-03-10T19:00:00+00:00,1.27488,1.27523,1.27482,1.27523,1583
2026-03-10T19:15:00+00:00,1.27523,1.27533,1.27511,1.27519,1771
2026-03-10T19:30:00+00:00,1.27519,1.27538,1.27515,1.27515,1717
2026-03-10T19:45:00+00:00,1.27515,1.27549,1.27515,1.27549,2166
2026-03-10T20:00:00+00:00,1.27549,1.27554,1.27521,1.27521,927
2026-03-10T20:15:00+00:00,1.27521,1.27536,1.27521,1.27521,2026
2026-03-10T20:30:00+00:00,1.27521,1.27526,1.27508,1.27508,1719
2026-03-10T20:45:00+00:00,1.27508,1.27508,1.27478,1.27478,1482
2026-03-10T21:00:00+00:00,1.27478,1.27478,1.27453,1.27453,2256
2026-03-10T21:15:00+00:00,1.27453,1.27469,1.27453,1.27469,1284
2026-03-10T21:30:00+00:00,1.27469,1.27489,1.27469,1.27481,2041
2026-03-10T21:45:00+00:00,1.27481,1.27502,1.27481,1.27496,1347
2026-03-10T22:00:00+00:00,1.27496,1.27496,1.27466,1.27466,1994
2026-03-10T22:15:00+00:00,1.27466,1.27478,1.27462,1.27478,1336
2026-03-10T22:30:00+00:00,1.27478,1.27478,1.27460,1.27473,997
2026-03-10T22:45:00+00:00,1.27473,1.27502,1.27473,1.27486,834
2026-03-10T23:00:00+00:00,1.27486,1.27498,1.27482,1.27498,1067
2026-03-10T23:15:00+00:00,1.27498,1.27516,1.27498,1.27516,1065
2026-03-10T23:30:00+00:00,1.27516,1.27519,1.27485,1.27485,1755
2026-03-10T23:45:00+00:00,1.27485,1.27493,1.27476,1.27476,2555
2026-03-11T00:00:00+00:00,1.27476,1.27503,1.27458,1.27503,1014
2026-03-11T00:15:00+00:00,1.27503,1.27518,1.27476,1.27518,2392
2026-03-11T00:30:00+00:00,1.27518,1.27580,1.27518,1.27580,1520
2026-03-11T00:45:00+00:00,1.27580,1.27580,1.27547,1.27561,1844
2026-03-11T01:00:00+00:00,1.27561,1.27568,1.27542,1.27568,1513
2026-03-11T01:15:00+00:00,1.27568,1.27619,1.27568,1.27600,1322
2026-03-11T01:30:00+00:00,1.27600,1.27648,1.27577,1.27577,2006
2026-03-11T01:45:00+00:00,1.27577,1.27617,1.27565,1.27617,314
2026-03-11T02:00:00+00:00,1.27617,1.27617,1.27594,1.27594,427
2026-03-11T02:15:00+00:00,1.27594,1.27594,1.27549,1.27587,1818
2026-03-11T02:30:00+00:00,1.27587,1.27596,1.27573,1.27596,1884
2026-03-11T02:45:00+00:00,1.27596,1.27635,1.27596,1.27635,1767
2026-03-11T03:00:00+00:00,1.27635,1.27652,1.27627,1.27652,1828
2026-03-11T03:15:00+00:00,1.27652,1.27677,1.27652,1.27677,1333
2026-03-11T03:30:00+00:00,1.27677,1.27683,1.27650,1.27656,470
2026-03-11T03:45:00+00:00,1.27656,1.27673,1.27656,1.27669,1504
2026-03-11T04:00:00+00:00,1.27669,1.27669,1.27632,1.27638,1564
2026-03-11T04:15:00+00:00,1.27638,1.27666,1.27637,1.27660,1256
2026-03-11T04:30:00+00:00,1.27660,1.27697,1.27660,1.27695,2019
2026-03-11T04:45:00+00:00,1.27695,1.27711,1.27695,1.27711,1654
2026-03-11T05:00:00+00:00,1.27711,1.27755,1.27711,1.27743,1789
2026-03-11T05:15:00+00:00,1.27743,1.27764,1.27743,1.27760,1555
2026-03-11T05:30:00+00:00,1.27760,1.27760,1.27706,1.27712,1739
2026-03-11T05:45:00+00:00,1.27712,1.27729,1.27704,1.27729,960
2026-03-11T06:00:00+00:00,1.27729,1.27760,1.27683,1.27683,2578
2026-03-11T06:15:00+00:00,1.27683,1.27737,1.27678,1.27737,2024
2026-03-11T06:30:00+00:00,1.27737,1.27737,1.27578,1.27603,1513
2026-03-11T06:45:00+00:00,1.27603,1.27603,1.27525,1.27525,2232
2026-03-11T07:00:00+00:00,1.27525,1.27618,1.27501,1.27618,2788
2026-03-11T07:15:00+00:00,1.27618,1.27653,1.27560,1.27560,2031
2026-03-11T07:30:00+00:00,1.27560,1.27600,1.27530,1.27600,1446
2026-03-11T07:45:00+00:00,1.27600,1.27756,1.27600,1.27756,2383
2026-03-11T08:00:00+00:00,1.27756,1.27834,1.27714,1.27834,1270
2026-03-11T08:15:00+00:00,1.27834,1.27834,1.27741,1.27784,1635
2026-03-11T08:30:00+00:00,1.27784,1.27784,1.27718,1.27720,1300
2026-03-11T08:45:00+00:00,1.27720,1.27734,1.27708,1.27728,1291
2026-03-11T09:00:00+00:00,1.27728,1.27791,1.27728,1.27791,1837
2026-03-11T09:15:00+00:00,1.27791,1.27798,1.27753,1.27753,1316
2026-03-11T09:30:00+00:00,1.27753,1.27793,1.27753,1.27793,2136
2026-03-11T09:45:00+00:00,1.27793,1.27793,1.27760,1.27768,1790
2026-03-11T10:00:00+00:00,1.27768,1.27811,1.27768,1.27803,1458
2026-03-11T10:15:00+00:00,1.27803,1.27829,1.27796,1.27829,827
2026-03-11T10:30:00+00:00,1.27829,1.27843,1.27818,1.27839,1633
2026-03-11T10:45:00+00:00,1.27839,1.27856,1.27839,1.27841,993
2026-03-11T11:00:00+00:00,1.27841,1.27859,1.27829,1.27833,1843
2026-03-11T11:15:00+00:00,1.27833,1.27867,1.27833,1.27867,1195
2026-03-11T11:30:00+00:00,1.27867,1.27919,1.27867,1.27919,2049
2026-03-11T11:45:00+00:00,1.27919,1.27920,1.27900,1.27914,938
2026-03-11T12:00:00+00:00,1.27914,1.27921,1.27914,1.27921,1188
2026-03-11T12:15:00+00:00,1.27921,1.27995,1.27921,1.27982,2244
2026-03-11T12:30:00+00:00,1.27982,1.28068,1.27982,1.28012,2635
2026-03-11T12:45:00+00:00,1.28012,1.28090,1.28001,1.28065,1921
2026-03-11T13:00:00+00:00,1.28065,1.28173,1.28065,1.28135,1452
2026-03-11T13:15:00+00:00,1.28135,1.28142,1.28085,1.28110,1685
2026-03-11T13:30:00+00:00,1.28110,1.28158,1.28099,1.28158,1879
2026-03-11T13:45:00+00:00,1.28158,1.28255,1.28158,1.28231,1203
2026-03-11T14:00:00+00:00,1.28231,1.28267,1.28209,1.28245,924
2026-03-11T14:15:00+00:00,1.28245,1.28257,1.28176,1.28176,1940
2026-03-11T14:30:00+00:00,1.28176,1.28199,1.28148,1.28166,1272
2026-03-11T14:45:00+00:00,1.28166,1.28222,1.28158,1.28158,1145
2026-03-11T15:00:00+00:00,1.28158,1.28201,1.28137,1.28137,2102
2026-03-11T15:15:00+00:00,1.28137,1.28186,1.28128,1.28183,2018
2026-03-11T15:30:00+00:00,1.28183,1.28183,1.28127,1.28170,1955
2026-03-11T15:45:00+00:00,1.28170,1.28215,1.28170,1.28200,1335
2026-03-11T16:00:00+00:00,1.28200,1.28204,1.28165,1.28198,1911
2026-03-11T16:15:00+00:00,1.28198,1.28198,1.28164,1.28187,855
2026-03-11T16:30:00+00:00,1.28187,1.28187,1.28158,1.28158,647
2026-03-11T16:45:00+00:00,1.28158,1.28169,1.28155,1.28165,1479
2026-03-11T17:00:00+00:00,1.28165,1.28166,1.28132,1.28132,1243
2026-03-11T17:15:00+00:00,1.28132,1.28148,1.28132,1.28148,1589
2026-03-11T17:30:00+00:00,1.28148,1.28156,1.28148,1.28156,824
2026-03-11T17:45:00+00:00,1.28156,1.28179,1.28151,1.28170,2271
2026-03-11T18:00:00+00:00,1.28170,1.28170,1.28126,1.28136,921
2026-03-11T18:15:00+00:00,1.28136,1.28178,1.28136,1.28178,1407
2026-03-11T18:30:00+00:00,1.28178,1.28178,1.28138,1.28153,1549
2026-03-11T18:45:00+00:00,1.28153,1.28171,1.28153,1.28169,1896
2026-03-11T19:00:00+00:00,1.28169,1.28175,1.28162,1.28162,969
2026-03-11T19:15:00+00:00,1.28162,1.28176,1.28162,1.28176,1793
2026-03-11T19:30:00+00:00,1.28176,1.28193,1.28165,1.28193,2368
2026-03-11T19:45:00+00:00,1.28193,1.28203,1.28190,1.28192,1892
2026-03-11T20:00:00+00:00,1.28192,1.28197,1.28171,1.28171,1292
2026-03-11T20:15:00+00:00,1.28171,1.28182,1.28168,1.28180,1495
2026-03-11T20:30:00+00:00,1.28180,1.28191,1.28166,1.28178,2088
2026-03-11T20:45:00+00:00,1.28178,1.28189,1.28173,1.28188,2083
2026-03-11T21:00:00+00:00,1.28188,1.28203,1.28172,1.28200,1723
2026-03-11T21:15:00+00:00,1.28200,1.28204,1.28185,1.28193,1622
2026-03-11T21:30:00+00:00,1.28193,1.28212,1.28187,1.28212,1110
2026-03-11T21:45:00+00:00,1.28212,1.28212,1.28184,1.28184,1329
2026-03-11T22:00:00+00:00,1.28184,1.28188,1.28141,1.28141,2867
2026-03-11T22:15:00+00:00,1.28141,1.28168,1.28141,1.28168,640
2026-03-11T22:30:00+00:00,1.28168,1.28193,1.28168,1.28178,1751
2026-03-11T22:45:00+00:00,1.28178,1.28229,1.28178,1.28228,1198
2026-03-11T23:00:00+00:00,1.28228,1.28255,1.28228,1.28255,1170
2026-03-11T23:15:00+00:00,1.28255,1.28286,1.28255,1.28282,1304
2026-03-11T23:30:00+00:00,1.28282,1.28305,1.28282,1.28305,1571
2026-03-11T23:45:00+00:00,1.28305,1.28312,1.28301,1.28309,642
2026-03-12T00:00:00+00:00,1.28309,1.28359,1.28297,1.28352,1327
2026-03-12T00:15:00+00:00,1.28352,1.28395,1.28342,1.28395,2023
2026-03-12T00:30:00+00:00,1.28395,1.28457,1.28379,1.28457,1351
2026-03-12T00:45:00+00:00,1.28457,1.28472,1.28444,1.28444,2049
2026-03-12T01:00:00+00:00,1.28444,1.28444,1.28367,1.28367,1824
2026-03-12T01:15:00+00:00,1.28367,1.28387,1.28351,1.28387,1694
2026-03-12T01:30:00+00:00,1.28387,1.28438,1.28373,1.28438,2198
2026-03-12T01:45:00+00:00,1.28438,1.28438,1.28312,1.28312,1212
2026-03-12T02:00:00+00:00,1.28312,1.28341,1.28303,1.28311,1684
2026-03-12T02:15:00+00:00,1.28311,1.28311,1.28280,1.28295,1690
2026-03-12T02:30:00+00:00,1.28295,1.28348,1.28295,1.28348,1318
2026-03-12T02:45:00+00:00,1.28348,1.28348,1.28281,1.28321,1539
2026-03-12T03:00:00+00:00,1.28321,1.28321,1.28243,1.28267,1620
2026-03-12T03:15:00+00:00,1.28267,1.28277,1.28263,1.28267,2236
2026-03-12T03:30:00+00:00,1.28267,1.28296,1.28267,1.28296,2871
2026-03-12T03:45:00+00:00,1.28296,1.28296,1.28266,1.28273,2268
2026-03-12T04:00:00+00:00,1.28273,1.28294,1.28270,1.28294,1559
2026-03-12T04:15:00+00:00,1.28294,1.28328,1.28293,1.28328,2328
2026-03-12T04:30:00+00:00,1.28328,1.28341,1.28310,1.28341,894
2026-03-12T04:45:00+00:00,1.28341,1.28342,1.28284,1.28284,1044
2026-03-12T05:00:00+00:00,1.28284,1.28292,1.28253,1.28253,1440
2026-03-12T05:15:00+00:00,1.28253,1.28253,1.28213,1.28250,968
2026-03-12T05:30:00+00:00,1.28250,1.28250,1.28214,1.28215,1480
2026-03-12T05:45:00+00:00,1.28215,1.28272,1.28215,1.28248,2175
2026-03-12T06:00:00+00:00,1.28248,1.28336,1.28248,1.28336,2414
2026-03-12T06:15:00+00:00,1.28336,1.28361,1.28308,1.28308,1698
2026-03-12T06:30:00+00:00,1.28308,1.28371,1.28308,1.28371,1597
2026-03-12T06:45:00+00:00,1.28371,1.28459,1.28371,1.28395,2024
2026-03-12T07:00:00+00:00,1.28395,1.28395,1.28336,1.28347,1501
2026-03-12T07:15:00+00:00,1.28347,1.28445,1.28347,1.28351,1358
2026-03-12T07:30:00+00:00,1.28351,1.28351,1.28233,1.28262,2470
2026-03-12T07:45:00+00:00,1.28262,1.28262,1.28132,1.28143,1442
2026-03-12T08:00:00+00:00,1.28143,1.28171,1.28099,1.28099,2486
2026-03-12T08:15:00+00:00,1.28099,1.28143,1.28097,1.28112,2745
2026-03-12T08:30:00+00:00,1.28112,1.28115,1.28075,1.28094,1956
2026-03-12T08:45:00+00:00,1.28094,1.28094,1.28061,1.28067,1225
2026-03-12T09:00:00+00:00,1.28067,1.28131,1.28067,1.28124,1441
2026-03-12T09:15:00+00:00,1.28124,1.28124,1.28076,1.28076,1610
2026-03-12T09:30:00+00:00,1.28076,1.28077,1.28035,1.28035,1723
2026-03-12T09:45:00+00:00,1.28035,1.28071,1.28034,1.28071,851
2026-03-12T10:00:00+00:00,1.28071,1.28094,1.28071,1.28083,1414
2026-03-12T10:15:00+00:00,1.28083,1.28083,1.28062,1.28081,1394
2026-03-12T10:30:00+00:00,1.28081,1.28090,1.28071,1.28090,737
2026-03-12T10:45:00+00:00,1.28090,1.28125,1.28090,1.28125,1693
2026-03-12T11:00:00+00:00,1.28125,1.28168,1.28125,1.28168,1839
2026-03-12T11:15:00+00:00,1.28168,1.28168,1.28127,1.28127,1381
2026-03-12T11:30:00+00:00,1.28127,1.28152,1.28122,1.28132,1343
2026-03-12T11:45:00+00:00,1.28132,1.28132,1.28045,1.28045,1838
2026-03-12T12:00:00+00:00,1.28045,1.28075,1.28021,1.28075,1653
2026-03-12T12:15:00+00:00,1.28075,1.28133,1.28050,1.28120,1927
2026-03-12T12:30:00+00:00,1.28120,1.28120,1.28081,1.28081,1383
2026-03-12T12:45:00+00:00,1.28081,1.28081,1.28010,1.28016,1422
2026-03-12T13:00:00+00:00,1.28016,1.28016,1.27941,1.27998,1996
2026-03-12T13:15:00+00:00,1.27998,1.28050,1.27990,1.28019,1388
2026-03-12T13:30:00+00:00,1.28019,1.28069,1.28009,1.28069,1767
2026-03-12T13:45:00+00:00,1.28069,1.28100,1.28013,1.28100,2161
2026-03-12T14:00:00+00:00,1.28100,1.28100,1.28042,1.28042,1175
2026-03-12T14:15:00+00:00,1.28042,1.28042,1.27986,1.27987,2738
2026-03-12T14:30:00+00:00,1.27987,1.28009,1.27970,1.28009,1951
2026-03-12T14:45:00+00:00,1.28009,1.28041,1.28008,1.28018,1246
2026-03-12T15:00:00+00:00,1.28018,1.28018,1.27972,1.27997,2019
2026-03-12T15:15:00+00:00,1.27997,1.28008,1.27954,1.27954,1501
2026-03-12T15:30:00+00:00,1.27954,1.27996,1.27954,1.27996,1374
2026-03-12T15:45:00+00:00,1.27996,1.28038,1.27996,1.28038,2051
2026-03-12T16:00:00+00:00,1.28038,1.28038,1.28007,1.28007,1746
2026-03-12T16:15:00+00:00,1.28007,1.28007,1.27987,1.27987,2013
2026-03-12T16:30:00+00:00,1.27987,1.27988,1.27951,1.27951,2161
2026-03-12T16:45:00+00:00,1.27951,1.27951,1.27901,1.27903,1740
2026-03-12T17:00:00+00:00,1.27903,1.27934,1.27885,1.27934,1626
2026-03-12T17:15:00+00:00,1.27934,1.27967,1.27934,1.27945,1151
2026-03-12T17:30:00+00:00,1.27945,1.27954,1.27941,1.27950,1244
2026-03-12T17:45:00+00:00,1.27950,1.27985,1.27950,1.27974,1170
2026-03-12T18:00:00+00:00,1.27974,1.27977,1.27931,1.27931,1665
2026-03-12T18:15:00+00:00,1.27931,1.27934,1.27920,1.27920,1057
2026-03-12T18:30:00+00:00,1.27920,1.27942,1.27920,1.27933,1207
2026-03-12T18:45:00+00:00,1.27933,1.27939,1.27898,1.27898,1642
2026-03-12T19:00:00+00:00,1.27898,1.27904,1.27885,1.27885,1415
2026-03-12T19:15:00+00:00,1.27885,1.27885,1.27870,1.27870,912
2026-03-12T19:30:00+00:00,1.27870,1.27891,1.27870,1.27881,1600
2026-03-12T19:45:00+00:00,1.27881,1.27910,1.27881,1.27908,1572
2026-03-12T20:00:00+00:00,1.27908,1.27916,1.27896,1.27916,2043
2026-03-12T20:15:00+00:00,1.27916,1.27922,1.27882,1.27885,2120
2026-03-12T20:30:00+00:00,1.27885,1.27885,1.27861,1.27861,1837
2026-03-12T20:45:00+00:00,1.27861,1.27871,1.27859,1.27859,2264
2026-03-12T21:00:00+00:00,1.27859,1.27859,1.27841,1.27842,1864
2026-03-12T21:15:00+00:00,1.27842,1.27842,1.27816,1.27822,1489
2026-03-12T21:30:00+00:00,1.27822,1.27831,1.27819,1.27819,1654
2026-03-12T21:45:00+00:00,1.27819,1.27823,1.27802,1.27823,458
2026-03-12T22:00:00+00:00,1.27823,1.27831,1.27807,1.27814,2060
2026-03-12T22:15:00+00:00,1.27814,1.27814,1.27779,1.27779,1913
2026-03-12T22:30:00+00:00,1.27779,1.27816,1.27779,1.27816,2090
2026-03-12T22:45:00+00:00,1.27816,1.27821,1.27804,1.27813,1826
2026-03-12T23:00:00+00:00,1.27813,1.27813,1.27792,1.27802,1312
2026-03-12T23:15:00+00:00,1.27802,1.27823,1.27802,1.27821,1225
2026-03-12T23:30:00+00:00,1.27821,1.27834,1.27821,1.27827,1346
2026-03-12T23:45:00+00:00,1.27827,1.27836,1.27804,1.27807,1127
2026-03-13T00:00:00+00:00,1.27807,1.27816,1.27803,1.27803,1158
2026-03-13T00:15:00+00:00,1.27803,1.27878,1.27803,1.27878,1302
2026-03-13T00:30:00+00:00,1.27878,1.27910,1.27868,1.27902,1802
2026-03-13T00:45:00+00:00,1.27902,1.27906,1.27866,1.27873,1487
2026-03-13T01:00:00+00:00,1.27873,1.27897,1.27872,1.27897,973
2026-03-13T01:15:00+00:00,1.27897,1.27897,1.27846,1.27846,895
2026-03-13T01:30:00+00:00,1.27846,1.27886,1.27819,1.27857,2490
2026-03-13T01:45:00+00:00,1.27857,1.27917,1.27857,1.27889,1575
2026-03-13T02:00:00+00:00,1.27889,1.27931,1.27889,1.27926,1878
2026-03-13T02:15:00+00:00,1.27926,1.27958,1.27926,1.27958,984
2026-03-13T02:30:00+00:00,1.27958,1.28034,1.27958,1.28017,901
2026-03-13T02:45:00+00:00,1.28017,1.28017,1.27981,1.27981,2037
2026-03-13T03:00:00+00:00,1.27981,1.28003,1.27980,1.28003,1362
2026-03-13T03:15:00+00:00,1.28003,1.28030,1.27992,1.28030,1262
2026-03-13T03:30:00+00:00,1.28030,1.28030,1.27974,1.27995,2152
2026-03-13T03:45:00+00:00,1.27995,1.28012,1.27990,1.28012,2430
2026-03-13T04:00:00+00:00,1.28012,1.28018,1.28002,1.28003,1945
2026-03-13T04:15:00+00:00,1.28003,1.28003,1.27980,1.27998,1377
2026-03-13T04:30:00+00:00,1.27998,1.28020,1.27997,1.28017,1526
2026-03-13T04:45:00+00:00,1.28017,1.28034,1.28004,1.28034,1297
2026-03-13T05:00:00+00:00,1.28034,1.28038,1.28014,1.28025,2466
2026-03-13T05:15:00+00:00,1.28025,1.28025,1.27977,1.27982,1461
2026-03-13T05:30:00+00:00,1.27982,1.28004,1.27978,1.27978,931
2026-03-13T05:45:00+00:00,1.27978,1.27996,1.27937,1.27960,405
2026-03-13T06:00:00+00:00,1.27960,1.27973,1.27947,1.27964,1207
2026-03-13T06:15:00+00:00,1.27964,1.28054,1.27964,1.27978,1514
2026-03-13T06:30:00+00:00,1.27978,1.27999,1.27942,1.27977,2099
2026-03-13T06:45:00+00:00,1.27977,1.28035,1.27948,1.28035,1316
2026-03-13T07:00:00+00:00,1.28035,1.28049,1.27964,1.27964,1232
2026-03-13T07:15:00+00:00,1.27964,1.28035,1.27964,1.27976,1533
2026-03-13T07:30:00+00:00,1.27976,1.28035,1.27945,1.27945,1294
2026-03-13T07:45:00+00:00,1.27945,1.28067,1.27945,1.28016,1320
2026-03-13T08:00:00+00:00,1.28016,1.28032,1.27958,1.27958,1825
2026-03-13T08:15:00+00:00,1.27958,1.27998,1.27958,1.27998,1591
2026-03-13T08:30:00+00:00,1.27998,1.28056,1.27998,1.28041,2107
2026-03-13T08:45:00+00:00,1.28041,1.28071,1.28039,1.28039,2518
2026-03-13T09:00:00+00:00,1.28039,1.28044,1.28026,1.28044,3088
2026-03-13T09:15:00+00:00,1.28044,1.28071,1.28044,1.28058,1226
2026-03-13T09:30:00+00:00,1.28058,1.28080,1.28058,1.28073,1782
2026-03-13T09:45:00+00:00,1.28073,1.28094,1.28073,1.28094,1496
2026-03-13T10:00:00+00:00,1.28094,1.28107,1.28088,1.28100,507
2026-03-13T10:15:00+00:00,1.28100,1.28100,1.28072,1.28072,1723
2026-03-13T10:30:00+00:00,1.28072,1.28124,1.28072,1.28116,1101
2026-03-13T10:45:00+00:00,1.28116,1.28128,1.28108,1.28119,899
2026-03-13T11:00:00+00:00,1.28119,1.28137,1.28119,1.28128,2361
2026-03-13T11:15:00+00:00,1.28128,1.28137,1.28117,1.28117,1618
2026-03-13T11:30:00+00:00,1.28117,1.28125,1.28099,1.28111,1717
2026-03-13T11:45:00+00:00,1.28111,1.28111,1.28030,1.28056,1253
2026-03-13T12:00:00+00:00,1.28056,1.28079,1.28046,1.28060,1465
2026-03-13T12:15:00+00:00,1.28060,1.28081,1.28026,1.28051,1737
2026-03-13T12:30:00+00:00,1.28051,1.28059,1.27998,1.27998,1789
2026-03-13T12:45:00+00:00,1.27998,1.28015,1.27987,1.27990,1579
2026-03-13T13:00:00+00:00,1.27990,1.28035,1.27990,1.28003,2272
2026-03-13T13:15:00+00:00,1.28003,1.28003,1.27879,1.27919,2379
2026-03-13T13:30:00+00:00,1.27919,1.27919,1.27810,1.27810,2355
2026-03-13T13:45:00+00:00,1.27810,1.27810,1.27721,1.27722,1728
2026-03-13T14:00:00+00:00,1.27722,1.27737,1.27692,1.27737,1552
2026-03-13T14:15:00+00:00,1.27737,1.27799,1.27737,1.27799,1789
2026-03-13T14:30:00+00:00,1.27799,1.27823,1.27771,1.27823,1483
2026-03-13T14:45:00+00:00,1.27823,1.27900,1.27823,1.27873,1419
2026-03-13T15:00:00+00:00,1.27873,1.27897,1.27841,1.27841,1320
2026-03-13T15:15:00+00:00,1.27841,1.27841,1.27794,1.27824,1352
2026-03-13T15:30:00+00:00,1.27824,1.27846,1.27824,1.27833,1541
2026-03-13T15:45:00+00:00,1.27833,1.27833,1.27791,1.27791,1513
2026-03-13T16:00:00+00:00,1.27791,1.27824,1.27783,1.27783,2274
2026-03-13T16:15:00+00:00,1.27783,1.27783,1.27765,1.27765,1149
2026-03-13T16:30:00+00:00,1.27765,1.27778,1.27752,1.27778,695
2026-03-13T16:45:00+00:00,1.27778,1.27778,1.27754,1.27763,1871
2026-03-13T17:00:00+00:00,1.27763,1.27770,1.27749,1.27759,1997
2026-03-13T17:15:00+00:00,1.27759,1.27770,1.27755,1.27770,811
2026-03-13T17:30:00+00:00,1.27770,1.27778,1.27731,1.27731,705
2026-03-13T17:45:00+00:00,1.27731,1.27735,1.27724,1.27731,1081
2026-03-13T18:00:00+00:00,1.27731,1.27739,1.27703,1.27715,876
2026-03-13T18:15:00+00:00,1.27715,1.27717,1.27668,1.27668,1245
2026-03-13T18:30:00+00:00,1.27668,1.27678,1.27655,1.27678,1431
2026-03-13T18:45:00+00:00,1.27678,1.27709,1.27678,1.27709,1573
2026-03-13T19:00:00+00:00,1.27709,1.27717,1.27698,1.27698,1715
2026-03-13T19:15:00+00:00,1.27698,1.27712,1.27697,1.27697,1702
2026-03-13T19:30:00+00:00,1.27697,1.27697,1.27672,1.27673,2340
2026-03-13T19:45:00+00:00,1.27673,1.27698,1.27673,1.27698,2346
2026-03-13T20:00:00+00:00,1.27698,1.27700,1.27684,1.27700,1953
2026-03-13T20:15:00+00:00,1.27700,1.27745,1.27700,1.27745,1301
2026-03-13T20:30:00+00:00,1.27745,1.27785,1.27745,1.27782,1185
2026-03-13T20:45:00+00:00,1.27782,1.27817,1.27782,1.27816,1058
2026-03-13T21:00:00+00:00,1.27816,1.27819,1.27810,1.27810,1540
2026-03-13T21:15:00+00:00,1.27810,1.27818,1.27778,1.27818,1614
2026-03-13T21:30:00+00:00,1.27818,1.27839,1.27810,1.27810,1370
2026-03-13T21:45:00+00:00,1.27810,1.27832,1.27810,1.27824,1469
2026-03-13T22:00:00+00:00,1.27824,1.27824,1.27791,1.27798,1804
2026-03-13T22:15:00+00:00,1.27798,1.27812,1.27793,1.27812,2040
2026-03-13T22:30:00+00:00,1.27812,1.27813,1.27801,1.27801,1874
2026-03-13T22:45:00+00:00,1.27801,1.27801,1.27757,1.27758,1883
2026-03-13T23:00:00+00:00,1.27758,1.27758,1.27731,1.27741,1546
2026-03-13T23:15:00+00:00,1.27741,1.27745,1.27732,1.27735,2088
2026-03-13T23:30:00+00:00,1.27735,1.27742,1.27709,1.27709,1425
2026-03-13T23:45:00+00:00,1.27709,1.27718,1.27698,1.27707,1417
2026-03-16T00:00:00+00:00,1.27707,1.27758,1.27670,1.27758,687
2026-03-16T00:15:00+00:00,1.27758,1.27800,1.27758,1.27788,1533
2026-03-16T00:30:00+00:00,1.27788,1.27882,1.27788,1.27882,1369
2026-03-16T00:45:00+00:00,1.27882,1.27891,1.27862,1.27870,1675
2026-03-16T01:00:00+00:00,1.27870,1.27912,1.27870,1.27884,1582
2026-03-16T01:15:00+00:00,1.27884,1.27884,1.27799,1.27799,1974
2026-03-16T01:30:00+00:00,1.27799,1.27799,1.27759,1.27759,1970
2026-03-16T01:45:00+00:00,1.27759,1.27759,1.27696,1.27696,1871
2026-03-16T02:00:00+00:00,1.27696,1.27740,1.27696,1.27698,1261
2026-03-16T02:15:00+00:00,1.27698,1.27706,1.27677,1.27696,1273
2026-03-16T02:30:00+00:00,1.27696,1.27710,1.27687,1.27710,1071
2026-03-16T02:45:00+00:00,1.27710,1.27710,1.27634,1.27634,1091
2026-03-16T03:00:00+00:00,1.27634,1.27676,1.27634,1.27669,1257
2026-03-16T03:15:00+00:00,1.27669,1.27685,1.27667,1.27667,573
2026-03-16T03:30:00+00:00,1.27667,1.27682,1.27650,1.27653,2445
2026-03-16T03:45:00+00:00,1.27653,1.27653,1.27612,1.27629,2350
2026-03-16T04:00:00+00:00,1.27629,1.27662,1.27629,1.27641,1089
2026-03-16T04:15:00+00:00,1.27641,1.27675,1.27635,1.27675,1471
2026-03-16T04:30:00+00:00,1.27675,1.27698,1.27671,1.27675,1144
2026-03-16T04:45:00+00:00,1.27675,1.27705,1.27675,1.27701,1845
2026-03-16T05:00:00+00:00,1.27701,1.27701,1.27672,1.27672,2215
2026-03-16T05:15:00+00:00,1.27672,1.27705,1.27672,1.27705,1543
2026-03-16T05:30:00+00:00,1.27705,1.27713,1.27679,1.27713,1362
2026-03-16T05:45:00+00:00,1.27713,1.27731,1.27696,1.27729,2499
2026-03-16T06:00:00+00:00,1.27729,1.27740,1.27680,1.27682,1602
2026-03-16T06:15:00+00:00,1.27682,1.27856,1.27682,1.27856,1221
2026-03-16T06:30:00+00:00,1.27856,1.27892,1.27833,1.27892,1835
2026-03-16T06:45:00+00:00,1.27892,1.27986,1.27892,1.27923,1958
2026-03-16T07:00:00+00:00,1.27923,1.28084,1.27923,1.28071,2442
2026-03-16T07:15:00+00:00,1.28071,1.28145,1.28062,1.28094,1737
2026-03-16T07:30:00+00:00,1.28094,1.28094,1.27925,1.27925,1412
2026-03-16T07:45:00+00:00,1.27925,1.27925,1.27835,1.27840,1608
2026-03-16T08:00:00+00:00,1.27840,1.27869,1.27822,1.27869,1116
2026-03-16T08:15:00+00:00,1.27869,1.27870,1.27804,1.27804,1375
2026-03-16T08:30:00+00:00,1.27804,1.27804,1.27737,1.27747,2167
2026-03-16T08:45:00+00:00,1.27747,1.27792,1.27747,1.27771,996
2026-03-16T09:00:00+00:00,1.27771,1.27771,1.27735,1.27764,2191
2026-03-16T09:15:00+00:00,1.27764,1.27768,1.27744,1.27759,1135
2026-03-16T09:30:00+00:00,1.27759,1.27783,1.27759,1.27782,2344
2026-03-16T09:45:00+00:00,1.27782,1.27785,1.27773,1.27775,1527
2026-03-16T10:00:00+00:00,1.27775,1.27777,1.27760,1.27760,2370
2026-03-16T10:15:00+00:00,1.27760,1.27760,1.27727,1.27727,883
2026-03-16T10:30:00+00:00,1.27727,1.27747,1.27701,1.27747,981
2026-03-16T10:45:00+00:00,1.27747,1.27770,1.27741,1.27770,1927
2026-03-16T11:00:00+00:00,1.27770,1.27772,1.27714,1.27714,1417
2026-03-16T11:15:00+00:00,1.27714,1.27723,1.27705,1.27720,815
2026-03-16T11:30:00+00:00,1.27720,1.27773,1.27718,1.27746,1949
2026-03-16T11:45:00+00:00,1.27746,1.27755,1.27736,1.27736,2320
2026-03-16T12:00:00+00:00,1.27736,1.27778,1.27726,1.27748,1923
2026-03-16T12:15:00+00:00,1.27748,1.27782,1.27748,1.27782,1653
2026-03-16T12:30:00+00:00,1.27782,1.27913,1.27782,1.27913,2283
2026-03-16T12:45:00+00:00,1.27913,1.27914,1.27848,1.27848,903
2026-03-16T13:00:00+00:00,1.27848,1.27884,1.27807,1.27864,1637
2026-03-16T13:15:00+00:00,1.27864,1.27911,1.27864,1.27911,2363
2026-03-16T13:30:00+00:00,1.27911,1.27930,1.27782,1.27782,1536
2026-03-16T13:45:00+00:00,1.27782,1.27910,1.27782,1.27906,963
2026-03-16T14:00:00+00:00,1.27906,1.27906,1.27745,1.27745,2395
2026-03-16T14:15:00+00:00,1.27745,1.27765,1.27723,1.27723,2033
2026-03-16T14:30:00+00:00,1.27723,1.27723,1.27662,1.27699,501
2026-03-16T14:45:00+00:00,1.27699,1.27729,1.27699,1.27706,2061
2026-03-16T15:00:00+00:00,1.27706,1.27731,1.27691,1.27709,2004
2026-03-16T15:15:00+00:00,1.27709,1.27713,1.27696,1.27713,2408
2026-03-16T15:30:00+00:00,1.27713,1.27724,1.27708,1.27724,956
2026-03-16T15:45:00+00:00,1.27724,1.27738,1.27724,1.27737,1987
2026-03-16T16:00:00+00:00,1.27737,1.27752,1.27729,1.27752,1188
2026-03-16T16:15:00+00:00,1.27752,1.27760,1.27750,1.27760,1891
2026-03-16T16:30:00+00:00,1.27760,1.27760,1.27743,1.27743,2061
2026-03-16T16:45:00+00:00,1.27743,1.27752,1.27725,1.27738,1931
2026-03-16T17:00:00+00:00,1.27738,1.27755,1.27737,1.27755,1214
2026-03-16T17:15:00+00:00,1.27755,1.27755,1.27713,1.27713,1581
2026-03-16T17:30:00+00:00,1.27713,1.27718,1.27701,1.27709,1449
2026-03-16T17:45:00+00:00,1.27709,1.27733,1.27709,1.27733,1509
2026-03-16T18:00:00+00:00,1.27733,1.27748,1.27725,1.27748,1865
2026-03-16T18:15:00+00:00,1.27748,1.27748,1.27728,1.27728,2149
2026-03-16T18:30:00+00:00,1.27728,1.27743,1.27726,1.27740,1255
2026-03-16T18:45:00+00:00,1.27740,1.27740,1.27717,1.27727,1107
2026-03-16T19:00:00+00:00,1.27727,1.27727,1.27703,1.27710,1554
2026-03-16T19:15:00+00:00,1.27710,1.27732,1.27703,1.27732,876
2026-03-16T19:30:00+00:00,1.27732,1.27732,1.27705,1.27727,1714
2026-03-16T19:45:00+00:00,1.27727,1.27747,1.27727,1.27743,1282
2026-03-16T20:00:00+00:00,1.27743,1.27766,1.27727,1.27727,1230
2026-03-16T20:15:00+00:00,1.27727,1.27756,1.27727,1.27755,1559
2026-03-16T20:30:00+00:00,1.27755,1.27759,1.27745,1.27745,945
2026-03-16T20:45:00+00:00,1.27745,1.27761,1.27738,1.27761,1289
2026-03-16T21:00:00+00:00,1.27761,1.27761,1.27717,1.27727,1240
2026-03-16T21:15:00+00:00,1.27727,1.27745,1.27716,1.27737,1554
2026-03-16T21:30:00+00:00,1.27737,1.27740,1.27718,1.27739,2411
2026-03-16T21:45:00+00:00,1.27739,1.27740,1.27727,1.27727,2160
2026-03-16T22:00:00+00:00,1.27727,1.27735,1.27719,1.27735,1096
2026-03-16T22:15:00+00:00,1.27735,1.27746,1.27729,1.27742,2116
2026-03-16T22:30:00+00:00,1.27742,1.27746,1.27730,1.27746,1497
2026-03-16T22:45:00+00:00,1.27746,1.27789,1.27746,1.27773,1835
2026-03-16T23:00:00+00:00,1.27773,1.27805,1.27773,1.27805,1412
2026-03-16T23:15:00+00:00,1.27805,1.27821,1.27805,1.27821,1647
2026-03-16T23:30:00+00:00,1.27821,1.27841,1.27819,1.27841,1400
2026-03-16T23:45:00+00:00,1.27841,1.27873,1.27841,1.27872,1648
2026-03-17T00:00:00+00:00,1.27872,1.27884,1.27852,1.27860,1353
2026-03-17T00:15:00+00:00,1.27860,1.27865,1.27836,1.27856,1462
2026-03-17T00:30:00+00:00,1.27856,1.27857,1.27843,1.27854,533
2026-03-17T00:45:00+00:00,1.27854,1.27921,1.27848,1.27921,2524
2026-03-17T01:00:00+00:00,1.27921,1.27921,1.27879,1.27882,1590
2026-03-17T01:15:00+00:00,1.27882,1.27944,1.27882,1.27931,1600
2026-03-17T01:30:00+00:00,1.27931,1.27955,1.27913,1.27955,1056
2026-03-17T01:45:00+00:00,1.27955,1.27955,1.27892,1.27897,2178
2026-03-17T02:00:00+00:00,1.27897,1.27938,1.27897,1.27938,2394
2026-03-17T02:15:00+00:00,1.27938,1.27948,1.27920,1.27920,1194
2026-03-17T02:30:00+00:00,1.27920,1.27962,1.27914,1.27932,1649
2026-03-17T02:45:00+00:00,1.27932,1.27932,1.27902,1.27902,1338
2026-03-17T03:00:00+00:00,1.27902,1.27926,1.27902,1.27919,1302
2026-03-17T03:15:00+00:00,1.27919,1.27983,1.27919,1.27983,1013
2026-03-17T03:30:00+00:00,1.27983,1.27983,1.27919,1.27919,669
2026-03-17T03:45:00+00:00,1.27919,1.27921,1.27896,1.27896,1527
2026-03-17T04:00:00+00:00,1.27896,1.27896,1.27872,1.27885,1207
2026-03-17T04:15:00+00:00,1.27885,1.27933,1.27885,1.27928,2421
2026-03-17T04:30:00+00:00,1.27928,1.27943,1.27925,1.27925,1465
2026-03-17T04:45:00+00:00,1.27925,1.27939,1.27922,1.27922,1306
2026-03-17T05:00:00+00:00,1.27922,1.27944,1.27918,1.27939,1752
2026-03-17T05:15:00+00:00,1.27939,1.27939,1.27913,1.27922,1792
2026-03-17T05:30:00+00:00,1.27922,1.27925,1.27899,1.27910,1151
2026-03-17T05:45:00+00:00,1.27910,1.27933,1.27902,1.27902,2156
2026-03-17T06:00:00+00:00,1.27902,1.27946,1.27897,1.27933,1467
2026-03-17T06:15:00+00:00,1.27933,1.27933,1.27870,1.27875,1321
2026-03-17T06:30:00+00:00,1.27875,1.27974,1.27875,1.27974,1895
2026-03-17T06:45:00+00:00,1.27974,1.27974,1.27911,1.27911,1521
2026-03-17T07:00:00+00:00,1.27911,1.27911,1.27818,1.27848,2088
2026-03-17T07:15:00+00:00,1.27848,1.27906,1.27775,1.27817,1422
2026-03-17T07:30:00+00:00,1.27817,1.27892,1.27793,1.27892,2499
2026-03-17T07:45:00+00:00,1.27892,1.28117,1.27892,1.28117,2006
2026-03-17T08:00:00+00:00,1.28117,1.28292,1.28117,1.28292,1648
2026-03-17T08:15:00+00:00,1.28292,1.28330,1.28292,1.28322,2614
2026-03-17T08:30:00+00:00,1.28322,1.28323,1.28295,1.28321,1262
2026-03-17T08:45:00+00:00,1.28321,1.28384,1.28321,1.28384,2409
2026-03-17T09:00:00+00:00,1.28384,1.28384,1.28303,1.28309,1549
2026-03-17T09:15:00+00:00,1.28309,1.28309,1.28273,1.28281,1685
2026-03-17T09:30:00+00:00,1.28281,1.28301,1.28279,1.28290,1144
2026-03-17T09:45:00+00:00,1.28290,1.28306,1.28280,1.28280,807
2026-03-17T10:00:00+00:00,1.28280,1.28307,1.28280,1.28300,1665
2026-03-17T10:15:00+00:00,1.28300,1.28319,1.28293,1.28319,1370
2026-03-17T10:30:00+00:00,1.28319,1.28324,1.28317,1.28322,955
2026-03-17T10:45:00+00:00,1.28322,1.28354,1.28322,1.28354,1962
2026-03-17T11:00:00+00:00,1.28354,1.28356,1.28332,1.28332,1839
2026-03-17T11:15:00+00:00,1.28332,1.28350,1.28332,1.28350,1694
2026-03-17T11:30:00+00:00,1.28350,1.28350,1.28330,1.28339,1550
2026-03-17T11:45:00+00:00,1.28339,1.28363,1.28332,1.28346,2226
2026-03-17T12:00:00+00:00,1.28346,1.28378,1.28310,1.28378,1639
2026-03-17T12:15:00+00:00,1.28378,1.28378,1.28342,1.28344,1634
2026-03-17T12:30:00+00:00,1.28344,1.28372,1.28341,1.28363,2153
2026-03-17T12:45:00+00:00,1.28363,1.28367,1.28308,1.28367,944
2026-03-17T13:00:00+00:00,1.28367,1.28367,1.28272,1.28272,1902
2026-03-17T13:15:00+00:00,1.28272,1.28272,1.28129,1.28246,2494
2026-03-17T13:30:00+00:00,1.28246,1.28443,1.28246,1.28417,1608
2026-03-17T13:45:00+00:00,1.28417,1.28492,1.28408,1.28455,1592
2026-03-17T14:00:00+00:00,1.28455,1.28510,1.28401,1.28510,1575
2026-03-17T14:15:00+00:00,1.28510,1.28510,1.28385,1.28385,2459
2026-03-17T14:30:00+00:00,1.28385,1.28407,1.28359,1.28393,2576
2026-03-17T14:45:00+00:00,1.28393,1.28393,1.28260,1.28260,1797
2026-03-17T15:00:00+00:00,1.28260,1.28260,1.28173,1.28179,1556
2026-03-17T15:15:00+00:00,1.28179,1.28205,1.28177,1.28205,1167
2026-03-17T15:30:00+00:00,1.28205,1.28264,1.28205,1.28257,1071
2026-03-17T15:45:00+00:00,1.28257,1.28262,1.28257,1.28261,1428
2026-03-17T16:00:00+00:00,1.28261,1.28269,1.28242,1.28264,2282
2026-03-17T16:15:00+00:00,1.28264,1.28283,1.28264,1.28283,716
2026-03-17T16:30:00+00:00,1.28283,1.28283,1.28262,1.28274,1285
2026-03-17T16:45:00+00:00,1.28274,1.28274,1.28259,1.28261,803
2026-03-17T17:00:00+00:00,1.28261,1.28261,1.28201,1.28201,2251
2026-03-17T17:15:00+00:00,1.28201,1.28201,1.28159,1.28163,2461
2026-03-17T17:30:00+00:00,1.28163,1.28163,1.28148,1.28152,1450
2026-03-17T17:45:00+00:00,1.28152,1.28170,1.28132,1.28170,1330
2026-03-17T18:00:00+00:00,1.28170,1.28177,1.28161,1.28163,1514
2026-03-17T18:15:00+00:00,1.28163,1.28175,1.28153,1.28153,1628
2026-03-17T18:30:00+00:00,1.28153,1.28166,1.28142,1.28151,1525
2026-03-17T18:45:00+00:00,1.28151,1.28170,1.28151,1.28165,1989
2026-03-17T19:00:00+00:00,1.28165,1.28207,1.28165,1.28207,1730
2026-03-17T19:15:00+00:00,1.28207,1.28217,1.28207,1.28210,1941
2026-03-17T19:30:00+00:00,1.28210,1.28235,1.28210,1.28220,1554
2026-03-17T19:45:00+00:00,1.28220,1.28223,1.28216,1.28222,1339
2026-03-17T20:00:00+00:00,1.28222,1.28234,1.28214,1.28233,1536
2026-03-17T20:15:00+00:00,1.28233,1.28237,1.28213,1.28213,1907
2026-03-17T20:30:00+00:00,1.28213,1.28213,1.28173,1.28173,1493
2026-03-17T20:45:00+00:00,1.28173,1.28198,1.28173,1.28195,988
2026-03-17T21:00:00+00:00,1.28195,1.28209,1.28192,1.28193,766
2026-03-17T21:15:00+00:00,1.28193,1.28200,1.28191,1.28196,988
2026-03-17T21:30:00+00:00,1.28196,1.28205,1.28183,1.28183,1003
2026-03-17T21:45:00+00:00,1.28183,1.28219,1.28183,1.28207,156
2026-03-17T22:00:00+00:00,1.28207,1.28219,1.28207,1.28211,1025
2026-03-17T22:15:00+00:00,1.28211,1.28211,1.28184,1.28184,2006
2026-03-17T22:30:00+00:00,1.28184,1.28184,1.28161,1.28161,2551
2026-03-17T22:45:00+00:00,1.28161,1.28163,1.28146,1.28163,1645
2026-03-17T23:00:00+00:00,1.28163,1.28163,1.28138,1.28138,1279
2026-03-17T23:15:00+00:00,1.28138,1.28151,1.28138,1.28149,2153
2026-03-17T23:30:00+00:00,1.28149,1.28158,1.28134,1.28134,2015
2026-03-17T23:45:00+00:00,1.28134,1.28134,1.28113,1.28113,1574
2026-03-18T00:00:00+00:00,1.28113,1.28138,1.28113,1.28138,1424
2026-03-18T00:15:00+00:00,1.28138,1.28157,1.28138,1.28156,1588
2026-03-18T00:30:00+00:00,1.28156,1.28156,1.28107,1.28128,851
2026-03-18T00:45:00+00:00,1.28128,1.28128,1.28031,1.28031,1602
2026-03-18T01:00:00+00:00,1.28031,1.28073,1.28029,1.28063,1639
2026-03-18T01:15:00+00:00,1.28063,1.28124,1.28063,1.28124,1540
2026-03-18T01:30:00+00:00,1.28124,1.28147,1.28122,1.28129,1494
2026-03-18T01:45:00+00:00,1.28129,1.28129,1.28056,1.28056,1874
2026-03-18T02:00:00+00:00,1.28056,1.28088,1.28054,1.28088,1803
2026-03-18T02:15:00+00:00,1.28088,1.28107,1.28088,1.28102,2201
2026-03-18T02:30:00+00:00,1.28102,1.28110,1.28086,1.28101,1621
2026-03-18T02:45:00+00:00,1.28101,1.28101,1.28025,1.28025,1720
2026-03-18T03:00:00+00:00,1.28025,1.28060,1.28017,1.28017,1453
2026-03-18T03:15:00+00:00,1.28017,1.28049,1.28017,1.28049,1020
2026-03-18T03:30:00+00:00,1.28049,1.28060,1.28029,1.28047,2586
2026-03-18T03:45:00+00:00,1.28047,1.28047,1.28028,1.28034,517
2026-03-18T04:00:00+00:00,1.28034,1.28039,1.28017,1.28017,3031
2026-03-18T04:15:00+00:00,1.28017,1.28020,1.28006,1.28012,1558
2026-03-18T04:30:00+00:00,1.28012,1.28027,1.28004,1.28004,958
2026-03-18T04:45:00+00:00,1.28004,1.28041,1.28004,1.28035,1858
2026-03-18T05:00:00+00:00,1.28035,1.28045,1.28034,1.28045,1952
2026-03-18T05:15:00+00:00,1.28045,1.28082,1.28045,1.28062,1943
2026-03-18T05:30:00+00:00,1.28062,1.28068,1.28043,1.28043,871
2026-03-18T05:45:00+00:00,1.28043,1.28062,1.28027,1.28062,1410
2026-03-18T06:00:00+00:00,1.28062,1.28066,1.28035,1.28035,2543
2026-03-18T06:15:00+00:00,1.28035,1.28078,1.28009,1.28031,2625
2026-03-18T06:30:00+00:00,1.28031,1.28106,1.28031,1.28062,1503
2026-03-18T06:45:00+00:00,1.28062,1.28062,1.28006,1.28006,1399
2026-03-18T07:00:00+00:00,1.28006,1.28026,1.27952,1.28026,1797
2026-03-18T07:15:00+00:00,1.28026,1.28134,1.28026,1.28062,2069
2026-03-18T07:30:00+00:00,1.28062,1.28098,1.28008,1.28098,1398
2026-03-18T07:45:00+00:00,1.28098,1.28098,1.28004,1.28092,2859
2026-03-18T08:00:00+00:00,1.28092,1.28132,1.28092,1.28132,2322
2026-03-18T08:15:00+00:00,1.28132,1.28165,1.28095,1.28095,748
2026-03-18T08:30:00+00:00,1.28095,1.28110,1.28082,1.28100,1221
2026-03-18T08:45:00+00:00,1.28100,1.28109,1.28080,1.28109,1457
2026-03-18T09:00:00+00:00,1.28109,1.28152,1.28095,1.28152,931
2026-03-18T09:15:00+00:00,1.28152,1.28177,1.28149,1.28177,1242
2026-03-18T09:30:00+00:00,1.28177,1.28177,1.28142,1.28147,1677
2026-03-18T09:45:00+00:00,1.28147,1.28178,1.28147,1.28162,1766
2026-03-18T10:00:00+00:00,1.28162,1.28164,1.28143,1.28160,875
2026-03-18T10:15:00+00:00,1.28160,1.28179,1.28160,1.28168,1739
2026-03-18T10:30:00+00:00,1.28168,1.28194,1.28161,1.28161,2192
2026-03-18T10:45:00+00:00,1.28161,1.28168,1.28141,1.28168,2141
2026-03-18T11:00:00+00:00,1.28168,1.28186,1.28151,1.28151,1655
2026-03-18T11:15:00+00:00,1.28151,1.28169,1.28139,1.28141,1255
2026-03-18T11:30:00+00:00,1.28141,1.28189,1.28141,1.28188,1758
2026-03-18T11:45:00+00:00,1.28188,1.28199,1.28148,1.28175,1495
2026-03-18T12:00:00+00:00,1.28175,1.28184,1.28139,1.28144,1461
2026-03-18T12:15:00+00:00,1.28144,1.28144,1.27990,1.28022,2125
2026-03-18T12:30:00+00:00,1.28022,1.28028,1.27969,1.27980,1247
2026-03-18T12:45:00+00:00,1.27980,1.27980,1.27926,1.27926,1446
2026-03-18T13:00:00+00:00,1.27926,1.27984,1.27926,1.27972,1509
2026-03-18T13:15:00+00:00,1.27972,1.27999,1.27922,1.27977,2004
2026-03-18T13:30:00+00:00,1.27977,1.28017,1.27936,1.28017,2109
2026-03-18T13:45:00+00:00,1.28017,1.28057,1.27988,1.28057,1938
2026-03-18T14:00:00+00:00,1.28057,1.28057,1.27961,1.27961,1631
2026-03-18T14:15:00+00:00,1.27961,1.27964,1.27929,1.27929,2044
2026-03-18T14:30:00+00:00,1.27929,1.27952,1.27814,1.27814,1945
2026-03-18T14:45:00+00:00,1.27814,1.27855,1.27795,1.27853,1232
2026-03-18T15:00:00+00:00,1.27853,1.27853,1.27795,1.27837,1032
2026-03-18T15:15:00+00:00,1.27837,1.27837,1.27796,1.27832,1360
2026-03-18T15:30:00+00:00,1.27832,1.27850,1.27827,1.27850,1690
2026-03-18T15:45:00+00:00,1.27850,1.27850,1.27816,1.27835,1870
2026-03-18T16:00:00+00:00,1.27835,1.27855,1.27822,1.27855,2052
2026-03-18T16:15:00+00:00,1.27855,1.27878,1.27849,1.27849,1566
2026-03-18T16:30:00+00:00,1.27849,1.27865,1.27837,1.27855,1714
2026-03-18T16:45:00+00:00,1.27855,1.27866,1.27823,1.27823,1509
2026-03-18T17:00:00+00:00,1.27823,1.27833,1.27815,1.27817,1592
2026-03-18T17:15:00+00:00,1.27817,1.27817,1.27803,1.27803,1994
2026-03-18T17:30:00+00:00,1.27803,1.27803,1.27775,1.27784,1626
2026-03-18T17:45:00+00:00,1.27784,1.27813,1.27779,1.27813,1074
2026-03-18T18:00:00+00:00,1.27813,1.27819,1.27798,1.27819,153
2026-03-18T18:15:00+00:00,1.27819,1.27841,1.27819,1.27839,808
2026-03-18T18:30:00+00:00,1.27839,1.27863,1.27825,1.27863,1639
2026-03-18T18:45:00+00:00,1.27863,1.27903,1.27863,1.27903,1641
2026-03-18T19:00:00+00:00,1.27903,1.27903,1.27841,1.27846,1225
2026-03-18T19:15:00+00:00,1.27846,1.27864,1.27846,1.27864,1450
2026-03-18T19:30:00+00:00,1.27864,1.27870,1.27847,1.27869,1492
2026-03-18T19:45:00+00:00,1.27869,1.27869,1.27826,1.27826,1610
2026-03-18T20:00:00+00:00,1.27826,1.27839,1.27826,1.27839,1359
2026-03-18T20:15:00+00:00,1.27839,1.27843,1.27820,1.27820,1586
2026-03-18T20:30:00+00:00,1.27820,1.27844,1.27820,1.27841,139
2026-03-18T20:45:00+00:00,1.27841,1.27873,1.27841,1.27873,1376
2026-03-18T21:00:00+00:00,1.27873,1.27886,1.27862,1.27886,911
2026-03-18T21:15:00+00:00,1.27886,1.27914,1.27886,1.27914,1753
2026-03-18T21:30:00+00:00,1.27914,1.27927,1.27904,1.27927,1701
2026-03-18T21:45:00+00:00,1.27927,1.27947,1.27918,1.27918,2474
2026-03-18T22:00:00+00:00,1.27918,1.27930,1.27918,1.27928,2162
2026-03-18T22:15:00+00:00,1.27928,1.27943,1.27918,1.27943,927
2026-03-18T22:30:00+00:00,1.27943,1.27961,1.27943,1.27957,1672
2026-03-18T22:45:00+00:00,1.27957,1.27971,1.27948,1.27948,2469
2026-03-18T23:00:00+00:00,1.27948,1.27952,1.27926,1.27930,1155
2026-03-18T23:15:00+00:00,1.27930,1.27932,1.27916,1.27931,2149
2026-03-18T23:30:00+00:00,1.27931,1.27931,1.27899,1.27905,1092
2026-03-18T23:45:00+00:00,1.27905,1.27911,1.27901,1.27903,1305
2026-03-19T00:00:00+00:00,1.27903,1.27903,1.27868,1.27874,1115
2026-03-19T00:15:00+00:00,1.27874,1.27878,1.27870,1.27877,1987
2026-03-19T00:30:00+00:00,1.27877,1.27887,1.27853,1.27869,1124
2026-03-19T00:45:00+00:00,1.27869,1.27918,1.27869,1.27918,1746
2026-03-19T01:00:00+00:00,1.27918,1.27929,1.27900,1.27928,2306
2026-03-19T01:15:00+00:00,1.27928,1.27954,1.27919,1.27953,1331
2026-03-19T01:30:00+00:00,1.27953,1.28012,1.27953,1.27982,1062
2026-03-19T01:45:00+00:00,1.27982,1.27990,1.27952,1.27976,1013
2026-03-19T02:00:00+00:00,1.27976,1.28027,1.27976,1.28027,990
2026-03-19T02:15:00+00:00,1.28027,1.28027,1.27968,1.27969,1721
2026-03-19T02:30:00+00:00,1.27969,1.27969,1.27924,1.27924,1723
2026-03-19T02:45:00+00:00,1.27924,1.27963,1.27924,1.27957,1615
2026-03-19T03:00:00+00:00,1.27957,1.27977,1.27955,1.27969,1545
2026-03-19T03:15:00+00:00,1.27969,1.28019,1.27969,1.28007,1607
2026-03-19T03:30:00+00:00,1.28007,1.28030,1.28006,1.28006,1604
2026-03-19T03:45:00+00:00,1.28006,1.28009,1.27993,1.28007,1624
2026-03-19T04:00:00+00:00,1.28007,1.28007,1.27971,1.27971,1936
2026-03-19T04:15:00+00:00,1.27971,1.27999,1.27957,1.27995,1249
2026-03-19T04:30:00+00:00,1.27995,1.28017,1.27987,1.28007,1241
2026-03-19T04:45:00+00:00,1.28007,1.28018,1.27997,1.28012,1518
2026-03-19T05:00:00+00:00,1.28012,1.28012,1.27982,1.27997,2091
2026-03-19T05:15:00+00:00,1.27997,1.28020,1.27997,1.28020,1719
2026-03-19T05:30:00+00:00,1.28020,1.28024,1.27982,1.27982,1217
2026-03-19T05:45:00+00:00,1.27982,1.28032,1.27969,1.28032,1288
2026-03-19T06:00:00+00:00,1.28032,1.28044,1.28023,1.28031,999
2026-03-19T06:15:00+00:00,1.28031,1.28144,1.28031,1.28119,1929
2026-03-19T06:30:00+00:00,1.28119,1.28119,1.28083,1.28097,1726
2026-03-19T06:45:00+00:00,1.28097,1.28097,1.27979,1.28044,1402
2026-03-19T07:00:00+00:00,1.28044,1.28068,1.27971,1.27971,2403
2026-03-19T07:15:00+00:00,1.27971,1.27971,1.27830,1.27954,2071
2026-03-19T07:30:00+00:00,1.27954,1.28070,1.27954,1.28070,1315
2026-03-19T07:45:00+00:00,1.28070,1.28101,1.28027,1.28068,2155
2026-03-19T08:00:00+00:00,1.28068,1.28132,1.28060,1.28086,1661
2026-03-19T08:15:00+00:00,1.28086,1.28174,1.28086,1.28160,1241
2026-03-19T08:30:00+00:00,1.28160,1.28239,1.28160,1.28239,1915
2026-03-19T08:45:00+00:00,1.28239,1.28239,1.28221,1.28224,1462
2026-03-19T09:00:00+00:00,1.28224,1.28234,1.28169,1.28169,1596
2026-03-19T09:15:00+00:00,1.28169,1.28169,1.28138,1.28167,2221
2026-03-19T09:30:00+00:00,1.28167,1.28205,1.28167,1.28205,1226
2026-03-19T09:45:00+00:00,1.28205,1.28205,1.28194,1.28201,856
2026-03-19T10:00:00+00:00,1.28201,1.28205,1.28181,1.28181,1982
2026-03-19T10:15:00+00:00,1.28181,1.28204,1.28180,1.28202,1246
2026-03-19T10:30:00+00:00,1.28202,1.28270,1.28202,1.28270,1248
2026-03-19T10:45:00+00:00,1.28270,1.28306,1.28270,1.28301,1666
2026-03-19T11:00:00+00:00,1.28301,1.28364,1.28301,1.28364,1961
2026-03-19T11:15:00+00:00,1.28364,1.28380,1.28352,1.28367,1189
2026-03-19T11:30:00+00:00,1.28367,1.28421,1.28367,1.28382,2070
2026-03-19T11:45:00+00:00,1.28382,1.28382,1.28318,1.28318,612
2026-03-19T12:00:00+00:00,1.28318,1.28318,1.28255,1.28255,1305
2026-03-19T12:15:00+00:00,1.28255,1.28304,1.28255,1.28304,1435
2026-03-19T12:30:00+00:00,1.28304,1.28304,1.28243,1.28243,1602
2026-03-19T12:45:00+00:00,1.28243,1.28306,1.28241,1.28279,2100
2026-03-19T13:00:00+00:00,1.28279,1.28289,1.28255,1.28255,1686
2026-03-19T13:15:00+00:00,1.28255,1.28263,1.28176,1.28176,1696
2026-03-19T13:30:00+00:00,1.28176,1.28176,1.28116,1.28145,1695
2026-03-19T13:45:00+00:00,1.28145,1.28205,1.28116,1.28116,2164
2026-03-19T14:00:00+00:00,1.28116,1.28127,1.28088,1.28115,1750
2026-03-19T14:15:00+00:00,1.28115,1.28172,1.28096,1.28170,2639
2026-03-19T14:30:00+00:00,1.28170,1.28237,1.28155,1.28237,2179
2026-03-19T14:45:00+00:00,1.28237,1.28238,1.28184,1.28184,1447
2026-03-19T15:00:00+00:00,1.28184,1.28274,1.28184,1.28274,425
2026-03-19T15:15:00+00:00,1.28274,1.28279,1.28258,1.28276,1198
2026-03-19T15:30:00+00:00,1.28276,1.28276,1.28234,1.28268,670
2026-03-19T15:45:00+00:00,1.28268,1.28284,1.28255,1.28255,1344
2026-03-19T16:00:00+00:00,1.28255,1.28260,1.28244,1.28244,436
2026-03-19T16:15:00+00:00,1.28244,1.28244,1.28221,1.28223,397
2026-03-19T16:30:00+00:00,1.28223,1.28236,1.28204,1.28204,1890
2026-03-19T16:45:00+00:00,1.28204,1.28208,1.28185,1.28185,946
2026-03-19T17:00:00+00:00,1.28185,1.28199,1.28175,1.28199,1701
2026-03-19T17:15:00+00:00,1.28199,1.28206,1.28158,1.28158,478
2026-03-19T17:30:00+00:00,1.28158,1.28175,1.28152,1.28152,1930
2026-03-19T17:45:00+00:00,1.28152,1.28157,1.28131,1.28157,2001
2026-03-19T18:00:00+00:00,1.28157,1.28186,1.28157,1.28186,1514
2026-03-19T18:15:00+00:00,1.28186,1.28201,1.28178,1.28178,1238
2026-03-19T18:30:00+00:00,1.28178,1.28178,1.28124,1.28124,1388
2026-03-19T18:45:00+00:00,1.28124,1.28128,1.28109,1.28120,1389
2026-03-19T19:00:00+00:00,1.28120,1.28120,1.28115,1.28120,1284
2026-03-19T19:15:00+00:00,1.28120,1.28138,1.28105,1.28125,1871
2026-03-19T19:30:00+00:00,1.28125,1.28141,1.28125,1.28141,801
2026-03-19T19:45:00+00:00,1.28141,1.28161,1.28141,1.28147,999
2026-03-19T20:00:00+00:00,1.28147,1.28161,1.28135,1.28161,2551
2026-03-19T20:15:00+00:00,1.28161,1.28197,1.28161,1.28195,1674
2026-03-19T20:30:00+00:00,1.28195,1.28226,1.28195,1.28226,1985
2026-03-19T20:45:00+00:00,1.28226,1.28226,1.28198,1.28204,1591
2026-03-19T21:00:00+00:00,1.28204,1.28210,1.28195,1.28200,1859
2026-03-19T21:15:00+00:00,1.28200,1.28205,1.28189,1.28205,1447
2026-03-19T21:30:00+00:00,1.28205,1.28214,1.28183,1.28183,2203
2026-03-19T21:45:00+00:00,1.28183,1.28197,1.28174,1.28174,535
2026-03-19T22:00:00+00:00,1.28174,1.28177,1.28145,1.28152,893
2026-03-19T22:15:00+00:00,1.28152,1.28168,1.28152,1.28164,1151
2026-03-19T22:30:00+00:00,1.28164,1.28173,1.28162,1.28165,2716
2026-03-19T22:45:00+00:00,1.28165,1.28185,1.28165,1.28172,497
2026-03-19T23:00:00+00:00,1.28172,1.28208,1.28172,1.28208,1638
2026-03-19T23:15:00+00:00,1.28208,1.28219,1.28201,1.28212,1407
2026-03-19T23:30:00+00:00,1.28212,1.28215,1.28177,1.28177,1835
2026-03-19T23:45:00+00:00,1.28177,1.28177,1.28152,1.28156,1546
2026-03-20T00:00:00+00:00,1.28156,1.28164,1.28138,1.28164,2212
2026-03-20T00:15:00+00:00,1.28164,1.28184,1.28139,1.28139,1230
2026-03-20T00:30:00+00:00,1.28139,1.28158,1.28113,1.28113,1693
2026-03-20T00:45:00+00:00,1.28113,1.28121,1.28083,1.28083,1507
2026-03-20T01:00:00+00:00,1.28083,1.28084,1.28045,1.28045,1590
2026-03-20T01:15:00+00:00,1.28045,1.28045,1.28020,1.28020,1484
2026-03-20T01:30:00+00:00,1.28020,1.28098,1.28020,1.28080,1869
2026-03-20T01:45:00+00:00,1.28080,1.28080,1.27990,1.27990,1807
2026-03-20T02:00:00+00:00,1.27990,1.28002,1.27942,1.28002,883
2026-03-20T02:15:00+00:00,1.28002,1.28010,1.27994,1.28005,1688
2026-03-20T02:30:00+00:00,1.28005,1.28005,1.27989,1.27989,1675
2026-03-20T02:45:00+00:00,1.27989,1.28043,1.27989,1.28043,969
2026-03-20T03:00:00+00:00,1.28043,1.28043,1.28008,1.28008,1587
2026-03-20T03:15:00+00:00,1.28008,1.28046,1.27999,1.28023,1664
2026-03-20T03:30:00+00:00,1.28023,1.28050,1.28001,1.28050,2073
2026-03-20T03:45:00+00:00,1.28050,1.28064,1.28050,1.28060,895
2026-03-20T04:00:00+00:00,1.28060,1.28073,1.28056,1.28056,1505
2026-03-20T04:15:00+00:00,1.28056,1.28072,1.28036,1.28054,1322
2026-03-20T04:30:00+00:00,1.28054,1.28085,1.28045,1.28049,886
2026-03-20T04:45:00+00:00,1.28049,1.28101,1.28049,1.28101,1606
2026-03-20T05:00:00+00:00,1.28101,1.28102,1.28080,1.28080,1694
2026-03-20T05:15:00+00:00,1.28080,1.28104,1.28070,1.28073,745
2026-03-20T05:30:00+00:00,1.28073,1.28097,1.28060,1.28064,1330
2026-03-20T05:45:00+00:00,1.28064,1.28074,1.28042,1.28042,1771
2026-03-20T06:00:00+00:00,1.28042,1.28049,1.28012,1.28012,2418
2026-03-20T06:15:00+00:00,1.28012,1.28063,1.27997,1.28060,2466
2026-03-20T06:30:00+00:00,1.28060,1.28069,1.27984,1.28004,1598
2026-03-20T06:45:00+00:00,1.28004,1.28093,1.28004,1.28053,2332
2026-03-20T07:00:00+00:00,1.28053,1.28053,1.27930,1.27930,1854
2026-03-20T07:15:00+00:00,1.27930,1.28064,1.27930,1.28027,1608
2026-03-20T07:30:00+00:00,1.28027,1.28027,1.27826,1.27967,2168
2026-03-20T07:45:00+00:00,1.27967,1.28020,1.27939,1.27970,2293
2026-03-20T08:00:00+00:00,1.27970,1.28026,1.27956,1.28026,1588
2026-03-20T08:15:00+00:00,1.28026,1.28126,1.28022,1.28126,2619
2026-03-20T08:30:00+00:00,1.28126,1.28126,1.28003,1.28003,1564
2026-03-20T08:45:00+00:00,1.28003,1.28024,1.27967,1.28024,1581
2026-03-20T09:00:00+00:00,1.28024,1.28024,1.27934,1.27934,1500
2026-03-20T09:15:00+00:00,1.27934,1.27934,1.27891,1.27911,1068
2026-03-20T09:30:00+00:00,1.27911,1.27944,1.27911,1.27944,1589
2026-03-20T09:45:00+00:00,1.27944,1.27981,1.27944,1.27975,1439
2026-03-20T10:00:00+00:00,1.27975,1.27991,1.27967,1.27991,753
2026-03-20T10:15:00+00:00,1.27991,1.28003,1.27986,1.28002,2372
2026-03-20T10:30:00+00:00,1.28002,1.28002,1.27951,1.27951,1669
2026-03-20T10:45:00+00:00,1.27951,1.27951,1.27938,1.27947,1950
2026-03-20T11:00:00+00:00,1.27947,1.27947,1.27931,1.27944,2086
2026-03-20T11:15:00+00:00,1.27944,1.27974,1.27927,1.27927,622
2026-03-20T11:30:00+00:00,1.27927,1.27932,1.27883,1.27883,1118
2026-03-20T11:45:00+00:00,1.27883,1.27907,1.27856,1.27907,1445
2026-03-20T12:00:00+00:00,1.27907,1.27907,1.27850,1.27850,2565
2026-03-20T12:15:00+00:00,1.27850,1.27856,1.27834,1.27834,1328
2026-03-20T12:30:00+00:00,1.27834,1.27877,1.27809,1.27809,1206
2026-03-20T12:45:00+00:00,1.27809,1.27894,1.27809,1.27894,1882
2026-03-20T13:00:00+00:00,1.27894,1.28008,1.27894,1.28008,3034
2026-03-20T13:15:00+00:00,1.28008,1.28011,1.27916,1.27916,1703
2026-03-20T13:30:00+00:00,1.27916,1.28020,1.27916,1.28020,2309
2026-03-20T13:45:00+00:00,1.28020,1.28049,1.27960,1.27993,1581
2026-03-20T14:00:00+00:00,1.27993,1.27993,1.27932,1.27985,1514
2026-03-20T14:15:00+00:00,1.27985,1.28030,1.27960,1.28030,1987
2026-03-20T14:30:00+00:00,1.28030,1.28169,1.28030,1.28169,2054
2026-03-20T14:45:00+00:00,1.28169,1.28284,1.28169,1.28284,1498
2026-03-20T15:00:00+00:00,1.28284,1.28351,1.28284,1.28351,1659
2026-03-20T15:15:00+00:00,1.28351,1.28400,1.28351,1.28363,1555
2026-03-20T15:30:00+00:00,1.28363,1.28402,1.28354,1.28402,1324
2026-03-20T15:45:00+00:00,1.28402,1.28402,1.28369,1.28399,1257
2026-03-20T16:00:00+00:00,1.28399,1.28417,1.28399,1.28415,1034
2026-03-20T16:15:00+00:00,1.28415,1.28419,1.28399,1.28399,2078
2026-03-20T16:30:00+00:00,1.28399,1.28438,1.28399,1.28437,666
2026-03-20T16:45:00+00:00,1.28437,1.28453,1.28422,1.28422,1586
2026-03-20T17:00:00+00:00,1.28422,1.28422,1.28395,1.28415,1423
2026-03-20T17:15:00+00:00,1.28415,1.28436,1.28413,1.28425,1593
2026-03-20T17:30:00+00:00,1.28425,1.28440,1.28425,1.28440,2112
2026-03-20T17:45:00+00:00,1.28440,1.28448,1.28427,1.28435,1413
2026-03-20T18:00:00+00:00,1.28435,1.28443,1.28420,1.28436,1631
2026-03-20T18:15:00+00:00,1.28436,1.28480,1.28436,1.28480,1202
2026-03-20T18:30:00+00:00,1.28480,1.28506,1.28480,1.28505,1557
2026-03-20T18:45:00+00:00,1.28505,1.28505,1.28481,1.28485,2053
2026-03-20T19:00:00+00:00,1.28485,1.28494,1.28476,1.28494,1108
2026-03-20T19:15:00+00:00,1.28494,1.28498,1.28486,1.28492,1490
2026-03-20T19:30:00+00:00,1.28492,1.28496,1.28480,1.28496,1657
2026-03-20T19:45:00+00:00,1.28496,1.28514,1.28496,1.28514,752
2026-03-20T20:00:00+00:00,1.28514,1.28531,1.28514,1.28525,1418
2026-03-20T20:15:00+00:00,1.28525,1.28531,1.28510,1.28514,1589
2026-03-20T20:30:00+00:00,1.28514,1.28539,1.28514,1.28539,1704
2026-03-20T20:45:00+00:00,1.28539,1.28539,1.28509,1.28509,1688
2026-03-20T21:00:00+00:00,1.28509,1.28509,1.28497,1.28498,1561
2026-03-20T21:15:00+00:00,1.28498,1.28500,1.28488,1.28488,1384
2026-03-20T21:30:00+00:00,1.28488,1.28503,1.28488,1.28490,1622
2026-03-20T21:45:00+00:00,1.28490,1.28490,1.28475,1.28480,453
2026-03-20T22:00:00+00:00,1.28480,1.28499,1.28477,1.28499,1513
2026-03-20T22:15:00+00:00,1.28499,1.28503,1.28477,1.28503,785
2026-03-20T22:30:00+00:00,1.28503,1.28503,1.28460,1.28460,1409
2026-03-20T22:45:00+00:00,1.28460,1.28460,1.28426,1.28426,1602
2026-03-20T23:00:00+00:00,1.28426,1.28429,1.28407,1.28407,904
2026-03-20T23:15:00+00:00,1.28407,1.28415,1.28392,1.28392,1454
2026-03-20T23:30:00+00:00,1.28392,1.28402,1.28383,1.28383,1868
2026-03-20T23:45:00+00:00,1.28383,1.28383,1.28348,1.28348,1230
2026-03-23T00:00:00+00:00,1.28348,1.28358,1.28344,1.28346,1235
2026-03-23T00:15:00+00:00,1.28346,1.28378,1.28336,1.28336,2049
2026-03-23T00:30:00+00:00,1.28336,1.28349,1.28336,1.28349,1852
2026-03-23T00:45:00+00:00,1.28349,1.28350,1.28282,1.28282,1132
2026-03-23T01:00:00+00:00,1.28282,1.28282,1.28204,1.28204,1862
2026-03-23T01:15:00+00:00,1.28204,1.28256,1.28204,1.28256,2008
2026-03-23T01:30:00+00:00,1.28256,1.28316,1.28256,1.28298,834
2026-03-23T01:45:00+00:00,1.28298,1.28377,1.28298,1.28377,391
2026-03-23T02:00:00+00:00,1.28377,1.28395,1.28348,1.28348,1992
2026-03-23T02:15:00+00:00,1.28348,1.28348,1.28308,1.28341,1623
2026-03-23T02:30:00+00:00,1.28341,1.28341,1.28282,1.28282,1458
2026-03-23T02:45:00+00:00,1.28282,1.28285,1.28265,1.28285,1755
2026-03-23T03:00:00+00:00,1.28285,1.28296,1.28273,1.28287,1058
2026-03-23T03:15:00+00:00,1.28287,1.28287,1.28256,1.28256,1154
2026-03-23T03:30:00+00:00,1.28256,1.28257,1.28243,1.28243,1001
2026-03-23T03:45:00+00:00,1.28243,1.28243,1.28205,1.28207,743
2026-03-23T04:00:00+00:00,1.28207,1.28207,1.28186,1.28199,971
2026-03-23T04:15:00+00:00,1.28199,1.28212,1.28191,1.28191,1199
2026-03-23T04:30:00+00:00,1.28191,1.28192,1.28181,1.28188,1372
2026-03-23T04:45:00+00:00,1.28188,1.28208,1.28169,1.28198,2074
2026-03-23T05:00:00+00:00,1.28198,1.28201,1.28168,1.28173,1547
2026-03-23T05:15:00+00:00,1.28173,1.28217,1.28173,1.28217,2361
2026-03-23T05:30:00+00:00,1.28217,1.28255,1.28211,1.28255,2223
2026-03-23T05:45:00+00:00,1.28255,1.28255,1.28237,1.28250,1238
2026-03-23T06:00:00+00:00,1.28250,1.28267,1.28198,1.28208,1055
2026-03-23T06:15:00+00:00,1.28208,1.28299,1.28208,1.28296,2338
2026-03-23T06:30:00+00:00,1.28296,1.28310,1.28262,1.28262,1397
2026-03-23T06:45:00+00:00,1.28262,1.28344,1.28242,1.28242,2934
2026-03-23T07:00:00+00:00,1.28242,1.28307,1.28195,1.28305,1929
2026-03-23T07:15:00+00:00,1.28305,1.28305,1.28242,1.28280,2012
2026-03-23T07:30:00+00:00,1.28280,1.28311,1.28179,1.28201,2284
2026-03-23T07:45:00+00:00,1.28201,1.28206,1.28184,1.28187,2221
2026-03-23T08:00:00+00:00,1.28187,1.28213,1.28088,1.28213,2496
2026-03-23T08:15:00+00:00,1.28213,1.28351,1.28213,1.28295,949
2026-03-23T08:30:00+00:00,1.28295,1.28337,1.28273,1.28337,1981
2026-03-23T08:45:00+00:00,1.28337,1.28337,1.28237,1.28237,2282
2026-03-23T09:00:00+00:00,1.28237,1.28241,1.28228,1.28239,1392
2026-03-23T09:15:00+00:00,1.28239,1.28261,1.28220,1.28220,1488
2026-03-23T09:30:00+00:00,1.28220,1.28249,1.28206,1.28249,1410
2026-03-23T09:45:00+00:00,1.28249,1.28287,1.28249,1.28287,2273
2026-03-23T10:00:00+00:00,1.28287,1.28303,1.28284,1.28287,1065
2026-03-23T10:15:00+00:00,1.28287,1.28307,1.28287,1.28302,1233
2026-03-23T10:30:00+00:00,1.28302,1.28302,1.28285,1.28292,2233
2026-03-23T10:45:00+00:00,1.28292,1.28319,1.28292,1.28292,2052
2026-03-23T11:00:00+00:00,1.28292,1.28292,1.28270,1.28282,1261
2026-03-23T11:15:00+00:00,1.28282,1.28286,1.28226,1.28233,1456
2026-03-23T11:30:00+00:00,1.28233,1.28265,1.28233,1.28234,1425
2026-03-23T11:45:00+00:00,1.28234,1.28248,1.28228,1.28234,1750
2026-03-23T12:00:00+00:00,1.28234,1.28234,1.28205,1.28205,1261
2026-03-23T12:15:00+00:00,1.28205,1.28213,1.28173,1.28194,1471
2026-03-23T12:30:00+00:00,1.28194,1.28199,1.28143,1.28146,1829
2026-03-23T12:45:00+00:00,1.28146,1.28263,1.28146,1.28263,1109
2026-03-23T13:00:00+00:00,1.28263,1.28263,1.28179,1.28186,930
2026-03-23T13:15:00+00:00,1.28186,1.28186,1.28135,1.28142,1774
2026-03-23T13:30:00+00:00,1.28142,1.28247,1.28142,1.28199,2325
2026-03-23T13:45:00+00:00,1.28199,1.28219,1.28141,1.28141,1318
2026-03-23T14:00:00+00:00,1.28141,1.28192,1.28128,1.28167,1181
2026-03-23T14:15:00+00:00,1.28167,1.28203,1.28146,1.28146,1879
2026-03-23T14:30:00+00:00,1.28146,1.28151,1.28116,1.28126,1663
2026-03-23T14:45:00+00:00,1.28126,1.28128,1.28082,1.28108,1809
2026-03-23T15:00:00+00:00,1.28108,1.28123,1.28104,1.28104,1603
2026-03-23T15:15:00+00:00,1.28104,1.28115,1.28098,1.28113,1999
2026-03-23T15:30:00+00:00,1.28113,1.28152,1.28090,1.28152,1572
2026-03-23T15:45:00+00:00,1.28152,1.28152,1.28144,1.28150,2107
2026-03-23T16:00:00+00:00,1.28150,1.28168,1.28150,1.28168,1706
2026-03-23T16:15:00+00:00,1.28168,1.28199,1.28166,1.28166,376
2026-03-23T16:30:00+00:00,1.28166,1.28166,1.28149,1.28163,1217
2026-03-23T16:45:00+00:00,1.28163,1.28204,1.28163,1.28202,1250
2026-03-23T17:00:00+00:00,1.28202,1.28204,1.28191,1.28191,1258
2026-03-23T17:15:00+00:00,1.28191,1.28207,1.28191,1.28199,1355
2026-03-23T17:30:00+00:00,1.28199,1.28223,1.28197,1.28223,1365
2026-03-23T17:45:00+00:00,1.28223,1.28230,1.28192,1.28194,1292
2026-03-23T18:00:00+00:00,1.28194,1.28194,1.28157,1.28170,1784
2026-03-23T18:15:00+00:00,1.28170,1.28170,1.28145,1.28146,1587
2026-03-23T18:30:00+00:00,1.28146,1.28153,1.28133,1.28139,1691
2026-03-23T18:45:00+00:00,1.28139,1.28176,1.28139,1.28164,1499
2026-03-23T19:00:00+00:00,1.28164,1.28164,1.28141,1.28142,898
2026-03-23T19:15:00+00:00,1.28142,1.28142,1.28128,1.28142,1910
2026-03-23T19:30:00+00:00,1.28142,1.28148,1.28124,1.28139,888
2026-03-23T19:45:00+00:00,1.28139,1.28164,1.28137,1.28151,399
2026-03-23T20:00:00+00:00,1.28151,1.28170,1.28137,1.28143,1123
2026-03-23T20:15:00+00:00,1.28143,1.28168,1.28143,1.28162,2416
2026-03-23T20:30:00+00:00,1.28162,1.28169,1.28147,1.28147,992
2026-03-23T20:45:00+00:00,1.28147,1.28187,1.28147,1.28187,1123
2026-03-23T21:00:00+00:00,1.28187,1.28192,1.28182,1.28187,634
2026-03-23T21:15:00+00:00,1.28187,1.28204,1.28187,1.28204,855
2026-03-23T21:30:00+00:00,1.28204,1.28218,1.28203,1.28203,1171
2026-03-23T21:45:00+00:00,1.28203,1.28216,1.28203,1.28204,824
2026-03-23T22:00:00+00:00,1.28204,1.28211,1.28193,1.28198,1102
2026-03-23T22:15:00+00:00,1.28198,1.28223,1.28187,1.28187,892
2026-03-23T22:30:00+00:00,1.28187,1.28202,1.28187,1.28202,1891
2026-03-23T22:45:00+00:00,1.28202,1.28202,1.28184,1.28184,647
2026-03-23T23:00:00+00:00,1.28184,1.28194,1.28167,1.28167,1389
2026-03-23T23:15:00+00:00,1.28167,1.28167,1.28151,1.28151,1159
2026-03-23T23:30:00+00:00,1.28151,1.28198,1.28151,1.28198,1237
2026-03-23T23:45:00+00:00,1.28198,1.28198,1.28169,1.28169,1835
2026-03-24T00:00:00+00:00,1.28169,1.28196,1.28160,1.28196,627
2026-03-24T00:15:00+00:00,1.28196,1.28214,1.28158,1.28158,1435
2026-03-24T00:30:00+00:00,1.28158,1.28198,1.28157,1.28178,1170
2026-03-24T00:45:00+00:00,1.28178,1.28178,1.28107,1.28120,1933
2026-03-24T01:00:00+00:00,1.28120,1.28122,1.28106,1.28122,1842
2026-03-24T01:15:00+00:00,1.28122,1.28180,1.28122,1.28180,1678
2026-03-24T01:30:00+00:00,1.28180,1.28254,1.28180,1.28243,1918
2026-03-24T01:45:00+00:00,1.28243,1.28328,1.28243,1.28328,1498
2026-03-24T02:00:00+00:00,1.28328,1.28346,1.28309,1.28346,1252
2026-03-24T02:15:00+00:00,1.28346,1.28346,1.28301,1.28301,1670
2026-03-24T02:30:00+00:00,1.28301,1.28333,1.28283,1.28333,2355
2026-03-24T02:45:00+00:00,1.28333,1.28333,1.28319,1.28322,1933
2026-03-24T03:00:00+00:00,1.28322,1.28368,1.28322,1.28368,2026
2026-03-24T03:15:00+00:00,1.28368,1.28379,1.28364,1.28379,838
2026-03-24T03:30:00+00:00,1.28379,1.28390,1.28360,1.28383,1427
2026-03-24T03:45:00+00:00,1.28383,1.28384,1.28367,1.28367,758
2026-03-24T04:00:00+00:00,1.28367,1.28371,1.28349,1.28371,1613
2026-03-24T04:15:00+00:00,1.28371,1.28411,1.28371,1.28390,1580
2026-03-24T04:30:00+00:00,1.28390,1.28395,1.28377,1.28377,1309
2026-03-24T04:45:00+00:00,1.28377,1.28399,1.28377,1.28399,713
2026-03-24T05:00:00+00:00,1.28399,1.28400,1.28367,1.28367,1841
2026-03-24T05:15:00+00:00,1.28367,1.28370,1.28311,1.28314,1538
2026-03-24T05:30:00+00:00,1.28314,1.28340,1.28308,1.28340,2002
2026-03-24T05:45:00+00:00,1.28340,1.28359,1.28319,1.28340,2258
2026-03-24T06:00:00+00:00,1.28340,1.28389,1.28340,1.28389,1945
2026-03-24T06:15:00+00:00,1.28389,1.28489,1.28389,1.28489,1724
2026-03-24T06:30:00+00:00,1.28489,1.28535,1.28488,1.28523,2055
2026-03-24T06:45:00+00:00,1.28523,1.28523,1.28282,1.28282,2942
2026-03-24T07:00:00+00:00,1.28282,1.28354,1.28246,1.28246,2324
2026-03-24T07:15:00+00:00,1.28246,1.28246,1.28097,1.28143,3099
2026-03-24T07:30:00+00:00,1.28143,1.28156,1.28114,1.28141,3263
2026-03-24T07:45:00+00:00,1.28141,1.28303,1.28141,1.28303,2142
2026-03-24T08:00:00+00:00,1.28303,1.28391,1.28303,1.28315,1822
2026-03-24T08:15:00+00:00,1.28315,1.28315,1.28252,1.28311,1334
2026-03-24T08:30:00+00:00,1.28311,1.28353,1.28311,1.28341,1449
2026-03-24T08:45:00+00:00,1.28341,1.28367,1.28313,1.28367,1087
2026-03-24T09:00:00+00:00,1.28367,1.28436,1.28367,1.28410,1446
2026-03-24T09:15:00+00:00,1.28410,1.28433,1.28410,1.28433,1810
2026-03-24T09:30:00+00:00,1.28433,1.28434,1.28405,1.28405,2055
2026-03-24T09:45:00+00:00,1.28405,1.28427,1.28405,1.28427,1586
2026-03-24T10:00:00+00:00,1.28427,1.28427,1.28399,1.28415,1742
2026-03-24T10:15:00+00:00,1.28415,1.28415,1.28362,1.28389,1366
2026-03-24T10:30:00+00:00,1.28389,1.28444,1.28385,1.28444,1293
2026-03-24T10:45:00+00:00,1.28444,1.28451,1.28435,1.28447,1244
2026-03-24T11:00:00+00:00,1.28447,1.28472,1.28433,1.28472,1725
2026-03-24T11:15:00+00:00,1.28472,1.28474,1.28460,1.28460,723
2026-03-24T11:30:00+00:00,1.28460,1.28500,1.28460,1.28471,2126
2026-03-24T11:45:00+00:00,1.28471,1.28474,1.28454,1.28474,1379
2026-03-24T12:00:00+00:00,1.28474,1.28481,1.28436,1.28481,2105
2026-03-24T12:15:00+00:00,1.28481,1.28488,1.28461,1.28461,1133
2026-03-24T12:30:00+00:00,1.28461,1.28544,1.28461,1.28509,1460
2026-03-24T12:45:00+00:00,1.28509,1.28509,1.28395,1.28429,1192
2026-03-24T13:00:00+00:00,1.28429,1.28460,1.28381,1.28460,1043
2026-03-24T13:15:00+00:00,1.28460,1.28467,1.28429,1.28450,2297
2026-03-24T13:30:00+00:00,1.28450,1.28550,1.28450,1.28463,1577
2026-03-24T13:45:00+00:00,1.28463,1.28493,1.28463,1.28471,2220
2026-03-24T14:00:00+00:00,1.28471,1.28480,1.28415,1.28450,1514
2026-03-24T14:15:00+00:00,1.28450,1.28577,1.28450,1.28577,1781
2026-03-24T14:30:00+00:00,1.28577,1.28623,1.28577,1.28588,1725
2026-03-24T14:45:00+00:00,1.28588,1.28588,1.28550,1.28579,1692
2026-03-24T15:00:00+00:00,1.28579,1.28633,1.28579,1.28633,1276
2026-03-24T15:15:00+00:00,1.28633,1.28633,1.28569,1.28597,1380
2026-03-24T15:30:00+00:00,1.28597,1.28599,1.28586,1.28591,1138
2026-03-24T15:45:00+00:00,1.28591,1.28620,1.28591,1.28604,1664
2026-03-24T16:00:00+00:00,1.28604,1.28654,1.28604,1.28654,1995
2026-03-24T16:15:00+00:00,1.28654,1.28710,1.28654,1.28707,1580
2026-03-24T16:30:00+00:00,1.28707,1.28729,1.28703,1.28718,825
2026-03-24T16:45:00+00:00,1.28718,1.28728,1.28711,1.28727,1189
2026-03-24T17:00:00+00:00,1.28727,1.28732,1.28727,1.28732,128
2026-03-24T17:15:00+00:00,1.28732,1.28745,1.28732,1.28745,1383
2026-03-24T17:30:00+00:00,1.28745,1.28782,1.28745,1.28782,1460
2026-03-24T17:45:00+00:00,1.28782,1.28805,1.28782,1.28805,1238
2026-03-24T18:00:00+00:00,1.28805,1.28807,1.28787,1.28805,2067
2026-03-24T18:15:00+00:00,1.28805,1.28825,1.28802,1.28825,914
2026-03-24T18:30:00+00:00,1.28825,1.28863,1.28825,1.28846,1309
2026-03-24T18:45:00+00:00,1.28846,1.28846,1.28804,1.28831,2217
2026-03-24T19:00:00+00:00,1.28831,1.28855,1.28817,1.28855,2089
2026-03-24T19:15:00+00:00,1.28855,1.28866,1.28837,1.28866,1251
2026-03-24T19:30:00+00:00,1.28866,1.28897,1.28866,1.28880,669
2026-03-24T19:45:00+00:00,1.28880,1.28880,1.28875,1.28879,814
2026-03-24T20:00:00+00:00,1.28879,1.28879,1.28861,1.28861,2042
2026-03-24T20:15:00+00:00,1.28861,1.28876,1.28854,1.28876,1667
2026-03-24T20:30:00+00:00,1.28876,1.28882,1.28864,1.28864,1439
2026-03-24T20:45:00+00:00,1.28864,1.28880,1.28864,1.28878,1167
2026-03-24T21:00:00+00:00,1.28878,1.28886,1.28849,1.28849,1996
2026-03-24T21:15:00+00:00,1.28849,1.28879,1.28849,1.28878,2585
2026-03-24T21:30:00+00:00,1.28878,1.28878,1.28829,1.28869,1502
2026-03-24T21:45:00+00:00,1.28869,1.28869,1.28826,1.28826,1656
2026-03-24T22:00:00+00:00,1.28826,1.28846,1.28826,1.28846,2034
2026-03-24T22:15:00+00:00,1.28846,1.28848,1.28833,1.28839,1095
2026-03-24T22:30:00+00:00,1.28839,1.28851,1.28838,1.28838,1310
2026-03-24T22:45:00+00:00,1.28838,1.28846,1.28828,1.28846,2398
2026-03-24T23:00:00+00:00,1.28846,1.28874,1.28846,1.28865,1970
2026-03-24T23:15:00+00:00,1.28865,1.28865,1.28831,1.28841,1478
2026-03-24T23:30:00+00:00,1.28841,1.28883,1.28840,1.28883,1365
2026-03-24T23:45:00+00:00,1.28883,1.28902,1.28883,1.28889,1837
2026-03-25T00:00:00+00:00,1.28889,1.28902,1.28880,1.28902,2162
2026-03-25T00:15:00+00:00,1.28902,1.28902,1.28861,1.28897,1234
2026-03-25T00:30:00+00:00,1.28897,1.28901,1.28855,1.28901,782
2026-03-25T00:45:00+00:00,1.28901,1.28919,1.28890,1.28890,1420
2026-03-25T01:00:00+00:00,1.28890,1.28904,1.28855,1.28904,1155
2026-03-25T01:15:00+00:00,1.28904,1.28911,1.28883,1.28883,1394
2026-03-25T01:30:00+00:00,1.28883,1.28898,1.28872,1.28894,1722
2026-03-25T01:45:00+00:00,1.28894,1.28897,1.28862,1.28882,974
2026-03-25T02:00:00+00:00,1.28882,1.28883,1.28874,1.28878,1149
2026-03-25T02:15:00+00:00,1.28878,1.28897,1.28878,1.28897,1456
2026-03-25T02:30:00+00:00,1.28897,1.28939,1.28897,1.28939,904
2026-03-25T02:45:00+00:00,1.28939,1.28973,1.28939,1.28973,2188
2026-03-25T03:00:00+00:00,1.28973,1.28982,1.28973,1.28982,2008
2026-03-25T03:15:00+00:00,1.28982,1.29001,1.28982,1.28997,2861
2026-03-25T03:30:00+00:00,1.28997,1.29001,1.28982,1.28988,2003
2026-03-25T03:45:00+00:00,1.28988,1.28995,1.28968,1.28976,1268
2026-03-25T04:00:00+00:00,1.28976,1.29000,1.28970,1.28992,1940
2026-03-25T04:15:00+00:00,1.28992,1.29014,1.28992,1.29000,899
2026-03-25T04:30:00+00:00,1.29000,1.29014,1.28975,1.28975,592
2026-03-25T04:45:00+00:00,1.28975,1.28993,1.28975,1.28992,2013
2026-03-25T05:00:00+00:00,1.28992,1.28995,1.28967,1.28967,1602
2026-03-25T05:15:00+00:00,1.28967,1.28968,1.28946,1.28959,766
2026-03-25T05:30:00+00:00,1.28959,1.29004,1.28959,1.29004,2313
2026-03-25T05:45:00+00:00,1.29004,1.29010,1.28950,1.28950,1323
2026-03-25T06:00:00+00:00,1.28950,1.28956,1.28913,1.28945,373
2026-03-25T06:15:00+00:00,1.28945,1.29030,1.28945,1.29030,1991
2026-03-25T06:30:00+00:00,1.29030,1.29030,1.28970,1.28999,2450
2026-03-25T06:45:00+00:00,1.28999,1.28999,1.28893,1.28893,1256
2026-03-25T07:00:00+00:00,1.28893,1.28957,1.28768,1.28768,2784
2026-03-25T07:15:00+00:00,1.28768,1.28816,1.28724,1.28768,1906
2026-03-25T07:30:00+00:00,1.28768,1.28768,1.28640,1.28667,1934
2026-03-25T07:45:00+00:00,1.28667,1.28667,1.28601,1.28663,1481
2026-03-25T08:00:00+00:00,1.28663,1.28835,1.28663,1.28835,1662
2026-03-25T08:15:00+00:00,1.28835,1.28851,1.28822,1.28842,1395
2026-03-25T08:30:00+00:00,1.28842,1.28959,1.28842,1.28936,1337
2026-03-25T08:45:00+00:00,1.28936,1.28945,1.28935,1.28935,867
2026-03-25T09:00:00+00:00,1.28935,1.28950,1.28887,1.28887,2133
2026-03-25T09:15:00+00:00,1.28887,1.28938,1.28880,1.28938,1290
2026-03-25T09:30:00+00:00,1.28938,1.28965,1.28929,1.28965,2510
2026-03-25T09:45:00+00:00,1.28965,1.28976,1.28951,1.28971,2163
2026-03-25T10:00:00+00:00,1.28971,1.28984,1.28971,1.28975,1076
2026-03-25T10:15:00+00:00,1.28975,1.28975,1.28943,1.28943,1812
2026-03-25T10:30:00+00:00,1.28943,1.28959,1.28936,1.28936,800
2026-03-25T10:45:00+00:00,1.28936,1.28966,1.28934,1.28966,1564
2026-03-25T11:00:00+00:00,1.28966,1.28987,1.28951,1.28951,1905
2026-03-25T11:15:00+00:00,1.28951,1.28979,1.28947,1.28966,2187
2026-03-25T11:30:00+00:00,1.28966,1.28966,1.28940,1.28945,1331
2026-03-25T11:45:00+00:00,1.28945,1.29012,1.28936,1.29012,1982
2026-03-25T12:00:00+00:00,1.29012,1.29012,1.28947,1.28964,1623
2026-03-25T12:15:00+00:00,1.28964,1.28987,1.28923,1.28923,1522
2026-03-25T12:30:00+00:00,1.28923,1.28923,1.28845,1.28875,1639
2026-03-25T12:45:00+00:00,1.28875,1.28875,1.28686,1.28686,1847
2026-03-25T13:00:00+00:00,1.28686,1.28715,1.28612,1.28612,1311
2026-03-25T13:15:00+00:00,1.28612,1.28762,1.28612,1.28751,2182
2026-03-25T13:30:00+00:00,1.28751,1.28857,1.28751,1.28819,1643
2026-03-25T13:45:00+00:00,1.28819,1.28964,1.28819,1.28964,2383
2026-03-25T14:00:00+00:00,1.28964,1.28965,1.28923,1.28965,2092
2026-03-25T14:15:00+00:00,1.28965,1.28965,1.28890,1.28910,1895
2026-03-25T14:30:00+00:00,1.28910,1.28910,1.28846,1.28886,1376
2026-03-25T14:45:00+00:00,1.28886,1.28886,1.28796,1.28808,1544
2026-03-25T15:00:00+00:00,1.28808,1.28826,1.28781,1.28817,2239
2026-03-25T15:15:00+00:00,1.28817,1.28817,1.28772,1.28804,2406
2026-03-25T15:30:00+00:00,1.28804,1.28815,1.28793,1.28814,2035
2026-03-25T15:45:00+00:00,1.28814,1.28814,1.28756,1.28756,1460
2026-03-25T16:00:00+00:00,1.28756,1.28764,1.28724,1.28744,1691
2026-03-25T16:15:00+00:00,1.28744,1.28744,1.28723,1.28726,2023
2026-03-25T16:30:00+00:00,1.28726,1.28726,1.28698,1.28698,1500
2026-03-25T16:45:00+00:00,1.28698,1.28702,1.28694,1.28694,1979
2026-03-25T17:00:00+00:00,1.28694,1.28714,1.28690,1.28712,1743
2026-03-25T17:15:00+00:00,1.28712,1.28738,1.28712,1.28735,1667
2026-03-25T17:30:00+00:00,1.28735,1.28735,1.28716,1.28733,1436
2026-03-25T17:45:00+00:00,1.28733,1.28733,1.28711,1.28711,1875
2026-03-25T18:00:00+00:00,1.28711,1.28723,1.28711,1.28723,1853
2026-03-25T18:15:00+00:00,1.28723,1.28723,1.28686,1.28686,1224
2026-03-25T18:30:00+00:00,1.28686,1.28732,1.28686,1.28729,1647
2026-03-25T18:45:00+00:00,1.28729,1.28730,1.28711,1.28730,482
2026-03-25T19:00:00+00:00,1.28730,1.28739,1.28725,1.28739,1005
2026-03-25T19:15:00+00:00,1.28739,1.28750,1.28737,1.28737,469
2026-03-25T19:30:00+00:00,1.28737,1.28772,1.28737,1.28767,1626
2026-03-25T19:45:00+00:00,1.28767,1.28772,1.28739,1.28739,1511
2026-03-25T20:00:00+00:00,1.28739,1.28751,1.28732,1.28751,1909
2026-03-25T20:15:00+00:00,1.28751,1.28754,1.28728,1.28754,1757
2026-03-25T20:30:00+00:00,1.28754,1.28766,1.28748,1.28766,1643
2026-03-25T20:45:00+00:00,1.28766,1.28766,1.28749,1.28750,821
2026-03-25T21:00:00+00:00,1.28750,1.28757,1.28735,1.28757,2259
2026-03-25T21:15:00+00:00,1.28757,1.28758,1.28728,1.28728,761
2026-03-25T21:30:00+00:00,1.28728,1.28738,1.28707,1.28707,792
2026-03-25T21:45:00+00:00,1.28707,1.28707,1.28684,1.28693,1488
2026-03-25T22:00:00+00:00,1.28693,1.28693,1.28674,1.28679,1607
2026-03-25T22:15:00+00:00,1.28679,1.28679,1.28640,1.28641,1656
2026-03-25T22:30:00+00:00,1.28641,1.28658,1.28641,1.28647,288
2026-03-25T22:45:00+00:00,1.28647,1.28647,1.28599,1.28599,2086
2026-03-25T23:00:00+00:00,1.28599,1.28599,1.28584,1.28598,1515
2026-03-25T23:15:00+00:00,1.28598,1.28625,1.28598,1.28613,1950
2026-03-25T23:30:00+00:00,1.28613,1.28626,1.28605,1.28605,831
2026-03-25T23:45:00+00:00,1.28605,1.28605,1.28582,1.28582,1789
2026-03-26T00:00:00+00:00,1.28582,1.28582,1.28508,1.28510,769
2026-03-26T00:15:00+00:00,1.28510,1.28516,1.28487,1.28516,1751
2026-03-26T00:30:00+00:00,1.28516,1.28516,1.28472,1.28485,1363
2026-03-26T00:45:00+00:00,1.28485,1.28496,1.28459,1.28485,1834
2026-03-26T01:00:00+00:00,1.28485,1.28528,1.28446,1.28528,1711
2026-03-26T01:15:00+00:00,1.28528,1.28539,1.28473,1.28473,955
2026-03-26T01:30:00+00:00,1.28473,1.28483,1.28417,1.28417,2821
2026-03-26T01:45:00+00:00,1.28417,1.28433,1.28400,1.28433,1800
2026-03-26T02:00:00+00:00,1.28433,1.28477,1.28433,1.28477,1345
2026-03-26T02:15:00+00:00,1.28477,1.28514,1.28477,1.28514,1879
2026-03-26T02:30:00+00:00,1.28514,1.28514,1.28450,1.28450,1655
2026-03-26T02:45:00+00:00,1.28450,1.28469,1.28436,1.28436,1268
2026-03-26T03:00:00+00:00,1.28436,1.28458,1.28436,1.28458,1724
2026-03-26T03:15:00+00:00,1.28458,1.28458,1.28367,1.28367,2731
2026-03-26T03:30:00+00:00,1.28367,1.28381,1.28349,1.28355,1714
2026-03-26T03:45:00+00:00,1.28355,1.28383,1.28355,1.28366,1608
2026-03-26T04:00:00+00:00,1.28366,1.28395,1.28366,1.28393,1640
2026-03-26T04:15:00+00:00,1.28393,1.28393,1.28335,1.28335,1468
2026-03-26T04:30:00+00:00,1.28335,1.28336,1.28306,1.28306,2443
2026-03-26T04:45:00+00:00,1.28306,1.28346,1.28306,1.28346,367
2026-03-26T05:00:00+00:00,1.28346,1.28359,1.28346,1.28359,1356
2026-03-26T05:15:00+00:00,1.28359,1.28368,1.28356,1.28364,1514
2026-03-26T05:30:00+00:00,1.28364,1.28399,1.28364,1.28399,1510
2026-03-26T05:45:00+00:00,1.28399,1.28470,1.28399,1.28470,1060
2026-03-26T06:00:00+00:00,1.28470,1.28513,1.28470,1.28513,2866
2026-03-26T06:15:00+00:00,1.28513,1.28536,1.28472,1.28474,1139
2026-03-26T06:30:00+00:00,1.28474,1.28520,1.28473,1.28473,1825
2026-03-26T06:45:00+00:00,1.28473,1.28585,1.28460,1.28585,1878
2026-03-26T07:00:00+00:00,1.28585,1.28649,1.28508,1.28606,1663
2026-03-26T07:15:00+00:00,1.28606,1.28607,1.28531,1.28531,2409
2026-03-26T07:30:00+00:00,1.28531,1.28580,1.28475,1.28475,2643
2026-03-26T07:45:00+00:00,1.28475,1.28519,1.28432,1.28460,1967
2026-03-26T08:00:00+00:00,1.28460,1.28524,1.28437,1.28524,1413
2026-03-26T08:15:00+00:00,1.28524,1.28581,1.28488,1.28488,2225
2026-03-26T08:30:00+00:00,1.28488,1.28538,1.28473,1.28473,1504
2026-03-26T08:45:00+00:00,1.28473,1.28474,1.28380,1.28385,1339
2026-03-26T09:00:00+00:00,1.28385,1.28385,1.28343,1.28347,1629
2026-03-26T09:15:00+00:00,1.28347,1.28400,1.28347,1.28400,1878
2026-03-26T09:30:00+00:00,1.28400,1.28402,1.28388,1.28389,1680
2026-03-26T09:45:00+00:00,1.28389,1.28403,1.28355,1.28355,2081
2026-03-26T10:00:00+00:00,1.28355,1.28358,1.28329,1.28340,1093
2026-03-26T10:15:00+00:00,1.28340,1.28364,1.28325,1.28347,2144
2026-03-26T10:30:00+00:00,1.28347,1.28347,1.28315,1.28332,1686
2026-03-26T10:45:00+00:00,1.28332,1.28332,1.28315,1.28316,2097
2026-03-26T11:00:00+00:00,1.28316,1.28322,1.28283,1.28287,1793
2026-03-26T11:15:00+00:00,1.28287,1.28317,1.28287,1.28309,1970
2026-03-26T11:30:00+00:00,1.28309,1.28396,1.28309,1.28396,974
2026-03-26T11:45:00+00:00,1.28396,1.28401,1.28364,1.28382,1616
2026-03-26T12:00:00+00:00,1.28382,1.28431,1.28382,1.28402,954
2026-03-26T12:15:00+00:00,1.28402,1.28455,1.28385,1.28428,2505
2026-03-26T12:30:00+00:00,1.28428,1.28428,1.28390,1.28403,1297
2026-03-26T12:45:00+00:00,1.28403,1.28436,1.28381,1.28400,1676
2026-03-26T13:00:00+00:00,1.28400,1.28483,1.28392,1.28449,1460
2026-03-26T13:15:00+00:00,1.28449,1.28531,1.28446,1.28511,1309
2026-03-26T13:30:00+00:00,1.28511,1.28620,1.28511,1.28591,2064
2026-03-26T13:45:00+00:00,1.28591,1.28672,1.28591,1.28636,1796
2026-03-26T14:00:00+00:00,1.28636,1.28636,1.28612,1.28612,1770
2026-03-26T14:15:00+00:00,1.28612,1.28711,1.28612,1.28661,1537
2026-03-26T14:30:00+00:00,1.28661,1.28770,1.28658,1.28770,1964
2026-03-26T14:45:00+00:00,1.28770,1.28780,1.28749,1.28761,1458
2026-03-26T15:00:00+00:00,1.28761,1.28763,1.28716,1.28720,1679
2026-03-26T15:15:00+00:00,1.28720,1.28720,1.28636,1.28636,1098
2026-03-26T15:30:00+00:00,1.28636,1.28670,1.28632,1.28632,1898
2026-03-26T15:45:00+00:00,1.28632,1.28632,1.28594,1.28596,1835
2026-03-26T16:00:00+00:00,1.28596,1.28600,1.28586,1.28588,1715
2026-03-26T16:15:00+00:00,1.28588,1.28595,1.28571,1.28591,2012
2026-03-26T16:30:00+00:00,1.28591,1.28592,1.28569,1.28592,2156
2026-03-26T16:45:00+00:00,1.28592,1.28606,1.28586,1.28595,751
2026-03-26T17:00:00+00:00,1.28595,1.28616,1.28595,1.28603,885
2026-03-26T17:15:00+00:00,1.28603,1.28611,1.28594,1.28594,1935
2026-03-26T17:30:00+00:00,1.28594,1.28609,1.28594,1.28604,2000
2026-03-26T17:45:00+00:00,1.28604,1.28609,1.28600,1.28609,1343
2026-03-26T18:00:00+00:00,1.28609,1.28648,1.28609,1.28646,1135
2026-03-26T18:15:00+00:00,1.28646,1.28660,1.28646,1.28652,2440
2026-03-26T18:30:00+00:00,1.28652,1.28709,1.28652,1.28697,1333
2026-03-26T18:45:00+00:00,1.28697,1.28698,1.28685,1.28690,1269
2026-03-26T19:00:00+00:00,1.28690,1.28738,1.28690,1.28738,1876
2026-03-26T19:15:00+00:00,1.28738,1.28780,1.28738,1.28780,1540
2026-03-26T19:30:00+00:00,1.28780,1.28799,1.28780,1.28799,2348
2026-03-26T19:45:00+00:00,1.28799,1.28833,1.28799,1.28821,646
2026-03-26T20:00:00+00:00,1.28821,1.28821,1.28795,1.28800,1554
2026-03-26T20:15:00+00:00,1.28800,1.28801,1.28777,1.28777,942
2026-03-26T20:30:00+00:00,1.28777,1.28777,1.28752,1.28754,1608
2026-03-26T20:45:00+00:00,1.28754,1.28779,1.28754,1.28770,1979
2026-03-26T21:00:00+00:00,1.28770,1.28788,1.28759,1.28788,1606
2026-03-26T21:15:00+00:00,1.28788,1.28806,1.28782,1.28793,2051
2026-03-26T21:30:00+00:00,1.28793,1.28801,1.28767,1.28767,2428
2026-03-26T21:45:00+00:00,1.28767,1.28806,1.28760,1.28806,1249
2026-03-26T22:00:00+00:00,1.28806,1.28810,1.28802,1.28803,632
2026-03-26T22:15:00+00:00,1.28803,1.28851,1.28803,1.28851,1867
2026-03-26T22:30:00+00:00,1.28851,1.28851,1.28813,1.28813,829
2026-03-26T22:45:00+00:00,1.28813,1.28813,1.28789,1.28789,1866
2026-03-26T23:00:00+00:00,1.28789,1.28789,1.28751,1.28777,850
2026-03-26T23:15:00+00:00,1.28777,1.28777,1.28745,1.28764,1187
2026-03-26T23:30:00+00:00,1.28764,1.28764,1.28755,1.28757,1190
2026-03-26T23:45:00+00:00,1.28757,1.28773,1.28757,1.28773,888
2026-03-27T00:00:00+00:00,1.28773,1.28783,1.28761,1.28776,1590
2026-03-27T00:15:00+00:00,1.28776,1.28830,1.28772,1.28830,2087
2026-03-27T00:30:00+00:00,1.28830,1.28899,1.28830,1.28876,1890
2026-03-27T00:45:00+00:00,1.28876,1.28935,1.28876,1.28935,871
2026-03-27T01:00:00+00:00,1.28935,1.28935,1.28891,1.28891,1727
2026-03-27T01:15:00+00:00,1.28891,1.28921,1.28890,1.28921,1006
2026-03-27T01:30:00+00:00,1.28921,1.28931,1.28909,1.28931,1746
2026-03-27T01:45:00+00:00,1.28931,1.28950,1.28915,1.28942,1630
2026-03-27T02:00:00+00:00,1.28942,1.28942,1.28893,1.28897,1273
2026-03-27T02:15:00+00:00,1.28897,1.28917,1.28888,1.28888,1097
2026-03-27T02:30:00+00:00,1.28888,1.28896,1.28869,1.28894,794
2026-03-27T02:45:00+00:00,1.28894,1.28894,1.28844,1.28844,558
2026-03-27T03:00:00+00:00,1.28844,1.28898,1.28841,1.28898,1255
2026-03-27T03:15:00+00:00,1.28898,1.28907,1.28891,1.28891,2062
2026-03-27T03:30:00+00:00,1.28891,1.28891,1.28865,1.28883,1322
2026-03-27T03:45:00+00:00,1.28883,1.28907,1.28883,1.28901,1468
2026-03-27T04:00:00+00:00,1.28901,1.28901,1.28888,1.28897,1927
2026-03-27T04:15:00+00:00,1.28897,1.28897,1.28820,1.28820,505
2026-03-27T04:30:00+00:00,1.28820,1.28828,1.28809,1.28809,1984
2026-03-27T04:45:00+00:00,1.28809,1.28811,1.28787,1.28787,983
2026-03-27T05:00:00+00:00,1.28787,1.28811,1.28787,1.28809,1053
2026-03-27T05:15:00+00:00,1.28809,1.28838,1.28800,1.28815,1584
2026-03-27T05:30:00+00:00,1.28815,1.28815,1.28774,1.28774,1251
2026-03-27T05:45:00+00:00,1.28774,1.28774,1.28744,1.28759,913
2026-03-27T06:00:00+00:00,1.28759,1.28767,1.28729,1.28729,1460
2026-03-27T06:15:00+00:00,1.28729,1.28729,1.28612,1.28612,2025
2026-03-27T06:30:00+00:00,1.28612,1.28693,1.28609,1.28671,2043
2026-03-27T06:45:00+00:00,1.28671,1.28703,1.28555,1.28555,1999
2026-03-27T07:00:00+00:00,1.28555,1.28657,1.28555,1.28657,2437
2026-03-27T07:15:00+00:00,1.28657,1.28729,1.28657,1.28729,1961
2026-03-27T07:30:00+00:00,1.28729,1.28729,1.28573,1.28573,2039
2026-03-27T07:45:00+00:00,1.28573,1.28804,1.28573,1.28804,1994
2026-03-27T08:00:00+00:00,1.28804,1.28941,1.28804,1.28941,1591
2026-03-27T08:15:00+00:00,1.28941,1.29004,1.28939,1.28939,1704
2026-03-27T08:30:00+00:00,1.28939,1.28952,1.28897,1.28945,1696
2026-03-27T08:45:00+00:00,1.28945,1.28979,1.28923,1.28923,2160
2026-03-27T09:00:00+00:00,1.28923,1.28923,1.28886,1.28895,1560
2026-03-27T09:15:00+00:00,1.28895,1.28922,1.28875,1.28922,2311
2026-03-27T09:30:00+00:00,1.28922,1.28922,1.28899,1.28903,1869
2026-03-27T09:45:00+00:00,1.28903,1.28903,1.28879,1.28879,1537
2026-03-27T10:00:00+00:00,1.28879,1.28885,1.28875,1.28881,2135
2026-03-27T10:15:00+00:00,1.28881,1.28905,1.28881,1.28884,1359
2026-03-27T10:30:00+00:00,1.28884,1.28917,1.28884,1.28884,1222
2026-03-27T10:45:00+00:00,1.28884,1.28905,1.28884,1.28892,1898
2026-03-27T11:00:00+00:00,1.28892,1.28919,1.28867,1.28919,1945
2026-03-27T11:15:00+00:00,1.28919,1.28935,1.28913,1.28935,842
2026-03-27T11:30:00+00:00,1.28935,1.29003,1.28917,1.29003,1551
2026-03-27T11:45:00+00:00,1.29003,1.29057,1.29003,1.29057,1756
2026-03-27T12:00:00+00:00,1.29057,1.29057,1.28984,1.28984,2170
2026-03-27T12:15:00+00:00,1.28984,1.28984,1.28887,1.28895,1453
2026-03-27T12:30:00+00:00,1.28895,1.28965,1.28895,1.28965,1518
2026-03-27T12:45:00+00:00,1.28965,1.28965,1.28945,1.28945,1893
2026-03-27T13:00:00+00:00,1.28945,1.28945,1.28857,1.28916,2316
2026-03-27T13:15:00+00:00,1.28916,1.28916,1.28743,1.28743,1131
2026-03-27T13:30:00+00:00,1.28743,1.28775,1.28694,1.28705,1951
2026-03-27T13:45:00+00:00,1.28705,1.28734,1.28668,1.28668,2002
2026-03-27T14:00:00+00:00,1.28668,1.28707,1.28647,1.28704,1501
2026-03-27T14:15:00+00:00,1.28704,1.28748,1.28646,1.28646,2017
2026-03-27T14:30:00+00:00,1.28646,1.28667,1.28638,1.28667,821
2026-03-27T14:45:00+00:00,1.28667,1.28797,1.28667,1.28797,2421
2026-03-27T15:00:00+00:00,1.28797,1.28860,1.28797,1.28860,1306
2026-03-27T15:15:00+00:00,1.28860,1.28888,1.28860,1.28888,2449
2026-03-27T15:30:00+00:00,1.28888,1.28925,1.28888,1.28895,2422
2026-03-27T15:45:00+00:00,1.28895,1.28912,1.28895,1.28911,2414
2026-03-27T16:00:00+00:00,1.28911,1.28912,1.28886,1.28886,1432
2026-03-27T16:15:00+00:00,1.28886,1.28911,1.28886,1.28905,2098
2026-03-27T16:30:00+00:00,1.28905,1.28933,1.28905,1.28910,690
2026-03-27T16:45:00+00:00,1.28910,1.28917,1.28903,1.28903,1091
2026-03-27T17:00:00+00:00,1.28903,1.28912,1.28896,1.28896,1504
2026-03-27T17:15:00+00:00,1.28896,1.28896,1.28873,1.28881,1991
2026-03-27T17:30:00+00:00,1.28881,1.28881,1.28853,1.28853,1554
2026-03-27T17:45:00+00:00,1.28853,1.28853,1.28833,1.28833,1762
2026-03-27T18:00:00+00:00,1.28833,1.28835,1.28801,1.28801,1106
2026-03-27T18:15:00+00:00,1.28801,1.28801,1.28793,1.28801,1232
2026-03-27T18:30:00+00:00,1.28801,1.28803,1.28782,1.28782,1695
2026-03-27T18:45:00+00:00,1.28782,1.28783,1.28764,1.28778,1323
2026-03-27T19:00:00+00:00,1.28778,1.28804,1.28778,1.28804,1899
2026-03-27T19:15:00+00:00,1.28804,1.28804,1.28787,1.28800,2916
2026-03-27T19:30:00+00:00,1.28800,1.28827,1.28797,1.28827,2464
2026-03-27T19:45:00+00:00,1.28827,1.28828,1.28805,1.28805,2161
2026-03-27T20:00:00+00:00,1.28805,1.28825,1.28805,1.28811,1207
2026-03-27T20:15:00+00:00,1.28811,1.28816,1.28804,1.28809,2067
2026-03-27T20:30:00+00:00,1.28809,1.28829,1.28809,1.28829,1099
2026-03-27T20:45:00+00:00,1.28829,1.28851,1.28827,1.28843,1366
2026-03-27T21:00:00+00:00,1.28843,1.28856,1.28839,1.28851,1480
2026-03-27T21:15:00+00:00,1.28851,1.28883,1.28851,1.28874,2279
2026-03-27T21:30:00+00:00,1.28874,1.28874,1.28848,1.28848,933
2026-03-27T21:45:00+00:00,1.28848,1.28864,1.28829,1.28829,1449
2026-03-27T22:00:00+00:00,1.28829,1.28857,1.28829,1.28855,2147
2026-03-27T22:15:00+00:00,1.28855,1.28884,1.28855,1.28884,1233
2026-03-27T22:30:00+00:00,1.28884,1.28903,1.28884,1.28896,1129
2026-03-27T22:45:00+00:00,1.28896,1.28897,1.28879,1.28887,1357
2026-03-27T23:00:00+00:00,1.28887,1.28913,1.28887,1.28905,2076
2026-03-27T23:15:00+00:00,1.28905,1.28941,1.28905,1.28938,1486
2026-03-27T23:30:00+00:00,1.28938,1.28956,1.28938,1.28948,1207
2026-03-27T23:45:00+00:00,1.28948,1.28948,1.28936,1.28937,1078
2026-03-30T00:00:00+00:00,1.28937,1.28984,1.28927,1.28984,1514
2026-03-30T00:15:00+00:00,1.28984,1.29045,1.28984,1.29022,1179
2026-03-30T00:30:00+00:00,1.29022,1.29022,1.28973,1.28973,837
2026-03-30T00:45:00+00:00,1.28973,1.28973,1.28935,1.28935,1389
2026-03-30T01:00:00+00:00,1.28935,1.28950,1.28896,1.28906,1388
2026-03-30T01:15:00+00:00,1.28906,1.28906,1.28850,1.28858,1295
2026-03-30T01:30:00+00:00,1.28858,1.28915,1.28858,1.28899,548
2026-03-30T01:45:00+00:00,1.28899,1.28899,1.28864,1.28887,1504
2026-03-30T02:00:00+00:00,1.28887,1.28892,1.28870,1.28870,1594
2026-03-30T02:15:00+00:00,1.28870,1.28886,1.28831,1.28831,2328
2026-03-30T02:30:00+00:00,1.28831,1.28842,1.28779,1.28793,2679
2026-03-30T02:45:00+00:00,1.28793,1.28793,1.28777,1.28781,1478
2026-03-30T03:00:00+00:00,1.28781,1.28781,1.28762,1.28762,1679
2026-03-30T03:15:00+00:00,1.28762,1.28805,1.28760,1.28805,3142
2026-03-30T03:30:00+00:00,1.28805,1.28815,1.28789,1.28789,2069
2026-03-30T03:45:00+00:00,1.28789,1.28791,1.28773,1.28776,1583
2026-03-30T04:00:00+00:00,1.28776,1.28802,1.28776,1.28802,1039
2026-03-30T04:15:00+00:00,1.28802,1.28802,1.28760,1.28768,1990
2026-03-30T04:30:00+00:00,1.28768,1.28771,1.28762,1.28762,1382
2026-03-30T04:45:00+00:00,1.28762,1.28776,1.28754,1.28776,1424
2026-03-30T05:00:00+00:00,1.28776,1.28776,1.28761,1.28774,1724
2026-03-30T05:15:00+00:00,1.28774,1.28805,1.28774,1.28789,1298
2026-03-30T05:30:00+00:00,1.28789,1.28803,1.28774,1.28803,663
2026-03-30T05:45:00+00:00,1.28803,1.28831,1.28789,1.28805,959
2026-03-30T06:00:00+00:00,1.28805,1.28889,1.28805,1.28860,780
2026-03-30T06:15:00+00:00,1.28860,1.28916,1.28860,1.28916,2866
2026-03-30T06:30:00+00:00,1.28916,1.28923,1.28884,1.28923,1731
2026-03-30T06:45:00+00:00,1.28923,1.28923,1.28834,1.28884,1758
2026-03-30T07:00:00+00:00,1.28884,1.29015,1.28884,1.28930,1115
2026-03-30T07:15:00+00:00,1.28930,1.29120,1.28908,1.29120,1273
2026-03-30T07:30:00+00:00,1.29120,1.29210,1.29120,1.29204,1581
2026-03-30T07:45:00+00:00,1.29204,1.29366,1.29204,1.29366,1505
2026-03-30T08:00:00+00:00,1.29366,1.29366,1.29265,1.29265,2391
2026-03-30T08:15:00+00:00,1.29265,1.29281,1.29262,1.29268,2226
2026-03-30T08:30:00+00:00,1.29268,1.29319,1.29254,1.29254,2480
2026-03-30T08:45:00+00:00,1.29254,1.29254,1.29205,1.29213,1213
2026-03-30T09:00:00+00:00,1.29213,1.29228,1.29207,1.29207,2064
2026-03-30T09:15:00+00:00,1.29207,1.29255,1.29207,1.29255,1237
2026-03-30T09:30:00+00:00,1.29255,1.29273,1.29254,1.29263,2197
2026-03-30T09:45:00+00:00,1.29263,1.29292,1.29263,1.29281,1284
2026-03-30T10:00:00+00:00,1.29281,1.29295,1.29276,1.29291,1789
2026-03-30T10:15:00+00:00,1.29291,1.29291,1.29234,1.29241,1019
2026-03-30T10:30:00+00:00,1.29241,1.29252,1.29223,1.29229,1896
2026-03-30T10:45:00+00:00,1.29229,1.29244,1.29225,1.29241,2237
2026-03-30T11:00:00+00:00,1.29241,1.29241,1.29215,1.29215,2537
2026-03-30T11:15:00+00:00,1.29215,1.29321,1.29211,1.29321,1160
2026-03-30T11:30:00+00:00,1.29321,1.29340,1.29299,1.29304,1735
2026-03-30T11:45:00+00:00,1.29304,1.29314,1.29290,1.29314,736
2026-03-30T12:00:00+00:00,1.29314,1.29325,1.29263,1.29263,1674
2026-03-30T12:15:00+00:00,1.29263,1.29277,1.29213,1.29256,1444
2026-03-30T12:30:00+00:00,1.29256,1.29256,1.29195,1.29209,1967
2026-03-30T12:45:00+00:00,1.29209,1.29252,1.29209,1.29247,1874
2026-03-30T13:00:00+00:00,1.29247,1.29310,1.29183,1.29287,1884
2026-03-30T13:15:00+00:00,1.29287,1.29287,1.29136,1.29136,1422
2026-03-30T13:30:00+00:00,1.29136,1.29182,1.29111,1.29182,1887
2026-03-30T13:45:00+00:00,1.29182,1.29182,1.29132,1.29132,1538
2026-03-30T14:00:00+00:00,1.29132,1.29184,1.29132,1.29184,2176
2026-03-30T14:15:00+00:00,1.29184,1.29283,1.29184,1.29283,3285
2026-03-30T14:30:00+00:00,1.29283,1.29330,1.29256,1.29256,797
2026-03-30T14:45:00+00:00,1.29256,1.29269,1.29196,1.29231,2035
2026-03-30T15:00:00+00:00,1.29231,1.29310,1.29231,1.29310,1617
2026-03-30T15:15:00+00:00,1.29310,1.29313,1.29282,1.29298,2404
2026-03-30T15:30:00+00:00,1.29298,1.29309,1.29287,1.29295,849
2026-03-30T15:45:00+00:00,1.29295,1.29295,1.29279,1.29293,1379
2026-03-30T16:00:00+00:00,1.29293,1.29302,1.29261,1.29261,1802
2026-03-30T16:15:00+00:00,1.29261,1.29282,1.29257,1.29282,1420
2026-03-30T16:30:00+00:00,1.29282,1.29306,1.29282,1.29306,1088
2026-03-30T16:45:00+00:00,1.29306,1.29306,1.29275,1.29287,1806
2026-03-30T17:00:00+00:00,1.29287,1.29312,1.29287,1.29312,887
2026-03-30T17:15:00+00:00,1.29312,1.29333,1.29312,1.29333,2031
2026-03-30T17:30:00+00:00,1.29333,1.29353,1.29333,1.29353,1242
2026-03-30T17:45:00+00:00,1.29353,1.29353,1.29327,1.29332,1309
2026-03-30T18:00:00+00:00,1.29332,1.29372,1.29332,1.29372,1284
2026-03-30T18:15:00+00:00,1.29372,1.29372,1.29344,1.29344,1200
2026-03-30T18:30:00+00:00,1.29344,1.29365,1.29344,1.29365,795
2026-03-30T18:45:00+00:00,1.29365,1.29373,1.29330,1.29330,1600
2026-03-30T19:00:00+00:00,1.29330,1.29347,1.29330,1.29347,369
2026-03-30T19:15:00+00:00,1.29347,1.29347,1.29315,1.29315,2428
2026-03-30T19:30:00+00:00,1.29315,1.29341,1.29315,1.29341,1367
2026-03-30T19:45:00+00:00,1.29341,1.29370,1.29341,1.29370,1558
2026-03-30T20:00:00+00:00,1.29370,1.29370,1.29348,1.29348,1576
2026-03-30T20:15:00+00:00,1.29348,1.29356,1.29346,1.29346,1030
2026-03-30T20:30:00+00:00,1.29346,1.29346,1.29307,1.29313,1695
2026-03-30T20:45:00+00:00,1.29313,1.29353,1.29306,1.29353,1826
2026-03-30T21:00:00+00:00,1.29353,1.29362,1.29348,1.29362,763
2026-03-30T21:15:00+00:00,1.29362,1.29362,1.29347,1.29354,1422
2026-03-30T21:30:00+00:00,1.29354,1.29384,1.29354,1.29384,1376
2026-03-30T21:45:00+00:00,1.29384,1.29413,1.29382,1.29410,1629
2026-03-30T22:00:00+00:00,1.29410,1.29413,1.29390,1.29397,2211
2026-03-30T22:15:00+00:00,1.29397,1.29419,1.29384,1.29404,1235
2026-03-30T22:30:00+00:00,1.29404,1.29404,1.29368,1.29368,1777
2026-03-30T22:45:00+00:00,1.29368,1.29375,1.29362,1.29370,581
2026-03-30T23:00:00+00:00,1.29370,1.29370,1.29361,1.29361,1352
2026-03-30T23:15:00+00:00,1.29361,1.29364,1.29350,1.29361,1314
2026-03-30T23:30:00+00:00,1.29361,1.29385,1.29360,1.29384,1703
2026-03-30T23:45:00+00:00,1.29384,1.29402,1.29384,1.29402,1630
2026-03-31T00:00:00+00:00,1.29402,1.29415,1.29399,1.29413,1961
2026-03-31T00:15:00+00:00,1.29413,1.29413,1.29388,1.29393,1488
2026-03-31T00:30:00+00:00,1.29393,1.29429,1.29393,1.29403,2167
2026-03-31T00:45:00+00:00,1.29403,1.29427,1.29398,1.29398,1651
2026-03-31T01:00:00+00:00,1.29398,1.29460,1.29398,1.29452,1268
2026-03-31T01:15:00+00:00,1.29452,1.29484,1.29448,1.29448,1496
2026-03-31T01:30:00+00:00,1.29448,1.29448,1.29408,1.29408,1986
2026-03-31T01:45:00+00:00,1.29408,1.29454,1.29405,1.29454,1616
2026-03-31T02:00:00+00:00,1.29454,1.29472,1.29437,1.29447,2232
2026-03-31T02:15:00+00:00,1.29447,1.29467,1.29442,1.29451,1019
2026-03-31T02:30:00+00:00,1.29451,1.29492,1.29451,1.29482,1379
2026-03-31T02:45:00+00:00,1.29482,1.29502,1.29449,1.29449,2470
2026-03-31T03:00:00+00:00,1.29449,1.29449,1.29421,1.29421,1755
2026-03-31T03:15:00+00:00,1.29421,1.29439,1.29421,1.29432,1042
2026-03-31T03:30:00+00:00,1.29432,1.29440,1.29423,1.29424,895
2026-03-31T03:45:00+00:00,1.29424,1.29446,1.29424,1.29446,2651
2026-03-31T04:00:00+00:00,1.29446,1.29459,1.29441,1.29459,1785
2026-03-31T04:15:00+00:00,1.29459,1.29459,1.29421,1.29421,1922
2026-03-31T04:30:00+00:00,1.29421,1.29430,1.29413,1.29422,1734
2026-03-31T04:45:00+00:00,1.29422,1.29440,1.29417,1.29440,542
2026-03-31T05:00:00+00:00,1.29440,1.29468,1.29440,1.29462,1273
2026-03-31T05:15:00+00:00,1.29462,1.29462,1.29414,1.29414,1568
2026-03-31T05:30:00+00:00,1.29414,1.29415,1.29378,1.29395,2036
2026-03-31T05:45:00+00:00,1.29395,1.29399,1.29381,1.29388,1252
2026-03-31T06:00:00+00:00,1.29388,1.29407,1.29369,1.29398,1905
2026-03-31T06:15:00+00:00,1.29398,1.29441,1.29391,1.29441,1834
2026-03-31T06:30:00+00:00,1.29441,1.29471,1.29441,1.29455,2106
2026-03-31T06:45:00+00:00,1.29455,1.29555,1.29452,1.29545,1977
2026-03-31T07:00:00+00:00,1.29545,1.29657,1.29545,1.29657,1681
2026-03-31T07:15:00+00:00,1.29657,1.29715,1.29585,1.29696,1982
2026-03-31T07:30:00+00:00,1.29696,1.29783,1.29696,1.29783,1878
2026-03-31T07:45:00+00:00,1.29783,1.29831,1.29754,1.29754,2034
2026-03-31T08:00:00+00:00,1.29754,1.29788,1.29685,1.29685,1085
2026-03-31T08:15:00+00:00,1.29685,1.29713,1.29682,1.29705,883
2026-03-31T08:30:00+00:00,1.29705,1.29705,1.29609,1.29628,2036
2026-03-31T08:45:00+00:00,1.29628,1.29683,1.29628,1.29683,911
2026-03-31T09:00:00+00:00,1.29683,1.29710,1.29652,1.29652,1704
2026-03-31T09:15:00+00:00,1.29652,1.29680,1.29652,1.29676,2009
2026-03-31T09:30:00+00:00,1.29676,1.29692,1.29664,1.29692,1688
2026-03-31T09:45:00+00:00,1.29692,1.29699,1.29684,1.29698,1137
2026-03-31T10:00:00+00:00,1.29698,1.29706,1.29678,1.29678,1190
2026-03-31T10:15:00+00:00,1.29678,1.29700,1.29656,1.29700,1352
2026-03-31T10:30:00+00:00,1.29700,1.29715,1.29699,1.29715,1413
2026-03-31T10:45:00+00:00,1.29715,1.29730,1.29707,1.29730,2082
2026-03-31T11:00:00+00:00,1.29730,1.29752,1.29730,1.29752,1707
2026-03-31T11:15:00+00:00,1.29752,1.29769,1.29741,1.29763,883
2026-03-31T11:30:00+00:00,1.29763,1.29804,1.29763,1.29804,1291
2026-03-31T11:45:00+00:00,1.29804,1.29828,1.29737,1.29737,1934
2026-03-31T12:00:00+00:00,1.29737,1.29774,1.29731,1.29774,1499
2026-03-31T12:15:00+00:00,1.29774,1.29784,1.29744,1.29750,2147
2026-03-31T12:30:00+00:00,1.29750,1.29750,1.29620,1.29620,1401
2026-03-31T12:45:00+00:00,1.29620,1.29688,1.29593,1.29645,1304
2026-03-31T13:00:00+00:00,1.29645,1.29645,1.29481,1.29506,1908
2026-03-31T13:15:00+00:00,1.29506,1.29548,1.29460,1.29460,1045
2026-03-31T13:30:00+00:00,1.29460,1.29460,1.29406,1.29431,1711
2026-03-31T13:45:00+00:00,1.29431,1.29431,1.29379,1.29395,1919
2026-03-31T14:00:00+00:00,1.29395,1.29415,1.29297,1.29297,1549
2026-03-31T14:15:00+00:00,1.29297,1.29350,1.29297,1.29318,1527
2026-03-31T14:30:00+00:00,1.29318,1.29353,1.29318,1.29353,1975
2026-03-31T14:45:00+00:00,1.29353,1.29370,1.29313,1.29370,1769
2026-03-31T15:00:00+00:00,1.29370,1.29370,1.29284,1.29284,1557
2026-03-31T15:15:00+00:00,1.29284,1.29330,1.29279,1.29327,1738
2026-03-31T15:30:00+00:00,1.29327,1.29343,1.29316,1.29343,2045
2026-03-31T15:45:00+00:00,1.29343,1.29381,1.29337,1.29378,1619
2026-03-31T16:00:00+00:00,1.29378,1.29383,1.29365,1.29365,1955
2026-03-31T16:15:00+00:00,1.29365,1.29401,1.29358,1.29401,1691
2026-03-31T16:30:00+00:00,1.29401,1.29403,1.29388,1.29403,1779
2026-03-31T16:45:00+00:00,1.29403,1.29414,1.29392,1.29414,1745
2026-03-31T17:00:00+00:00,1.29414,1.29454,1.29414,1.29429,1288
2026-03-31T17:15:00+00:00,1.29429,1.29429,1.29395,1.29400,1586
2026-03-31T17:30:00+00:00,1.29400,1.29407,1.29388,1.29388,1551
2026-03-31T17:45:00+00:00,1.29388,1.29391,1.29375,1.29375,1491
2026-03-31T18:00:00+00:00,1.29375,1.29375,1.29341,1.29350,793
2026-03-31T18:15:00+00:00,1.29350,1.29353,1.29331,1.29331,1884
2026-03-31T18:30:00+00:00,1.29331,1.29354,1.29331,1.29345,1207
2026-03-31T18:45:00+00:00,1.29345,1.29345,1.29315,1.29321,1831
2026-03-31T19:00:00+00:00,1.29321,1.29332,1.29299,1.29299,664
2026-03-31T19:15:00+00:00,1.29299,1.29311,1.29276,1.29311,1935
2026-03-31T19:30:00+00:00,1.29311,1.29344,1.29311,1.29344,1898
2026-03-31T19:45:00+00:00,1.29344,1.29351,1.29333,1.29334,1268
2026-03-31T20:00:00+00:00,1.29334,1.29340,1.29322,1.29332,2378
2026-03-31T20:15:00+00:00,1.29332,1.29332,1.29299,1.29327,934
2026-03-31T20:30:00+00:00,1.29327,1.29327,1.29313,1.29316,1819
2026-03-31T20:45:00+00:00,1.29316,1.29319,1.29305,1.29305,1655
2026-03-31T21:00:00+00:00,1.29305,1.29305,1.29270,1.29270,1174
2026-03-31T21:15:00+00:00,1.29270,1.29270,1.29258,1.29262,1298
2026-03-31T21:30:00+00:00,1.29262,1.29286,1.29255,1.29255,1116
2026-03-31T21:45:00+00:00,1.29255,1.29255,1.29228,1.29228,1499
2026-03-31T22:00:00+00:00,1.29228,1.29257,1.29228,1.29253,1624
2026-03-31T22:15:00+00:00,1.29253,1.29277,1.29253,1.29277,1514
2026-03-31T22:30:00+00:00,1.29277,1.29294,1.29277,1.29294,1922
2026-03-31T22:45:00+00:00,1.29294,1.29308,1.29286,1.29286,1240
2026-03-31T23:00:00+00:00,1.29286,1.29340,1.29286,1.29340,1181
2026-03-31T23:15:00+00:00,1.29340,1.29355,1.29334,1.29334,1667
2026-03-31T23:30:00+00:00,1.29334,1.29352,1.29330,1.29330,1688
2026-03-31T23:45:00+00:00,1.29330,1.29330,1.29293,1.29293,734
2026-04-01T00:00:00+00:00,1.29293,1.29305,1.29251,1.29305,1099
2026-04-01T00:15:00+00:00,1.29305,1.29312,1.29283,1.29309,1786
2026-04-01T00:30:00+00:00,1.29309,1.29326,1.29240,1.29253,1167
2026-04-01T00:45:00+00:00,1.29253,1.29253,1.29206,1.29221,1703
2026-04-01T01:00:00+00:00,1.29221,1.29242,1.29178,1.29242,851
2026-04-01T01:15:00+00:00,1.29242,1.29303,1.29242,1.29303,1331
2026-04-01T01:30:00+00:00,1.29303,1.29303,1.29279,1.29279,1888
2026-04-01T01:45:00+00:00,1.29279,1.29317,1.29257,1.29257,1581
2026-04-01T02:00:00+00:00,1.29257,1.29297,1.29257,1.29285,1604
2026-04-01T02:15:00+00:00,1.29285,1.29307,1.29284,1.29290,520
2026-04-01T02:30:00+00:00,1.29290,1.29290,1.29246,1.29253,2338
2026-04-01T02:45:00+00:00,1.29253,1.29281,1.29253,1.29268,1906
2026-04-01T03:00:00+00:00,1.29268,1.29275,1.29244,1.29268,1773
2026-04-01T03:15:00+00:00,1.29268,1.29292,1.29265,1.29289,3122
2026-04-01T03:30:00+00:00,1.29289,1.29310,1.29285,1.29293,2103
2026-04-01T03:45:00+00:00,1.29293,1.29315,1.29280,1.29280,1483
2026-04-01T04:00:00+00:00,1.29280,1.29280,1.29249,1.29276,1514
2026-04-01T04:15:00+00:00,1.29276,1.29292,1.29276,1.29292,1870
2026-04-01T04:30:00+00:00,1.29292,1.29336,1.29292,1.29319,1914
2026-04-01T04:45:00+00:00,1.29319,1.29319,1.29284,1.29300,1504
2026-04-01T05:00:00+00:00,1.29300,1.29301,1.29258,1.29267,1082
2026-04-01T05:15:00+00:00,1.29267,1.29336,1.29267,1.29336,2024
2026-04-01T05:30:00+00:00,1.29336,1.29336,1.29294,1.29294,1524
2026-04-01T05:45:00+00:00,1.29294,1.29310,1.29281,1.29284,1933
2026-04-01T06:00:00+00:00,1.29284,1.29316,1.29284,1.29316,1080
2026-04-01T06:15:00+00:00,1.29316,1.29349,1.29300,1.29339,1994
2026-04-01T06:30:00+00:00,1.29339,1.29412,1.29339,1.29397,1645
2026-04-01T06:45:00+00:00,1.29397,1.29515,1.29397,1.29494,2515
2026-04-01T07:00:00+00:00,1.29494,1.29617,1.29494,1.29595,2183
2026-04-01T07:15:00+00:00,1.29595,1.29595,1.29494,1.29518,1548
2026-04-01T07:30:00+00:00,1.29518,1.29558,1.29471,1.29471,2086
2026-04-01T07:45:00+00:00,1.29471,1.29602,1.29471,1.29534,1892
2026-04-01T08:00:00+00:00,1.29534,1.29534,1.29461,1.29469,2495
2026-04-01T08:15:00+00:00,1.29469,1.29539,1.29469,1.29537,1014
2026-04-01T08:30:00+00:00,1.29537,1.29542,1.29483,1.29539,1959
2026-04-01T08:45:00+00:00,1.29539,1.29564,1.29539,1.29562,677
2026-04-01T09:00:00+00:00,1.29562,1.29562,1.29537,1.29560,1170
2026-04-01T09:15:00+00:00,1.29560,1.29560,1.29538,1.29543,1479
2026-04-01T09:30:00+00:00,1.29543,1.29543,1.29505,1.29508,1538
2026-04-01T09:45:00+00:00,1.29508,1.29522,1.29508,1.29517,1546
2026-04-01T10:00:00+00:00,1.29517,1.29535,1.29499,1.29516,904
2026-04-01T10:15:00+00:00,1.29516,1.29516,1.29492,1.29492,2147
2026-04-01T10:30:00+00:00,1.29492,1.29502,1.29466,1.29466,875
2026-04-01T10:45:00+00:00,1.29466,1.29477,1.29450,1.29468,1391
2026-04-01T11:00:00+00:00,1.29468,1.29474,1.29426,1.29431,1969
2026-04-01T11:15:00+00:00,1.29431,1.29431,1.29375,1.29375,819
2026-04-01T11:30:00+00:00,1.29375,1.29396,1.29369,1.29396,1872
2026-04-01T11:45:00+00:00,1.29396,1.29424,1.29357,1.29357,1664
2026-04-01T12:00:00+00:00,1.29357,1.29382,1.29355,1.29378,1941
2026-04-01T12:15:00+00:00,1.29378,1.29378,1.29331,1.29331,2316
2026-04-01T12:30:00+00:00,1.29331,1.29346,1.29316,1.29328,2046
2026-04-01T12:45:00+00:00,1.29328,1.29365,1.29292,1.29328,2017
2026-04-01T13:00:00+00:00,1.29328,1.29329,1.29249,1.29249,1651
2026-04-01T13:15:00+00:00,1.29249,1.29249,1.29152,1.29165,1287
2026-04-01T13:30:00+00:00,1.29165,1.29221,1.29159,1.29203,1728
2026-04-01T13:45:00+00:00,1.29203,1.29203,1.29064,1.29094,2494
2026-04-01T14:00:00+00:00,1.29094,1.29236,1.29094,1.29194,2096
2026-04-01T14:15:00+00:00,1.29194,1.29194,1.29106,1.29113,1213
2026-04-01T14:30:00+00:00,1.29113,1.29162,1.29113,1.29128,1010
2026-04-01T14:45:00+00:00,1.29128,1.29128,1.29092,1.29092,1297
2026-04-01T15:00:00+00:00,1.29092,1.29182,1.29092,1.29149,1468
2026-04-01T15:15:00+00:00,1.29149,1.29179,1.29131,1.29164,2215
2026-04-01T15:30:00+00:00,1.29164,1.29216,1.29164,1.29206,1791
2026-04-01T15:45:00+00:00,1.29206,1.29231,1.29206,1.29214,916
2026-04-01T16:00:00+00:00,1.29214,1.29220,1.29185,1.29194,1306
2026-04-01T16:15:00+00:00,1.29194,1.29211,1.29194,1.29195,1638
2026-04-01T16:30:00+00:00,1.29195,1.29200,1.29187,1.29187,2293
2026-04-01T16:45:00+00:00,1.29187,1.29198,1.29182,1.29196,1471
2026-04-01T17:00:00+00:00,1.29196,1.29199,1.29189,1.29190,869
2026-04-01T17:15:00+00:00,1.29190,1.29219,1.29190,1.29219,826
2026-04-01T17:30:00+00:00,1.29219,1.29219,1.29188,1.29188,2148
2026-04-01T17:45:00+00:00,1.29188,1.29191,1.29177,1.29191,1521
2026-04-01T18:00:00+00:00,1.29191,1.29202,1.29185,1.29185,1555
2026-04-01T18:15:00+00:00,1.29185,1.29214,1.29180,1.29214,648
2026-04-01T18:30:00+00:00,1.29214,1.29239,1.29214,1.29233,1996
2026-04-01T18:45:00+00:00,1.29233,1.29254,1.29230,1.29230,482
2026-04-01T19:00:00+00:00,1.29230,1.29237,1.29230,1.29237,2674
2026-04-01T19:15:00+00:00,1.29237,1.29242,1.29232,1.29239,1688
2026-04-01T19:30:00+00:00,1.29239,1.29264,1.29239,1.29264,2738
2026-04-01T19:45:00+00:00,1.29264,1.29286,1.29264,1.29278,3542
2026-04-01T20:00:00+00:00,1.29278,1.29290,1.29267,1.29277,2005
2026-04-01T20:15:00+00:00,1.29277,1.29352,1.29277,1.29352,1566
2026-04-01T20:30:00+00:00,1.29352,1.29352,1.29331,1.29335,652
2026-04-01T20:45:00+00:00,1.29335,1.29339,1.29321,1.29333,1472
2026-04-01T21:00:00+00:00,1.29333,1.29351,1.29333,1.29351,1436
2026-04-01T21:15:00+00:00,1.29351,1.29351,1.29307,1.29307,1402
2026-04-01T21:30:00+00:00,1.29307,1.29307,1.29291,1.29299,1722
2026-04-01T21:45:00+00:00,1.29299,1.29300,1.29281,1.29300,961
2026-04-01T22:00:00+00:00,1.29300,1.29300,1.29277,1.29291,505
2026-04-01T22:15:00+00:00,1.29291,1.29291,1.29276,1.29283,1457
2026-04-01T22:30:00+00:00,1.29283,1.29291,1.29279,1.29288,1956
2026-04-01T22:45:00+00:00,1.29288,1.29299,1.29288,1.29290,1636
2026-04-01T23:00:00+00:00,1.29290,1.29298,1.29283,1.29283,782
2026-04-01T23:15:00+00:00,1.29283,1.29319,1.29282,1.29305,810
2026-04-01T23:30:00+00:00,1.29305,1.29305,1.29275,1.29279,1794
2026-04-01T23:45:00+00:00,1.29279,1.29286,1.29256,1.29256,1216
2026-04-02T00:00:00+00:00,1.29256,1.29310,1.29249,1.29310,2218
2026-04-02T00:15:00+00:00,1.29310,1.29336,1.29278,1.29278,991
2026-04-02T00:30:00+00:00,1.29278,1.29278,1.29177,1.29177,1719
2026-04-02T00:45:00+00:00,1.29177,1.29202,1.29177,1.29185,1831
2026-04-02T01:00:00+00:00,1.29185,1.29211,1.29177,1.29211,1817
2026-04-02T01:15:00+00:00,1.29211,1.29211,1.29187,1.29210,1038
2026-04-02T01:30:00+00:00,1.29210,1.29228,1.29196,1.29198,1417
2026-04-02T01:45:00+00:00,1.29198,1.29198,1.29177,1.29186,1573
2026-04-02T02:00:00+00:00,1.29186,1.29233,1.29186,1.29233,982
2026-04-02T02:15:00+00:00,1.29233,1.29286,1.29233,1.29286,2468
2026-04-02T02:30:00+00:00,1.29286,1.29286,1.29229,1.29229,1130
2026-04-02T02:45:00+00:00,1.29229,1.29229,1.29177,1.29177,832
2026-04-02T03:00:00+00:00,1.29177,1.29177,1.29125,1.29125,1062
2026-04-02T03:15:00+00:00,1.29125,1.29136,1.29110,1.29110,2357
2026-04-02T03:30:00+00:00,1.29110,1.29159,1.29110,1.29152,648
2026-04-02T03:45:00+00:00,1.29152,1.29152,1.29130,1.29145,1928
2026-04-02T04:00:00+00:00,1.29145,1.29145,1.29121,1.29121,1664
2026-04-02T04:15:00+00:00,1.29121,1.29146,1.29119,1.29142,1687
2026-04-02T04:30:00+00:00,1.29142,1.29142,1.29125,1.29138,1926
2026-04-02T04:45:00+00:00,1.29138,1.29174,1.29138,1.29170,2164
2026-04-02T05:00:00+00:00,1.29170,1.29192,1.29163,1.29183,1882
2026-04-02T05:15:00+00:00,1.29183,1.29186,1.29141,1.29141,1945
2026-04-02T05:30:00+00:00,1.29141,1.29174,1.29134,1.29167,1116
2026-04-02T05:45:00+00:00,1.29167,1.29167,1.29150,1.29157,1045
2026-04-02T06:00:00+00:00,1.29157,1.29195,1.29157,1.29182,2733
2026-04-02T06:15:00+00:00,1.29182,1.29182,1.29131,1.29176,2235
2026-04-02T06:30:00+00:00,1.29176,1.29186,1.29080,1.29080,1929
2026-04-02T06:45:00+00:00,1.29080,1.29123,1.29012,1.29012,543
2026-04-02T07:00:00+00:00,1.29012,1.29023,1.28904,1.28935,1036
2026-04-02T07:15:00+00:00,1.28935,1.28935,1.28881,1.28904,1327
2026-04-02T07:30:00+00:00,1.28904,1.29051,1.28904,1.28995,1597
2026-04-02T07:45:00+00:00,1.28995,1.28995,1.28955,1.28981,1660
2026-04-02T08:00:00+00:00,1.28981,1.29085,1.28965,1.29085,2341
2026-04-02T08:15:00+00:00,1.29085,1.29085,1.29006,1.29054,1571
2026-04-02T08:30:00+00:00,1.29054,1.29069,1.29034,1.29068,2240
2026-04-02T08:45:00+00:00,1.29068,1.29089,1.29046,1.29081,1017
2026-04-02T09:00:00+00:00,1.29081,1.29081,1.29038,1.29054,1412
2026-04-02T09:15:00+00:00,1.29054,1.29071,1.29052,1.29052,2188
2026-04-02T09:30:00+00:00,1.29052,1.29054,1.29042,1.29042,2524
2026-04-02T09:45:00+00:00,1.29042,1.29055,1.29042,1.29055,1232
2026-04-02T10:00:00+00:00,1.29055,1.29055,1.29036,1.29037,599
2026-04-02T10:15:00+00:00,1.29037,1.29057,1.29033,1.29047,1529
2026-04-02T10:30:00+00:00,1.29047,1.29077,1.29047,1.29075,1041
2026-04-02T10:45:00+00:00,1.29075,1.29083,1.29067,1.29072,992
2026-04-02T11:00:00+00:00,1.29072,1.29084,1.29072,1.29074,1798
2026-04-02T11:15:00+00:00,1.29074,1.29111,1.29074,1.29094,635
2026-04-02T11:30:00+00:00,1.29094,1.29131,1.29094,1.29129,1943
2026-04-02T11:45:00+00:00,1.29129,1.29137,1.29076,1.29081,2067
2026-04-02T12:00:00+00:00,1.29081,1.29089,1.29046,1.29060,1009
2026-04-02T12:15:00+00:00,1.29060,1.29060,1.29031,1.29034,1264
2026-04-02T12:30:00+00:00,1.29034,1.29036,1.28971,1.28971,1257
2026-04-02T12:45:00+00:00,1.28971,1.29010,1.28940,1.28940,1551
2026-04-02T13:00:00+00:00,1.28940,1.28967,1.28828,1.28828,2266
2026-04-02T13:15:00+00:00,1.28828,1.28922,1.28828,1.28896,1584
2026-04-02T13:30:00+00:00,1.28896,1.28896,1.28823,1.28823,2512
2026-04-02T13:45:00+00:00,1.28823,1.28823,1.28681,1.28705,1647
2026-04-02T14:00:00+00:00,1.28705,1.28735,1.28641,1.28651,1598
2026-04-02T14:15:00+00:00,1.28651,1.28694,1.28620,1.28620,1245
2026-04-02T14:30:00+00:00,1.28620,1.28698,1.28608,1.28698,1319
2026-04-02T14:45:00+00:00,1.28698,1.28722,1.28697,1.28722,1105
2026-04-02T15:00:00+00:00,1.28722,1.28788,1.28722,1.28777,1902
2026-04-02T15:15:00+00:00,1.28777,1.28791,1.28746,1.28746,1720
2026-04-02T15:30:00+00:00,1.28746,1.28819,1.28746,1.28819,1620
2026-04-02T15:45:00+00:00,1.28819,1.28819,1.28795,1.28801,1680
2026-04-02T16:00:00+00:00,1.28801,1.28833,1.28800,1.28823,856
2026-04-02T16:15:00+00:00,1.28823,1.28823,1.28802,1.28804,1629
2026-04-02T16:30:00+00:00,1.28804,1.28836,1.28804,1.28811,2049
2026-04-02T16:45:00+00:00,1.28811,1.28821,1.28810,1.28818,1739
2026-04-02T17:00:00+00:00,1.28818,1.28837,1.28818,1.28821,1921
2026-04-02T17:15:00+00:00,1.28821,1.28844,1.28797,1.28797,1243
2026-04-02T17:30:00+00:00,1.28797,1.28797,1.28769,1.28769,811
2026-04-02T17:45:00+00:00,1.28769,1.28784,1.28766,1.28784,1383
2026-04-02T18:00:00+00:00,1.28784,1.28794,1.28777,1.28777,1869
2026-04-02T18:15:00+00:00,1.28777,1.28780,1.28752,1.28752,1557
2026-04-02T18:30:00+00:00,1.28752,1.28776,1.28742,1.28742,729
2026-04-02T18:45:00+00:00,1.28742,1.28749,1.28738,1.28745,1282
2026-04-02T19:00:00+00:00,1.28745,1.28745,1.28722,1.28722,1263
2026-04-02T19:15:00+00:00,1.28722,1.28748,1.28722,1.28728,1727
2026-04-02T19:30:00+00:00,1.28728,1.28746,1.28725,1.28741,792
2026-04-02T19:45:00+00:00,1.28741,1.28794,1.28741,1.28777,1723
2026-04-02T20:00:00+00:00,1.28777,1.28802,1.28777,1.28802,1137
2026-04-02T20:15:00+00:00,1.28802,1.28802,1.28787,1.28801,2179
2026-04-02T20:30:00+00:00,1.28801,1.28801,1.28748,1.28748,2345
2026-04-02T20:45:00+00:00,1.28748,1.28748,1.28720,1.28720,1808
2026-04-02T21:00:00+00:00,1.28720,1.28730,1.28711,1.28730,1762
2026-04-02T21:15:00+00:00,1.28730,1.28730,1.28715,1.28726,1342
2026-04-02T21:30:00+00:00,1.28726,1.28727,1.28708,1.28717,2100
2026-04-02T21:45:00+00:00,1.28717,1.28717,1.28675,1.28676,846
2026-04-02T22:00:00+00:00,1.28676,1.28697,1.28676,1.28693,1708
2026-04-02T22:15:00+00:00,1.28693,1.28697,1.28671,1.28697,1239
2026-04-02T22:30:00+00:00,1.28697,1.28697,1.28658,1.28680,1983
2026-04-02T22:45:00+00:00,1.28680,1.28704,1.28680,1.28704,2244
2026-04-02T23:00:00+00:00,1.28704,1.28704,1.28688,1.28700,1856
2026-04-02T23:15:00+00:00,1.28700,1.28700,1.28677,1.28677,1603
2026-04-02T23:30:00+00:00,1.28677,1.28677,1.28642,1.28663,1582
2026-04-02T23:45:00+00:00,1.28663,1.28670,1.28660,1.28666,2245
2026-04-03T00:00:00+00:00,1.28666,1.28674,1.28626,1.28626,987
2026-04-03T00:15:00+00:00,1.28626,1.28652,1.28588,1.28588,1343
2026-04-03T00:30:00+00:00,1.28588,1.28618,1.28588,1.28618,1602
2026-04-03T00:45:00+00:00,1.28618,1.28618,1.28572,1.28579,862
2026-04-03T01:00:00+00:00,1.28579,1.28579,1.28514,1.28514,1319
2026-04-03T01:15:00+00:00,1.28514,1.28586,1.28514,1.28584,1106
2026-04-03T01:30:00+00:00,1.28584,1.28593,1.28567,1.28584,2624
2026-04-03T01:45:00+00:00,1.28584,1.28584,1.28539,1.28580,1591
2026-04-03T02:00:00+00:00,1.28580,1.28632,1.28580,1.28632,1766
2026-04-03T02:15:00+00:00,1.28632,1.28644,1.28612,1.28632,1259
2026-04-03T02:30:00+00:00,1.28632,1.28632,1.28595,1.28595,2494
2026-04-03T02:45:00+00:00,1.28595,1.28597,1.28570,1.28574,2012
2026-04-03T03:00:00+00:00,1.28574,1.28574,1.28541,1.28550,1206
2026-04-03T03:15:00+00:00,1.28550,1.28550,1.28535,1.28539,1840
2026-04-03T03:30:00+00:00,1.28539,1.28610,1.28539,1.28610,1343
2026-04-03T03:45:00+00:00,1.28610,1.28612,1.28603,1.28604,991
2026-04-03T04:00:00+00:00,1.28604,1.28641,1.28604,1.28628,1472
2026-04-03T04:15:00+00:00,1.28628,1.28636,1.28613,1.28613,816
2026-04-03T04:30:00+00:00,1.28613,1.28648,1.28613,1.28644,913
2026-04-03T04:45:00+00:00,1.28644,1.28644,1.28635,1.28637,809
2026-04-03T05:00:00+00:00,1.28637,1.28657,1.28635,1.28647,1913
2026-04-03T05:15:00+00:00,1.28647,1.28695,1.28647,1.28684,1755
2026-04-03T05:30:00+00:00,1.28684,1.28689,1.28667,1.28686,1655
2026-04-03T05:45:00+00:00,1.28686,1.28686,1.28636,1.28636,2212
2026-04-03T06:00:00+00:00,1.28636,1.28636,1.28536,1.28536,2190
2026-04-03T06:15:00+00:00,1.28536,1.28536,1.28435,1.28435,2857
2026-04-03T06:30:00+00:00,1.28435,1.28524,1.28435,1.28476,1334
2026-04-03T06:45:00+00:00,1.28476,1.28572,1.28476,1.28572,2816
2026-04-03T07:00:00+00:00,1.28572,1.28614,1.28537,1.28587,2262
2026-04-03T07:15:00+00:00,1.28587,1.28654,1.28551,1.28551,1761
2026-04-03T07:30:00+00:00,1.28551,1.28716,1.28491,1.28663,1239
2026-04-03T07:45:00+00:00,1.28663,1.28704,1.28610,1.28704,2185
2026-04-03T08:00:00+00:00,1.28704,1.28778,1.28679,1.28778,2000
2026-04-03T08:15:00+00:00,1.28778,1.28823,1.28758,1.28758,1617
2026-04-03T08:30:00+00:00,1.28758,1.28758,1.28695,1.28695,1518
2026-04-03T08:45:00+00:00,1.28695,1.28728,1.28690,1.28714,1717
2026-04-03T09:00:00+00:00,1.28714,1.28714,1.28686,1.28686,925
2026-04-03T09:15:00+00:00,1.28686,1.28693,1.28671,1.28686,1115
2026-04-03T09:30:00+00:00,1.28686,1.28736,1.28686,1.28732,1902
2026-04-03T09:45:00+00:00,1.28732,1.28750,1.28727,1.28750,983
2026-04-03T10:00:00+00:00,1.28750,1.28753,1.28739,1.28739,1197
2026-04-03T10:15:00+00:00,1.28739,1.28739,1.28725,1.28737,1769
2026-04-03T10:30:00+00:00,1.28737,1.28741,1.28730,1.28730,483
2026-04-03T10:45:00+00:00,1.28730,1.28730,1.28693,1.28693,2043
2026-04-03T11:00:00+00:00,1.28693,1.28746,1.28693,1.28744,1100
2026-04-03T11:15:00+00:00,1.28744,1.28800,1.28744,1.28800,1432
2026-04-03T11:30:00+00:00,1.28800,1.28809,1.28782,1.28809,916
2026-04-03T11:45:00+00:00,1.28809,1.28831,1.28797,1.28797,1095
2026-04-03T12:00:00+00:00,1.28797,1.28810,1.28783,1.28783,1578
2026-04-03T12:15:00+00:00,1.28783,1.28784,1.28724,1.28724,1641
2026-04-03T12:30:00+00:00,1.28724,1.28735,1.28717,1.28718,2040
2026-04-03T12:45:00+00:00,1.28718,1.28718,1.28667,1.28667,1603
2026-04-03T13:00:00+00:00,1.28667,1.28667,1.28591,1.28592,1653
2026-04-03T13:15:00+00:00,1.28592,1.28596,1.28558,1.28558,2446
2026-04-03T13:30:00+00:00,1.28558,1.28563,1.28441,1.28549,1861
2026-04-03T13:45:00+00:00,1.28549,1.28581,1.28468,1.28581,2061
2026-04-03T14:00:00+00:00,1.28581,1.28581,1.28496,1.28505,1592
2026-04-03T14:15:00+00:00,1.28505,1.28531,1.28500,1.28525,2599
2026-04-03T14:30:00+00:00,1.28525,1.28552,1.28499,1.28550,1268
2026-04-03T14:45:00+00:00,1.28550,1.28650,1.28550,1.28614,1279
2026-04-03T15:00:00+00:00,1.28614,1.28675,1.28614,1.28675,913
2026-04-03T15:15:00+00:00,1.28675,1.28675,1.28623,1.28654,855
2026-04-03T15:30:00+00:00,1.28654,1.28662,1.28643,1.28647,1534
2026-04-03T15:45:00+00:00,1.28647,1.28677,1.28647,1.28677,1907
2026-04-03T16:00:00+00:00,1.28677,1.28683,1.28653,1.28653,1797
2026-04-03T16:15:00+00:00,1.28653,1.28684,1.28653,1.28684,2607
2026-04-03T16:30:00+00:00,1.28684,1.28713,1.28684,1.28709,1168
2026-04-03T16:45:00+00:00,1.28709,1.28719,1.28700,1.28706,1735
2026-04-03T17:00:00+00:00,1.28706,1.28709,1.28675,1.28675,1044
2026-04-03T17:15:00+00:00,1.28675,1.28675,1.28633,1.28633,2074
2026-04-03T17:30:00+00:00,1.28633,1.28662,1.28632,1.28662,664
2026-04-03T17:45:00+00:00,1.28662,1.28662,1.28622,1.28622,1188
2026-04-03T18:00:00+00:00,1.28622,1.28622,1.28596,1.28596,1079
2026-04-03T18:15:00+00:00,1.28596,1.28617,1.28588,1.28617,1201
2026-04-03T18:30:00+00:00,1.28617,1.28643,1.28617,1.28637,1333
2026-04-03T18:45:00+00:00,1.28637,1.28645,1.28627,1.28636,1833
2026-04-03T19:00:00+00:00,1.28636,1.28668,1.28634,1.28659,740
2026-04-03T19:15:00+00:00,1.28659,1.28659,1.28638,1.28643,1573
2026-04-03T19:30:00+00:00,1.28643,1.28655,1.28643,1.28644,1498
2026-04-03T19:45:00+00:00,1.28644,1.28679,1.28644,1.28679,1548
2026-04-03T20:00:00+00:00,1.28679,1.28697,1.28669,1.28684,2530
2026-04-03T20:15:00+00:00,1.28684,1.28703,1.28684,1.28703,1774
2026-04-03T20:30:00+00:00,1.28703,1.28764,1.28703,1.28760,2317
2026-04-03T20:45:00+00:00,1.28760,1.28774,1.28748,1.28774,1386
2026-04-03T21:00:00+00:00,1.28774,1.28774,1.28759,1.28759,1115
2026-04-03T21:15:00+00:00,1.28759,1.28785,1.28759,1.28785,1959
2026-04-03T21:30:00+00:00,1.28785,1.28785,1.28748,1.28749,499
2026-04-03T21:45:00+00:00,1.28749,1.28749,1.28730,1.28747,2244
2026-04-03T22:00:00+00:00,1.28747,1.28772,1.28747,1.28769,1083
2026-04-03T22:15:00+00:00,1.28769,1.28775,1.28761,1.28761,1239
2026-04-03T22:30:00+00:00,1.28761,1.28786,1.28755,1.28786,1494
2026-04-03T22:45:00+00:00,1.28786,1.28796,1.28779,1.28796,1068
2026-04-03T23:00:00+00:00,1.28796,1.28810,1.28796,1.28808,717
2026-04-03T23:15:00+00:00,1.28808,1.28818,1.28793,1.28794,1536
2026-04-03T23:30:00+00:00,1.28794,1.28795,1.28778,1.28789,1763
2026-04-03T23:45:00+00:00,1.28789,1.28789,1.28771,1.28772,771
2026-04-06T00:00:00+00:00,1.28772,1.28772,1.28754,1.28766,2005
2026-04-06T00:15:00+00:00,1.28766,1.28773,1.28748,1.28748,1790
2026-04-06T00:30:00+00:00,1.28748,1.28798,1.28748,1.28798,1731
2026-04-06T00:45:00+00:00,1.28798,1.28821,1.28762,1.28762,1591
2026-04-06T01:00:00+00:00,1.28762,1.28819,1.28762,1.28814,1889
2026-04-06T01:15:00+00:00,1.28814,1.28833,1.28805,1.28805,1664
2026-04-06T01:30:00+00:00,1.28805,1.28833,1.28795,1.28795,3006
2026-04-06T01:45:00+00:00,1.28795,1.28862,1.28795,1.28862,2355
2026-04-06T02:00:00+00:00,1.28862,1.28862,1.28829,1.28842,2373
2026-04-06T02:15:00+00:00,1.28842,1.28895,1.28834,1.28895,1800
2026-04-06T02:30:00+00:00,1.28895,1.28895,1.28873,1.28884,1989
2026-04-06T02:45:00+00:00,1.28884,1.28892,1.28861,1.28892,1662
2026-04-06T03:00:00+00:00,1.28892,1.28897,1.28886,1.28897,1144
2026-04-06T03:15:00+00:00,1.28897,1.28897,1.28858,1.28880,1258
2026-04-06T03:30:00+00:00,1.28880,1.28898,1.28857,1.28895,1391
2026-04-06T03:45:00+00:00,1.28895,1.28936,1.28895,1.28931,1888
2026-04-06T04:00:00+00:00,1.28931,1.28938,1.28921,1.28938,1978
2026-04-06T04:15:00+00:00,1.28938,1.28950,1.28928,1.28945,1660
2026-04-06T04:30:00+00:00,1.28945,1.28964,1.28936,1.28953,1849
2026-04-06T04:45:00+00:00,1.28953,1.29010,1.28952,1.29010,1526
2026-04-06T05:00:00+00:00,1.29010,1.29029,1.29010,1.29029,2226
2026-04-06T05:15:00+00:00,1.29029,1.29029,1.29006,1.29017,1409
2026-04-06T05:30:00+00:00,1.29017,1.29029,1.28991,1.29029,1117
2026-04-06T05:45:00+00:00,1.29029,1.29035,1.29012,1.29031,1485
2026-04-06T06:00:00+00:00,1.29031,1.29112,1.29031,1.29107,1600
2026-04-06T06:15:00+00:00,1.29107,1.29188,1.29107,1.29141,1920
2026-04-06T06:30:00+00:00,1.29141,1.29202,1.29141,1.29181,2632
2026-04-06T06:45:00+00:00,1.29181,1.29323,1.29178,1.29323,1940
2026-04-06T07:00:00+00:00,1.29323,1.29422,1.29323,1.29389,2377
2026-04-06T07:15:00+00:00,1.29389,1.29409,1.29275,1.29392,2388
2026-04-06T07:30:00+00:00,1.29392,1.29452,1.29392,1.29441,3128
2026-04-06T07:45:00+00:00,1.29441,1.29510,1.29441,1.29479,1824
2026-04-06T08:00:00+00:00,1.29479,1.29494,1.29442,1.29455,2127
2026-04-06T08:15:00+00:00,1.29455,1.29455,1.29375,1.29375,1913
2026-04-06T08:30:00+00:00,1.29375,1.29403,1.29368,1.29401,1981
2026-04-06T08:45:00+00:00,1.29401,1.29466,1.29373,1.29441,1532
2026-04-06T09:00:00+00:00,1.29441,1.29470,1.29438,1.29438,1252
2026-04-06T09:15:00+00:00,1.29438,1.29441,1.29417,1.29441,1508
2026-04-06T09:30:00+00:00,1.29441,1.29441,1.29413,1.29430,1597
2026-04-06T09:45:00+00:00,1.29430,1.29487,1.29428,1.29487,939
2026-04-06T10:00:00+00:00,1.29487,1.29531,1.29485,1.29531,2168
2026-04-06T10:15:00+00:00,1.29531,1.29539,1.29519,1.29519,1458
2026-04-06T10:30:00+00:00,1.29519,1.29536,1.29517,1.29536,2046
2026-04-06T10:45:00+00:00,1.29536,1.29536,1.29502,1.29505,1534
2026-04-06T11:00:00+00:00,1.29505,1.29505,1.29459,1.29459,2086
2026-04-06T11:15:00+00:00,1.29459,1.29530,1.29459,1.29530,807
2026-04-06T11:30:00+00:00,1.29530,1.29541,1.29519,1.29541,1026
2026-04-06T11:45:00+00:00,1.29541,1.29541,1.29504,1.29514,909
2026-04-06T12:00:00+00:00,1.29514,1.29527,1.29407,1.29407,840
2026-04-06T12:15:00+00:00,1.29407,1.29442,1.29396,1.29423,1560
2026-04-06T12:30:00+00:00,1.29423,1.29432,1.29392,1.29432,2710
2026-04-06T12:45:00+00:00,1.29432,1.29432,1.29329,1.29329,2403
2026-04-06T13:00:00+00:00,1.29329,1.29329,1.29306,1.29308,1303
2026-04-06T13:15:00+00:00,1.29308,1.29308,1.29234,1.29234,2726
2026-04-06T13:30:00+00:00,1.29234,1.29263,1.29185,1.29263,1488
2026-04-06T13:45:00+00:00,1.29263,1.29299,1.29216,1.29232,1033
2026-04-06T14:00:00+00:00,1.29232,1.29339,1.29232,1.29339,2141
2026-04-06T14:15:00+00:00,1.29339,1.29512,1.29339,1.29512,2257
2026-04-06T14:30:00+00:00,1.29512,1.29512,1.29470,1.29471,2316
2026-04-06T14:45:00+00:00,1.29471,1.29471,1.29426,1.29455,2237
2026-04-06T15:00:00+00:00,1.29455,1.29462,1.29440,1.29457,1550
2026-04-06T15:15:00+00:00,1.29457,1.29480,1.29457,1.29466,1466
2026-04-06T15:30:00+00:00,1.29466,1.29488,1.29466,1.29485,1663
2026-04-06T15:45:00+00:00,1.29485,1.29503,1.29463,1.29484,1869
2026-04-06T16:00:00+00:00,1.29484,1.29484,1.29455,1.29455,1745
2026-04-06T16:15:00+00:00,1.29455,1.29468,1.29453,1.29461,903
2026-04-06T16:30:00+00:00,1.29461,1.29488,1.29461,1.29488,1698
2026-04-06T16:45:00+00:00,1.29488,1.29491,1.29479,1.29484,1912
2026-04-06T17:00:00+00:00,1.29484,1.29513,1.29477,1.29513,1263
2026-04-06T17:15:00+00:00,1.29513,1.29513,1.29488,1.29490,962
2026-04-06T17:30:00+00:00,1.29490,1.29509,1.29489,1.29509,285
2026-04-06T17:45:00+00:00,1.29509,1.29511,1.29493,1.29493,1603
2026-04-06T18:00:00+00:00,1.29493,1.29499,1.29481,1.29481,2662
2026-04-06T18:15:00+00:00,1.29481,1.29504,1.29481,1.29492,1181
2026-04-06T18:30:00+00:00,1.29492,1.29492,1.29465,1.29465,1476
2026-04-06T18:45:00+00:00,1.29465,1.29465,1.29445,1.29452,1050
2026-04-06T19:00:00+00:00,1.29452,1.29477,1.29444,1.29444,1840
2026-04-06T19:15:00+00:00,1.29444,1.29448,1.29434,1.29434,1837
2026-04-06T19:30:00+00:00,1.29434,1.29443,1.29430,1.29435,2038
2026-04-06T19:45:00+00:00,1.29435,1.29462,1.29435,1.29462,1959
2026-04-06T20:00:00+00:00,1.29462,1.29466,1.29434,1.29466,1208
2026-04-06T20:15:00+00:00,1.29466,1.29466,1.29451,1.29451,1421
2026-04-06T20:30:00+00:00,1.29451,1.29462,1.29445,1.29462,1113
2026-04-06T20:45:00+00:00,1.29462,1.29474,1.29462,1.29469,1244
2026-04-06T21:00:00+00:00,1.29469,1.29473,1.29455,1.29461,1238
2026-04-06T21:15:00+00:00,1.29461,1.29476,1.29461,1.29476,1833
2026-04-06T21:30:00+00:00,1.29476,1.29476,1.29465,1.29473,1372
2026-04-06T21:45:00+00:00,1.29473,1.29481,1.29451,1.29451,1225
2026-04-06T22:00:00+00:00,1.29451,1.29456,1.29437,1.29456,1012
2026-04-06T22:15:00+00:00,1.29456,1.29456,1.29416,1.29421,2159
2026-04-06T22:30:00+00:00,1.29421,1.29436,1.29418,1.29430,368
2026-04-06T22:45:00+00:00,1.29430,1.29452,1.29430,1.29445,1248
2026-04-06T23:00:00+00:00,1.29445,1.29474,1.29443,1.29474,1848
2026-04-06T23:15:00+00:00,1.29474,1.29502,1.29474,1.29489,1387
2026-04-06T23:30:00+00:00,1.29489,1.29519,1.29480,1.29519,1101
2026-04-06T23:45:00+00:00,1.29519,1.29534,1.29519,1.29525,705
2026-04-07T00:00:00+00:00,1.29525,1.29558,1.29525,1.29558,1478
2026-04-07T00:15:00+00:00,1.29558,1.29558,1.29508,1.29508,910
2026-04-07T00:30:00+00:00,1.29508,1.29508,1.29442,1.29442,2156
2026-04-07T00:45:00+00:00,1.29442,1.29507,1.29442,1.29497,1035
2026-04-07T01:00:00+00:00,1.29497,1.29521,1.29438,1.29438,2227
2026-04-07T01:15:00+00:00,1.29438,1.29472,1.29438,1.29455,2480
2026-04-07T01:30:00+00:00,1.29455,1.29475,1.29413,1.29413,946
2026-04-07T01:45:00+00:00,1.29413,1.29435,1.29366,1.29425,885
2026-04-07T02:00:00+00:00,1.29425,1.29459,1.29404,1.29459,1822
2026-04-07T02:15:00+00:00,1.29459,1.29459,1.29413,1.29413,1607
2026-04-07T02:30:00+00:00,1.29413,1.29436,1.29393,1.29436,2781
2026-04-07T02:45:00+00:00,1.29436,1.29463,1.29429,1.29460,2274
2026-04-07T03:00:00+00:00,1.29460,1.29470,1.29440,1.29440,1605
2026-04-07T03:15:00+00:00,1.29440,1.29470,1.29440,1.29454,914
2026-04-07T03:30:00+00:00,1.29454,1.29477,1.29443,1.29443,1289
2026-04-07T03:45:00+00:00,1.29443,1.29447,1.29413,1.29447,2013
2026-04-07T04:00:00+00:00,1.29447,1.29449,1.29413,1.29427,1466
2026-04-07T04:15:00+00:00,1.29427,1.29468,1.29427,1.29452,1410
2026-04-07T04:30:00+00:00,1.29452,1.29516,1.29452,1.29515,834
2026-04-07T04:45:00+00:00,1.29515,1.29515,1.29489,1.29494,721
2026-04-07T05:00:00+00:00,1.29494,1.29506,1.29484,1.29506,1015
2026-04-07T05:15:00+00:00,1.29506,1.29554,1.29506,1.29543,1737
2026-04-07T05:30:00+00:00,1.29543,1.29559,1.29509,1.29525,2054
2026-04-07T05:45:00+00:00,1.29525,1.29573,1.29525,1.29554,678
2026-04-07T06:00:00+00:00,1.29554,1.29554,1.29501,1.29501,1091
2026-04-07T06:15:00+00:00,1.29501,1.29501,1.29362,1.29384,1472
2026-04-07T06:30:00+00:00,1.29384,1.29429,1.29371,1.29388,2112
2026-04-07T06:45:00+00:00,1.29388,1.29388,1.29250,1.29250,2479
2026-04-07T07:00:00+00:00,1.29250,1.29250,1.29148,1.29228,1868
2026-04-07T07:15:00+00:00,1.29228,1.29264,1.29187,1.29197,1722
2026-04-07T07:30:00+00:00,1.29197,1.29197,1.29092,1.29117,1622
2026-04-07T07:45:00+00:00,1.29117,1.29117,1.29040,1.29040,2253
2026-04-07T08:00:00+00:00,1.29040,1.29040,1.28968,1.28968,2293
2026-04-07T08:15:00+00:00,1.28968,1.28992,1.28958,1.28967,1967
2026-04-07T08:30:00+00:00,1.28967,1.29033,1.28944,1.29033,1478
2026-04-07T08:45:00+00:00,1.29033,1.29062,1.29017,1.29030,1756
2026-04-07T09:00:00+00:00,1.29030,1.29034,1.29001,1.29001,1656
2026-04-07T09:15:00+00:00,1.29001,1.29013,1.28996,1.28996,1843
2026-04-07T09:30:00+00:00,1.28996,1.28996,1.28980,1.28981,163
2026-04-07T09:45:00+00:00,1.28981,1.28981,1.28964,1.28964,1798
2026-04-07T10:00:00+00:00,1.28964,1.28974,1.28964,1.28974,1411
2026-04-07T10:15:00+00:00,1.28974,1.28988,1.28974,1.28974,1603
2026-04-07T10:30:00+00:00,1.28974,1.28981,1.28951,1.28951,877
2026-04-07T10:45:00+00:00,1.28951,1.28951,1.28920,1.28931,819
2026-04-07T11:00:00+00:00,1.28931,1.28944,1.28909,1.28909,1723
2026-04-07T11:15:00+00:00,1.28909,1.28957,1.28909,1.28957,1478
2026-04-07T11:30:00+00:00,1.28957,1.28977,1.28957,1.28977,1774
2026-04-07T11:45:00+00:00,1.28977,1.28978,1.28935,1.28945,1572
2026-04-07T12:00:00+00:00,1.28945,1.28954,1.28924,1.28931,1837
2026-04-07T12:15:00+00:00,1.28931,1.28974,1.28900,1.28900,2316
2026-04-07T12:30:00+00:00,1.28900,1.29018,1.28900,1.28923,1294
2026-04-07T12:45:00+00:00,1.28923,1.28927,1.28845,1.28845,2243
2026-04-07T13:00:00+00:00,1.28845,1.28891,1.28809,1.28809,1548
2026-04-07T13:15:00+00:00,1.28809,1.28809,1.28659,1.28659,2058
2026-04-07T13:30:00+00:00,1.28659,1.28705,1.28631,1.28669,2690
2026-04-07T13:45:00+00:00,1.28669,1.28697,1.28662,1.28676,1418
2026-04-07T14:00:00+00:00,1.28676,1.28720,1.28649,1.28720,1909
2026-04-07T14:15:00+00:00,1.28720,1.28775,1.28720,1.28772,1883
2026-04-07T14:30:00+00:00,1.28772,1.28798,1.28737,1.28737,2206
2026-04-07T14:45:00+00:00,1.28737,1.28762,1.28719,1.28743,2317
2026-04-07T15:00:00+00:00,1.28743,1.28778,1.28743,1.28778,911
2026-04-07T15:15:00+00:00,1.28778,1.28822,1.28776,1.28815,2330
2026-04-07T15:30:00+00:00,1.28815,1.28815,1.28766,1.28770,2308
2026-04-07T15:45:00+00:00,1.28770,1.28770,1.28717,1.28717,1396
2026-04-07T16:00:00+00:00,1.28717,1.28739,1.28687,1.28687,1667
2026-04-07T16:15:00+00:00,1.28687,1.28691,1.28655,1.28655,742
2026-04-07T16:30:00+00:00,1.28655,1.28672,1.28655,1.28658,1513
2026-04-07T16:45:00+00:00,1.28658,1.28658,1.28640,1.28640,2444
2026-04-07T17:00:00+00:00,1.28640,1.28661,1.28631,1.28631,1010
2026-04-07T17:15:00+00:00,1.28631,1.28636,1.28593,1.28601,1392
2026-04-07T17:30:00+00:00,1.28601,1.28623,1.28601,1.28623,1109
2026-04-07T17:45:00+00:00,1.28623,1.28633,1.28611,1.28633,1600
2026-04-07T18:00:00+00:00,1.28633,1.28652,1.28631,1.28652,1134
2026-04-07T18:15:00+00:00,1.28652,1.28676,1.28646,1.28646,1595
2026-04-07T18:30:00+00:00,1.28646,1.28675,1.28646,1.28675,1884
2026-04-07T18:45:00+00:00,1.28675,1.28676,1.28649,1.28649,502
2026-04-07T19:00:00+00:00,1.28649,1.28672,1.28640,1.28672,1714
2026-04-07T19:15:00+00:00,1.28672,1.28684,1.28662,1.28662,1639
2026-04-07T19:30:00+00:00,1.28662,1.28662,1.28638,1.28647,1822
2026-04-07T19:45:00+00:00,1.28647,1.28669,1.28644,1.28661,1493
2026-04-07T20:00:00+00:00,1.28661,1.28671,1.28660,1.28662,2171
2026-04-07T20:15:00+00:00,1.28662,1.28677,1.28648,1.28677,1984
2026-04-07T20:30:00+00:00,1.28677,1.28677,1.28658,1.28667,1938
2026-04-07T20:45:00+00:00,1.28667,1.28684,1.28667,1.28681,1848
2026-04-07T21:00:00+00:00,1.28681,1.28724,1.28664,1.28722,1573
2026-04-07T21:15:00+00:00,1.28722,1.28722,1.28667,1.28667,1564
2026-04-07T21:30:00+00:00,1.28667,1.28673,1.28663,1.28665,1365
2026-04-07T21:45:00+00:00,1.28665,1.28681,1.28658,1.28681,1807
2026-04-07T22:00:00+00:00,1.28681,1.28685,1.28655,1.28655,1720
2026-04-07T22:15:00+00:00,1.28655,1.28678,1.28655,1.28671,1742
2026-04-07T22:30:00+00:00,1.28671,1.28672,1.28649,1.28653,1459
2026-04-07T22:45:00+00:00,1.28653,1.28658,1.28633,1.28633,814
2026-04-07T23:00:00+00:00,1.28633,1.28633,1.28619,1.28626,2010
2026-04-07T23:15:00+00:00,1.28626,1.28630,1.28616,1.28619,2404
2026-04-07T23:30:00+00:00,1.28619,1.28625,1.28610,1.28625,1558
2026-04-07T23:45:00+00:00,1.28625,1.28648,1.28625,1.28640,2171
2026-04-08T00:00:00+00:00,1.28640,1.28640,1.28595,1.28595,1820
2026-04-08T00:15:00+00:00,1.28595,1.28627,1.28577,1.28627,2066
2026-04-08T00:30:00+00:00,1.28627,1.28681,1.28627,1.28681,1788
2026-04-08T00:45:00+00:00,1.28681,1.28693,1.28671,1.28671,1934
2026-04-08T01:00:00+00:00,1.28671,1.28671,1.28641,1.28641,1530
2026-04-08T01:15:00+00:00,1.28641,1.28645,1.28608,1.28608,1933
2026-04-08T01:30:00+00:00,1.28608,1.28608,1.28575,1.28607,1607
2026-04-08T01:45:00+00:00,1.28607,1.28636,1.28607,1.28619,1067
2026-04-08T02:00:00+00:00,1.28619,1.28619,1.28571,1.28584,1885
2026-04-08T02:15:00+00:00,1.28584,1.28607,1.28584,1.28592,2055
2026-04-08T02:30:00+00:00,1.28592,1.28602,1.28578,1.28593,3258
2026-04-08T02:45:00+00:00,1.28593,1.28632,1.28592,1.28632,2040
2026-04-08T03:00:00+00:00,1.28632,1.28632,1.28562,1.28562,1726
2026-04-08T03:15:00+00:00,1.28562,1.28571,1.28536,1.28545,517
2026-04-08T03:30:00+00:00,1.28545,1.28581,1.28545,1.28549,1362
2026-04-08T03:45:00+00:00,1.28549,1.28558,1.28547,1.28558,1054
2026-04-08T04:00:00+00:00,1.28558,1.28567,1.28555,1.28562,1292
2026-04-08T04:15:00+00:00,1.28562,1.28568,1.28551,1.28568,1549
2026-04-08T04:30:00+00:00,1.28568,1.28605,1.28568,1.28605,2459
2026-04-08T04:45:00+00:00,1.28605,1.28609,1.28595,1.28609,2259
2026-04-08T05:00:00+00:00,1.28609,1.28627,1.28607,1.28607,2058
2026-04-08T05:15:00+00:00,1.28607,1.28615,1.28575,1.28588,1515
2026-04-08T05:30:00+00:00,1.28588,1.28588,1.28515,1.28515,1594
2026-04-08T05:45:00+00:00,1.28515,1.28569,1.28500,1.28569,1834
2026-04-08T06:00:00+00:00,1.28569,1.28616,1.28569,1.28582,1161
2026-04-08T06:15:00+00:00,1.28582,1.28679,1.28582,1.28679,1213
2026-04-08T06:30:00+00:00,1.28679,1.28729,1.28679,1.28729,1456
2026-04-08T06:45:00+00:00,1.28729,1.28759,1.28658,1.28658,1349
2026-04-08T07:00:00+00:00,1.28658,1.28752,1.28640,1.28752,2153
2026-04-08T07:15:00+00:00,1.28752,1.28804,1.28744,1.28773,2494
2026-04-08T07:30:00+00:00,1.28773,1.28802,1.28715,1.28743,1517
2026-04-08T07:45:00+00:00,1.28743,1.28788,1.28728,1.28749,2359
2026-04-08T08:00:00+00:00,1.28749,1.28813,1.28741,1.28773,1636
2026-04-08T08:15:00+00:00,1.28773,1.28773,1.28721,1.28735,1622
2026-04-08T08:30:00+00:00,1.28735,1.28803,1.28735,1.28803,2283
2026-04-08T08:45:00+00:00,1.28803,1.28808,1.28750,1.28750,1601
2026-04-08T09:00:00+00:00,1.28750,1.28765,1.28742,1.28765,912
2026-04-08T09:15:00+00:00,1.28765,1.28785,1.28763,1.28778,1713
2026-04-08T09:30:00+00:00,1.28778,1.28786,1.28749,1.28749,1577
2026-04-08T09:45:00+00:00,1.28749,1.28749,1.28729,1.28729,1252
2026-04-08T10:00:00+00:00,1.28729,1.28739,1.28729,1.28739,1541
2026-04-08T10:15:00+00:00,1.28739,1.28771,1.28739,1.28771,1565
2026-04-08T10:30:00+00:00,1.28771,1.28771,1.28733,1.28741,1751
2026-04-08T10:45:00+00:00,1.28741,1.28787,1.28741,1.28787,1442
2026-04-08T11:00:00+00:00,1.28787,1.28792,1.28778,1.28792,2133
2026-04-08T11:15:00+00:00,1.28792,1.28829,1.28791,1.28829,1223
2026-04-08T11:30:00+00:00,1.28829,1.28833,1.28818,1.28818,1710
2026-04-08T11:45:00+00:00,1.28818,1.28842,1.28800,1.28842,1688
2026-04-08T12:00:00+00:00,1.28842,1.28842,1.28767,1.28778,1762
2026-04-08T12:15:00+00:00,1.28778,1.28805,1.28751,1.28788,2110
2026-04-08T12:30:00+00:00,1.28788,1.28863,1.28788,1.28843,1158
2026-04-08T12:45:00+00:00,1.28843,1.28903,1.28843,1.28854,1422
2026-04-08T13:00:00+00:00,1.28854,1.28854,1.28683,1.28683,586
2026-04-08T13:15:00+00:00,1.28683,1.28683,1.28592,1.28665,1877
2026-04-08T13:30:00+00:00,1.28665,1.28728,1.28662,1.28728,2090
2026-04-08T13:45:00+00:00,1.28728,1.28728,1.28498,1.28505,1341
2026-04-08T14:00:00+00:00,1.28505,1.28557,1.28475,1.28557,991
2026-04-08T14:15:00+00:00,1.28557,1.28608,1.28557,1.28608,1987
2026-04-08T14:30:00+00:00,1.28608,1.28632,1.28590,1.28611,1723
2026-04-08T14:45:00+00:00,1.28611,1.28620,1.28552,1.28552,2010
2026-04-08T15:00:00+00:00,1.28552,1.28552,1.28530,1.28548,1568
2026-04-08T15:15:00+00:00,1.28548,1.28570,1.28519,1.28565,1383
2026-04-08T15:30:00+00:00,1.28565,1.28592,1.28541,1.28541,1367
2026-04-08T15:45:00+00:00,1.28541,1.28548,1.28540,1.28547,1443
2026-04-08T16:00:00+00:00,1.28547,1.28566,1.28538,1.28551,1274
2026-04-08T16:15:00+00:00,1.28551,1.28565,1.28551,1.28559,1307
2026-04-08T16:30:00+00:00,1.28559,1.28600,1.28559,1.28571,1720
2026-04-08T16:45:00+00:00,1.28571,1.28571,1.28549,1.28567,1316
2026-04-08T17:00:00+00:00,1.28567,1.28569,1.28530,1.28530,1762
2026-04-08T17:15:00+00:00,1.28530,1.28575,1.28530,1.28558,1387
2026-04-08T17:30:00+00:00,1.28558,1.28564,1.28545,1.28564,579
2026-04-08T17:45:00+00:00,1.28564,1.28567,1.28539,1.28539,1047
2026-04-08T18:00:00+00:00,1.28539,1.28541,1.28524,1.28539,1932
2026-04-08T18:15:00+00:00,1.28539,1.28547,1.28529,1.28547,1829
2026-04-08T18:30:00+00:00,1.28547,1.28575,1.28547,1.28575,2067
2026-04-08T18:45:00+00:00,1.28575,1.28588,1.28573,1.28588,804
2026-04-08T19:00:00+00:00,1.28588,1.28589,1.28564,1.28564,342
2026-04-08T19:15:00+00:00,1.28564,1.28588,1.28564,1.28588,2135
2026-04-08T19:30:00+00:00,1.28588,1.28595,1.28588,1.28590,1956
2026-04-08T19:45:00+00:00,1.28590,1.28614,1.28589,1.28614,1144
2026-04-08T20:00:00+00:00,1.28614,1.28614,1.28599,1.28605,1818
2026-04-08T20:15:00+00:00,1.28605,1.28623,1.28591,1.28616,479
2026-04-08T20:30:00+00:00,1.28616,1.28616,1.28599,1.28601,1078
2026-04-08T20:45:00+00:00,1.28601,1.28603,1.28589,1.28589,1711
2026-04-08T21:00:00+00:00,1.28589,1.28614,1.28589,1.28614,636
2026-04-08T21:15:00+00:00,1.28614,1.28642,1.28614,1.28642,2331
2026-04-08T21:30:00+00:00,1.28642,1.28667,1.28642,1.28664,1363
2026-04-08T21:45:00+00:00,1.28664,1.28668,1.28639,1.28639,1213
2026-04-08T22:00:00+00:00,1.28639,1.28670,1.28639,1.28670,2056
2026-04-08T22:15:00+00:00,1.28670,1.28682,1.28654,1.28677,1352
2026-04-08T22:30:00+00:00,1.28677,1.28695,1.28677,1.28694,840
2026-04-08T22:45:00+00:00,1.28694,1.28715,1.28685,1.28685,1779
2026-04-08T23:00:00+00:00,1.28685,1.28712,1.28685,1.28700,680
2026-04-08T23:15:00+00:00,1.28700,1.28700,1.28667,1.28676,1478
2026-04-08T23:30:00+00:00,1.28676,1.28681,1.28662,1.28662,1851
2026-04-08T23:45:00+00:00,1.28662,1.28666,1.28654,1.28657,1786
2026-04-09T00:00:00+00:00,1.28657,1.28657,1.28600,1.28600,1219
2026-04-09T00:15:00+00:00,1.28600,1.28610,1.28587,1.28595,1651
2026-04-09T00:30:00+00:00,1.28595,1.28603,1.28561,1.28584,2501
2026-04-09T00:45:00+00:00,1.28584,1.28584,1.28505,1.28505,1933
2026-04-09T01:00:00+00:00,1.28505,1.28546,1.28495,1.28546,774
2026-04-09T01:15:00+00:00,1.28546,1.28553,1.28521,1.28522,442
2026-04-09T01:30:00+00:00,1.28522,1.28522,1.28502,1.28502,2457
2026-04-09T01:45:00+00:00,1.28502,1.28521,1.28482,1.28493,2264
2026-04-09T02:00:00+00:00,1.28493,1.28505,1.28463,1.28479,2340
2026-04-09T02:15:00+00:00,1.28479,1.28512,1.28469,1.28473,929
2026-04-09T02:30:00+00:00,1.28473,1.28531,1.28473,1.28508,1189
2026-04-09T02:45:00+00:00,1.28508,1.28530,1.28508,1.28519,1618
2026-04-09T03:00:00+00:00,1.28519,1.28519,1.28454,1.28454,1866
2026-04-09T03:15:00+00:00,1.28454,1.28454,1.28436,1.28436,1584
2026-04-09T03:30:00+00:00,1.28436,1.28436,1.28420,1.28431,2197
2026-04-09T03:45:00+00:00,1.28431,1.28433,1.28381,1.28399,1044
2026-04-09T04:00:00+00:00,1.28399,1.28399,1.28364,1.28370,1236
2026-04-09T04:15:00+00:00,1.28370,1.28375,1.28346,1.28346,1400
2026-04-09T04:30:00+00:00,1.28346,1.28346,1.28312,1.28337,1801
2026-04-09T04:45:00+00:00,1.28337,1.28348,1.28337,1.28348,1721
2026-04-09T05:00:00+00:00,1.28348,1.28348,1.28319,1.28322,1133
2026-04-09T05:15:00+00:00,1.28322,1.28352,1.28322,1.28352,1777
2026-04-09T05:30:00+00:00,1.28352,1.28398,1.28352,1.28398,1750
2026-04-09T05:45:00+00:00,1.28398,1.28404,1.28378,1.28397,1748
2026-04-09T06:00:00+00:00,1.28397,1.28459,1.28397,1.28459,1994
2026-04-09T06:15:00+00:00,1.28459,1.28622,1.28459,1.28622,846
2026-04-09T06:30:00+00:00,1.28622,1.28669,1.28622,1.28669,1885
2026-04-09T06:45:00+00:00,1.28669,1.28669,1.28485,1.28485,1589
2026-04-09T07:00:00+00:00,1.28485,1.28508,1.28407,1.28508,1320
2026-04-09T07:15:00+00:00,1.28508,1.28703,1.28508,1.28703,2262
2026-04-09T07:30:00+00:00,1.28703,1.28703,1.28590,1.28636,2599
2026-04-09T07:45:00+00:00,1.28636,1.28645,1.28575,1.28645,2494
2026-04-09T08:00:00+00:00,1.28645,1.28654,1.28627,1.28627,1520
2026-04-09T08:15:00+00:00,1.28627,1.28627,1.28551,1.28567,1782
2026-04-09T08:30:00+00:00,1.28567,1.28567,1.28475,1.28484,946
2026-04-09T08:45:00+00:00,1.28484,1.28500,1.28459,1.28459,1518
2026-04-09T09:00:00+00:00,1.28459,1.28459,1.28415,1.28415,2287
2026-04-09T09:15:00+00:00,1.28415,1.28431,1.28401,1.28412,1886
2026-04-09T09:30:00+00:00,1.28412,1.28412,1.28370,1.28370,1607
2026-04-09T09:45:00+00:00,1.28370,1.28380,1.28366,1.28366,1416
2026-04-09T10:00:00+00:00,1.28366,1.28366,1.28332,1.28366,1241
2026-04-09T10:15:00+00:00,1.28366,1.28383,1.28366,1.28380,1377
2026-04-09T10:30:00+00:00,1.28380,1.28380,1.28366,1.28378,1468
2026-04-09T10:45:00+00:00,1.28378,1.28378,1.28355,1.28359,1942
2026-04-09T11:00:00+00:00,1.28359,1.28371,1.28359,1.28359,1544
2026-04-09T11:15:00+00:00,1.28359,1.28388,1.28359,1.28376,2163
2026-04-09T11:30:00+00:00,1.28376,1.28393,1.28355,1.28387,1776
2026-04-09T11:45:00+00:00,1.28387,1.28407,1.28371,1.28371,1305
2026-04-09T12:00:00+00:00,1.28371,1.28371,1.28294,1.28294,1500
2026-04-09T12:15:00+00:00,1.28294,1.28298,1.28241,1.28241,1487
2026-04-09T12:30:00+00:00,1.28241,1.28241,1.28180,1.28181,1952
2026-04-09T12:45:00+00:00,1.28181,1.28241,1.28179,1.28241,2071
2026-04-09T13:00:00+00:00,1.28241,1.28257,1.28160,1.28257,2302
2026-04-09T13:15:00+00:00,1.28257,1.28328,1.28257,1.28328,2424
2026-04-09T13:30:00+00:00,1.28328,1.28328,1.28188,1.28188,2089
2026-04-09T13:45:00+00:00,1.28188,1.28261,1.28188,1.28208,1575
2026-04-09T14:00:00+00:00,1.28208,1.28208,1.28152,1.28178,1984
2026-04-09T14:15:00+00:00,1.28178,1.28191,1.28065,1.28101,1798
2026-04-09T14:30:00+00:00,1.28101,1.28228,1.28101,1.28228,2608
2026-04-09T14:45:00+00:00,1.28228,1.28228,1.28151,1.28158,1213
2026-04-09T15:00:00+00:00,1.28158,1.28258,1.28158,1.28258,909
2026-04-09T15:15:00+00:00,1.28258,1.28330,1.28256,1.28330,1762
2026-04-09T15:30:00+00:00,1.28330,1.28333,1.28308,1.28313,1278
2026-04-09T15:45:00+00:00,1.28313,1.28323,1.28310,1.28319,660
2026-04-09T16:00:00+00:00,1.28319,1.28319,1.28275,1.28275,2545
2026-04-09T16:15:00+00:00,1.28275,1.28289,1.28259,1.28259,1993
2026-04-09T16:30:00+00:00,1.28259,1.28259,1.28219,1.28220,1905
2026-04-09T16:45:00+00:00,1.28220,1.28224,1.28204,1.28220,1166
2026-04-09T17:00:00+00:00,1.28220,1.28234,1.28216,1.28234,1823
2026-04-09T17:15:00+00:00,1.28234,1.28234,1.28206,1.28217,2128
2026-04-09T17:30:00+00:00,1.28217,1.28221,1.28202,1.28221,1499
2026-04-09T17:45:00+00:00,1.28221,1.28221,1.28209,1.28215,1373
2026-04-09T18:00:00+00:00,1.28215,1.28215,1.28170,1.28170,1726
2026-04-09T18:15:00+00:00,1.28170,1.28170,1.28136,1.28144,1610
2026-04-09T18:30:00+00:00,1.28144,1.28157,1.28139,1.28150,1349
2026-04-09T18:45:00+00:00,1.28150,1.28154,1.28142,1.28154,1278
2026-04-09T19:00:00+00:00,1.28154,1.28160,1.28145,1.28154,1091
2026-04-09T19:15:00+00:00,1.28154,1.28159,1.28150,1.28159,1936
2026-04-09T19:30:00+00:00,1.28159,1.28159,1.28150,1.28152,2091
2026-04-09T19:45:00+00:00,1.28152,1.28152,1.28143,1.28145,1607
2026-04-09T20:00:00+00:00,1.28145,1.28161,1.28136,1.28136,1963
2026-04-09T20:15:00+00:00,1.28136,1.28165,1.28136,1.28148,294
2026-04-09T20:30:00+00:00,1.28148,1.28160,1.28148,1.28151,1264
2026-04-09T20:45:00+00:00,1.28151,1.28155,1.28136,1.28155,1032
2026-04-09T21:00:00+00:00,1.28155,1.28155,1.28137,1.28155,1313
2026-04-09T21:15:00+00:00,1.28155,1.28185,1.28155,1.28159,2759
2026-04-09T21:30:00+00:00,1.28159,1.28207,1.28159,1.28201,1754
2026-04-09T21:45:00+00:00,1.28201,1.28242,1.28197,1.28242,1424
2026-04-09T22:00:00+00:00,1.28242,1.28279,1.28236,1.28279,1580
2026-04-09T22:15:00+00:00,1.28279,1.28286,1.28279,1.28280,2942
2026-04-09T22:30:00+00:00,1.28280,1.28280,1.28271,1.28274,1702
2026-04-09T22:45:00+00:00,1.28274,1.28287,1.28269,1.28269,1185
2026-04-09T23:00:00+00:00,1.28269,1.28275,1.28263,1.28263,637
2026-04-09T23:15:00+00:00,1.28263,1.28276,1.28260,1.28276,1174
2026-04-09T23:30:00+00:00,1.28276,1.28310,1.28276,1.28303,1904
2026-04-09T23:45:00+00:00,1.28303,1.28305,1.28291,1.28294,1186
2026-04-10T00:00:00+00:00,1.28294,1.28294,1.28251,1.28255,2141
2026-04-10T00:15:00+00:00,1.28255,1.28264,1.28238,1.28264,1106
2026-04-10T00:30:00+00:00,1.28264,1.28298,1.28264,1.28264,707
2026-04-10T00:45:00+00:00,1.28264,1.28278,1.28251,1.28278,1422
2026-04-10T01:00:00+00:00,1.28278,1.28342,1.28278,1.28342,1936
2026-04-10T01:15:00+00:00,1.28342,1.28342,1.28308,1.28308,1937
2026-04-10T01:30:00+00:00,1.28308,1.28333,1.28279,1.28306,1649
2026-04-10T01:45:00+00:00,1.28306,1.28315,1.28297,1.28307,1650
2026-04-10T02:00:00+00:00,1.28307,1.28366,1.28307,1.28366,1151
2026-04-10T02:15:00+00:00,1.28366,1.28366,1.28327,1.28335,2036
2026-04-10T02:30:00+00:00,1.28335,1.28335,1.28278,1.28335,1939
2026-04-10T02:45:00+00:00,1.28335,1.28384,1.28335,1.28379,1537
2026-04-10T03:00:00+00:00,1.28379,1.28439,1.28379,1.28434,1893
2026-04-10T03:15:00+00:00,1.28434,1.28444,1.28381,1.28381,1699
2026-04-10T03:30:00+00:00,1.28381,1.28399,1.28381,1.28383,1789
2026-04-10T03:45:00+00:00,1.28383,1.28400,1.28375,1.28375,1598
2026-04-10T04:00:00+00:00,1.28375,1.28391,1.28373,1.28386,751
2026-04-10T04:15:00+00:00,1.28386,1.28386,1.28350,1.28371,1369
2026-04-10T04:30:00+00:00,1.28371,1.28398,1.28371,1.28398,1158
2026-04-10T04:45:00+00:00,1.28398,1.28398,1.28376,1.28390,2477
2026-04-10T05:00:00+00:00,1.28390,1.28426,1.28390,1.28426,2932
2026-04-10T05:15:00+00:00,1.28426,1.28450,1.28419,1.28419,2690
2026-04-10T05:30:00+00:00,1.28419,1.28439,1.28409,1.28409,2110
2026-04-10T05:45:00+00:00,1.28409,1.28427,1.28401,1.28423,1515
2026-04-10T06:00:00+00:00,1.28423,1.28436,1.28396,1.28425,1682
2026-04-10T06:15:00+00:00,1.28425,1.28483,1.28379,1.28379,1208
2026-04-10T06:30:00+00:00,1.28379,1.28414,1.28359,1.28359,705
2026-04-10T06:45:00+00:00,1.28359,1.28413,1.28358,1.28373,2701
2026-04-10T07:00:00+00:00,1.28373,1.28373,1.28275,1.28277,1499
2026-04-10T07:15:00+00:00,1.28277,1.28330,1.28247,1.28320,2397
2026-04-10T07:30:00+00:00,1.28320,1.28364,1.28320,1.28359,1798
2026-04-10T07:45:00+00:00,1.28359,1.28359,1.28250,1.28302,1799
2026-04-10T08:00:00+00:00,1.28302,1.28302,1.28226,1.28226,1175
2026-04-10T08:15:00+00:00,1.28226,1.28297,1.28226,1.28297,973
2026-04-10T08:30:00+00:00,1.28297,1.28348,1.28279,1.28290,1037
2026-04-10T08:45:00+00:00,1.28290,1.28310,1.28288,1.28295,1288
2026-04-10T09:00:00+00:00,1.28295,1.28295,1.28266,1.28294,904
2026-04-10T09:15:00+00:00,1.28294,1.28294,1.28269,1.28294,1438
2026-04-10T09:30:00+00:00,1.28294,1.28294,1.28278,1.28283,2223
2026-04-10T09:45:00+00:00,1.28283,1.28283,1.28239,1.28239,2582
2026-04-10T10:00:00+00:00,1.28239,1.28239,1.28170,1.28180,2022
2026-04-10T10:15:00+00:00,1.28180,1.28180,1.28143,1.28148,914
2026-04-10T10:30:00+00:00,1.28148,1.28159,1.28126,1.28133,1587
2026-04-10T10:45:00+00:00,1.28133,1.28148,1.28133,1.28148,1803
2026-04-10T11:00:00+00:00,1.28148,1.28165,1.28132,1.28165,901
2026-04-10T11:15:00+00:00,1.28165,1.28191,1.28163,1.28191,612
2026-04-10T11:30:00+00:00,1.28191,1.28197,1.28176,1.28186,1343
2026-04-10T11:45:00+00:00,1.28186,1.28186,1.28155,1.28167,3102
2026-04-10T12:00:00+00:00,1.28167,1.28168,1.28118,1.28146,1840
2026-04-10T12:15:00+00:00,1.28146,1.28169,1.28124,1.28142,882
2026-04-10T12:30:00+00:00,1.28142,1.28142,1.28089,1.28137,1580
2026-04-10T12:45:00+00:00,1.28137,1.28137,1.28097,1.28134,1859
2026-04-10T13:00:00+00:00,1.28134,1.28178,1.28134,1.28178,2146
2026-04-10T13:15:00+00:00,1.28178,1.28190,1.28106,1.28173,1605
2026-04-10T13:30:00+00:00,1.28173,1.28180,1.28002,1.28016,1714
2026-04-10T13:45:00+00:00,1.28016,1.28063,1.28016,1.28063,1780
2026-04-10T14:00:00+00:00,1.28063,1.28063,1.27933,1.27933,1621
2026-04-10T14:15:00+00:00,1.27933,1.27962,1.27855,1.27855,1245
2026-04-10T14:30:00+00:00,1.27855,1.27936,1.27844,1.27847,1680
2026-04-10T14:45:00+00:00,1.27847,1.27919,1.27847,1.27896,1863
2026-04-10T15:00:00+00:00,1.27896,1.27921,1.27853,1.27876,2100
2026-04-10T15:15:00+00:00,1.27876,1.27897,1.27857,1.27857,1497
2026-04-10T15:30:00+00:00,1.27857,1.27857,1.27803,1.27809,2001
2026-04-10T15:45:00+00:00,1.27809,1.27809,1.27752,1.27796,1451
2026-04-10T16:00:00+00:00,1.27796,1.27854,1.27796,1.27853,1357
2026-04-10T16:15:00+00:00,1.27853,1.27876,1.27853,1.27868,930
2026-04-10T16:30:00+00:00,1.27868,1.27892,1.27858,1.27881,1731
2026-04-10T16:45:00+00:00,1.27881,1.27883,1.27864,1.27864,799
2026-04-10T17:00:00+00:00,1.27864,1.27880,1.27851,1.27880,1088
2026-04-10T17:15:00+00:00,1.27880,1.27904,1.27880,1.27888,2030
2026-04-10T17:30:00+00:00,1.27888,1.27895,1.27887,1.27887,846
2026-04-10T17:45:00+00:00,1.27887,1.27890,1.27874,1.27890,1151
2026-04-10T18:00:00+00:00,1.27890,1.27926,1.27882,1.27926,2407
2026-04-10T18:15:00+00:00,1.27926,1.27926,1.27903,1.27926,496
2026-04-10T18:30:00+00:00,1.27926,1.27960,1.27923,1.27946,1138
2026-04-10T18:45:00+00:00,1.27946,1.27966,1.27937,1.27958,472
2026-04-10T19:00:00+00:00,1.27958,1.27958,1.27938,1.27951,1343
2026-04-10T19:15:00+00:00,1.27951,1.27965,1.27948,1.27961,1776
2026-04-10T19:30:00+00:00,1.27961,1.27961,1.27938,1.27938,1396
2026-04-10T19:45:00+00:00,1.27938,1.27938,1.27913,1.27913,1991
2026-04-10T20:00:00+00:00,1.27913,1.27913,1.27898,1.27903,1599
2026-04-10T20:15:00+00:00,1.27903,1.27906,1.27892,1.27906,1185
2026-04-10T20:30:00+00:00,1.27906,1.27915,1.27902,1.27910,1415
2026-04-10T20:45:00+00:00,1.27910,1.27910,1.27877,1.27879,1589
2026-04-10T21:00:00+00:00,1.27879,1.27881,1.27866,1.27871,1584
2026-04-10T21:15:00+00:00,1.27871,1.27875,1.27867,1.27872,1280
2026-04-10T21:30:00+00:00,1.27872,1.27874,1.27862,1.27873,2122
2026-04-10T21:45:00+00:00,1.27873,1.27881,1.27861,1.27881,1484
2026-04-10T22:00:00+00:00,1.27881,1.27881,1.27861,1.27867,1206
2026-04-10T22:15:00+00:00,1.27867,1.27882,1.27867,1.27869,1342
2026-04-10T22:30:00+00:00,1.27869,1.27876,1.27863,1.27866,1389
2026-04-10T22:45:00+00:00,1.27866,1.27873,1.27866,1.27873,1520
2026-04-10T23:00:00+00:00,1.27873,1.27887,1.27865,1.27865,1524
2026-04-10T23:15:00+00:00,1.27865,1.27865,1.27833,1.27845,1385
2026-04-10T23:30:00+00:00,1.27845,1.27882,1.27829,1.27882,1863
2026-04-10T23:45:00+00:00,1.27882,1.27886,1.27875,1.27885,1281
2026-04-13T00:00:00+00:00,1.27885,1.27900,1.27867,1.27867,1812
2026-04-13T00:15:00+00:00,1.27867,1.27867,1.27842,1.27851,1556
2026-04-13T00:30:00+00:00,1.27851,1.27887,1.27851,1.27885,1797
2026-04-13T00:45:00+00:00,1.27885,1.27905,1.27885,1.27903,1767
2026-04-13T01:00:00+00:00,1.27903,1.27910,1.27861,1.27861,3082
2026-04-13T01:15:00+00:00,1.27861,1.27942,1.27861,1.27942,2027
2026-04-13T01:30:00+00:00,1.27942,1.27942,1.27897,1.27897,1939
2026-04-13T01:45:00+00:00,1.27897,1.27937,1.27897,1.27937,1090
2026-04-13T02:00:00+00:00,1.27937,1.27937,1.27893,1.27910,1073
2026-04-13T02:15:00+00:00,1.27910,1.27940,1.27893,1.27940,1714
2026-04-13T02:30:00+00:00,1.27940,1.27985,1.27940,1.27985,1431
2026-04-13T02:45:00+00:00,1.27985,1.27985,1.27913,1.27915,1422
2026-04-13T03:00:00+00:00,1.27915,1.27931,1.27913,1.27917,1230
2026-04-13T03:15:00+00:00,1.27917,1.27919,1.27899,1.27899,2045
2026-04-13T03:30:00+00:00,1.27899,1.27899,1.27871,1.27871,502
2026-04-13T03:45:00+00:00,1.27871,1.27872,1.27848,1.27856,953
2026-04-13T04:00:00+00:00,1.27856,1.27856,1.27832,1.27836,2588
2026-04-13T04:15:00+00:00,1.27836,1.27852,1.27835,1.27835,1101
2026-04-13T04:30:00+00:00,1.27835,1.27844,1.27825,1.27825,876
2026-04-13T04:45:00+00:00,1.27825,1.27842,1.27812,1.27842,1342
2026-04-13T05:00:00+00:00,1.27842,1.27842,1.27825,1.27825,1405
2026-04-13T05:15:00+00:00,1.27825,1.27847,1.27820,1.27839,1542
2026-04-13T05:30:00+00:00,1.27839,1.27879,1.27839,1.27872,1443
2026-04-13T05:45:00+00:00,1.27872,1.27911,1.27872,1.27911,1640
2026-04-13T06:00:00+00:00,1.27911,1.27911,1.27870,1.27873,1442
2026-04-13T06:15:00+00:00,1.27873,1.27873,1.27798,1.27798,1847
2026-04-13T06:30:00+00:00,1.27798,1.27813,1.27786,1.27800,999
2026-04-13T06:45:00+00:00,1.27800,1.27913,1.27800,1.27913,1373
2026-04-13T07:00:00+00:00,1.27913,1.27916,1.27875,1.27916,1323
2026-04-13T07:15:00+00:00,1.27916,1.28005,1.27916,1.27993,2788
2026-04-13T07:30:00+00:00,1.27993,1.28010,1.27981,1.28005,2269
2026-04-13T07:45:00+00:00,1.28005,1.28011,1.27975,1.27975,1838
2026-04-13T08:00:00+00:00,1.27975,1.28046,1.27925,1.28046,2342
2026-04-13T08:15:00+00:00,1.28046,1.28046,1.27967,1.27967,1843
2026-04-13T08:30:00+00:00,1.27967,1.27967,1.27900,1.27941,1732
2026-04-13T08:45:00+00:00,1.27941,1.27941,1.27914,1.27940,2064
2026-04-13T09:00:00+00:00,1.27940,1.27940,1.27905,1.27905,1836
2026-04-13T09:15:00+00:00,1.27905,1.27912,1.27895,1.27895,2166
2026-04-13T09:30:00+00:00,1.27895,1.27895,1.27861,1.27869,1934
2026-04-13T09:45:00+00:00,1.27869,1.27869,1.27846,1.27846,1064
2026-04-13T10:00:00+00:00,1.27846,1.27856,1.27814,1.27814,1043
2026-04-13T10:15:00+00:00,1.27814,1.27814,1.27768,1.27772,590
2026-04-13T10:30:00+00:00,1.27772,1.27797,1.27772,1.27779,1258
2026-04-13T10:45:00+00:00,1.27779,1.27825,1.27779,1.27811,1663
2026-04-13T11:00:00+00:00,1.27811,1.27814,1.27803,1.27808,1176
2026-04-13T11:15:00+00:00,1.27808,1.27843,1.27808,1.27834,1288
2026-04-13T11:30:00+00:00,1.27834,1.27857,1.27819,1.27857,995
2026-04-13T11:45:00+00:00,1.27857,1.27868,1.27849,1.27865,1318
2026-04-13T12:00:00+00:00,1.27865,1.27867,1.27827,1.27827,1718
2026-04-13T12:15:00+00:00,1.27827,1.27867,1.27805,1.27855,961
2026-04-13T12:30:00+00:00,1.27855,1.27855,1.27822,1.27822,1829
2026-04-13T12:45:00+00:00,1.27822,1.27912,1.27804,1.27912,1137
2026-04-13T13:00:00+00:00,1.27912,1.27938,1.27878,1.27892,1825
2026-04-13T13:15:00+00:00,1.27892,1.27892,1.27773,1.27773,675
2026-04-13T13:30:00+00:00,1.27773,1.27885,1.27728,1.27885,1115
2026-04-13T13:45:00+00:00,1.27885,1.27885,1.27735,1.27800,742
2026-04-13T14:00:00+00:00,1.27800,1.27800,1.27683,1.27683,1867
2026-04-13T14:15:00+00:00,1.27683,1.27759,1.27674,1.27759,1956
2026-04-13T14:30:00+00:00,1.27759,1.27910,1.27759,1.27910,1172
2026-04-13T14:45:00+00:00,1.27910,1.27911,1.27848,1.27875,2707
2026-04-13T15:00:00+00:00,1.27875,1.27892,1.27861,1.27861,1999
2026-04-13T15:15:00+00:00,1.27861,1.27877,1.27853,1.27877,1910
2026-04-13T15:30:00+00:00,1.27877,1.27949,1.27877,1.27949,1070
2026-04-13T15:45:00+00:00,1.27949,1.27949,1.27910,1.27919,1351
2026-04-13T16:00:00+00:00,1.27919,1.27937,1.27903,1.27937,2255
2026-04-13T16:15:00+00:00,1.27937,1.27937,1.27906,1.27906,2270
2026-04-13T16:30:00+00:00,1.27906,1.27906,1.27872,1.27887,1773
2026-04-13T16:45:00+00:00,1.27887,1.27907,1.27887,1.27902,2215
2026-04-13T17:00:00+00:00,1.27902,1.27913,1.27898,1.27913,1129
2026-04-13T17:15:00+00:00,1.27913,1.27941,1.27913,1.27941,2151
2026-04-13T17:30:00+00:00,1.27941,1.27959,1.27930,1.27959,1401
2026-04-13T17:45:00+00:00,1.27959,1.27964,1.27939,1.27939,1387
2026-04-13T18:00:00+00:00,1.27939,1.27981,1.27939,1.27968,886
2026-04-13T18:15:00+00:00,1.27968,1.27981,1.27956,1.27960,356
2026-04-13T18:30:00+00:00,1.27960,1.27966,1.27941,1.27943,1189
2026-04-13T18:45:00+00:00,1.27943,1.27943,1.27897,1.27897,1674
2026-04-13T19:00:00+00:00,1.27897,1.27919,1.27897,1.27919,2521
2026-04-13T19:15:00+00:00,1.27919,1.27945,1.27916,1.27945,1150
2026-04-13T19:30:00+00:00,1.27945,1.27949,1.27932,1.27938,1720
2026-04-13T19:45:00+00:00,1.27938,1.27969,1.27933,1.27969,1624
2026-04-13T20:00:00+00:00,1.27969,1.27984,1.27969,1.27984,2382
2026-04-13T20:15:00+00:00,1.27984,1.27986,1.27957,1.27968,2004
2026-04-13T20:30:00+00:00,1.27968,1.27969,1.27958,1.27958,1466
2026-04-13T20:45:00+00:00,1.27958,1.27968,1.27942,1.27968,981
2026-04-13T21:00:00+00:00,1.27968,1.27972,1.27962,1.27970,2063
2026-04-13T21:15:00+00:00,1.27970,1.28013,1.27970,1.28004,1740
2026-04-13T21:30:00+00:00,1.28004,1.28009,1.27992,1.27992,2245
2026-04-13T21:45:00+00:00,1.27992,1.28012,1.27985,1.27986,1633
2026-04-13T22:00:00+00:00,1.27986,1.28016,1.27986,1.28016,1593
2026-04-13T22:15:00+00:00,1.28016,1.28016,1.28003,1.28016,1851
2026-04-13T22:30:00+00:00,1.28016,1.28025,1.28000,1.28022,855
2026-04-13T22:45:00+00:00,1.28022,1.28022,1.27991,1.27991,1225
2026-04-13T23:00:00+00:00,1.27991,1.28004,1.27987,1.27987,801
2026-04-13T23:15:00+00:00,1.27987,1.28001,1.27987,1.28001,1291
2026-04-13T23:30:00+00:00,1.28001,1.28035,1.28001,1.28035,2947
2026-04-13T23:45:00+00:00,1.28035,1.28035,1.28000,1.28000,1102
2026-04-14T00:00:00+00:00,1.28000,1.28011,1.27958,1.27958,1134
2026-04-14T00:15:00+00:00,1.27958,1.28007,1.27958,1.28007,894
2026-04-14T00:30:00+00:00,1.28007,1.28007,1.27967,1.27983,1385
2026-04-14T00:45:00+00:00,1.27983,1.27983,1.27939,1.27939,1338
2026-04-14T01:00:00+00:00,1.27939,1.27939,1.27890,1.27933,1034
2026-04-14T01:15:00+00:00,1.27933,1.27939,1.27902,1.27908,1794
2026-04-14T01:30:00+00:00,1.27908,1.27924,1.27901,1.27906,1421
2026-04-14T01:45:00+00:00,1.27906,1.27916,1.27864,1.27864,1844
2026-04-14T02:00:00+00:00,1.27864,1.27913,1.27864,1.27878,1881
2026-04-14T02:15:00+00:00,1.27878,1.27918,1.27878,1.27900,1358
2026-04-14T02:30:00+00:00,1.27900,1.27909,1.27881,1.27881,1495
2026-04-14T02:45:00+00:00,1.27881,1.27904,1.27872,1.27901,1445
2026-04-14T03:00:00+00:00,1.27901,1.27934,1.27901,1.27934,403
2026-04-14T03:15:00+00:00,1.27934,1.27934,1.27854,1.27854,2413
2026-04-14T03:30:00+00:00,1.27854,1.27906,1.27854,1.27905,2694
2026-04-14T03:45:00+00:00,1.27905,1.27945,1.27905,1.27917,1970
2026-04-14T04:00:00+00:00,1.27917,1.27951,1.27917,1.27929,1197
2026-04-14T04:15:00+00:00,1.27929,1.27929,1.27905,1.27916,995
2026-04-14T04:30:00+00:00,1.27916,1.27924,1.27895,1.27895,1340
2026-04-14T04:45:00+00:00,1.27895,1.27938,1.27895,1.27938,1265
2026-04-14T05:00:00+00:00,1.27938,1.27987,1.27938,1.27975,2255
2026-04-14T05:15:00+00:00,1.27975,1.27975,1.27928,1.27938,2624
2026-04-14T05:30:00+00:00,1.27938,1.27960,1.27930,1.27960,1777
2026-04-14T05:45:00+00:00,1.27960,1.27960,1.27922,1.27922,1333
2026-04-14T06:00:00+00:00,1.27922,1.27968,1.27922,1.27968,1993
2026-04-14T06:15:00+00:00,1.27968,1.27989,1.27952,1.27974,2094
2026-04-14T06:30:00+00:00,1.27974,1.27984,1.27935,1.27975,1580
2026-04-14T06:45:00+00:00,1.27975,1.27975,1.27903,1.27903,2207
2026-04-14T07:00:00+00:00,1.27903,1.27960,1.27866,1.27877,1463
2026-04-14T07:15:00+00:00,1.27877,1.27982,1.27877,1.27949,1507
2026-04-14T07:30:00+00:00,1.27949,1.27987,1.27901,1.27987,1461
2026-04-14T07:45:00+00:00,1.27987,1.28034,1.27965,1.27965,1920
2026-04-14T08:00:00+00:00,1.27965,1.28057,1.27963,1.28057,1393
2026-04-14T08:15:00+00:00,1.28057,1.28145,1.28057,1.28145,1660
2026-04-14T08:30:00+00:00,1.28145,1.28145,1.28084,1.28105,2264
2026-04-14T08:45:00+00:00,1.28105,1.28105,1.28016,1.28029,1244
2026-04-14T09:00:00+00:00,1.28029,1.28038,1.27968,1.27968,2017
2026-04-14T09:15:00+00:00,1.27968,1.27968,1.27930,1.27930,1170
2026-04-14T09:30:00+00:00,1.27930,1.27968,1.27930,1.27968,1281
2026-04-14T09:45:00+00:00,1.27968,1.27975,1.27961,1.27975,1338
2026-04-14T10:00:00+00:00,1.27975,1.27988,1.27951,1.27969,2006
2026-04-14T10:15:00+00:00,1.27969,1.27969,1.27957,1.27958,1533
2026-04-14T10:30:00+00:00,1.27958,1.27958,1.27923,1.27929,1770
2026-04-14T10:45:00+00:00,1.27929,1.27929,1.27898,1.27900,914
2026-04-14T11:00:00+00:00,1.27900,1.27900,1.27844,1.27844,1704
2026-04-14T11:15:00+00:00,1.27844,1.27848,1.27810,1.27848,1928
2026-04-14T11:30:00+00:00,1.27848,1.27905,1.27847,1.27905,1910
2026-04-14T11:45:00+00:00,1.27905,1.27915,1.27854,1.27854,1300
2026-04-14T12:00:00+00:00,1.27854,1.27932,1.27854,1.27932,1592
2026-04-14T12:15:00+00:00,1.27932,1.28025,1.27924,1.28025,1636
2026-04-14T12:30:00+00:00,1.28025,1.28068,1.28025,1.28068,1406
2026-04-14T12:45:00+00:00,1.28068,1.28182,1.28068,1.28180,763
2026-04-14T13:00:00+00:00,1.28180,1.28234,1.28172,1.28199,1963
2026-04-14T13:15:00+00:00,1.28199,1.28244,1.28168,1.28244,1381
2026-04-14T13:30:00+00:00,1.28244,1.28272,1.28222,1.28225,1542
2026-04-14T13:45:00+00:00,1.28225,1.28225,1.28084,1.28084,2192
2026-04-14T14:00:00+00:00,1.28084,1.28134,1.28074,1.28094,1451
2026-04-14T14:15:00+00:00,1.28094,1.28094,1.27930,1.27930,846
2026-04-14T14:30:00+00:00,1.27930,1.27930,1.27869,1.27869,1198
2026-04-14T14:45:00+00:00,1.27869,1.27869,1.27848,1.27863,1773
2026-04-14T15:00:00+00:00,1.27863,1.27871,1.27826,1.27826,1332
2026-04-14T15:15:00+00:00,1.27826,1.27826,1.27786,1.27821,1426
2026-04-14T15:30:00+00:00,1.27821,1.27825,1.27805,1.27816,1993
2026-04-14T15:45:00+00:00,1.27816,1.27821,1.27765,1.27765,1847
2026-04-14T16:00:00+00:00,1.27765,1.27767,1.27753,1.27767,1820
2026-04-14T16:15:00+00:00,1.27767,1.27786,1.27767,1.27770,1985
2026-04-14T16:30:00+00:00,1.27770,1.27795,1.27770,1.27777,628
2026-04-14T16:45:00+00:00,1.27777,1.27793,1.27777,1.27793,680
2026-04-14T17:00:00+00:00,1.27793,1.27818,1.27789,1.27801,1147
2026-04-14T17:15:00+00:00,1.27801,1.27825,1.27801,1.27825,1263
2026-04-14T17:30:00+00:00,1.27825,1.27838,1.27808,1.27808,1198
2026-04-14T17:45:00+00:00,1.27808,1.27831,1.27808,1.27830,1044
2026-04-14T18:00:00+00:00,1.27830,1.27847,1.27830,1.27838,927
2026-04-14T18:15:00+00:00,1.27838,1.27838,1.27803,1.27803,2109
2026-04-14T18:30:00+00:00,1.27803,1.27825,1.27800,1.27825,1266
2026-04-14T18:45:00+00:00,1.27825,1.27840,1.27825,1.27829,1921
2026-04-14T19:00:00+00:00,1.27829,1.27856,1.27820,1.27856,2120
2026-04-14T19:15:00+00:00,1.27856,1.27896,1.27856,1.27877,1939
2026-04-14T19:30:00+00:00,1.27877,1.27905,1.27873,1.27905,2099
2026-04-14T19:45:00+00:00,1.27905,1.27929,1.27905,1.27920,1611
2026-04-14T20:00:00+00:00,1.27920,1.27946,1.27916,1.27946,1913
2026-04-14T20:15:00+00:00,1.27946,1.27966,1.27945,1.27966,1501
2026-04-14T20:30:00+00:00,1.27966,1.27984,1.27945,1.27945,1294
2026-04-14T20:45:00+00:00,1.27945,1.27971,1.27945,1.27962,609
2026-04-14T21:00:00+00:00,1.27962,1.27982,1.27962,1.27963,1149
2026-04-14T21:15:00+00:00,1.27963,1.27981,1.27950,1.27950,1494
2026-04-14T21:30:00+00:00,1.27950,1.27951,1.27930,1.27950,890
2026-04-14T21:45:00+00:00,1.27950,1.27957,1.27940,1.27940,1351
2026-04-14T22:00:00+00:00,1.27940,1.27955,1.27940,1.27955,2087
2026-04-14T22:15:00+00:00,1.27955,1.27965,1.27949,1.27965,2234
2026-04-14T22:30:00+00:00,1.27965,1.27971,1.27945,1.27945,1983
2026-04-14T22:45:00+00:00,1.27945,1.27956,1.27942,1.27944,1350
2026-04-14T23:00:00+00:00,1.27944,1.27966,1.27944,1.27964,2334
2026-04-14T23:15:00+00:00,1.27964,1.27978,1.27964,1.27966,1432
2026-04-14T23:30:00+00:00,1.27966,1.27966,1.27930,1.27930,1227
2026-04-14T23:45:00+00:00,1.27930,1.27962,1.27930,1.27962,1426
2026-04-15T00:00:00+00:00,1.27962,1.27998,1.27962,1.27998,1049
2026-04-15T00:15:00+00:00,1.27998,1.27998,1.27968,1.27968,2014
2026-04-15T00:30:00+00:00,1.27968,1.27984,1.27958,1.27982,944
2026-04-15T00:45:00+00:00,1.27982,1.27990,1.27944,1.27944,1924
2026-04-15T01:00:00+00:00,1.27944,1.28018,1.27943,1.28008,405
2026-04-15T01:15:00+00:00,1.28008,1.28008,1.27930,1.27930,1845
2026-04-15T01:30:00+00:00,1.27930,1.27945,1.27920,1.27945,915
2026-04-15T01:45:00+00:00,1.27945,1.27952,1.27922,1.27922,1156
2026-04-15T02:00:00+00:00,1.27922,1.27967,1.27922,1.27942,2140
2026-04-15T02:15:00+00:00,1.27942,1.27942,1.27895,1.27899,1290
2026-04-15T02:30:00+00:00,1.27899,1.27920,1.27875,1.27911,1948
2026-04-15T02:45:00+00:00,1.27911,1.27971,1.27911,1.27969,1572
2026-04-15T03:00:00+00:00,1.27969,1.27971,1.27937,1.27959,1689
2026-04-15T03:15:00+00:00,1.27959,1.27969,1.27944,1.27969,2004
2026-04-15T03:30:00+00:00,1.27969,1.28020,1.27952,1.28020,1827
2026-04-15T03:45:00+00:00,1.28020,1.28037,1.28007,1.28018,1049
2026-04-15T04:00:00+00:00,1.28018,1.28018,1.27999,1.27999,1344
2026-04-15T04:15:00+00:00,1.27999,1.27999,1.27973,1.27973,937
2026-04-15T04:30:00+00:00,1.27973,1.28007,1.27973,1.27997,878
2026-04-15T04:45:00+00:00,1.27997,1.28014,1.27991,1.28007,948
2026-04-15T05:00:00+00:00,1.28007,1.28018,1.28004,1.28013,2309
2026-04-15T05:15:00+00:00,1.28013,1.28015,1.27967,1.27967,1252
2026-04-15T05:30:00+00:00,1.27967,1.27973,1.27951,1.27955,1489
2026-04-15T05:45:00+00:00,1.27955,1.27978,1.27944,1.27956,1059
2026-04-15T06:00:00+00:00,1.27956,1.27970,1.27916,1.27918,1939
2026-04-15T06:15:00+00:00,1.27918,1.27952,1.27918,1.27952,1358
2026-04-15T06:30:00+00:00,1.27952,1.28021,1.27952,1.28021,1850
2026-04-15T06:45:00+00:00,1.28021,1.28141,1.28021,1.28118,1723
2026-04-15T07:00:00+00:00,1.28118,1.28226,1.28118,1.28197,2046
2026-04-15T07:15:00+00:00,1.28197,1.28207,1.28115,1.28115,2300
2026-04-15T07:30:00+00:00,1.28115,1.28126,1.28038,1.28038,1362
2026-04-15T07:45:00+00:00,1.28038,1.28098,1.28030,1.28045,2054
2026-04-15T08:00:00+00:00,1.28045,1.28050,1.28011,1.28016,1278
2026-04-15T08:15:00+00:00,1.28016,1.28016,1.27949,1.27949,1586
2026-04-15T08:30:00+00:00,1.27949,1.27955,1.27922,1.27952,1816
2026-04-15T08:45:00+00:00,1.27952,1.27952,1.27850,1.27850,1581
2026-04-15T09:00:00+00:00,1.27850,1.27864,1.27842,1.27861,1845
2026-04-15T09:15:00+00:00,1.27861,1.27902,1.27857,1.27902,1413
2026-04-15T09:30:00+00:00,1.27902,1.27914,1.27887,1.27890,339
2026-04-15T09:45:00+00:00,1.27890,1.27907,1.27884,1.27904,522
2026-04-15T10:00:00+00:00,1.27904,1.27904,1.27856,1.27856,1460
2026-04-15T10:15:00+00:00,1.27856,1.27856,1.27847,1.27851,1648
2026-04-15T10:30:00+00:00,1.27851,1.27857,1.27835,1.27835,1564
2026-04-15T10:45:00+00:00,1.27835,1.27835,1.27806,1.27806,836
2026-04-15T11:00:00+00:00,1.27806,1.27832,1.27806,1.27832,389
2026-04-15T11:15:00+00:00,1.27832,1.27835,1.27792,1.27813,1281
2026-04-15T11:30:00+00:00,1.27813,1.27846,1.27784,1.27784,1353
2026-04-15T11:45:00+00:00,1.27784,1.27792,1.27769,1.27779,1178
2026-04-15T12:00:00+00:00,1.27779,1.27779,1.27728,1.27728,1522
2026-04-15T12:15:00+00:00,1.27728,1.27749,1.27719,1.27725,2074
2026-04-15T12:30:00+00:00,1.27725,1.27752,1.27714,1.27749,1752
2026-04-15T12:45:00+00:00,1.27749,1.27814,1.27749,1.27809,2376
2026-04-15T13:00:00+00:00,1.27809,1.27809,1.27708,1.27715,2122
2026-04-15T13:15:00+00:00,1.27715,1.27792,1.27686,1.27686,1476
2026-04-15T13:30:00+00:00,1.27686,1.27736,1.27674,1.27736,1634
2026-04-15T13:45:00+00:00,1.27736,1.27736,1.27600,1.27600,2586
2026-04-15T14:00:00+00:00,1.27600,1.27762,1.27600,1.27762,2160
2026-04-15T14:15:00+00:00,1.27762,1.27788,1.27733,1.27788,1512
2026-04-15T14:30:00+00:00,1.27788,1.27798,1.27743,1.27798,1748
2026-04-15T14:45:00+00:00,1.27798,1.27907,1.27798,1.27888,856
2026-04-15T15:00:00+00:00,1.27888,1.27891,1.27859,1.27859,1542
2026-04-15T15:15:00+00:00,1.27859,1.27865,1.27832,1.27832,983
2026-04-15T15:30:00+00:00,1.27832,1.27854,1.27823,1.27854,675
2026-04-15T15:45:00+00:00,1.27854,1.27857,1.27838,1.27854,396
2026-04-15T16:00:00+00:00,1.27854,1.27857,1.27825,1.27857,918
2026-04-15T16:15:00+00:00,1.27857,1.27860,1.27814,1.27814,1305
2026-04-15T16:30:00+00:00,1.27814,1.27814,1.27788,1.27803,1264
2026-04-15T16:45:00+00:00,1.27803,1.27830,1.27803,1.27813,1171
2026-04-15T17:00:00+00:00,1.27813,1.27835,1.27811,1.27811,2474
2026-04-15T17:15:00+00:00,1.27811,1.27830,1.27811,1.27828,2197
2026-04-15T17:30:00+00:00,1.27828,1.27867,1.27828,1.27867,2046
2026-04-15T17:45:00+00:00,1.27867,1.27873,1.27856,1.27862,2222
2026-04-15T18:00:00+00:00,1.27862,1.27878,1.27842,1.27848,1996
2026-04-15T18:15:00+00:00,1.27848,1.27862,1.27841,1.27862,2253
2026-04-15T18:30:00+00:00,1.27862,1.27862,1.27803,1.27820,2224
2026-04-15T18:45:00+00:00,1.27820,1.27829,1.27769,1.27772,1506
2026-04-15T19:00:00+00:00,1.27772,1.27772,1.27729,1.27730,1337
2026-04-15T19:15:00+00:00,1.27730,1.27758,1.27730,1.27736,1467
2026-04-15T19:30:00+00:00,1.27736,1.27744,1.27733,1.27737,1578
2026-04-15T19:45:00+00:00,1.27737,1.27737,1.27688,1.27689,1131
2026-04-15T20:00:00+00:00,1.27689,1.27689,1.27644,1.27644,1484
2026-04-15T20:15:00+00:00,1.27644,1.27672,1.27644,1.27670,1438
2026-04-15T20:30:00+00:00,1.27670,1.27670,1.27640,1.27640,768
2026-04-15T20:45:00+00:00,1.27640,1.27647,1.27637,1.27643,1615
2026-04-15T21:00:00+00:00,1.27643,1.27663,1.27643,1.27661,1411
2026-04-15T21:15:00+00:00,1.27661,1.27661,1.27646,1.27647,1234
2026-04-15T21:30:00+00:00,1.27647,1.27661,1.27645,1.27660,1698
2026-04-15T21:45:00+00:00,1.27660,1.27666,1.27652,1.27666,1383
2026-04-15T22:00:00+00:00,1.27666,1.27682,1.27666,1.27681,140
2026-04-15T22:15:00+00:00,1.27681,1.27685,1.27658,1.27685,1887
2026-04-15T22:30:00+00:00,1.27685,1.27722,1.27685,1.27709,1652
2026-04-15T22:45:00+00:00,1.27709,1.27734,1.27709,1.27726,2143
2026-04-15T23:00:00+00:00,1.27726,1.27735,1.27726,1.27728,2008
2026-04-15T23:15:00+00:00,1.27728,1.27728,1.27714,1.27725,1473
2026-04-15T23:30:00+00:00,1.27725,1.27749,1.27724,1.27724,2222
2026-04-15T23:45:00+00:00,1.27724,1.27735,1.27724,1.27724,2168
2026-04-16T00:00:00+00:00,1.27724,1.27758,1.27718,1.27744,1652
2026-04-16T00:15:00+00:00,1.27744,1.27744,1.27716,1.27722,1480
2026-04-16T00:30:00+00:00,1.27722,1.27803,1.27722,1.27803,1352
2026-04-16T00:45:00+00:00,1.27803,1.27812,1.27775,1.27808,1101
2026-04-16T01:00:00+00:00,1.27808,1.27887,1.27808,1.27887,1288
2026-04-16T01:15:00+00:00,1.27887,1.27887,1.27784,1.27784,615
2026-04-16T01:30:00+00:00,1.27784,1.27792,1.27725,1.27742,1876
2026-04-16T01:45:00+00:00,1.27742,1.27764,1.27742,1.27760,1650
2026-04-16T02:00:00+00:00,1.27760,1.27760,1.27663,1.27663,1411
2026-04-16T02:15:00+00:00,1.27663,1.27691,1.27663,1.27691,1677
2026-04-16T02:30:00+00:00,1.27691,1.27721,1.27681,1.27683,1936
2026-04-16T02:45:00+00:00,1.27683,1.27683,1.27649,1.27667,1911
2026-04-16T03:00:00+00:00,1.27667,1.27687,1.27659,1.27685,1515
2026-04-16T03:15:00+00:00,1.27685,1.27719,1.27684,1.27719,2074
2026-04-16T03:30:00+00:00,1.27719,1.27719,1.27702,1.27702,1940
2026-04-16T03:45:00+00:00,1.27702,1.27702,1.27627,1.27627,1677
2026-04-16T04:00:00+00:00,1.27627,1.27637,1.27605,1.27605,1762
2026-04-16T04:15:00+00:00,1.27605,1.27611,1.27592,1.27592,1465
2026-04-16T04:30:00+00:00,1.27592,1.27600,1.27557,1.27557,1361
2026-04-16T04:45:00+00:00,1.27557,1.27589,1.27557,1.27589,752
2026-04-16T05:00:00+00:00,1.27589,1.27594,1.27570,1.27585,1564
2026-04-16T05:15:00+00:00,1.27585,1.27619,1.27575,1.27619,3137
2026-04-16T05:30:00+00:00,1.27619,1.27626,1.27612,1.27618,2041
2026-04-16T05:45:00+00:00,1.27618,1.27619,1.27599,1.27599,2452
2026-04-16T06:00:00+00:00,1.27599,1.27599,1.27551,1.27551,1970
2026-04-16T06:15:00+00:00,1.27551,1.27674,1.27551,1.27674,1931
2026-04-16T06:30:00+00:00,1.27674,1.27747,1.27674,1.27732,1445
2026-04-16T06:45:00+00:00,1.27732,1.27834,1.27732,1.27808,1701
2026-04-16T07:00:00+00:00,1.27808,1.27816,1.27776,1.27816,2107
2026-04-16T07:15:00+00:00,1.27816,1.27816,1.27699,1.27714,1117
2026-04-16T07:30:00+00:00,1.27714,1.27812,1.27696,1.27812,2227
2026-04-16T07:45:00+00:00,1.27812,1.27862,1.27791,1.27822,1376
2026-04-16T08:00:00+00:00,1.27822,1.27950,1.27822,1.27915,1909
2026-04-16T08:15:00+00:00,1.27915,1.27916,1.27878,1.27902,1531
2026-04-16T08:30:00+00:00,1.27902,1.27902,1.27862,1.27899,1379
2026-04-16T08:45:00+00:00,1.27899,1.27954,1.27891,1.27954,1994
2026-04-16T09:00:00+00:00,1.27954,1.27975,1.27947,1.27949,1255
2026-04-16T09:15:00+00:00,1.27949,1.27949,1.27900,1.27900,1906
2026-04-16T09:30:00+00:00,1.27900,1.27900,1.27857,1.27857,1191
2026-04-16T09:45:00+00:00,1.27857,1.27863,1.27853,1.27863,1729
2026-04-16T10:00:00+00:00,1.27863,1.27893,1.27863,1.27887,1369
2026-04-16T10:15:00+00:00,1.27887,1.27926,1.27887,1.27926,2238
2026-04-16T10:30:00+00:00,1.27926,1.27946,1.27919,1.27946,1804
2026-04-16T10:45:00+00:00,1.27946,1.27965,1.27945,1.27965,1269
2026-04-16T11:00:00+00:00,1.27965,1.27985,1.27957,1.27957,1859
2026-04-16T11:15:00+00:00,1.27957,1.27957,1.27925,1.27935,2694
2026-04-16T11:30:00+00:00,1.27935,1.27935,1.27878,1.27878,1770
2026-04-16T11:45:00+00:00,1.27878,1.27954,1.27878,1.27954,1544
2026-04-16T12:00:00+00:00,1.27954,1.27984,1.27954,1.27969,1948
2026-04-16T12:15:00+00:00,1.27969,1.27981,1.27952,1.27952,2196
2026-04-16T12:30:00+00:00,1.27952,1.28021,1.27916,1.27977,2109
2026-04-16T12:45:00+00:00,1.27977,1.28012,1.27977,1.28003,2023
2026-04-16T13:00:00+00:00,1.28003,1.28017,1.27929,1.27929,1305
2026-04-16T13:15:00+00:00,1.27929,1.27963,1.27889,1.27889,1555
2026-04-16T13:30:00+00:00,1.27889,1.27913,1.27808,1.27913,1531
2026-04-16T13:45:00+00:00,1.27913,1.27913,1.27835,1.27875,1246
2026-04-16T14:00:00+00:00,1.27875,1.28021,1.27875,1.28009,1482
2026-04-16T14:15:00+00:00,1.28009,1.28145,1.28009,1.28100,1318
2026-04-16T14:30:00+00:00,1.28100,1.28110,1.28044,1.28051,2111
2026-04-16T14:45:00+00:00,1.28051,1.28061,1.28022,1.28061,1438
2026-04-16T15:00:00+00:00,1.28061,1.28062,1.28041,1.28041,1308
2026-04-16T15:15:00+00:00,1.28041,1.28041,1.27981,1.28004,1480
2026-04-16T15:30:00+00:00,1.28004,1.28004,1.27887,1.27887,1820
2026-04-16T15:45:00+00:00,1.27887,1.27900,1.27885,1.27900,2028
2026-04-16T16:00:00+00:00,1.27900,1.27903,1.27869,1.27869,1807
2026-04-16T16:15:00+00:00,1.27869,1.27869,1.27842,1.27842,709
2026-04-16T16:30:00+00:00,1.27842,1.27842,1.27825,1.27830,1670
2026-04-16T16:45:00+00:00,1.27830,1.27830,1.27797,1.27805,1745
2026-04-16T17:00:00+00:00,1.27805,1.27816,1.27801,1.27816,1690
2026-04-16T17:15:00+00:00,1.27816,1.27849,1.27816,1.27840,1787
2026-04-16T17:30:00+00:00,1.27840,1.27840,1.27815,1.27815,1028
2026-04-16T17:45:00+00:00,1.27815,1.27829,1.27795,1.27827,1259
2026-04-16T18:00:00+00:00,1.27827,1.27844,1.27826,1.27826,2061
2026-04-16T18:15:00+00:00,1.27826,1.27832,1.27814,1.27832,1059
2026-04-16T18:30:00+00:00,1.27832,1.27834,1.27816,1.27823,2134
2026-04-16T18:45:00+00:00,1.27823,1.27834,1.27823,1.27825,1619
2026-04-16T19:00:00+00:00,1.27825,1.27833,1.27824,1.27825,1843
2026-04-16T19:15:00+00:00,1.27825,1.27825,1.27798,1.27798,1761
2026-04-16T19:30:00+00:00,1.27798,1.27798,1.27742,1.27749,1984
2026-04-16T19:45:00+00:00,1.27749,1.27771,1.27749,1.27771,1246
2026-04-16T20:00:00+00:00,1.27771,1.27775,1.27754,1.27775,1484
2026-04-16T20:15:00+00:00,1.27775,1.27779,1.27770,1.27778,1996
2026-04-16T20:30:00+00:00,1.27778,1.27778,1.27703,1.27703,2116
2026-04-16T20:45:00+00:00,1.27703,1.27705,1.27679,1.27679,1766
2026-04-16T21:00:00+00:00,1.27679,1.27679,1.27636,1.27636,2005
2026-04-16T21:15:00+00:00,1.27636,1.27661,1.27636,1.27661,804
2026-04-16T21:30:00+00:00,1.27661,1.27682,1.27658,1.27682,1214
2026-04-16T21:45:00+00:00,1.27682,1.27698,1.27682,1.27691,1458
2026-04-16T22:00:00+00:00,1.27691,1.27719,1.27691,1.27711,2210
2026-04-16T22:15:00+00:00,1.27711,1.27711,1.27672,1.27672,1246
2026-04-16T22:30:00+00:00,1.27672,1.27697,1.27672,1.27697,2074
2026-04-16T22:45:00+00:00,1.27697,1.27698,1.27688,1.27696,1052
2026-04-16T23:00:00+00:00,1.27696,1.27728,1.27691,1.27728,1459
2026-04-16T23:15:00+00:00,1.27728,1.27745,1.27726,1.27735,1786
2026-04-16T23:30:00+00:00,1.27735,1.27744,1.27735,1.27742,2073
2026-04-16T23:45:00+00:00,1.27742,1.27750,1.27734,1.27734,1832
2026-04-17T00:00:00+00:00,1.27734,1.27734,1.27681,1.27707,1016
2026-04-17T00:15:00+00:00,1.27707,1.27729,1.27698,1.27725,1857
2026-04-17T00:30:00+00:00,1.27725,1.27756,1.27725,1.27750,853
2026-04-17T00:45:00+00:00,1.27750,1.27794,1.27750,1.27768,1090
2026-04-17T01:00:00+00:00,1.27768,1.27783,1.27736,1.27783,2183
2026-04-17T01:15:00+00:00,1.27783,1.27783,1.27727,1.27727,1568
2026-04-17T01:30:00+00:00,1.27727,1.27733,1.27697,1.27733,1936
2026-04-17T01:45:00+00:00,1.27733,1.27745,1.27718,1.27745,1573
2026-04-17T02:00:00+00:00,1.27745,1.27745,1.27684,1.27706,1239
2026-04-17T02:15:00+00:00,1.27706,1.27754,1.27706,1.27724,1126
2026-04-17T02:30:00+00:00,1.27724,1.27748,1.27679,1.27679,1583
2026-04-17T02:45:00+00:00,1.27679,1.27718,1.27656,1.27718,1989
2026-04-17T03:00:00+00:00,1.27718,1.27738,1.27696,1.27696,962
2026-04-17T03:15:00+00:00,1.27696,1.27767,1.27696,1.27767,1296
2026-04-17T03:30:00+00:00,1.27767,1.27788,1.27767,1.27775,2213
2026-04-17T03:45:00+00:00,1.27775,1.27776,1.27755,1.27776,1051
2026-04-17T04:00:00+00:00,1.27776,1.27785,1.27768,1.27775,1525
2026-04-17T04:15:00+00:00,1.27775,1.27780,1.27742,1.27759,1587
2026-04-17T04:30:00+00:00,1.27759,1.27769,1.27758,1.27762,1638
2026-04-17T04:45:00+00:00,1.27762,1.27762,1.27725,1.27725,1153
2026-04-17T05:00:00+00:00,1.27725,1.27751,1.27725,1.27751,647
2026-04-17T05:15:00+00:00,1.27751,1.27768,1.27749,1.27767,2519
2026-04-17T05:30:00+00:00,1.27767,1.27783,1.27733,1.27733,1472
2026-04-17T05:45:00+00:00,1.27733,1.27733,1.27696,1.27722,2635
2026-04-17T06:00:00+00:00,1.27722,1.27722,1.27665,1.27686,1299
2026-04-17T06:15:00+00:00,1.27686,1.27686,1.27642,1.27642,1659
2026-04-17T06:30:00+00:00,1.27642,1.27676,1.27636,1.27636,1471
2026-04-17T06:45:00+00:00,1.27636,1.27636,1.27490,1.27490,2691
2026-04-17T07:00:00+00:00,1.27490,1.27555,1.27465,1.27555,2715
2026-04-17T07:15:00+00:00,1.27555,1.27592,1.27510,1.27510,2414
2026-04-17T07:30:00+00:00,1.27510,1.27592,1.27510,1.27578,1877
2026-04-17T07:45:00+00:00,1.27578,1.27644,1.27575,1.27575,2476
2026-04-17T08:00:00+00:00,1.27575,1.27621,1.27573,1.27621,1354
2026-04-17T08:15:00+00:00,1.27621,1.27621,1.27565,1.27565,1135
2026-04-17T08:30:00+00:00,1.27565,1.27565,1.27514,1.27514,1564
2026-04-17T08:45:00+00:00,1.27514,1.27520,1.27489,1.27489,993
2026-04-17T09:00:00+00:00,1.27489,1.27515,1.27489,1.27515,578
2026-04-17T09:15:00+00:00,1.27515,1.27531,1.27511,1.27524,1689
2026-04-17T09:30:00+00:00,1.27524,1.27534,1.27509,1.27534,1630
2026-04-17T09:45:00+00:00,1.27534,1.27534,1.27464,1.27464,533
2026-04-17T10:00:00+00:00,1.27464,1.27488,1.27464,1.27475,2019
2026-04-17T10:15:00+00:00,1.27475,1.27475,1.27455,1.27465,1249
2026-04-17T10:30:00+00:00,1.27465,1.27486,1.27463,1.27486,2096
2026-04-17T10:45:00+00:00,1.27486,1.27509,1.27486,1.27509,1353
2026-04-17T11:00:00+00:00,1.27509,1.27514,1.27500,1.27501,1194
2026-04-17T11:15:00+00:00,1.27501,1.27575,1.27501,1.27575,1822
2026-04-17T11:30:00+00:00,1.27575,1.27575,1.27538,1.27570,652
2026-04-17T11:45:00+00:00,1.27570,1.27669,1.27570,1.27669,2119
2026-04-17T12:00:00+00:00,1.27669,1.27686,1.27659,1.27671,2071
2026-04-17T12:15:00+00:00,1.27671,1.27671,1.27563,1.27563,1254
2026-04-17T12:30:00+00:00,1.27563,1.27706,1.27563,1.27665,1562
2026-04-17T12:45:00+00:00,1.27665,1.27687,1.27641,1.27687,2018
2026-04-17T13:00:00+00:00,1.27687,1.27687,1.27596,1.27649,1613
2026-04-17T13:15:00+00:00,1.27649,1.27649,1.27414,1.27414,2977
2026-04-17T13:30:00+00:00,1.27414,1.27417,1.27300,1.27300,1605
2026-04-17T13:45:00+00:00,1.27300,1.27300,1.27228,1.27300,1932
2026-04-17T14:00:00+00:00,1.27300,1.27424,1.27300,1.27424,1944
2026-04-17T14:15:00+00:00,1.27424,1.27424,1.27337,1.27352,1114
2026-04-17T14:30:00+00:00,1.27352,1.27418,1.27338,1.27351,2248
2026-04-17T14:45:00+00:00,1.27351,1.27387,1.27314,1.27314,2017
2026-04-17T15:00:00+00:00,1.27314,1.27337,1.27301,1.27301,2364
2026-04-17T15:15:00+00:00,1.27301,1.27301,1.27261,1.27278,1178
2026-04-17T15:30:00+00:00,1.27278,1.27278,1.27243,1.27253,1436
2026-04-17T15:45:00+00:00,1.27253,1.27253,1.27227,1.27235,2074
2026-04-17T16:00:00+00:00,1.27235,1.27235,1.27212,1.27216,1904
2026-04-17T16:15:00+00:00,1.27216,1.27216,1.27193,1.27204,2201
2026-04-17T16:30:00+00:00,1.27204,1.27204,1.27194,1.27198,1301
2026-04-17T16:45:00+00:00,1.27198,1.27198,1.27160,1.27169,1599
2026-04-17T17:00:00+00:00,1.27169,1.27170,1.27126,1.27126,2055
2026-04-17T17:15:00+00:00,1.27126,1.27148,1.27121,1.27148,1582
2026-04-17T17:30:00+00:00,1.27148,1.27153,1.27136,1.27153,648
2026-04-17T17:45:00+00:00,1.27153,1.27180,1.27140,1.27180,1281
2026-04-17T18:00:00+00:00,1.27180,1.27189,1.27168,1.27189,2167
2026-04-17T18:15:00+00:00,1.27189,1.27208,1.27180,1.27180,1414
2026-04-17T18:30:00+00:00,1.27180,1.27180,1.27156,1.27166,1694
2026-04-17T18:45:00+00:00,1.27166,1.27183,1.27162,1.27183,1247
2026-04-17T19:00:00+00:00,1.27183,1.27183,1.27164,1.27168,1542
2026-04-17T19:15:00+00:00,1.27168,1.27197,1.27168,1.27197,1574
2026-04-17T19:30:00+00:00,1.27197,1.27213,1.27196,1.27213,2194
2026-04-17T19:45:00+00:00,1.27213,1.27227,1.27203,1.27227,1559
2026-04-17T20:00:00+00:00,1.27227,1.27257,1.27226,1.27257,1235
2026-04-17T20:15:00+00:00,1.27257,1.27257,1.27230,1.27245,1347
2026-04-17T20:30:00+00:00,1.27245,1.27263,1.27240,1.27263,1805
2026-04-17T20:45:00+00:00,1.27263,1.27315,1.27263,1.27315,1215
2026-04-17T21:00:00+00:00,1.27315,1.27315,1.27295,1.27305,1226
2026-04-17T21:15:00+00:00,1.27305,1.27334,1.27305,1.27334,2105
2026-04-17T21:30:00+00:00,1.27334,1.27334,1.27312,1.27312,2098
2026-04-17T21:45:00+00:00,1.27312,1.27324,1.27305,1.27324,1547
2026-04-17T22:00:00+00:00,1.27324,1.27328,1.27308,1.27308,1343
2026-04-17T22:15:00+00:00,1.27308,1.27342,1.27307,1.27342,1982
2026-04-17T22:30:00+00:00,1.27342,1.27342,1.27303,1.27303,1244
2026-04-17T22:45:00+00:00,1.27303,1.27319,1.27303,1.27312,1125
2026-04-17T23:00:00+00:00,1.27312,1.27319,1.27291,1.27305,1881
2026-04-17T23:15:00+00:00,1.27305,1.27348,1.27305,1.27343,1454
2026-04-17T23:30:00+00:00,1.27343,1.27353,1.27322,1.27322,1353
2026-04-17T23:45:00+00:00,1.27322,1.27322,1.27296,1.27296,2134
2026-04-20T00:00:00+00:00,1.27296,1.27336,1.27296,1.27336,517
2026-04-20T00:15:00+00:00,1.27336,1.27380,1.27336,1.27371,1935
2026-04-20T00:30:00+00:00,1.27371,1.27386,1.27371,1.27376,1723
2026-04-20T00:45:00+00:00,1.27376,1.27376,1.27324,1.27324,1613
2026-04-20T01:00:00+00:00,1.27324,1.27370,1.27324,1.27370,2232
2026-04-20T01:15:00+00:00,1.27370,1.27400,1.27370,1.27397,1549
2026-04-20T01:30:00+00:00,1.27397,1.27416,1.27394,1.27404,1942
2026-04-20T01:45:00+00:00,1.27404,1.27404,1.27346,1.27368,1011
2026-04-20T02:00:00+00:00,1.27368,1.27394,1.27368,1.27382,1534
2026-04-20T02:15:00+00:00,1.27382,1.27446,1.27382,1.27446,1431
2026-04-20T02:30:00+00:00,1.27446,1.27446,1.27417,1.27441,2022
2026-04-20T02:45:00+00:00,1.27441,1.27462,1.27441,1.27454,2052
2026-04-20T03:00:00+00:00,1.27454,1.27468,1.27434,1.27434,766
2026-04-20T03:15:00+00:00,1.27434,1.27439,1.27387,1.27387,1214
2026-04-20T03:30:00+00:00,1.27387,1.27433,1.27383,1.27433,2205
2026-04-20T03:45:00+00:00,1.27433,1.27439,1.27422,1.27430,1897
2026-04-20T04:00:00+00:00,1.27430,1.27430,1.27413,1.27413,1523
2026-04-20T04:15:00+00:00,1.27413,1.27423,1.27398,1.27398,697
2026-04-20T04:30:00+00:00,1.27398,1.27415,1.27389,1.27415,1707
2026-04-20T04:45:00+00:00,1.27415,1.27422,1.27402,1.27418,1489
2026-04-20T05:00:00+00:00,1.27418,1.27427,1.27397,1.27400,1499
2026-04-20T05:15:00+00:00,1.27400,1.27412,1.27387,1.27412,1637
2026-04-20T05:30:00+00:00,1.27412,1.27473,1.27412,1.27473,1383
2026-04-20T05:45:00+00:00,1.27473,1.27519,1.27473,1.27519,703
2026-04-20T06:00:00+00:00,1.27519,1.27602,1.27519,1.27602,2078
2026-04-20T06:15:00+00:00,1.27602,1.27622,1.27541,1.27541,1604
2026-04-20T06:30:00+00:00,1.27541,1.27553,1.27501,1.27517,989
2026-04-20T06:45:00+00:00,1.27517,1.27565,1.27505,1.27510,1977
2026-04-20T07:00:00+00:00,1.27510,1.27510,1.27417,1.27506,2386
2026-04-20T07:15:00+00:00,1.27506,1.27506,1.27279,1.27279,1900
2026-04-20T07:30:00+00:00,1.27279,1.27375,1.27154,1.27183,2412
2026-04-20T07:45:00+00:00,1.27183,1.27233,1.27079,1.27079,1719
2026-04-20T08:00:00+00:00,1.27079,1.27168,1.27072,1.27168,1288
2026-04-20T08:15:00+00:00,1.27168,1.27257,1.27168,1.27255,1548
2026-04-20T08:30:00+00:00,1.27255,1.27265,1.27221,1.27221,1569
2026-04-20T08:45:00+00:00,1.27221,1.27287,1.27221,1.27232,1023
2026-04-20T09:00:00+00:00,1.27232,1.27286,1.27232,1.27286,2619
2026-04-20T09:15:00+00:00,1.27286,1.27344,1.27286,1.27344,2039
2026-04-20T09:30:00+00:00,1.27344,1.27346,1.27334,1.27335,2164
2026-04-20T09:45:00+00:00,1.27335,1.27344,1.27319,1.27319,2349
2026-04-20T10:00:00+00:00,1.27319,1.27319,1.27298,1.27298,627
2026-04-20T10:15:00+00:00,1.27298,1.27359,1.27298,1.27357,1327
2026-04-20T10:30:00+00:00,1.27357,1.27369,1.27337,1.27337,2251
2026-04-20T10:45:00+00:00,1.27337,1.27337,1.27323,1.27326,1506
2026-04-20T11:00:00+00:00,1.27326,1.27326,1.27305,1.27305,1183
2026-04-20T11:15:00+00:00,1.27305,1.27359,1.27305,1.27359,791
2026-04-20T11:30:00+00:00,1.27359,1.27388,1.27352,1.27381,1852
2026-04-20T11:45:00+00:00,1.27381,1.27399,1.27381,1.27383,847
2026-04-20T12:00:00+00:00,1.27383,1.27433,1.27383,1.27407,1392
2026-04-20T12:15:00+00:00,1.27407,1.27408,1.27357,1.27405,1330
2026-04-20T12:30:00+00:00,1.27405,1.27466,1.27405,1.27466,1553
2026-04-20T12:45:00+00:00,1.27466,1.27472,1.27404,1.27458,2380
2026-04-20T13:00:00+00:00,1.27458,1.27570,1.27458,1.27505,2416
2026-04-20T13:15:00+00:00,1.27505,1.27543,1.27505,1.27528,2734
2026-04-20T13:30:00+00:00,1.27528,1.27620,1.27502,1.27567,1579
2026-04-20T13:45:00+00:00,1.27567,1.27751,1.27567,1.27751,2243
2026-04-20T14:00:00+00:00,1.27751,1.27832,1.27750,1.27812,2774
2026-04-20T14:15:00+00:00,1.27812,1.27812,1.27704,1.27733,648
2026-04-20T14:30:00+00:00,1.27733,1.27768,1.27729,1.27768,1022
2026-04-20T14:45:00+00:00,1.27768,1.27769,1.27689,1.27689,2188
2026-04-20T15:00:00+00:00,1.27689,1.27747,1.27689,1.27724,1322
2026-04-20T15:15:00+00:00,1.27724,1.27755,1.27709,1.27709,1619
2026-04-20T15:30:00+00:00,1.27709,1.27709,1.27647,1.27699,1869
2026-04-20T15:45:00+00:00,1.27699,1.27724,1.27699,1.27718,1234
2026-04-20T16:00:00+00:00,1.27718,1.27720,1.27698,1.27698,1027
2026-04-20T16:15:00+00:00,1.27698,1.27702,1.27695,1.27696,180
2026-04-20T16:30:00+00:00,1.27696,1.27696,1.27671,1.27676,1840
2026-04-20T16:45:00+00:00,1.27676,1.27702,1.27676,1.27702,1630
2026-04-20T17:00:00+00:00,1.27702,1.27714,1.27696,1.27714,2239
2026-04-20T17:15:00+00:00,1.27714,1.27717,1.27693,1.27699,1578
2026-04-20T17:30:00+00:00,1.27699,1.27699,1.27683,1.27683,1305
2026-04-20T17:45:00+00:00,1.27683,1.27694,1.27683,1.27694,1182
2026-04-20T18:00:00+00:00,1.27694,1.27719,1.27694,1.27718,819
2026-04-20T18:15:00+00:00,1.27718,1.27718,1.27680,1.27680,1262
2026-04-20T18:30:00+00:00,1.27680,1.27683,1.27658,1.27669,1257
2026-04-20T18:45:00+00:00,1.27669,1.27679,1.27645,1.27648,2139
2026-04-20T19:00:00+00:00,1.27648,1.27648,1.27638,1.27646,2080
2026-04-20T19:15:00+00:00,1.27646,1.27677,1.27646,1.27649,838
2026-04-20T19:30:00+00:00,1.27649,1.27655,1.27644,1.27655,1278
2026-04-20T19:45:00+00:00,1.27655,1.27689,1.27655,1.27689,1237
2026-04-20T20:00:00+00:00,1.27689,1.27725,1.27683,1.27725,1045
2026-04-20T20:15:00+00:00,1.27725,1.27726,1.27699,1.27726,1309
2026-04-20T20:30:00+00:00,1.27726,1.27731,1.27706,1.27718,1761
2026-04-20T20:45:00+00:00,1.27718,1.27729,1.27718,1.27721,1154
2026-04-20T21:00:00+00:00,1.27721,1.27722,1.27682,1.27682,1500
2026-04-20T21:15:00+00:00,1.27682,1.27688,1.27653,1.27688,1629
2026-04-20T21:30:00+00:00,1.27688,1.27709,1.27684,1.27709,1902
2026-04-20T21:45:00+00:00,1.27709,1.27709,1.27665,1.27676,1560
2026-04-20T22:00:00+00:00,1.27676,1.27681,1.27662,1.27681,1983
2026-04-20T22:15:00+00:00,1.27681,1.27686,1.27672,1.27680,2076
2026-04-20T22:30:00+00:00,1.27680,1.27685,1.27663,1.27685,2099
2026-04-20T22:45:00+00:00,1.27685,1.27699,1.27685,1.27688,827
2026-04-20T23:00:00+00:00,1.27688,1.27690,1.27661,1.27690,1707
2026-04-20T23:15:00+00:00,1.27690,1.27733,1.27690,1.27724,1079
2026-04-20T23:30:00+00:00,1.27724,1.27724,1.27688,1.27688,1769
2026-04-20T23:45:00+00:00,1.27688,1.27709,1.27680,1.27687,1175
2026-04-21T00:00:00+00:00,1.27687,1.27712,1.27686,1.27686,879
2026-04-21T00:15:00+00:00,1.27686,1.27686,1.27658,1.27667,602
2026-04-21T00:30:00+00:00,1.27667,1.27720,1.27666,1.27720,1588
2026-04-21T00:45:00+00:00,1.27720,1.27752,1.27713,1.27724,2161
2026-04-21T01:00:00+00:00,1.27724,1.27724,1.27694,1.27694,1431
2026-04-21T01:15:00+00:00,1.27694,1.27729,1.27687,1.27729,1490
2026-04-21T01:30:00+00:00,1.27729,1.27777,1.27729,1.27759,1846
2026-04-21T01:45:00+00:00,1.27759,1.27768,1.27720,1.27730,1568
2026-04-21T02:00:00+00:00,1.27730,1.27755,1.27720,1.27720,1303
2026-04-21T02:15:00+00:00,1.27720,1.27774,1.27720,1.27756,398
2026-04-21T02:30:00+00:00,1.27756,1.27764,1.27719,1.27754,1287
2026-04-21T02:45:00+00:00,1.27754,1.27754,1.27721,1.27721,1024
2026-04-21T03:00:00+00:00,1.27721,1.27721,1.27662,1.27666,1610
2026-04-21T03:15:00+00:00,1.27666,1.27668,1.27643,1.27644,1395
2026-04-21T03:30:00+00:00,1.27644,1.27688,1.27641,1.27688,1648
2026-04-21T03:45:00+00:00,1.27688,1.27688,1.27634,1.27634,1763
2026-04-21T04:00:00+00:00,1.27634,1.27634,1.27626,1.27629,1256
2026-04-21T04:15:00+00:00,1.27629,1.27629,1.27595,1.27595,994
2026-04-21T04:30:00+00:00,1.27595,1.27606,1.27582,1.27582,1459
2026-04-21T04:45:00+00:00,1.27582,1.27582,1.27537,1.27537,1068
2026-04-21T05:00:00+00:00,1.27537,1.27569,1.27537,1.27545,2181
2026-04-21T05:15:00+00:00,1.27545,1.27558,1.27534,1.27534,1499
2026-04-21T05:30:00+00:00,1.27534,1.27542,1.27510,1.27510,2346
2026-04-21T05:45:00+00:00,1.27510,1.27541,1.27506,1.27521,994
2026-04-21T06:00:00+00:00,1.27521,1.27558,1.27521,1.27558,1536
2026-04-21T06:15:00+00:00,1.27558,1.27558,1.27513,1.27539,2052
2026-04-21T06:30:00+00:00,1.27539,1.27570,1.27509,1.27570,1280
2026-04-21T06:45:00+00:00,1.27570,1.27570,1.27471,1.27548,1591
2026-04-21T07:00:00+00:00,1.27548,1.27612,1.27525,1.27535,2017
2026-04-21T07:15:00+00:00,1.27535,1.27783,1.27535,1.27751,1519
2026-04-21T07:30:00+00:00,1.27751,1.27763,1.27697,1.27697,600
2026-04-21T07:45:00+00:00,1.27697,1.27705,1.27629,1.27661,1640
2026-04-21T08:00:00+00:00,1.27661,1.27776,1.27661,1.27717,1963
2026-04-21T08:15:00+00:00,1.27717,1.27717,1.27613,1.27662,1969
2026-04-21T08:30:00+00:00,1.27662,1.27712,1.27658,1.27712,1655
2026-04-21T08:45:00+00:00,1.27712,1.27720,1.27704,1.27709,1788
2026-04-21T09:00:00+00:00,1.27709,1.27756,1.27706,1.27756,1002
2026-04-21T09:15:00+00:00,1.27756,1.27759,1.27721,1.27722,818
2026-04-21T09:30:00+00:00,1.27722,1.27722,1.27684,1.27703,1442
2026-04-21T09:45:00+00:00,1.27703,1.27745,1.27703,1.27745,1774
2026-04-21T10:00:00+00:00,1.27745,1.27749,1.27732,1.27733,2036
2026-04-21T10:15:00+00:00,1.27733,1.27740,1.27716,1.27718,1687
2026-04-21T10:30:00+00:00,1.27718,1.27741,1.27718,1.27741,1369
2026-04-21T10:45:00+00:00,1.27741,1.27795,1.27741,1.27795,1605
2026-04-21T11:00:00+00:00,1.27795,1.27798,1.27791,1.27796,1487
2026-04-21T11:15:00+00:00,1.27796,1.27802,1.27758,1.27758,1207
2026-04-21T11:30:00+00:00,1.27758,1.27765,1.27740,1.27747,1734
2026-04-21T11:45:00+00:00,1.27747,1.27765,1.27721,1.27765,939
2026-04-21T12:00:00+00:00,1.27765,1.27798,1.27751,1.27798,1417
2026-04-21T12:15:00+00:00,1.27798,1.27857,1.27789,1.27800,1472
2026-04-21T12:30:00+00:00,1.27800,1.27842,1.27800,1.27825,2154
2026-04-21T12:45:00+00:00,1.27825,1.27825,1.27791,1.27800,1913
2026-04-21T13:00:00+00:00,1.27800,1.27889,1.27800,1.27889,913
2026-04-21T13:15:00+00:00,1.27889,1.28001,1.27872,1.28001,2134
2026-04-21T13:30:00+00:00,1.28001,1.28042,1.27975,1.28006,2445
2026-04-21T13:45:00+00:00,1.28006,1.28011,1.27845,1.27888,1667
2026-04-21T14:00:00+00:00,1.27888,1.27942,1.27875,1.27889,1777
2026-04-21T14:15:00+00:00,1.27889,1.27933,1.27872,1.27933,1767
2026-04-21T14:30:00+00:00,1.27933,1.27945,1.27900,1.27945,1880
2026-04-21T14:45:00+00:00,1.27945,1.27945,1.27898,1.27917,1524
2026-04-21T15:00:00+00:00,1.27917,1.27955,1.27917,1.27955,774
2026-04-21T15:15:00+00:00,1.27955,1.27960,1.27934,1.27934,1369
2026-04-21T15:30:00+00:00,1.27934,1.27943,1.27899,1.27902,2204
2026-04-21T15:45:00+00:00,1.27902,1.27953,1.27902,1.27953,1096
2026-04-21T16:00:00+00:00,1.27953,1.27953,1.27913,1.27913,1066
2026-04-21T16:15:00+00:00,1.27913,1.27922,1.27908,1.27917,1566
2026-04-21T16:30:00+00:00,1.27917,1.27922,1.27910,1.27922,2443
2026-04-21T16:45:00+00:00,1.27922,1.27930,1.27907,1.27914,1313
2026-04-21T17:00:00+00:00,1.27914,1.27962,1.27914,1.27962,1668
2026-04-21T17:15:00+00:00,1.27962,1.27962,1.27937,1.27950,1396
2026-04-21T17:30:00+00:00,1.27950,1.27968,1.27950,1.27955,816
2026-04-21T17:45:00+00:00,1.27955,1.27957,1.27942,1.27945,1403
2026-04-21T18:00:00+00:00,1.27945,1.27978,1.27937,1.27978,1275
2026-04-21T18:15:00+00:00,1.27978,1.28002,1.27978,1.28002,2011
2026-04-21T18:30:00+00:00,1.28002,1.28004,1.27987,1.27991,1923
2026-04-21T18:45:00+00:00,1.27991,1.28012,1.27981,1.28012,2209
2026-04-21T19:00:00+00:00,1.28012,1.28020,1.27992,1.28020,900
2026-04-21T19:15:00+00:00,1.28020,1.28028,1.28015,1.28024,781
2026-04-21T19:30:00+00:00,1.28024,1.28029,1.28012,1.28029,1757
2026-04-21T19:45:00+00:00,1.28029,1.28057,1.28029,1.28057,1540
2026-04-21T20:00:00+00:00,1.28057,1.28084,1.28057,1.28081,1247
2026-04-21T20:15:00+00:00,1.28081,1.28086,1.28044,1.28044,1220
2026-04-21T20:30:00+00:00,1.28044,1.28059,1.28041,1.28049,1956
2026-04-21T20:45:00+00:00,1.28049,1.28049,1.28004,1.28009,539
2026-04-21T21:00:00+00:00,1.28009,1.28051,1.28009,1.28051,1684
2026-04-21T21:15:00+00:00,1.28051,1.28068,1.28051,1.28063,2040
2026-04-21T21:30:00+00:00,1.28063,1.28081,1.28050,1.28066,1581
2026-04-21T21:45:00+00:00,1.28066,1.28073,1.28056,1.28063,1160
2026-04-21T22:00:00+00:00,1.28063,1.28075,1.28063,1.28071,1212
2026-04-21T22:15:00+00:00,1.28071,1.28071,1.28055,1.28058,2367
2026-04-21T22:30:00+00:00,1.28058,1.28062,1.28039,1.28053,1332
2026-04-21T22:45:00+00:00,1.28053,1.28053,1.28015,1.28015,2612
2026-04-21T23:00:00+00:00,1.28015,1.28015,1.27997,1.27997,960
2026-04-21T23:15:00+00:00,1.27997,1.27997,1.27977,1.27977,1579
2026-04-21T23:30:00+00:00,1.27977,1.27978,1.27952,1.27977,2676
2026-04-21T23:45:00+00:00,1.27977,1.27998,1.27974,1.27978,1974
2026-04-22T00:00:00+00:00,1.27978,1.27986,1.27965,1.27984,1411
2026-04-22T00:15:00+00:00,1.27984,1.27984,1.27894,1.27898,1739
2026-04-22T00:30:00+00:00,1.27898,1.27926,1.27892,1.27924,1537
2026-04-22T00:45:00+00:00,1.27924,1.27957,1.27916,1.27938,2116
2026-04-22T01:00:00+00:00,1.27938,1.27938,1.27828,1.27828,2606
2026-04-22T01:15:00+00:00,1.27828,1.27829,1.27795,1.27795,1901
2026-04-22T01:30:00+00:00,1.27795,1.27796,1.27727,1.27727,1166
2026-04-22T01:45:00+00:00,1.27727,1.27766,1.27727,1.27744,1721
2026-04-22T02:00:00+00:00,1.27744,1.27758,1.27710,1.27739,2018
2026-04-22T02:15:00+00:00,1.27739,1.27743,1.27709,1.27721,2121
2026-04-22T02:30:00+00:00,1.27721,1.27743,1.27718,1.27728,1474
2026-04-22T02:45:00+00:00,1.27728,1.27737,1.27697,1.27697,1927
2026-04-22T03:00:00+00:00,1.27697,1.27711,1.27671,1.27671,1639
2026-04-22T03:15:00+00:00,1.27671,1.27699,1.27660,1.27699,854
2026-04-22T03:30:00+00:00,1.27699,1.27755,1.27699,1.27755,1753
2026-04-22T03:45:00+00:00,1.27755,1.27762,1.27735,1.27754,1807
2026-04-22T04:00:00+00:00,1.27754,1.27775,1.27744,1.27775,1772
2026-04-22T04:15:00+00:00,1.27775,1.27775,1.27749,1.27760,1334
2026-04-22T04:30:00+00:00,1.27760,1.27795,1.27753,1.27795,790
2026-04-22T04:45:00+00:00,1.27795,1.27824,1.27795,1.27810,1408
2026-04-22T05:00:00+00:00,1.27810,1.27823,1.27810,1.27823,1437
2026-04-22T05:15:00+00:00,1.27823,1.27823,1.27789,1.27792,1836
2026-04-22T05:30:00+00:00,1.27792,1.27818,1.27792,1.27818,1595
2026-04-22T05:45:00+00:00,1.27818,1.27865,1.27793,1.27865,2071
2026-04-22T06:00:00+00:00,1.27865,1.27961,1.27848,1.27961,1590
2026-04-22T06:15:00+00:00,1.27961,1.28001,1.27961,1.27979,1731
2026-04-22T06:30:00+00:00,1.27979,1.28097,1.27979,1.28097,1226
2026-04-22T06:45:00+00:00,1.28097,1.28142,1.28087,1.28092,1860
2026-04-22T07:00:00+00:00,1.28092,1.28092,1.27893,1.27893,1524
2026-04-22T07:15:00+00:00,1.27893,1.27893,1.27782,1.27782,1230
2026-04-22T07:30:00+00:00,1.27782,1.27922,1.27782,1.27846,990
2026-04-22T07:45:00+00:00,1.27846,1.27900,1.27778,1.27778,1040
2026-04-22T08:00:00+00:00,1.27778,1.27898,1.27778,1.27898,855
2026-04-22T08:15:00+00:00,1.27898,1.27898,1.27840,1.27862,1626
2026-04-22T08:30:00+00:00,1.27862,1.27910,1.27847,1.27910,1442
2026-04-22T08:45:00+00:00,1.27910,1.27915,1.27860,1.27860,2025
2026-04-22T09:00:00+00:00,1.27860,1.27860,1.27850,1.27853,2288
2026-04-22T09:15:00+00:00,1.27853,1.27890,1.27849,1.27890,1698
2026-04-22T09:30:00+00:00,1.27890,1.27905,1.27890,1.27904,1278
2026-04-22T09:45:00+00:00,1.27904,1.27910,1.27875,1.27885,764
2026-04-22T10:00:00+00:00,1.27885,1.27885,1.27869,1.27876,2016
2026-04-22T10:15:00+00:00,1.27876,1.27881,1.27861,1.27881,826
2026-04-22T10:30:00+00:00,1.27881,1.27881,1.27845,1.27845,1056
2026-04-22T10:45:00+00:00,1.27845,1.27866,1.27845,1.27866,1190
2026-04-22T11:00:00+00:00,1.27866,1.27891,1.27866,1.27869,1589
2026-04-22T11:15:00+00:00,1.27869,1.27916,1.27869,1.27910,1258
2026-04-22T11:30:00+00:00,1.27910,1.27926,1.27902,1.27902,1316
2026-04-22T11:45:00+00:00,1.27902,1.27902,1.27883,1.27898,1809
2026-04-22T12:00:00+00:00,1.27898,1.27902,1.27881,1.27891,391
2026-04-22T12:15:00+00:00,1.27891,1.27912,1.27854,1.27854,1428
2026-04-22T12:30:00+00:00,1.27854,1.27854,1.27757,1.27794,1367
2026-04-22T12:45:00+00:00,1.27794,1.27825,1.27789,1.27825,1952
2026-04-22T13:00:00+00:00,1.27825,1.27825,1.27756,1.27756,2367
2026-04-22T13:15:00+00:00,1.27756,1.27762,1.27684,1.27761,2685
2026-04-22T13:30:00+00:00,1.27761,1.27835,1.27761,1.27830,957
2026-04-22T13:45:00+00:00,1.27830,1.27968,1.27823,1.27968,1483
2026-04-22T14:00:00+00:00,1.27968,1.28000,1.27905,1.27920,1929
2026-04-22T14:15:00+00:00,1.27920,1.27974,1.27920,1.27948,2109
2026-04-22T14:30:00+00:00,1.27948,1.28122,1.27948,1.28122,1218
2026-04-22T14:45:00+00:00,1.28122,1.28160,1.28098,1.28151,1591
2026-04-22T15:00:00+00:00,1.28151,1.28231,1.28151,1.28231,244
2026-04-22T15:15:00+00:00,1.28231,1.28242,1.28195,1.28195,1570
2026-04-22T15:30:00+00:00,1.28195,1.28198,1.28176,1.28189,1472
2026-04-22T15:45:00+00:00,1.28189,1.28206,1.28187,1.28190,1459
2026-04-22T16:00:00+00:00,1.28190,1.28190,1.28172,1.28172,1007
2026-04-22T16:15:00+00:00,1.28172,1.28185,1.28172,1.28175,1024
2026-04-22T16:30:00+00:00,1.28175,1.28212,1.28170,1.28204,1400
2026-04-22T16:45:00+00:00,1.28204,1.28213,1.28185,1.28185,1428
2026-04-22T17:00:00+00:00,1.28185,1.28185,1.28155,1.28177,1443
2026-04-22T17:15:00+00:00,1.28177,1.28187,1.28172,1.28172,2009
2026-04-22T17:30:00+00:00,1.28172,1.28225,1.28172,1.28225,587
2026-04-22T17:45:00+00:00,1.28225,1.28233,1.28210,1.28213,1071
2026-04-22T18:00:00+00:00,1.28213,1.28216,1.28200,1.28203,989
2026-04-22T18:15:00+00:00,1.28203,1.28203,1.28177,1.28189,1554
2026-04-22T18:30:00+00:00,1.28189,1.28204,1.28174,1.28174,1642
2026-04-22T18:45:00+00:00,1.28174,1.28188,1.28174,1.28180,1904
2026-04-22T19:00:00+00:00,1.28180,1.28218,1.28180,1.28201,1555
2026-04-22T19:15:00+00:00,1.28201,1.28203,1.28187,1.28187,1329
2026-04-22T19:30:00+00:00,1.28187,1.28217,1.28187,1.28216,1076
2026-04-22T19:45:00+00:00,1.28216,1.28232,1.28216,1.28228,2370
2026-04-22T20:00:00+00:00,1.28228,1.28254,1.28228,1.28246,1818
2026-04-22T20:15:00+00:00,1.28246,1.28246,1.28233,1.28237,1954
2026-04-22T20:30:00+00:00,1.28237,1.28242,1.28232,1.28238,1686
2026-04-22T20:45:00+00:00,1.28238,1.28249,1.28238,1.28239,1794
2026-04-22T21:00:00+00:00,1.28239,1.28253,1.28231,1.28231,1706
2026-04-22T21:15:00+00:00,1.28231,1.28234,1.28188,1.28188,1477
2026-04-22T21:30:00+00:00,1.28188,1.28188,1.28172,1.28186,1435
2026-04-22T21:45:00+00:00,1.28186,1.28199,1.28179,1.28193,503
2026-04-22T22:00:00+00:00,1.28193,1.28221,1.28192,1.28221,1104
2026-04-22T22:15:00+00:00,1.28221,1.28247,1.28195,1.28195,2245
2026-04-22T22:30:00+00:00,1.28195,1.28211,1.28179,1.28211,512
2026-04-22T22:45:00+00:00,1.28211,1.28229,1.28211,1.28212,1541
2026-04-22T23:00:00+00:00,1.28212,1.28212,1.28186,1.28195,1863
2026-04-22T23:15:00+00:00,1.28195,1.28195,1.28153,1.28153,2257
2026-04-22T23:30:00+00:00,1.28153,1.28183,1.28153,1.28183,1461
2026-04-22T23:45:00+00:00,1.28183,1.28211,1.28183,1.28202,1430
2026-04-23T00:00:00+00:00,1.28202,1.28255,1.28202,1.28255,2245
2026-04-23T00:15:00+00:00,1.28255,1.28283,1.28231,1.28264,1367
2026-04-23T00:30:00+00:00,1.28264,1.28276,1.28245,1.28261,1441
2026-04-23T00:45:00+00:00,1.28261,1.28287,1.28261,1.28263,2199
2026-04-23T01:00:00+00:00,1.28263,1.28264,1.28245,1.28251,1680
2026-04-23T01:15:00+00:00,1.28251,1.28251,1.28224,1.28238,1397
2026-04-23T01:30:00+00:00,1.28238,1.28280,1.28238,1.28280,1265
2026-04-23T01:45:00+00:00,1.28280,1.28280,1.28210,1.28251,2518
2026-04-23T02:00:00+00:00,1.28251,1.28270,1.28245,1.28245,2024
2026-04-23T02:15:00+00:00,1.28245,1.28245,1.28192,1.28192,927
2026-04-23T02:30:00+00:00,1.28192,1.28229,1.28174,1.28174,1170
2026-04-23T02:45:00+00:00,1.28174,1.28174,1.28132,1.28159,2014
2026-04-23T03:00:00+00:00,1.28159,1.28159,1.28150,1.28153,982
2026-04-23T03:15:00+00:00,1.28153,1.28153,1.28085,1.28085,864
2026-04-23T03:30:00+00:00,1.28085,1.28085,1.28035,1.28035,1646
2026-04-23T03:45:00+00:00,1.28035,1.28056,1.28030,1.28049,1571
2026-04-23T04:00:00+00:00,1.28049,1.28049,1.28018,1.28018,881
2026-04-23T04:15:00+00:00,1.28018,1.28018,1.27983,1.28003,517
2026-04-23T04:30:00+00:00,1.28003,1.28003,1.27991,1.27991,1574
2026-04-23T04:45:00+00:00,1.27991,1.28011,1.27981,1.27981,1508
2026-04-23T05:00:00+00:00,1.27981,1.28007,1.27981,1.28007,1571
2026-04-23T05:15:00+00:00,1.28007,1.28007,1.27992,1.28001,2082
2026-04-23T05:30:00+00:00,1.28001,1.28034,1.27989,1.28034,2004
2026-04-23T05:45:00+00:00,1.28034,1.28085,1.28034,1.28085,2446
2026-04-23T06:00:00+00:00,1.28085,1.28155,1.28085,1.28155,2052
2026-04-23T06:15:00+00:00,1.28155,1.28209,1.28155,1.28197,1476
2026-04-23T06:30:00+00:00,1.28197,1.28197,1.28107,1.28161,2467
2026-04-23T06:45:00+00:00,1.28161,1.28220,1.28087,1.28117,1900
2026-04-23T07:00:00+00:00,1.28117,1.28221,1.28117,1.28184,1366
2026-04-23T07:15:00+00:00,1.28184,1.28286,1.28170,1.28286,1640
2026-04-23T07:30:00+00:00,1.28286,1.28365,1.28270,1.28365,1299
2026-04-23T07:45:00+00:00,1.28365,1.28512,1.28365,1.28417,1925
2026-04-23T08:00:00+00:00,1.28417,1.28492,1.28370,1.28492,1950
2026-04-23T08:15:00+00:00,1.28492,1.28528,1.28478,1.28478,2125
2026-04-23T08:30:00+00:00,1.28478,1.28544,1.28478,1.28534,914
2026-04-23T08:45:00+00:00,1.28534,1.28536,1.28495,1.28536,1818
2026-04-23T09:00:00+00:00,1.28536,1.28542,1.28510,1.28519,780
2026-04-23T09:15:00+00:00,1.28519,1.28534,1.28519,1.28524,2109
2026-04-23T09:30:00+00:00,1.28524,1.28524,1.28506,1.28518,1085
2026-04-23T09:45:00+00:00,1.28518,1.28544,1.28518,1.28537,1624
2026-04-23T10:00:00+00:00,1.28537,1.28537,1.28501,1.28509,1370
2026-04-23T10:15:00+00:00,1.28509,1.28511,1.28507,1.28511,1693
2026-04-23T10:30:00+00:00,1.28511,1.28535,1.28511,1.28523,1315
2026-04-23T10:45:00+00:00,1.28523,1.28536,1.28520,1.28522,1955
2026-04-23T11:00:00+00:00,1.28522,1.28522,1.28483,1.28483,1413
2026-04-23T11:15:00+00:00,1.28483,1.28483,1.28450,1.28450,1395
2026-04-23T11:30:00+00:00,1.28450,1.28497,1.28450,1.28478,1197
2026-04-23T11:45:00+00:00,1.28478,1.28525,1.28471,1.28525,2088
2026-04-23T12:00:00+00:00,1.28525,1.28540,1.28481,1.28481,1467
2026-04-23T12:15:00+00:00,1.28481,1.28517,1.28463,1.28463,2387
2026-04-23T12:30:00+00:00,1.28463,1.28490,1.28463,1.28469,1159
2026-04-23T12:45:00+00:00,1.28469,1.28469,1.28355,1.28376,1541
2026-04-23T13:00:00+00:00,1.28376,1.28390,1.28335,1.28357,2377
2026-04-23T13:15:00+00:00,1.28357,1.28399,1.28306,1.28399,1396
2026-04-23T13:30:00+00:00,1.28399,1.28432,1.28338,1.28338,2422
2026-04-23T13:45:00+00:00,1.28338,1.28418,1.28338,1.28398,854
2026-04-23T14:00:00+00:00,1.28398,1.28410,1.28357,1.28357,1979
2026-04-23T14:15:00+00:00,1.28357,1.28454,1.28357,1.28426,1197
2026-04-23T14:30:00+00:00,1.28426,1.28449,1.28381,1.28381,1072
2026-04-23T14:45:00+00:00,1.28381,1.28396,1.28365,1.28365,2263
2026-04-23T15:00:00+00:00,1.28365,1.28375,1.28285,1.28285,1080
2026-04-23T15:15:00+00:00,1.28285,1.28316,1.28258,1.28269,1291
2026-04-23T15:30:00+00:00,1.28269,1.28269,1.28235,1.28235,1638
2026-04-23T15:45:00+00:00,1.28235,1.28302,1.28235,1.28302,2298
2026-04-23T16:00:00+00:00,1.28302,1.28316,1.28291,1.28316,943
2026-04-23T16:15:00+00:00,1.28316,1.28355,1.28314,1.28355,1708
2026-04-23T16:30:00+00:00,1.28355,1.28367,1.28350,1.28362,1999
2026-04-23T16:45:00+00:00,1.28362,1.28364,1.28343,1.28355,1344
2026-04-23T17:00:00+00:00,1.28355,1.28355,1.28348,1.28350,1542
2026-04-23T17:15:00+00:00,1.28350,1.28350,1.28333,1.28335,1173
2026-04-23T17:30:00+00:00,1.28335,1.28357,1.28321,1.28357,2072
2026-04-23T17:45:00+00:00,1.28357,1.28367,1.28349,1.28354,336
2026-04-23T18:00:00+00:00,1.28354,1.28413,1.28354,1.28413,406
2026-04-23T18:15:00+00:00,1.28413,1.28413,1.28387,1.28395,1978
2026-04-23T18:30:00+00:00,1.28395,1.28395,1.28379,1.28379,955
2026-04-23T18:45:00+00:00,1.28379,1.28379,1.28355,1.28362,2451
2026-04-23T19:00:00+00:00,1.28362,1.28362,1.28306,1.28306,1403
2026-04-23T19:15:00+00:00,1.28306,1.28306,1.28282,1.28295,609
2026-04-23T19:30:00+00:00,1.28295,1.28318,1.28295,1.28318,398
2026-04-23T19:45:00+00:00,1.28318,1.28371,1.28318,1.28369,1484
2026-04-23T20:00:00+00:00,1.28369,1.28375,1.28357,1.28366,1242
2026-04-23T20:15:00+00:00,1.28366,1.28372,1.28344,1.28372,973
2026-04-23T20:30:00+00:00,1.28372,1.28393,1.28371,1.28371,2279
2026-04-23T20:45:00+00:00,1.28371,1.28384,1.28370,1.28370,1235
2026-04-23T21:00:00+00:00,1.28370,1.28375,1.28362,1.28366,1592
2026-04-23T21:15:00+00:00,1.28366,1.28388,1.28366,1.28378,1240
2026-04-23T21:30:00+00:00,1.28378,1.28378,1.28331,1.28344,1308
2026-04-23T21:45:00+00:00,1.28344,1.28356,1.28339,1.28349,664
2026-04-23T22:00:00+00:00,1.28349,1.28349,1.28310,1.28310,1790
2026-04-23T22:15:00+00:00,1.28310,1.28314,1.28301,1.28311,1289
2026-04-23T22:30:00+00:00,1.28311,1.28321,1.28293,1.28321,406
2026-04-23T22:45:00+00:00,1.28321,1.28321,1.28287,1.28287,1179
2026-04-23T23:00:00+00:00,1.28287,1.28294,1.28271,1.28285,601
2026-04-23T23:15:00+00:00,1.28285,1.28297,1.28285,1.28285,1649
2026-04-23T23:30:00+00:00,1.28285,1.28306,1.28285,1.28306,1074
2026-04-23T23:45:00+00:00,1.28306,1.28306,1.28264,1.28266,1805
2026-04-24T00:00:00+00:00,1.28266,1.28266,1.28247,1.28259,1699
2026-04-24T00:15:00+00:00,1.28259,1.28280,1.28238,1.28245,1598
2026-04-24T00:30:00+00:00,1.28245,1.28259,1.28221,1.28231,1392
2026-04-24T00:45:00+00:00,1.28231,1.28241,1.28203,1.28241,2217
2026-04-24T01:00:00+00:00,1.28241,1.28241,1.28179,1.28183,1118
2026-04-24T01:15:00+00:00,1.28183,1.28203,1.28152,1.28152,566
2026-04-24T01:30:00+00:00,1.28152,1.28153,1.28112,1.28112,1004
2026-04-24T01:45:00+00:00,1.28112,1.28160,1.28112,1.28160,2096
2026-04-24T02:00:00+00:00,1.28160,1.28194,1.28160,1.28164,1974
2026-04-24T02:15:00+00:00,1.28164,1.28226,1.28153,1.28206,1525
2026-04-24T02:30:00+00:00,1.28206,1.28215,1.28190,1.28199,2139
2026-04-24T02:45:00+00:00,1.28199,1.28199,1.28169,1.28190,1639
2026-04-24T03:00:00+00:00,1.28190,1.28197,1.28175,1.28194,735
2026-04-24T03:15:00+00:00,1.28194,1.28205,1.28185,1.28196,1471
2026-04-24T03:30:00+00:00,1.28196,1.28241,1.28196,1.28241,1532
2026-04-24T03:45:00+00:00,1.28241,1.28260,1.28218,1.28221,1656
2026-04-24T04:00:00+00:00,1.28221,1.28229,1.28202,1.28212,1509
2026-04-24T04:15:00+00:00,1.28212,1.28212,1.28171,1.28175,1238
2026-04-24T04:30:00+00:00,1.28175,1.28202,1.28175,1.28194,1258
2026-04-24T04:45:00+00:00,1.28194,1.28205,1.28188,1.28199,1057
2026-04-24T05:00:00+00:00,1.28199,1.28199,1.28163,1.28163,1749
2026-04-24T05:15:00+00:00,1.28163,1.28186,1.28163,1.28176,1040
2026-04-24T05:30:00+00:00,1.28176,1.28207,1.28176,1.28189,1718
2026-04-24T05:45:00+00:00,1.28189,1.28189,1.28155,1.28167,2016
2026-04-24T06:00:00+00:00,1.28167,1.28290,1.28167,1.28290,1284
2026-04-24T06:15:00+00:00,1.28290,1.28309,1.28218,1.28218,2028
2026-04-24T06:30:00+00:00,1.28218,1.28244,1.28205,1.28244,1837
2026-04-24T06:45:00+00:00,1.28244,1.28299,1.28230,1.28280,2891
2026-04-24T07:00:00+00:00,1.28280,1.28302,1.28196,1.28246,2392
2026-04-24T07:15:00+00:00,1.28246,1.28246,1.28007,1.28048,2516
2026-04-24T07:30:00+00:00,1.28048,1.28134,1.28025,1.28057,2476
2026-04-24T07:45:00+00:00,1.28057,1.28097,1.28006,1.28038,2127
2026-04-24T08:00:00+00:00,1.28038,1.28154,1.28038,1.28094,2120
2026-04-24T08:15:00+00:00,1.28094,1.28110,1.28078,1.28110,1875
2026-04-24T08:30:00+00:00,1.28110,1.28134,1.28080,1.28133,1000
2026-04-24T08:45:00+00:00,1.28133,1.28183,1.28133,1.28182,1393
2026-04-24T09:00:00+00:00,1.28182,1.28259,1.28182,1.28259,1834
2026-04-24T09:15:00+00:00,1.28259,1.28283,1.28259,1.28277,1453
2026-04-24T09:30:00+00:00,1.28277,1.28277,1.28254,1.28254,914
2026-04-24T09:45:00+00:00,1.28254,1.28254,1.28228,1.28236,882
2026-04-24T10:00:00+00:00,1.28236,1.28252,1.28236,1.28249,1670
2026-04-24T10:15:00+00:00,1.28249,1.28286,1.28249,1.28265,1524
2026-04-24T10:30:00+00:00,1.28265,1.28292,1.28265,1.28276,1226
2026-04-24T10:45:00+00:00,1.28276,1.28286,1.28271,1.28286,1659
2026-04-24T11:00:00+00:00,1.28286,1.28295,1.28267,1.28295,1526
2026-04-24T11:15:00+00:00,1.28295,1.28297,1.28286,1.28289,678
2026-04-24T11:30:00+00:00,1.28289,1.28333,1.28285,1.28320,1822
2026-04-24T11:45:00+00:00,1.28320,1.28349,1.28320,1.28348,1079
2026-04-24T12:00:00+00:00,1.28348,1.28348,1.28288,1.28288,1412
2026-04-24T12:15:00+00:00,1.28288,1.28306,1.28241,1.28294,2253
2026-04-24T12:30:00+00:00,1.28294,1.28307,1.28257,1.28265,1684
2026-04-24T12:45:00+00:00,1.28265,1.28338,1.28265,1.28301,1213
2026-04-24T13:00:00+00:00,1.28301,1.28399,1.28301,1.28399,1110
2026-04-24T13:15:00+00:00,1.28399,1.28399,1.28257,1.28257,2277
2026-04-24T13:30:00+00:00,1.28257,1.28315,1.28179,1.28315,2276
2026-04-24T13:45:00+00:00,1.28315,1.28376,1.28305,1.28376,1547
2026-04-24T14:00:00+00:00,1.28376,1.28475,1.28376,1.28448,2476
2026-04-24T14:15:00+00:00,1.28448,1.28448,1.28398,1.28404,1485
2026-04-24T14:30:00+00:00,1.28404,1.28404,1.28366,1.28397,3021
2026-04-24T14:45:00+00:00,1.28397,1.28397,1.28339,1.28365,1914
2026-04-24T15:00:00+00:00,1.28365,1.28365,1.28326,1.28360,1934
2026-04-24T15:15:00+00:00,1.28360,1.28396,1.28360,1.28383,2283
2026-04-24T15:30:00+00:00,1.28383,1.28410,1.28357,1.28357,1588
2026-04-24T15:45:00+00:00,1.28357,1.28360,1.28327,1.28331,1112
2026-04-24T16:00:00+00:00,1.28331,1.28343,1.28331,1.28341,1568
2026-04-24T16:15:00+00:00,1.28341,1.28341,1.28311,1.28311,1734
2026-04-24T16:30:00+00:00,1.28311,1.28311,1.28286,1.28286,1072
2026-04-24T16:45:00+00:00,1.28286,1.28286,1.28270,1.28274,1371
2026-04-24T17:00:00+00:00,1.28274,1.28280,1.28264,1.28280,1042
2026-04-24T17:15:00+00:00,1.28280,1.28318,1.28280,1.28299,1862
2026-04-24T17:30:00+00:00,1.28299,1.28301,1.28289,1.28301,881
2026-04-24T17:45:00+00:00,1.28301,1.28337,1.28296,1.28337,1702
2026-04-24T18:00:00+00:00,1.28337,1.28348,1.28336,1.28340,1553
2026-04-24T18:15:00+00:00,1.28340,1.28358,1.28340,1.28358,1912
2026-04-24T18:30:00+00:00,1.28358,1.28363,1.28348,1.28348,2047
2026-04-24T18:45:00+00:00,1.28348,1.28348,1.28300,1.28300,1691
2026-04-24T19:00:00+00:00,1.28300,1.28334,1.28300,1.28332,1846
2026-04-24T19:15:00+00:00,1.28332,1.28332,1.28310,1.28310,1668
2026-04-24T19:30:00+00:00,1.28310,1.28326,1.28301,1.28326,966
2026-04-24T19:45:00+00:00,1.28326,1.28354,1.28326,1.28354,1309
2026-04-24T20:00:00+00:00,1.28354,1.28354,1.28338,1.28349,1011
2026-04-24T20:15:00+00:00,1.28349,1.28371,1.28349,1.28371,1917
2026-04-24T20:30:00+00:00,1.28371,1.28389,1.28364,1.28389,1492
2026-04-24T20:45:00+00:00,1.28389,1.28401,1.28383,1.28400,1646
2026-04-24T21:00:00+00:00,1.28400,1.28441,1.28400,1.28441,1182
2026-04-24T21:15:00+00:00,1.28441,1.28458,1.28439,1.28449,1583
2026-04-24T21:30:00+00:00,1.28449,1.28456,1.28446,1.28456,1728
2026-04-24T21:45:00+00:00,1.28456,1.28458,1.28445,1.28445,1116
2026-04-24T22:00:00+00:00,1.28445,1.28481,1.28445,1.28472,1743
2026-04-24T22:15:00+00:00,1.28472,1.28480,1.28437,1.28442,965
2026-04-24T22:30:00+00:00,1.28442,1.28457,1.28424,1.28424,931
2026-04-24T22:45:00+00:00,1.28424,1.28424,1.28392,1.28413,1322
2026-04-24T23:00:00+00:00,1.28413,1.28413,1.28384,1.28387,1335
2026-04-24T23:15:00+00:00,1.28387,1.28406,1.28387,1.28390,1554
2026-04-24T23:30:00+00:00,1.28390,1.28421,1.28390,1.28417,1937
2026-04-24T23:45:00+00:00,1.28417,1.28421,1.28380,1.28391,1912
2026-04-27T00:00:00+00:00,1.28391,1.28395,1.28362,1.28371,1711
2026-04-27T00:15:00+00:00,1.28371,1.28394,1.28311,1.28311,1334
2026-04-27T00:30:00+00:00,1.28311,1.28311,1.28270,1.28270,2559
2026-04-27T00:45:00+00:00,1.28270,1.28270,1.28239,1.28263,1616
2026-04-27T01:00:00+00:00,1.28263,1.28312,1.28263,1.28312,1625
2026-04-27T01:15:00+00:00,1.28312,1.28312,1.28269,1.28291,1403
2026-04-27T01:30:00+00:00,1.28291,1.28310,1.28281,1.28285,1376
2026-04-27T01:45:00+00:00,1.28285,1.28285,1.28270,1.28270,1844
2026-04-27T02:00:00+00:00,1.28270,1.28296,1.28270,1.28287,1633
2026-04-27T02:15:00+00:00,1.28287,1.28328,1.28287,1.28290,1334
2026-04-27T02:30:00+00:00,1.28290,1.28299,1.28275,1.28288,2460
2026-04-27T02:45:00+00:00,1.28288,1.28347,1.28288,1.28347,1859
2026-04-27T03:00:00+00:00,1.28347,1.28374,1.28313,1.28374,2333
2026-04-27T03:15:00+00:00,1.28374,1.28377,1.28372,1.28373,555
2026-04-27T03:30:00+00:00,1.28373,1.28390,1.28350,1.28390,1445
2026-04-27T03:45:00+00:00,1.28390,1.28414,1.28381,1.28414,1875
2026-04-27T04:00:00+00:00,1.28414,1.28421,1.28390,1.28404,1776
2026-04-27T04:15:00+00:00,1.28404,1.28410,1.28392,1.28410,2118
2026-04-27T04:30:00+00:00,1.28410,1.28432,1.28408,1.28408,2023
2026-04-27T04:45:00+00:00,1.28408,1.28412,1.28372,1.28372,848
2026-04-27T05:00:00+00:00,1.28372,1.28402,1.28372,1.28387,1800
2026-04-27T05:15:00+00:00,1.28387,1.28418,1.28387,1.28418,1752
2026-04-27T05:30:00+00:00,1.28418,1.28445,1.28410,1.28410,2207
2026-04-27T05:45:00+00:00,1.28410,1.28419,1.28392,1.28411,926
2026-04-27T06:00:00+00:00,1.28411,1.28413,1.28392,1.28411,1250
2026-04-27T06:15:00+00:00,1.28411,1.28417,1.28382,1.28382,2523
2026-04-27T06:30:00+00:00,1.28382,1.28396,1.28362,1.28396,1720
2026-04-27T06:45:00+00:00,1.28396,1.28433,1.28364,1.28433,1846
2026-04-27T07:00:00+00:00,1.28433,1.28491,1.28359,1.28379,1884
2026-04-27T07:15:00+00:00,1.28379,1.28379,1.28264,1.28276,1796
2026-04-27T07:30:00+00:00,1.28276,1.28320,1.28255,1.28255,1694
2026-04-27T07:45:00+00:00,1.28255,1.28329,1.28215,1.28215,2014
2026-04-27T08:00:00+00:00,1.28215,1.28317,1.28208,1.28314,1510
2026-04-27T08:15:00+00:00,1.28314,1.28336,1.28314,1.28336,1892
2026-04-27T08:30:00+00:00,1.28336,1.28451,1.28336,1.28451,1851
2026-04-27T08:45:00+00:00,1.28451,1.28492,1.28448,1.28461,614
2026-04-27T09:00:00+00:00,1.28461,1.28532,1.28455,1.28532,1602
2026-04-27T09:15:00+00:00,1.28532,1.28532,1.28486,1.28486,1573
2026-04-27T09:30:00+00:00,1.28486,1.28515,1.28486,1.28498,1381
2026-04-27T09:45:00+00:00,1.28498,1.28498,1.28453,1.28453,1384
2026-04-27T10:00:00+00:00,1.28453,1.28479,1.28453,1.28459,1480
2026-04-27T10:15:00+00:00,1.28459,1.28459,1.28410,1.28410,1973
2026-04-27T10:30:00+00:00,1.28410,1.28410,1.28378,1.28378,1477
2026-04-27T10:45:00+00:00,1.28378,1.28414,1.28378,1.28414,1161
2026-04-27T11:00:00+00:00,1.28414,1.28442,1.28411,1.28411,1958
2026-04-27T11:15:00+00:00,1.28411,1.28414,1.28397,1.28404,1384
2026-04-27T11:30:00+00:00,1.28404,1.28411,1.28379,1.28409,777
2026-04-27T11:45:00+00:00,1.28409,1.28430,1.28395,1.28428,1293
2026-04-27T12:00:00+00:00,1.28428,1.28492,1.28428,1.28492,1509
2026-04-27T12:15:00+00:00,1.28492,1.28530,1.28487,1.28530,2247
2026-04-27T12:30:00+00:00,1.28530,1.28530,1.28489,1.28489,1449
2026-04-27T12:45:00+00:00,1.28489,1.28573,1.28475,1.28533,2219
2026-04-27T13:00:00+00:00,1.28533,1.28555,1.28471,1.28555,1443
2026-04-27T13:15:00+00:00,1.28555,1.28679,1.28555,1.28679,2110
2026-04-27T13:30:00+00:00,1.28679,1.28679,1.28636,1.28636,2356
2026-04-27T13:45:00+00:00,1.28636,1.28729,1.28631,1.28686,1715
2026-04-27T14:00:00+00:00,1.28686,1.28752,1.28686,1.28752,1395
2026-04-27T14:15:00+00:00,1.28752,1.28871,1.28752,1.28799,2224
2026-04-27T14:30:00+00:00,1.28799,1.28843,1.28799,1.28812,1818
2026-04-27T14:45:00+00:00,1.28812,1.28870,1.28757,1.28870,525
2026-04-27T15:00:00+00:00,1.28870,1.28870,1.28798,1.28798,1414
2026-04-27T15:15:00+00:00,1.28798,1.28839,1.28798,1.28815,1727
2026-04-27T15:30:00+00:00,1.28815,1.28845,1.28815,1.28833,1742
2026-04-27T15:45:00+00:00,1.28833,1.28833,1.28804,1.28824,1572
2026-04-27T16:00:00+00:00,1.28824,1.28849,1.28824,1.28832,401
2026-04-27T16:15:00+00:00,1.28832,1.28832,1.28792,1.28792,1169
2026-04-27T16:30:00+00:00,1.28792,1.28792,1.28711,1.28711,1357
2026-04-27T16:45:00+00:00,1.28711,1.28715,1.28709,1.28715,2828
2026-04-27T17:00:00+00:00,1.28715,1.28739,1.28715,1.28716,1585
2026-04-27T17:15:00+00:00,1.28716,1.28716,1.28699,1.28705,1452
2026-04-27T17:30:00+00:00,1.28705,1.28708,1.28680,1.28680,1442
2026-04-27T17:45:00+00:00,1.28680,1.28685,1.28658,1.28658,1487
2026-04-27T18:00:00+00:00,1.28658,1.28658,1.28643,1.28656,1578
2026-04-27T18:15:00+00:00,1.28656,1.28687,1.28656,1.28679,446
2026-04-27T18:30:00+00:00,1.28679,1.28686,1.28670,1.28686,2053
2026-04-27T18:45:00+00:00,1.28686,1.28690,1.28676,1.28684,2458
2026-04-27T19:00:00+00:00,1.28684,1.28684,1.28647,1.28668,1218
2026-04-27T19:15:00+00:00,1.28668,1.28694,1.28668,1.28694,1712
2026-04-27T19:30:00+00:00,1.28694,1.28717,1.28694,1.28712,1578
2026-04-27T19:45:00+00:00,1.28712,1.28734,1.28707,1.28707,1691
2026-04-27T20:00:00+00:00,1.28707,1.28729,1.28707,1.28717,974
2026-04-27T20:15:00+00:00,1.28717,1.28724,1.28698,1.28724,1977
2026-04-27T20:30:00+00:00,1.28724,1.28749,1.28724,1.28735,1185
2026-04-27T20:45:00+00:00,1.28735,1.28735,1.28717,1.28729,1204
2026-04-27T21:00:00+00:00,1.28729,1.28772,1.28728,1.28772,2158
2026-04-27T21:15:00+00:00,1.28772,1.28778,1.28765,1.28770,1338
2026-04-27T21:30:00+00:00,1.28770,1.28778,1.28746,1.28762,1660
2026-04-27T21:45:00+00:00,1.28762,1.28788,1.28762,1.28788,1178
2026-04-27T22:00:00+00:00,1.28788,1.28817,1.28788,1.28805,2451
2026-04-27T22:15:00+00:00,1.28805,1.28809,1.28803,1.28806,158
2026-04-27T22:30:00+00:00,1.28806,1.28813,1.28788,1.28792,1198
2026-04-27T22:45:00+00:00,1.28792,1.28821,1.28792,1.28821,2105
2026-04-27T23:00:00+00:00,1.28821,1.28822,1.28805,1.28805,2681
2026-04-27T23:15:00+00:00,1.28805,1.28811,1.28805,1.28808,1444
2026-04-27T23:30:00+00:00,1.28808,1.28820,1.28798,1.28820,1364
2026-04-27T23:45:00+00:00,1.28820,1.28835,1.28804,1.28817,2181
2026-04-28T00:00:00+00:00,1.28817,1.28877,1.28817,1.28858,1625
2026-04-28T00:15:00+00:00,1.28858,1.28888,1.28846,1.28888,1161
2026-04-28T00:30:00+00:00,1.28888,1.28888,1.28824,1.28824,1661
2026-04-28T00:45:00+00:00,1.28824,1.28886,1.28824,1.28856,1475
2026-04-28T01:00:00+00:00,1.28856,1.28904,1.28840,1.28904,791
2026-04-28T01:15:00+00:00,1.28904,1.28917,1.28882,1.28882,1455
2026-04-28T01:30:00+00:00,1.28882,1.28933,1.28882,1.28933,1850
2026-04-28T01:45:00+00:00,1.28933,1.28975,1.28924,1.28925,1494
2026-04-28T02:00:00+00:00,1.28925,1.28936,1.28908,1.28936,1806
2026-04-28T02:15:00+00:00,1.28936,1.28951,1.28936,1.28950,1859
2026-04-28T02:30:00+00:00,1.28950,1.29008,1.28939,1.29004,1182
2026-04-28T02:45:00+00:00,1.29004,1.29011,1.28994,1.28994,1974
2026-04-28T03:00:00+00:00,1.28994,1.29021,1.28968,1.29021,2461
2026-04-28T03:15:00+00:00,1.29021,1.29027,1.29016,1.29026,1108
2026-04-28T03:30:00+00:00,1.29026,1.29033,1.29016,1.29033,2117
2026-04-28T03:45:00+00:00,1.29033,1.29033,1.28989,1.28993,2481
2026-04-28T04:00:00+00:00,1.28993,1.28995,1.28981,1.28981,1712
2026-04-28T04:15:00+00:00,1.28981,1.29006,1.28981,1.28987,998
2026-04-28T04:30:00+00:00,1.28987,1.29018,1.28987,1.29018,1881
2026-04-28T04:45:00+00:00,1.29018,1.29018,1.29003,1.29018,747
2026-04-28T05:00:00+00:00,1.29018,1.29031,1.29013,1.29017,1771
2026-04-28T05:15:00+00:00,1.29017,1.29038,1.29004,1.29022,2093
2026-04-28T05:30:00+00:00,1.29022,1.29078,1.29020,1.29078,1710
2026-04-28T05:45:00+00:00,1.29078,1.29124,1.29078,1.29124,1833
2026-04-28T06:00:00+00:00,1.29124,1.29132,1.29057,1.29057,2076
2026-04-28T06:15:00+00:00,1.29057,1.29065,1.29012,1.29012,1984
2026-04-28T06:30:00+00:00,1.29012,1.29061,1.29004,1.29005,1788
2026-04-28T06:45:00+00:00,1.29005,1.29005,1.28954,1.28971,906
2026-04-28T07:00:00+00:00,1.28971,1.28971,1.28785,1.28785,1080
2026-04-28T07:15:00+00:00,1.28785,1.28785,1.28636,1.28646,1940
2026-04-28T07:30:00+00:00,1.28646,1.28731,1.28630,1.28731,1326
2026-04-28T07:45:00+00:00,1.28731,1.28731,1.28618,1.28710,1344
2026-04-28T08:00:00+00:00,1.28710,1.28710,1.28577,1.28591,2183
2026-04-28T08:15:00+00:00,1.28591,1.28655,1.28591,1.28644,1314
2026-04-28T08:30:00+00:00,1.28644,1.28668,1.28623,1.28638,2563
2026-04-28T08:45:00+00:00,1.28638,1.28659,1.28635,1.28635,1123
2026-04-28T09:00:00+00:00,1.28635,1.28635,1.28598,1.28598,1000
2026-04-28T09:15:00+00:00,1.28598,1.28617,1.28598,1.28599,1488
2026-04-28T09:30:00+00:00,1.28599,1.28599,1.28569,1.28575,321
2026-04-28T09:45:00+00:00,1.28575,1.28612,1.28560,1.28612,836
2026-04-28T10:00:00+00:00,1.28612,1.28616,1.28561,1.28561,2024
2026-04-28T10:15:00+00:00,1.28561,1.28574,1.28561,1.28565,1242
2026-04-28T10:30:00+00:00,1.28565,1.28567,1.28558,1.28565,1796
2026-04-28T10:45:00+00:00,1.28565,1.28580,1.28565,1.28570,1422
2026-04-28T11:00:00+00:00,1.28570,1.28587,1.28570,1.28570,2339
2026-04-28T11:15:00+00:00,1.28570,1.28601,1.28570,1.28601,1710
2026-04-28T11:30:00+00:00,1.28601,1.28614,1.28590,1.28590,1604
2026-04-28T11:45:00+00:00,1.28590,1.28605,1.28547,1.28547,1526
2026-04-28T12:00:00+00:00,1.28547,1.28554,1.28524,1.28527,1923
2026-04-28T12:15:00+00:00,1.28527,1.28559,1.28527,1.28540,1379
2026-04-28T12:30:00+00:00,1.28540,1.28540,1.28465,1.28497,1621
2026-04-28T12:45:00+00:00,1.28497,1.28497,1.28406,1.28430,1591
2026-04-28T13:00:00+00:00,1.28430,1.28561,1.28430,1.28447,2149
2026-04-28T13:15:00+00:00,1.28447,1.28496,1.28424,1.28424,1970
2026-04-28T13:30:00+00:00,1.28424,1.28491,1.28398,1.28491,1705
2026-04-28T13:45:00+00:00,1.28491,1.28494,1.28428,1.28431,1362
2026-04-28T14:00:00+00:00,1.28431,1.28498,1.28410,1.28458,1796
2026-04-28T14:15:00+00:00,1.28458,1.28477,1.28426,1.28437,1828
2026-04-28T14:30:00+00:00,1.28437,1.28463,1.28418,1.28418,790
2026-04-28T14:45:00+00:00,1.28418,1.28418,1.28387,1.28396,1303
2026-04-28T15:00:00+00:00,1.28396,1.28426,1.28371,1.28426,1831
2026-04-28T15:15:00+00:00,1.28426,1.28426,1.28327,1.28327,1092
2026-04-28T15:30:00+00:00,1.28327,1.28359,1.28323,1.28323,718
2026-04-28T15:45:00+00:00,1.28323,1.28323,1.28269,1.28269,2130
2026-04-28T16:00:00+00:00,1.28269,1.28269,1.28226,1.28226,1387
2026-04-28T16:15:00+00:00,1.28226,1.28227,1.28207,1.28218,1603
2026-04-28T16:30:00+00:00,1.28218,1.28242,1.28213,1.28213,933
2026-04-28T16:45:00+00:00,1.28213,1.28213,1.28176,1.28176,973
2026-04-28T17:00:00+00:00,1.28176,1.28176,1.28146,1.28146,2554
2026-04-28T17:15:00+00:00,1.28146,1.28161,1.28138,1.28138,1698
2026-04-28T17:30:00+00:00,1.28138,1.28157,1.28131,1.28157,1243
2026-04-28T17:45:00+00:00,1.28157,1.28213,1.28157,1.28213,2123
2026-04-28T18:00:00+00:00,1.28213,1.28229,1.28209,1.28209,1682
2026-04-28T18:15:00+00:00,1.28209,1.28222,1.28209,1.28222,917
2026-04-28T18:30:00+00:00,1.28222,1.28224,1.28210,1.28216,2801
2026-04-28T18:45:00+00:00,1.28216,1.28225,1.28205,1.28205,1131
2026-04-28T19:00:00+00:00,1.28205,1.28223,1.28205,1.28215,2741
2026-04-28T19:15:00+00:00,1.28215,1.28244,1.28215,1.28243,1342
2026-04-28T19:30:00+00:00,1.28243,1.28243,1.28219,1.28219,3093
2026-04-28T19:45:00+00:00,1.28219,1.28219,1.28187,1.28190,995
2026-04-28T20:00:00+00:00,1.28190,1.28238,1.28190,1.28228,1713
2026-04-28T20:15:00+00:00,1.28228,1.28244,1.28220,1.28233,1486
2026-04-28T20:30:00+00:00,1.28233,1.28233,1.28212,1.28214,1245
2026-04-28T20:45:00+00:00,1.28214,1.28248,1.28209,1.28248,1869
2026-04-28T21:00:00+00:00,1.28248,1.28259,1.28247,1.28259,1144
2026-04-28T21:15:00+00:00,1.28259,1.28261,1.28237,1.28237,1802
2026-04-28T21:30:00+00:00,1.28237,1.28256,1.28237,1.28251,1609
2026-04-28T21:45:00+00:00,1.28251,1.28281,1.28251,1.28253,1447
2026-04-28T22:00:00+00:00,1.28253,1.28254,1.28247,1.28248,799
2026-04-28T22:15:00+00:00,1.28248,1.28248,1.28223,1.28236,738
2026-04-28T22:30:00+00:00,1.28236,1.28245,1.28227,1.28241,1285
2026-04-28T22:45:00+00:00,1.28241,1.28259,1.28234,1.28234,1394
2026-04-28T23:00:00+00:00,1.28234,1.28265,1.28233,1.28265,2031
2026-04-28T23:15:00+00:00,1.28265,1.28272,1.28262,1.28264,1906
2026-04-28T23:30:00+00:00,1.28264,1.28281,1.28256,1.28256,1909
2026-04-28T23:45:00+00:00,1.28256,1.28305,1.28256,1.28305,1551
2026-04-29T00:00:00+00:00,1.28305,1.28335,1.28305,1.28335,2243
2026-04-29T00:15:00+00:00,1.28335,1.28338,1.28298,1.28298,1488
2026-04-29T00:30:00+00:00,1.28298,1.28298,1.28227,1.28227,1169
2026-04-29T00:45:00+00:00,1.28227,1.28262,1.28217,1.28262,2345
2026-04-29T01:00:00+00:00,1.28262,1.28283,1.28247,1.28247,1576
2026-04-29T01:15:00+00:00,1.28247,1.28258,1.28192,1.28192,1457
2026-04-29T01:30:00+00:00,1.28192,1.28221,1.28192,1.28221,1496
2026-04-29T01:45:00+00:00,1.28221,1.28224,1.28204,1.28224,1778
2026-04-29T02:00:00+00:00,1.28224,1.28224,1.28157,1.28157,1651
2026-04-29T02:15:00+00:00,1.28157,1.28193,1.28154,1.28193,1119
2026-04-29T02:30:00+00:00,1.28193,1.28193,1.28159,1.28159,1168
2026-04-29T02:45:00+00:00,1.28159,1.28159,1.28067,1.28067,1617
2026-04-29T03:00:00+00:00,1.28067,1.28073,1.27974,1.27974,1284
2026-04-29T03:15:00+00:00,1.27974,1.27974,1.27955,1.27955,1507
2026-04-29T03:30:00+00:00,1.27955,1.27969,1.27950,1.27950,2245
2026-04-29T03:45:00+00:00,1.27950,1.27982,1.27942,1.27966,1908
2026-04-29T04:00:00+00:00,1.27966,1.27991,1.27964,1.27979,1577
2026-04-29T04:15:00+00:00,1.27979,1.27981,1.27957,1.27957,2034
2026-04-29T04:30:00+00:00,1.27957,1.27961,1.27945,1.27961,1544
2026-04-29T04:45:00+00:00,1.27961,1.27986,1.27952,1.27952,2311
2026-04-29T05:00:00+00:00,1.27952,1.27952,1.27924,1.27943,1657
2026-04-29T05:15:00+00:00,1.27943,1.27960,1.27943,1.27954,1737
2026-04-29T05:30:00+00:00,1.27954,1.27964,1.27939,1.27952,1455
2026-04-29T05:45:00+00:00,1.27952,1.27952,1.27911,1.27925,1438
2026-04-29T06:00:00+00:00,1.27925,1.27927,1.27876,1.27927,2269
2026-04-29T06:15:00+00:00,1.27927,1.27946,1.27877,1.27877,1507
2026-04-29T06:30:00+00:00,1.27877,1.27889,1.27851,1.27851,1236
2026-04-29T06:45:00+00:00,1.27851,1.27959,1.27825,1.27959,1973
2026-04-29T07:00:00+00:00,1.27959,1.27983,1.27918,1.27979,2463
2026-04-29T07:15:00+00:00,1.27979,1.28048,1.27979,1.28031,2347
2026-04-29T07:30:00+00:00,1.28031,1.28031,1.27834,1.27849,875
2026-04-29T07:45:00+00:00,1.27849,1.27900,1.27801,1.27801,1909
2026-04-29T08:00:00+00:00,1.27801,1.27801,1.27696,1.27696,2229
2026-04-29T08:15:00+00:00,1.27696,1.27696,1.27597,1.27597,2152
2026-04-29T08:30:00+00:00,1.27597,1.27625,1.27592,1.27625,1542
2026-04-29T08:45:00+00:00,1.27625,1.27625,1.27589,1.27589,2043
2026-04-29T09:00:00+00:00,1.27589,1.27618,1.27589,1.27618,2318
2026-04-29T09:15:00+00:00,1.27618,1.27635,1.27602,1.27634,1249
2026-04-29T09:30:00+00:00,1.27634,1.27669,1.27634,1.27669,1496
2026-04-29T09:45:00+00:00,1.27669,1.27679,1.27655,1.27660,1754
2026-04-29T10:00:00+00:00,1.27660,1.27675,1.27649,1.27664,1155
2026-04-29T10:15:00+00:00,1.27664,1.27680,1.27653,1.27680,886
2026-04-29T10:30:00+00:00,1.27680,1.27680,1.27642,1.27657,1948
2026-04-29T10:45:00+00:00,1.27657,1.27668,1.27622,1.27622,2064
2026-04-29T11:00:00+00:00,1.27622,1.27622,1.27592,1.27603,1200
2026-04-29T11:15:00+00:00,1.27603,1.27649,1.27603,1.27649,1928
2026-04-29T11:30:00+00:00,1.27649,1.27649,1.27600,1.27600,1817
2026-04-29T11:45:00+00:00,1.27600,1.27600,1.27577,1.27577,1274
2026-04-29T12:00:00+00:00,1.27577,1.27577,1.27556,1.27566,1295
2026-04-29T12:15:00+00:00,1.27566,1.27614,1.27566,1.27603,1565
2026-04-29T12:30:00+00:00,1.27603,1.27603,1.27534,1.27563,1650
2026-04-29T12:45:00+00:00,1.27563,1.27563,1.27436,1.27436,1587
2026-04-29T13:00:00+00:00,1.27436,1.27436,1.27336,1.27365,465
2026-04-29T13:15:00+00:00,1.27365,1.27365,1.27276,1.27301,1572
2026-04-29T13:30:00+00:00,1.27301,1.27301,1.27202,1.27202,1439
2026-04-29T13:45:00+00:00,1.27202,1.27202,1.27103,1.27103,1484
2026-04-29T14:00:00+00:00,1.27103,1.27112,1.27061,1.27084,1560
2026-04-29T14:15:00+00:00,1.27084,1.27132,1.27084,1.27099,2018
2026-04-29T14:30:00+00:00,1.27099,1.27184,1.27090,1.27184,2164
2026-04-29T14:45:00+00:00,1.27184,1.27202,1.27181,1.27201,1189
2026-04-29T15:00:00+00:00,1.27201,1.27300,1.27201,1.27297,1570
2026-04-29T15:15:00+00:00,1.27297,1.27322,1.27286,1.27322,1775
2026-04-29T15:30:00+00:00,1.27322,1.27347,1.27304,1.27343,1483
2026-04-29T15:45:00+00:00,1.27343,1.27355,1.27329,1.27329,921
2026-04-29T16:00:00+00:00,1.27329,1.27341,1.27316,1.27341,1048
2026-04-29T16:15:00+00:00,1.27341,1.27341,1.27311,1.27311,1276
2026-04-29T16:30:00+00:00,1.27311,1.27340,1.27311,1.27340,443
2026-04-29T16:45:00+00:00,1.27340,1.27357,1.27340,1.27345,1732
2026-04-29T17:00:00+00:00,1.27345,1.27358,1.27334,1.27352,991
2026-04-29T17:15:00+00:00,1.27352,1.27361,1.27339,1.27343,2364
2026-04-29T17:30:00+00:00,1.27343,1.27343,1.27316,1.27329,1325
2026-04-29T17:45:00+00:00,1.27329,1.27343,1.27327,1.27343,1436
2026-04-29T18:00:00+00:00,1.27343,1.27346,1.27333,1.27333,1940
2026-04-29T18:15:00+00:00,1.27333,1.27364,1.27332,1.27364,1133
2026-04-29T18:30:00+00:00,1.27364,1.27387,1.27364,1.27373,1746
2026-04-29T18:45:00+00:00,1.27373,1.27373,1.27346,1.27347,1162
2026-04-29T19:00:00+00:00,1.27347,1.27397,1.27347,1.27395,1494
2026-04-29T19:15:00+00:00,1.27395,1.27404,1.27393,1.27397,1556
2026-04-29T19:30:00+00:00,1.27397,1.27397,1.27361,1.27361,1381
2026-04-29T19:45:00+00:00,1.27361,1.27377,1.27347,1.27347,1687
2026-04-29T20:00:00+00:00,1.27347,1.27347,1.27332,1.27342,2160
2026-04-29T20:15:00+00:00,1.27342,1.27352,1.27328,1.27328,1425
2026-04-29T20:30:00+00:00,1.27328,1.27337,1.27325,1.27335,689
2026-04-29T20:45:00+00:00,1.27335,1.27374,1.27335,1.27374,1792
2026-04-29T21:00:00+00:00,1.27374,1.27385,1.27360,1.27385,1402
2026-04-29T21:15:00+00:00,1.27385,1.27385,1.27364,1.27372,1254
2026-04-29T21:30:00+00:00,1.27372,1.27386,1.27372,1.27382,1488
2026-04-29T21:45:00+00:00,1.27382,1.27408,1.27382,1.27408,1423
2026-04-29T22:00:00+00:00,1.27408,1.27417,1.27404,1.27417,1502
2026-04-29T22:15:00+00:00,1.27417,1.27417,1.27398,1.27398,1069
2026-04-29T22:30:00+00:00,1.27398,1.27398,1.27372,1.27374,1300
2026-04-29T22:45:00+00:00,1.27374,1.27382,1.27355,1.27366,1239
2026-04-29T23:00:00+00:00,1.27366,1.27398,1.27365,1.27388,1694
2026-04-29T23:15:00+00:00,1.27388,1.27401,1.27386,1.27399,1230
2026-04-29T23:30:00+00:00,1.27399,1.27412,1.27399,1.27401,786
2026-04-29T23:45:00+00:00,1.27401,1.27401,1.27372,1.27372,2147
2026-04-30T00:00:00+00:00,1.27372,1.27385,1.27351,1.27380,1300
2026-04-30T00:15:00+00:00,1.27380,1.27391,1.27361,1.27371,2079
2026-04-30T00:30:00+00:00,1.27371,1.27378,1.27338,1.27338,1595
2026-04-30T00:45:00+00:00,1.27338,1.27359,1.27327,1.27327,1507
2026-04-30T01:00:00+00:00,1.27327,1.27342,1.27305,1.27305,564
2026-04-30T01:15:00+00:00,1.27305,1.27336,1.27284,1.27335,2240
2026-04-30T01:30:00+00:00,1.27335,1.27377,1.27335,1.27372,1378
2026-04-30T01:45:00+00:00,1.27372,1.27372,1.27316,1.27321,1866
2026-04-30T02:00:00+00:00,1.27321,1.27321,1.27242,1.27280,2343
2026-04-30T02:15:00+00:00,1.27280,1.27301,1.27278,1.27301,2183
2026-04-30T02:30:00+00:00,1.27301,1.27348,1.27301,1.27348,1419
2026-04-30T02:45:00+00:00,1.27348,1.27362,1.27333,1.27362,1605
2026-04-30T03:00:00+00:00,1.27362,1.27441,1.27362,1.27422,1220
2026-04-30T03:15:00+00:00,1.27422,1.27442,1.27422,1.27424,1208
2026-04-30T03:30:00+00:00,1.27424,1.27451,1.27424,1.27447,1207
2026-04-30T03:45:00+00:00,1.27447,1.27500,1.27443,1.27499,1896
2026-04-30T04:00:00+00:00,1.27499,1.27529,1.27499,1.27529,1729
2026-04-30T04:15:00+00:00,1.27529,1.27529,1.27501,1.27501,1429
2026-04-30T04:30:00+00:00,1.27501,1.27534,1.27501,1.27534,1195
2026-04-30T04:45:00+00:00,1.27534,1.27554,1.27530,1.27554,1138
2026-04-30T05:00:00+00:00,1.27554,1.27566,1.27545,1.27552,1653
2026-04-30T05:15:00+00:00,1.27552,1.27571,1.27552,1.27564,1773
2026-04-30T05:30:00+00:00,1.27564,1.27564,1.27532,1.27532,1256
2026-04-30T05:45:00+00:00,1.27532,1.27532,1.27498,1.27498,1194
2026-04-30T06:00:00+00:00,1.27498,1.27534,1.27481,1.27534,2374
2026-04-30T06:15:00+00:00,1.27534,1.27581,1.27518,1.27581,1378
2026-04-30T06:30:00+00:00,1.27581,1.27606,1.27495,1.27585,2619
2026-04-30T06:45:00+00:00,1.27585,1.27624,1.27561,1.27596,2961
2026-04-30T07:00:00+00:00,1.27596,1.27637,1.27581,1.27637,2508
2026-04-30T07:15:00+00:00,1.27637,1.27839,1.27637,1.27839,2263
2026-04-30T07:30:00+00:00,1.27839,1.27863,1.27839,1.27851,1640
2026-04-30T07:45:00+00:00,1.27851,1.27851,1.27788,1.27797,1837
2026-04-30T08:00:00+00:00,1.27797,1.27827,1.27776,1.27819,1015
2026-04-30T08:15:00+00:00,1.27819,1.27819,1.27780,1.27780,1506
2026-04-30T08:30:00+00:00,1.27780,1.27797,1.27748,1.27748,1177
2026-04-30T08:45:00+00:00,1.27748,1.27797,1.27741,1.27797,1554
2026-04-30T09:00:00+00:00,1.27797,1.27807,1.27782,1.27783,1155
2026-04-30T09:15:00+00:00,1.27783,1.27784,1.27772,1.27782,1311
2026-04-30T09:30:00+00:00,1.27782,1.27812,1.27759,1.27759,1456
2026-04-30T09:45:00+00:00,1.27759,1.27782,1.27751,1.27771,1847
2026-04-30T10:00:00+00:00,1.27771,1.27784,1.27754,1.27754,1613
2026-04-30T10:15:00+00:00,1.27754,1.27796,1.27754,1.27796,1522
2026-04-30T10:30:00+00:00,1.27796,1.27822,1.27796,1.27822,1149
2026-04-30T10:45:00+00:00,1.27822,1.27850,1.27822,1.27850,2332
2026-04-30T11:00:00+00:00,1.27850,1.27850,1.27834,1.27841,1246
2026-04-30T11:15:00+00:00,1.27841,1.27843,1.27822,1.27822,1380
2026-04-30T11:30:00+00:00,1.27822,1.27848,1.27807,1.27848,2182
2026-04-30T11:45:00+00:00,1.27848,1.27874,1.27835,1.27874,1840
2026-04-30T12:00:00+00:00,1.27874,1.27931,1.27874,1.27900,1069
2026-04-30T12:15:00+00:00,1.27900,1.27922,1.27890,1.27922,1749
2026-04-30T12:30:00+00:00,1.27922,1.28033,1.27922,1.28032,1444
2026-04-30T12:45:00+00:00,1.28032,1.28048,1.27990,1.27990,1089
2026-04-30T13:00:00+00:00,1.27990,1.28029,1.27926,1.27926,1898
2026-04-30T13:15:00+00:00,1.27926,1.27926,1.27811,1.27919,1846
2026-04-30T13:30:00+00:00,1.27919,1.27921,1.27780,1.27780,2041
2026-04-30T13:45:00+00:00,1.27780,1.27811,1.27685,1.27685,1581
2026-04-30T14:00:00+00:00,1.27685,1.27700,1.27565,1.27649,1642
2026-04-30T14:15:00+00:00,1.27649,1.27649,1.27500,1.27505,1642
2026-04-30T14:30:00+00:00,1.27505,1.27534,1.27483,1.27506,1921
2026-04-30T14:45:00+00:00,1.27506,1.27547,1.27506,1.27507,2373
2026-04-30T15:00:00+00:00,1.27507,1.27516,1.27465,1.27516,935
2026-04-30T15:15:00+00:00,1.27516,1.27524,1.27485,1.27485,1297
2026-04-30T15:30:00+00:00,1.27485,1.27544,1.27484,1.27544,1572
2026-04-30T15:45:00+00:00,1.27544,1.27550,1.27528,1.27550,1215
2026-04-30T16:00:00+00:00,1.27550,1.27552,1.27521,1.27521,1793
2026-04-30T16:15:00+00:00,1.27521,1.27529,1.27511,1.27522,1555
2026-04-30T16:30:00+00:00,1.27522,1.27522,1.27509,1.27509,880
2026-04-30T16:45:00+00:00,1.27509,1.27545,1.27509,1.27526,1707
2026-04-30T17:00:00+00:00,1.27526,1.27550,1.27524,1.27527,1548
2026-04-30T17:15:00+00:00,1.27527,1.27527,1.27500,1.27502,1803
2026-04-30T17:30:00+00:00,1.27502,1.27504,1.27491,1.27497,1271
2026-04-30T17:45:00+00:00,1.27497,1.27497,1.27451,1.27451,1355
2026-04-30T18:00:00+00:00,1.27451,1.27479,1.27451,1.27479,847
2026-04-30T18:15:00+00:00,1.27479,1.27482,1.27467,1.27481,1790
2026-04-30T18:30:00+00:00,1.27481,1.27491,1.27477,1.27487,2502
2026-04-30T18:45:00+00:00,1.27487,1.27487,1.27472,1.27487,2853
2026-04-30T19:00:00+00:00,1.27487,1.27525,1.27484,1.27525,1285
2026-04-30T19:15:00+00:00,1.27525,1.27547,1.27525,1.27536,1936
2026-04-30T19:30:00+00:00,1.27536,1.27543,1.27530,1.27543,1694
2026-04-30T19:45:00+00:00,1.27543,1.27543,1.27505,1.27514,1164
2026-04-30T20:00:00+00:00,1.27514,1.27527,1.27509,1.27509,2152
2026-04-30T20:15:00+00:00,1.27509,1.27517,1.27499,1.27510,1179
2026-04-30T20:30:00+00:00,1.27510,1.27536,1.27494,1.27536,1424
2026-04-30T20:45:00+00:00,1.27536,1.27563,1.27536,1.27563,1061
2026-04-30T21:00:00+00:00,1.27563,1.27569,1.27555,1.27569,1201
2026-04-30T21:15:00+00:00,1.27569,1.27581,1.27567,1.27578,2158
2026-04-30T21:30:00+00:00,1.27578,1.27586,1.27569,1.27586,1780
2026-04-30T21:45:00+00:00,1.27586,1.27599,1.27584,1.27599,1589
2026-04-30T22:00:00+00:00,1.27599,1.27601,1.27590,1.27592,1910
2026-04-30T22:15:00+00:00,1.27592,1.27598,1.27580,1.27598,1467
2026-04-30T22:30:00+00:00,1.27598,1.27598,1.27576,1.27579,1085
2026-04-30T22:45:00+00:00,1.27579,1.27600,1.27579,1.27595,2682
2026-04-30T23:00:00+00:00,1.27595,1.27595,1.27566,1.27574,980
2026-04-30T23:15:00+00:00,1.27574,1.27582,1.27539,1.27558,1829
2026-04-30T23:30:00+00:00,1.27558,1.27570,1.27557,1.27558,886
2026-04-30T23:45:00+00:00,1.27558,1.27558,1.27510,1.27510,1600
2026-05-01T00:00:00+00:00,1.27510,1.27537,1.27491,1.27537,2001
2026-05-01T00:15:00+00:00,1.27537,1.27613,1.27537,1.27613,1172
2026-05-01T00:30:00+00:00,1.27613,1.27613,1.27584,1.27597,2422
2026-05-01T00:45:00+00:00,1.27597,1.27621,1.27592,1.27621,1804
2026-05-01T01:00:00+00:00,1.27621,1.27646,1.27621,1.27646,1591
2026-05-01T01:15:00+00:00,1.27646,1.27646,1.27597,1.27597,1228
2026-05-01T01:30:00+00:00,1.27597,1.27617,1.27577,1.27577,266
2026-05-01T01:45:00+00:00,1.27577,1.27577,1.27488,1.27523,1727
2026-05-01T02:00:00+00:00,1.27523,1.27554,1.27508,1.27525,1833
2026-05-01T02:15:00+00:00,1.27525,1.27534,1.27507,1.27517,1755
2026-05-01T02:30:00+00:00,1.27517,1.27519,1.27497,1.27514,418
2026-05-01T02:45:00+00:00,1.27514,1.27547,1.27514,1.27547,1616
2026-05-01T03:00:00+00:00,1.27547,1.27547,1.27505,1.27509,1207
2026-05-01T03:15:00+00:00,1.27509,1.27511,1.27478,1.27491,1797
2026-05-01T03:30:00+00:00,1.27491,1.27491,1.27463,1.27468,1553
2026-05-01T03:45:00+00:00,1.27468,1.27473,1.27463,1.27463,2299
2026-05-01T04:00:00+00:00,1.27463,1.27474,1.27442,1.27451,1736
2026-05-01T04:15:00+00:00,1.27451,1.27466,1.27449,1.27454,1133
2026-05-01T04:30:00+00:00,1.27454,1.27454,1.27409,1.27409,2069
2026-05-01T04:45:00+00:00,1.27409,1.27409,1.27378,1.27382,2015
2026-05-01T05:00:00+00:00,1.27382,1.27406,1.27382,1.27406,529
2026-05-01T05:15:00+00:00,1.27406,1.27406,1.27352,1.27388,1524
2026-05-01T05:30:00+00:00,1.27388,1.27390,1.27358,1.27390,927
2026-05-01T05:45:00+00:00,1.27390,1.27390,1.27337,1.27355,1634
2026-05-01T06:00:00+00:00,1.27355,1.27370,1.27298,1.27298,1164
2026-05-01T06:15:00+00:00,1.27298,1.27309,1.27229,1.27309,2422
2026-05-01T06:30:00+00:00,1.27309,1.27309,1.27202,1.27202,1387
2026-05-01T06:45:00+00:00,1.27202,1.27340,1.27202,1.27340,2056
2026-05-01T07:00:00+00:00,1.27340,1.27340,1.27210,1.27262,2394
2026-05-01T07:15:00+00:00,1.27262,1.27262,1.27152,1.27193,2043
2026-05-01T07:30:00+00:00,1.27193,1.27362,1.27193,1.27362,2567
2026-05-01T07:45:00+00:00,1.27362,1.27372,1.27333,1.27333,1352
2026-05-01T08:00:00+00:00,1.27333,1.27407,1.27333,1.27400,2042
2026-05-01T08:15:00+00:00,1.27400,1.27409,1.27370,1.27381,1018
2026-05-01T08:30:00+00:00,1.27381,1.27404,1.27375,1.27404,2430
2026-05-01T08:45:00+00:00,1.27404,1.27408,1.27344,1.27344,1624
2026-05-01T09:00:00+00:00,1.27344,1.27384,1.27319,1.27349,1595
2026-05-01T09:15:00+00:00,1.27349,1.27355,1.27343,1.27343,1401
2026-05-01T09:30:00+00:00,1.27343,1.27362,1.27340,1.27351,1927
2026-05-01T09:45:00+00:00,1.27351,1.27371,1.27345,1.27358,1256
2026-05-01T10:00:00+00:00,1.27358,1.27375,1.27358,1.27365,1130
2026-05-01T10:15:00+00:00,1.27365,1.27382,1.27365,1.27368,1254
2026-05-01T10:30:00+00:00,1.27368,1.27395,1.27368,1.27395,2449
2026-05-01T10:45:00+00:00,1.27395,1.27395,1.27360,1.27360,1402
2026-05-01T11:00:00+00:00,1.27360,1.27365,1.27350,1.27360,1348
2026-05-01T11:15:00+00:00,1.27360,1.27376,1.27359,1.27359,1149
2026-05-01T11:30:00+00:00,1.27359,1.27362,1.27350,1.27360,1614
2026-05-01T11:45:00+00:00,1.27360,1.27415,1.27360,1.27401,1736
2026-05-01T12:00:00+00:00,1.27401,1.27401,1.27319,1.27319,1436
2026-05-01T12:15:00+00:00,1.27319,1.27365,1.27283,1.27365,2028
2026-05-01T12:30:00+00:00,1.27365,1.27373,1.27306,1.27306,2114
2026-05-01T12:45:00+00:00,1.27306,1.27356,1.27292,1.27329,1154
2026-05-01T13:00:00+00:00,1.27329,1.27329,1.27175,1.27175,2692
2026-05-01T13:15:00+00:00,1.27175,1.27203,1.27100,1.27100,1386
2026-05-01T13:30:00+00:00,1.27100,1.27137,1.27014,1.27022,2471
2026-05-01T13:45:00+00:00,1.27022,1.27038,1.27005,1.27038,2366
2026-05-01T14:00:00+00:00,1.27038,1.27158,1.27038,1.27140,1947
2026-05-01T14:15:00+00:00,1.27140,1.27168,1.27140,1.27168,1813
2026-05-01T14:30:00+00:00,1.27168,1.27273,1.27144,1.27273,2386
2026-05-01T14:45:00+00:00,1.27273,1.27326,1.27266,1.27326,992
2026-05-01T15:00:00+00:00,1.27326,1.27348,1.27269,1.27269,2374
2026-05-01T15:15:00+00:00,1.27269,1.27301,1.27269,1.27285,544
2026-05-01T15:30:00+00:00,1.27285,1.27314,1.27285,1.27309,1213
2026-05-01T15:45:00+00:00,1.27309,1.27316,1.27262,1.27262,1363
2026-05-01T16:00:00+00:00,1.27262,1.27262,1.27232,1.27249,2536
2026-05-01T16:15:00+00:00,1.27249,1.27256,1.27239,1.27247,2245
2026-05-01T16:30:00+00:00,1.27247,1.27252,1.27229,1.27246,1281
2026-05-01T16:45:00+00:00,1.27246,1.27259,1.27246,1.27252,1600
2026-05-01T17:00:00+00:00,1.27252,1.27268,1.27240,1.27240,752
2026-05-01T17:15:00+00:00,1.27240,1.27255,1.27240,1.27255,1681
2026-05-01T17:30:00+00:00,1.27255,1.27261,1.27247,1.27247,1353
2026-05-01T17:45:00+00:00,1.27247,1.27247,1.27231,1.27236,2086
2026-05-01T18:00:00+00:00,1.27236,1.27258,1.27236,1.27258,873
2026-05-01T18:15:00+00:00,1.27258,1.27267,1.27248,1.27266,1615
2026-05-01T18:30:00+00:00,1.27266,1.27266,1.27246,1.27254,1343
2026-05-01T18:45:00+00:00,1.27254,1.27274,1.27252,1.27270,1846
2026-05-01T19:00:00+00:00,1.27270,1.27270,1.27244,1.27244,2765
2026-05-01T19:15:00+00:00,1.27244,1.27244,1.27217,1.27226,655
2026-05-01T19:30:00+00:00,1.27226,1.27248,1.27226,1.27248,1555
2026-05-01T19:45:00+00:00,1.27248,1.27255,1.27241,1.27241,1423
2026-05-01T20:00:00+00:00,1.27241,1.27242,1.27222,1.27222,847
2026-05-01T20:15:00+00:00,1.27222,1.27239,1.27220,1.27238,1132
2026-05-01T20:30:00+00:00,1.27238,1.27238,1.27218,1.27218,1935
2026-05-01T20:45:00+00:00,1.27218,1.27221,1.27205,1.27205,1201
2026-05-01T21:00:00+00:00,1.27205,1.27209,1.27190,1.27193,583
2026-05-01T21:15:00+00:00,1.27193,1.27249,1.27193,1.27240,1698
2026-05-01T21:30:00+00:00,1.27240,1.27308,1.27240,1.27308,1274
2026-05-01T21:45:00+00:00,1.27308,1.27323,1.27302,1.27307,2636
2026-05-01T22:00:00+00:00,1.27307,1.27307,1.27288,1.27306,2050
2026-05-01T22:15:00+00:00,1.27306,1.27306,1.27285,1.27285,1457
2026-05-01T22:30:00+00:00,1.27285,1.27288,1.27269,1.27269,971
2026-05-01T22:45:00+00:00,1.27269,1.27274,1.27251,1.27251,1283
2026-05-01T23:00:00+00:00,1.27251,1.27262,1.27251,1.27262,1117
2026-05-01T23:15:00+00:00,1.27262,1.27262,1.27235,1.27241,1551
2026-05-01T23:30:00+00:00,1.27241,1.27241,1.27228,1.27231,2503
2026-05-01T23:45:00+00:00,1.27231,1.27247,1.27231,1.27247,2090
2026-05-04T00:00:00+00:00,1.27247,1.27250,1.27198,1.27198,1621
2026-05-04T00:15:00+00:00,1.27198,1.27214,1.27172,1.27172,1131
2026-05-04T00:30:00+00:00,1.27172,1.27172,1.27127,1.27131,1529
2026-05-04T00:45:00+00:00,1.27131,1.27153,1.27131,1.27138,2087
2026-05-04T01:00:00+00:00,1.27138,1.27167,1.27117,1.27117,1626
2026-05-04T01:15:00+00:00,1.27117,1.27164,1.27117,1.27138,1245
2026-05-04T01:30:00+00:00,1.27138,1.27151,1.27128,1.27151,859
2026-05-04T01:45:00+00:00,1.27151,1.27157,1.27065,1.27065,1614
2026-05-04T02:00:00+00:00,1.27065,1.27065,1.27016,1.27035,1412
2026-05-04T02:15:00+00:00,1.27035,1.27040,1.27007,1.27022,1282
2026-05-04T02:30:00+00:00,1.27022,1.27022,1.26981,1.26981,2362
2026-05-04T02:45:00+00:00,1.26981,1.26981,1.26910,1.26910,1565
2026-05-04T03:00:00+00:00,1.26910,1.26911,1.26881,1.26911,1451
2026-05-04T03:15:00+00:00,1.26911,1.26918,1.26904,1.26910,1708
2026-05-04T03:30:00+00:00,1.26910,1.26957,1.26910,1.26957,2329
2026-05-04T03:45:00+00:00,1.26957,1.26957,1.26941,1.26950,1890
2026-05-04T04:00:00+00:00,1.26950,1.26986,1.26948,1.26986,1729
2026-05-04T04:15:00+00:00,1.26986,1.27011,1.26979,1.26979,2054
2026-05-04T04:30:00+00:00,1.26979,1.26993,1.26979,1.26993,1122
2026-05-04T04:45:00+00:00,1.26993,1.26993,1.26958,1.26958,2143
2026-05-04T05:00:00+00:00,1.26958,1.26978,1.26944,1.26961,1216
2026-05-04T05:15:00+00:00,1.26961,1.26975,1.26961,1.26967,1467
2026-05-04T05:30:00+00:00,1.26967,1.26999,1.26967,1.26994,2155
2026-05-04T05:45:00+00:00,1.26994,1.27011,1.26993,1.26993,1213
2026-05-04T06:00:00+00:00,1.26993,1.27044,1.26983,1.27032,2601
2026-05-04T06:15:00+00:00,1.27032,1.27040,1.27013,1.27013,1597
2026-05-04T06:30:00+00:00,1.27013,1.27041,1.26951,1.26951,1761
2026-05-04T06:45:00+00:00,1.26951,1.26957,1.26842,1.26842,2012
2026-05-04T07:00:00+00:00,1.26842,1.26842,1.26767,1.26790,1709
2026-05-04T07:15:00+00:00,1.26790,1.26839,1.26787,1.26787,1732
2026-05-04T07:30:00+00:00,1.26787,1.26826,1.26743,1.26781,2216
2026-05-04T07:45:00+00:00,1.26781,1.26881,1.26751,1.26751,2243
2026-05-04T08:00:00+00:00,1.26751,1.26751,1.26687,1.26741,2379
2026-05-04T08:15:00+00:00,1.26741,1.26786,1.26713,1.26776,2737
2026-05-04T08:30:00+00:00,1.26776,1.26833,1.26776,1.26833,1835
2026-05-04T08:45:00+00:00,1.26833,1.26842,1.26775,1.26775,1868
2026-05-04T09:00:00+00:00,1.26775,1.26806,1.26775,1.26802,2341
2026-05-04T09:15:00+00:00,1.26802,1.26816,1.26775,1.26775,1954
2026-05-04T09:30:00+00:00,1.26775,1.26800,1.26775,1.26799,2376
2026-05-04T09:45:00+00:00,1.26799,1.26799,1.26773,1.26773,426
2026-05-04T10:00:00+00:00,1.26773,1.26778,1.26753,1.26753,1926
2026-05-04T10:15:00+00:00,1.26753,1.26780,1.26753,1.26780,1504
2026-05-04T10:30:00+00:00,1.26780,1.26780,1.26741,1.26744,1063
2026-05-04T10:45:00+00:00,1.26744,1.26749,1.26690,1.26690,890
2026-05-04T11:00:00+00:00,1.26690,1.26704,1.26680,1.26680,1901
2026-05-04T11:15:00+00:00,1.26680,1.26700,1.26675,1.26675,2226
2026-05-04T11:30:00+00:00,1.26675,1.26675,1.26627,1.26627,1866
2026-05-04T11:45:00+00:00,1.26627,1.26654,1.26627,1.26654,2885
2026-05-04T12:00:00+00:00,1.26654,1.26727,1.26644,1.26727,2067
2026-05-04T12:15:00+00:00,1.26727,1.26788,1.26727,1.26786,1883
2026-05-04T12:30:00+00:00,1.26786,1.26786,1.26689,1.26689,1418
2026-05-04T12:45:00+00:00,1.26689,1.26689,1.26611,1.26633,2049
2026-05-04T13:00:00+00:00,1.26633,1.26649,1.26552,1.26552,1798
2026-05-04T13:15:00+00:00,1.26552,1.26555,1.26476,1.26476,1758
2026-05-04T13:30:00+00:00,1.26476,1.26613,1.26476,1.26613,2309
2026-05-04T13:45:00+00:00,1.26613,1.26645,1.26569,1.26612,1918
2026-05-04T14:00:00+00:00,1.26612,1.26800,1.26612,1.26800,1322
2026-05-04T14:15:00+00:00,1.26800,1.26800,1.26689,1.26689,2450
2026-05-04T14:30:00+00:00,1.26689,1.26689,1.26556,1.26556,1847
2026-05-04T14:45:00+00:00,1.26556,1.26558,1.26543,1.26547,1448
2026-05-04T15:00:00+00:00,1.26547,1.26587,1.26547,1.26577,1128
2026-05-04T15:15:00+00:00,1.26577,1.26614,1.26570,1.26570,1076
2026-05-04T15:30:00+00:00,1.26570,1.26592,1.26567,1.26591,650
2026-05-04T15:45:00+00:00,1.26591,1.26591,1.26555,1.26577,2510
2026-05-04T16:00:00+00:00,1.26577,1.26581,1.26549,1.26549,1324
2026-05-04T16:15:00+00:00,1.26549,1.26561,1.26531,1.26531,1915
2026-05-04T16:30:00+00:00,1.26531,1.26560,1.26530,1.26553,1458
2026-05-04T16:45:00+00:00,1.26553,1.26559,1.26540,1.26540,1519
2026-05-04T17:00:00+00:00,1.26540,1.26560,1.26540,1.26544,1324
2026-05-04T17:15:00+00:00,1.26544,1.26554,1.26541,1.26554,1914
2026-05-04T17:30:00+00:00,1.26554,1.26561,1.26546,1.26546,976
2026-05-04T17:45:00+00:00,1.26546,1.26559,1.26536,1.26536,1257
2026-05-04T18:00:00+00:00,1.26536,1.26549,1.26527,1.26549,1542
2026-05-04T18:15:00+00:00,1.26549,1.26567,1.26549,1.26563,1364
2026-05-04T18:30:00+00:00,1.26563,1.26566,1.26540,1.26566,1316
2026-05-04T18:45:00+00:00,1.26566,1.26577,1.26554,1.26562,728
2026-05-04T19:00:00+00:00,1.26562,1.26562,1.26518,1.26518,1755
2026-05-04T19:15:00+00:00,1.26518,1.26534,1.26505,1.26534,1641
2026-05-04T19:30:00+00:00,1.26534,1.26556,1.26519,1.26519,1647
2026-05-04T19:45:00+00:00,1.26519,1.26522,1.26513,1.26513,1068
2026-05-04T20:00:00+00:00,1.26513,1.26539,1.26513,1.26523,1396
2026-05-04T20:15:00+00:00,1.26523,1.26527,1.26516,1.26521,1797
2026-05-04T20:30:00+00:00,1.26521,1.26534,1.26518,1.26534,1763
2026-05-04T20:45:00+00:00,1.26534,1.26551,1.26528,1.26528,1466
2026-05-04T21:00:00+00:00,1.26528,1.26574,1.26528,1.26574,1684
2026-05-04T21:15:00+00:00,1.26574,1.26574,1.26549,1.26549,822
2026-05-04T21:30:00+00:00,1.26549,1.26575,1.26542,1.26557,1658
2026-05-04T21:45:00+00:00,1.26557,1.26595,1.26557,1.26595,1661
2026-05-04T22:00:00+00:00,1.26595,1.26595,1.26580,1.26580,1167
2026-05-04T22:15:00+00:00,1.26580,1.26580,1.26562,1.26562,1000
2026-05-04T22:30:00+00:00,1.26562,1.26562,1.26537,1.26537,2327
2026-05-04T22:45:00+00:00,1.26537,1.26543,1.26523,1.26523,1870
2026-05-04T23:00:00+00:00,1.26523,1.26546,1.26523,1.26523,1416
2026-05-04T23:15:00+00:00,1.26523,1.26553,1.26523,1.26551,2456
2026-05-04T23:30:00+00:00,1.26551,1.26556,1.26543,1.26549,1005
2026-05-04T23:45:00+00:00,1.26549,1.26567,1.26540,1.26540,1682
2026-05-05T00:00:00+00:00,1.26540,1.26540,1.26489,1.26489,1749
2026-05-05T00:15:00+00:00,1.26489,1.26504,1.26464,1.26464,1720
2026-05-05T00:30:00+00:00,1.26464,1.26496,1.26461,1.26496,1878
2026-05-05T00:45:00+00:00,1.26496,1.26496,1.26468,1.26493,2493
2026-05-05T01:00:00+00:00,1.26493,1.26497,1.26465,1.26468,1213
2026-05-05T01:15:00+00:00,1.26468,1.26535,1.26468,1.26535,919
2026-05-05T01:30:00+00:00,1.26535,1.26554,1.26505,1.26537,1022
2026-05-05T01:45:00+00:00,1.26537,1.26561,1.26517,1.26525,2464
2026-05-05T02:00:00+00:00,1.26525,1.26525,1.26481,1.26513,1677
2026-05-05T02:15:00+00:00,1.26513,1.26543,1.26509,1.26509,1605
2026-05-05T02:30:00+00:00,1.26509,1.26514,1.26494,1.26494,1857
2026-05-05T02:45:00+00:00,1.26494,1.26541,1.26494,1.26541,1462
2026-05-05T03:00:00+00:00,1.26541,1.26541,1.26520,1.26533,661
2026-05-05T03:15:00+00:00,1.26533,1.26552,1.26529,1.26529,799
2026-05-05T03:30:00+00:00,1.26529,1.26569,1.26529,1.26554,2258
2026-05-05T03:45:00+00:00,1.26554,1.26588,1.26551,1.26588,1529
2026-05-05T04:00:00+00:00,1.26588,1.26610,1.26588,1.26588,1944
2026-05-05T04:15:00+00:00,1.26588,1.26624,1.26588,1.26624,2002
2026-05-05T04:30:00+00:00,1.26624,1.26662,1.26607,1.26662,2125
2026-05-05T04:45:00+00:00,1.26662,1.26662,1.26630,1.26630,1256
2026-05-05T05:00:00+00:00,1.26630,1.26638,1.26609,1.26638,1674
2026-05-05T05:15:00+00:00,1.26638,1.26648,1.26615,1.26626,1287
2026-05-05T05:30:00+00:00,1.26626,1.26626,1.26581,1.26581,1487
2026-05-05T05:45:00+00:00,1.26581,1.26583,1.26537,1.26537,2122
2026-05-05T06:00:00+00:00,1.26537,1.26597,1.26537,1.26597,1434
2026-05-05T06:15:00+00:00,1.26597,1.26634,1.26563,1.26634,1411
2026-05-05T06:30:00+00:00,1.26634,1.26634,1.26543,1.26543,1599
2026-05-05T06:45:00+00:00,1.26543,1.26543,1.26479,1.26496,1774
2026-05-05T07:00:00+00:00,1.26496,1.26519,1.26445,1.26445,1575
2026-05-05T07:15:00+00:00,1.26445,1.26664,1.26445,1.26652,3093
2026-05-05T07:30:00+00:00,1.26652,1.26679,1.26600,1.26600,2192
2026-05-05T07:45:00+00:00,1.26600,1.26613,1.26548,1.26548,1640
2026-05-05T08:00:00+00:00,1.26548,1.26553,1.26443,1.26450,1257
2026-05-05T08:15:00+00:00,1.26450,1.26492,1.26429,1.26430,1962
2026-05-05T08:30:00+00:00,1.26430,1.26435,1.26378,1.26378,1671
2026-05-05T08:45:00+00:00,1.26378,1.26378,1.26341,1.26357,1492
2026-05-05T09:00:00+00:00,1.26357,1.26360,1.26336,1.26340,2014
2026-05-05T09:15:00+00:00,1.26340,1.26372,1.26340,1.26372,1861
2026-05-05T09:30:00+00:00,1.26372,1.26381,1.26357,1.26357,1319
2026-05-05T09:45:00+00:00,1.26357,1.26366,1.26338,1.26338,1672
2026-05-05T10:00:00+00:00,1.26338,1.26358,1.26338,1.26354,1572
2026-05-05T10:15:00+00:00,1.26354,1.26354,1.26330,1.26336,750
2026-05-05T10:30:00+00:00,1.26336,1.26359,1.26336,1.26359,1769
2026-05-05T10:45:00+00:00,1.26359,1.26400,1.26359,1.26397,1305
2026-05-05T11:00:00+00:00,1.26397,1.26418,1.26394,1.26418,1363
2026-05-05T11:15:00+00:00,1.26418,1.26424,1.26401,1.26424,1716
2026-05-05T11:30:00+00:00,1.26424,1.26431,1.26395,1.26431,1460
2026-05-05T11:45:00+00:00,1.26431,1.26457,1.26431,1.26440,1741
2026-05-05T12:00:00+00:00,1.26440,1.26440,1.26378,1.26389,1683
2026-05-05T12:15:00+00:00,1.26389,1.26519,1.26389,1.26519,960
2026-05-05T12:30:00+00:00,1.26519,1.26583,1.26519,1.26583,1492
2026-05-05T12:45:00+00:00,1.26583,1.26707,1.26583,1.26707,2991
2026-05-05T13:00:00+00:00,1.26707,1.26707,1.26610,1.26620,1238
2026-05-05T13:15:00+00:00,1.26620,1.26623,1.26584,1.26597,2515
2026-05-05T13:30:00+00:00,1.26597,1.26723,1.26597,1.26723,1584
2026-05-05T13:45:00+00:00,1.26723,1.26775,1.26665,1.26732,1244
2026-05-05T14:00:00+00:00,1.26732,1.26741,1.26703,1.26711,1582
2026-05-05T14:15:00+00:00,1.26711,1.26711,1.26634,1.26646,1999
2026-05-05T14:30:00+00:00,1.26646,1.26646,1.26515,1.26515,1605
2026-05-05T14:45:00+00:00,1.26515,1.26622,1.26515,1.26622,1453
2026-05-05T15:00:00+00:00,1.26622,1.26651,1.26543,1.26543,1789
2026-05-05T15:15:00+00:00,1.26543,1.26602,1.26543,1.26602,1623
2026-05-05T15:30:00+00:00,1.26602,1.26650,1.26602,1.26623,1424
2026-05-05T15:45:00+00:00,1.26623,1.26626,1.26605,1.26610,1201
2026-05-05T16:00:00+00:00,1.26610,1.26630,1.26610,1.26628,1036
2026-05-05T16:15:00+00:00,1.26628,1.26628,1.26607,1.26608,173
2026-05-05T16:30:00+00:00,1.26608,1.26624,1.26608,1.26608,1707
2026-05-05T16:45:00+00:00,1.26608,1.26646,1.26608,1.26639,1498
2026-05-05T17:00:00+00:00,1.26639,1.26703,1.26639,1.26703,1882
2026-05-05T17:15:00+00:00,1.26703,1.26768,1.26703,1.26768,2270
2026-05-05T17:30:00+00:00,1.26768,1.26768,1.26747,1.26756,1145
2026-05-05T17:45:00+00:00,1.26756,1.26777,1.26756,1.26777,1438
2026-05-05T18:00:00+00:00,1.26777,1.26834,1.26777,1.26834,1378
2026-05-05T18:15:00+00:00,1.26834,1.26834,1.26800,1.26800,2131
2026-05-05T18:30:00+00:00,1.26800,1.26805,1.26785,1.26791,939
2026-05-05T18:45:00+00:00,1.26791,1.26824,1.26791,1.26809,1420
2026-05-05T19:00:00+00:00,1.26809,1.26841,1.26809,1.26841,1489
2026-05-05T19:15:00+00:00,1.26841,1.26886,1.26841,1.26878,1563
2026-05-05T19:30:00+00:00,1.26878,1.26913,1.26878,1.26913,1017
2026-05-05T19:45:00+00:00,1.26913,1.26916,1.26901,1.26911,2340
2026-05-05T20:00:00+00:00,1.26911,1.26913,1.26896,1.26903,829
2026-05-05T20:15:00+00:00,1.26903,1.26911,1.26903,1.26910,1664
2026-05-05T20:30:00+00:00,1.26910,1.26916,1.26906,1.26914,1626
2026-05-05T20:45:00+00:00,1.26914,1.26924,1.26870,1.26870,1080
2026-05-05T21:00:00+00:00,1.26870,1.26923,1.26870,1.26923,1419
2026-05-05T21:15:00+00:00,1.26923,1.26931,1.26919,1.26927,1203
2026-05-05T21:30:00+00:00,1.26927,1.26943,1.26927,1.26943,1824
2026-05-05T21:45:00+00:00,1.26943,1.26945,1.26924,1.26945,1894
2026-05-05T22:00:00+00:00,1.26945,1.26971,1.26945,1.26971,1798
2026-05-05T22:15:00+00:00,1.26971,1.26982,1.26962,1.26982,1562
2026-05-05T22:30:00+00:00,1.26982,1.26988,1.26980,1.26988,1626
2026-05-05T22:45:00+00:00,1.26988,1.26998,1.26978,1.26978,1617
2026-05-05T23:00:00+00:00,1.26978,1.26979,1.26966,1.26966,1324
2026-05-05T23:15:00+00:00,1.26966,1.26980,1.26965,1.26979,513
2026-05-05T23:30:00+00:00,1.26979,1.26983,1.26962,1.26962,1442
2026-05-05T23:45:00+00:00,1.26962,1.26966,1.26955,1.26958,1876
2026-05-06T00:00:00+00:00,1.26958,1.27000,1.26956,1.26989,905
2026-05-06T00:15:00+00:00,1.26989,1.26995,1.26941,1.26941,1595
2026-05-06T00:30:00+00:00,1.26941,1.26941,1.26889,1.26889,1958
2026-05-06T00:45:00+00:00,1.26889,1.26920,1.26888,1.26888,724
2026-05-06T01:00:00+00:00,1.26888,1.26892,1.26837,1.26875,2370
2026-05-06T01:15:00+00:00,1.26875,1.26875,1.26837,1.26838,1219
2026-05-06T01:30:00+00:00,1.26838,1.26838,1.26807,1.26825,1554
2026-05-06T01:45:00+00:00,1.26825,1.26846,1.26825,1.26826,1938
2026-05-06T02:00:00+00:00,1.26826,1.26826,1.26804,1.26806,2305
2026-05-06T02:15:00+00:00,1.26806,1.26806,1.26761,1.26761,1401
2026-05-06T02:30:00+00:00,1.26761,1.26762,1.26717,1.26717,2151
2026-05-06T02:45:00+00:00,1.26717,1.26736,1.26701,1.26736,1231
2026-05-06T03:00:00+00:00,1.26736,1.26758,1.26736,1.26738,2014
2026-05-06T03:15:00+00:00,1.26738,1.26754,1.26723,1.26754,1896
2026-05-06T03:30:00+00:00,1.26754,1.26758,1.26733,1.26758,1474
2026-05-06T03:45:00+00:00,1.26758,1.26760,1.26750,1.26750,1901
2026-05-06T04:00:00+00:00,1.26750,1.26753,1.26717,1.26725,1480
2026-05-06T04:15:00+00:00,1.26725,1.26725,1.26680,1.26680,1093
2026-05-06T04:30:00+00:00,1.26680,1.26692,1.26667,1.26679,1684
2026-05-06T04:45:00+00:00,1.26679,1.26681,1.26652,1.26654,1484
2026-05-06T05:00:00+00:00,1.26654,1.26654,1.26607,1.26620,1944
2026-05-06T05:15:00+00:00,1.26620,1.26620,1.26579,1.26579,2124
2026-05-06T05:30:00+00:00,1.26579,1.26590,1.26537,1.26537,1269
2026-05-06T05:45:00+00:00,1.26537,1.26553,1.26510,1.26553,1908
2026-05-06T06:00:00+00:00,1.26553,1.26553,1.26496,1.26496,1324
2026-05-06T06:15:00+00:00,1.26496,1.26538,1.26496,1.26517,2206
2026-05-06T06:30:00+00:00,1.26517,1.26635,1.26517,1.26585,1024
2026-05-06T06:45:00+00:00,1.26585,1.26625,1.26562,1.26615,2058
2026-05-06T07:00:00+00:00,1.26615,1.26623,1.26541,1.26568,2074
2026-05-06T07:15:00+00:00,1.26568,1.26581,1.26398,1.26447,1520
2026-05-06T07:30:00+00:00,1.26447,1.26460,1.26373,1.26451,1872
2026-05-06T07:45:00+00:00,1.26451,1.26509,1.26451,1.26509,1991
2026-05-06T08:00:00+00:00,1.26509,1.26542,1.26436,1.26436,1407
2026-05-06T08:15:00+00:00,1.26436,1.26473,1.26430,1.26436,1659
2026-05-06T08:30:00+00:00,1.26436,1.26436,1.26393,1.26393,2550
2026-05-06T08:45:00+00:00,1.26393,1.26430,1.26369,1.26430,1193
2026-05-06T09:00:00+00:00,1.26430,1.26434,1.26408,1.26434,1843
2026-05-06T09:15:00+00:00,1.26434,1.26455,1.26429,1.26452,1781
2026-05-06T09:30:00+00:00,1.26452,1.26490,1.26452,1.26490,1290
2026-05-06T09:45:00+00:00,1.26490,1.26502,1.26478,1.26502,1000
2026-05-06T10:00:00+00:00,1.26502,1.26502,1.26481,1.26482,1641
2026-05-06T10:15:00+00:00,1.26482,1.26482,1.26448,1.26448,2529
2026-05-06T10:30:00+00:00,1.26448,1.26466,1.26433,1.26466,1753
2026-05-06T10:45:00+00:00,1.26466,1.26513,1.26466,1.26513,1236
2026-05-06T11:00:00+00:00,1.26513,1.26536,1.26513,1.26536,1505
2026-05-06T11:15:00+00:00,1.26536,1.26539,1.26524,1.26527,1606
2026-05-06T11:30:00+00:00,1.26527,1.26575,1.26527,1.26534,1424
2026-05-06T11:45:00+00:00,1.26534,1.26583,1.26526,1.26583,1359
2026-05-06T12:00:00+00:00,1.26583,1.26621,1.26574,1.26619,523
2026-05-06T12:15:00+00:00,1.26619,1.26653,1.26619,1.26628,2200
2026-05-06T12:30:00+00:00,1.26628,1.26638,1.26589,1.26606,2018
2026-05-06T12:45:00+00:00,1.26606,1.26606,1.26564,1.26597,2805
2026-05-06T13:00:00+00:00,1.26597,1.26713,1.26597,1.26713,2424
2026-05-06T13:15:00+00:00,1.26713,1.26784,1.26689,1.26736,1582
2026-05-06T13:30:00+00:00,1.26736,1.26736,1.26631,1.26631,2113
2026-05-06T13:45:00+00:00,1.26631,1.26659,1.26587,1.26587,2414
2026-05-06T14:00:00+00:00,1.26587,1.26597,1.26436,1.26436,1738
2026-05-06T14:15:00+00:00,1.26436,1.26477,1.26436,1.26450,1522
2026-05-06T14:30:00+00:00,1.26450,1.26473,1.26437,1.26458,2503
2026-05-06T14:45:00+00:00,1.26458,1.26531,1.26458,1.26531,1765
2026-05-06T15:00:00+00:00,1.26531,1.26531,1.26492,1.26492,1737
2026-05-06T15:15:00+00:00,1.26492,1.26492,1.26401,1.26406,1932
2026-05-06T15:30:00+00:00,1.26406,1.26406,1.26383,1.26396,1787
2026-05-06T15:45:00+00:00,1.26396,1.26412,1.26382,1.26382,1951
2026-05-06T16:00:00+00:00,1.26382,1.26387,1.26350,1.26350,1659
2026-05-06T16:15:00+00:00,1.26350,1.26371,1.26350,1.26357,1211
2026-05-06T16:30:00+00:00,1.26357,1.26392,1.26357,1.26390,1268
2026-05-06T16:45:00+00:00,1.26390,1.26391,1.26385,1.26386,1153
2026-05-06T17:00:00+00:00,1.26386,1.26423,1.26386,1.26408,1334
2026-05-06T17:15:00+00:00,1.26408,1.26449,1.26408,1.26449,1906
2026-05-06T17:30:00+00:00,1.26449,1.26449,1.26433,1.26438,1051
2026-05-06T17:45:00+00:00,1.26438,1.26461,1.26438,1.26461,1726
2026-05-06T18:00:00+00:00,1.26461,1.26475,1.26455,1.26464,1827
2026-05-06T18:15:00+00:00,1.26464,1.26485,1.26464,1.26484,1783
2026-05-06T18:30:00+00:00,1.26484,1.26503,1.26484,1.26493,1810
2026-05-06T18:45:00+00:00,1.26493,1.26501,1.26486,1.26493,2215
2026-05-06T19:00:00+00:00,1.26493,1.26502,1.26465,1.26475,1772
2026-05-06T19:15:00+00:00,1.26475,1.26475,1.26456,1.26461,522
2026-05-06T19:30:00+00:00,1.26461,1.26467,1.26450,1.26463,1326
2026-05-06T19:45:00+00:00,1.26463,1.26472,1.26461,1.26472,2225
2026-05-06T20:00:00+00:00,1.26472,1.26472,1.26421,1.26421,1731
2026-05-06T20:15:00+00:00,1.26421,1.26427,1.26401,1.26416,1283
2026-05-06T20:30:00+00:00,1.26416,1.26432,1.26395,1.26432,1409
2026-05-06T20:45:00+00:00,1.26432,1.26432,1.26405,1.26405,2233
2026-05-06T21:00:00+00:00,1.26405,1.26411,1.26388,1.26388,837
2026-05-06T21:15:00+00:00,1.26388,1.26388,1.26372,1.26380,1518
2026-05-06T21:30:00+00:00,1.26380,1.26386,1.26348,1.26348,1470
2026-05-06T21:45:00+00:00,1.26348,1.26348,1.26333,1.26333,2929
2026-05-06T22:00:00+00:00,1.26333,1.26333,1.26305,1.26316,1445
2026-05-06T22:15:00+00:00,1.26316,1.26346,1.26316,1.26330,1277
2026-05-06T22:30:00+00:00,1.26330,1.26346,1.26316,1.26346,653
2026-05-06T22:45:00+00:00,1.26346,1.26350,1.26336,1.26350,863
2026-05-06T23:00:00+00:00,1.26350,1.26351,1.26318,1.26318,1652
2026-05-06T23:15:00+00:00,1.26318,1.26318,1.26273,1.26289,1544
2026-05-06T23:30:00+00:00,1.26289,1.26292,1.26253,1.26253,2065
2026-05-06T23:45:00+00:00,1.26253,1.26253,1.26224,1.26224,1570
2026-05-07T00:00:00+00:00,1.26224,1.26240,1.26192,1.26192,1831
2026-05-07T00:15:00+00:00,1.26192,1.26210,1.26192,1.26193,1566
2026-05-07T00:30:00+00:00,1.26193,1.26225,1.26172,1.26172,1799
2026-05-07T00:45:00+00:00,1.26172,1.26172,1.26074,1.26074,1571
2026-05-07T01:00:00+00:00,1.26074,1.26074,1.26049,1.26074,1320
2026-05-07T01:15:00+00:00,1.26074,1.26084,1.26054,1.26054,1011
2026-05-07T01:30:00+00:00,1.26054,1.26093,1.26054,1.26093,2035
2026-05-07T01:45:00+00:00,1.26093,1.26093,1.26067,1.26071,1913
2026-05-07T02:00:00+00:00,1.26071,1.26075,1.26061,1.26070,1636
2026-05-07T02:15:00+00:00,1.26070,1.26096,1.26062,1.26062,1826
2026-05-07T02:30:00+00:00,1.26062,1.26087,1.26053,1.26084,919
2026-05-07T02:45:00+00:00,1.26084,1.26124,1.26084,1.26122,2212
2026-05-07T03:00:00+00:00,1.26122,1.26127,1.26102,1.26124,1816
2026-05-07T03:15:00+00:00,1.26124,1.26163,1.26114,1.26159,1285
2026-05-07T03:30:00+00:00,1.26159,1.26182,1.26159,1.26182,898
2026-05-07T03:45:00+00:00,1.26182,1.26214,1.26166,1.26190,1919
2026-05-07T04:00:00+00:00,1.26190,1.26190,1.26149,1.26149,2331
2026-05-07T04:15:00+00:00,1.26149,1.26173,1.26140,1.26140,1926
2026-05-07T04:30:00+00:00,1.26140,1.26140,1.26131,1.26131,837
2026-05-07T04:45:00+00:00,1.26131,1.26131,1.26099,1.26099,1756
2026-05-07T05:00:00+00:00,1.26099,1.26116,1.26096,1.26101,1066
2026-05-07T05:15:00+00:00,1.26101,1.26101,1.26049,1.26049,1442
2026-05-07T05:30:00+00:00,1.26049,1.26115,1.26049,1.26114,878
2026-05-07T05:45:00+00:00,1.26114,1.26114,1.26071,1.26092,2327
2026-05-07T06:00:00+00:00,1.26092,1.26171,1.26092,1.26171,967
2026-05-07T06:15:00+00:00,1.26171,1.26185,1.26123,1.26167,1714
2026-05-07T06:30:00+00:00,1.26167,1.26232,1.26161,1.26178,1741
2026-05-07T06:45:00+00:00,1.26178,1.26221,1.26143,1.26208,2249
2026-05-07T07:00:00+00:00,1.26208,1.26208,1.26095,1.26124,1692
2026-05-07T07:15:00+00:00,1.26124,1.26284,1.26124,1.26284,2588
2026-05-07T07:30:00+00:00,1.26284,1.26350,1.26284,1.26350,2489
2026-05-07T07:45:00+00:00,1.26350,1.26386,1.26324,1.26324,2635
2026-05-07T08:00:00+00:00,1.26324,1.26345,1.26232,1.26345,1513
2026-05-07T08:15:00+00:00,1.26345,1.26393,1.26299,1.26393,2374
2026-05-07T08:30:00+00:00,1.26393,1.26534,1.26378,1.26534,1668
2026-05-07T08:45:00+00:00,1.26534,1.26589,1.26534,1.26580,1296
2026-05-07T09:00:00+00:00,1.26580,1.26580,1.26552,1.26578,2303
2026-05-07T09:15:00+00:00,1.26578,1.26590,1.26576,1.26581,1424
2026-05-07T09:30:00+00:00,1.26581,1.26594,1.26564,1.26594,1087
2026-05-07T09:45:00+00:00,1.26594,1.26627,1.26594,1.26603,596
2026-05-07T10:00:00+00:00,1.26603,1.26603,1.26570,1.26570,2583
2026-05-07T10:15:00+00:00,1.26570,1.26570,1.26540,1.26555,2143
2026-05-07T10:30:00+00:00,1.26555,1.26573,1.26548,1.26548,1428
2026-05-07T10:45:00+00:00,1.26548,1.26562,1.26537,1.26537,2084
2026-05-07T11:00:00+00:00,1.26537,1.26551,1.26537,1.26551,1333
2026-05-07T11:15:00+00:00,1.26551,1.26580,1.26551,1.26562,1530
2026-05-07T11:30:00+00:00,1.26562,1.26570,1.26554,1.26559,1644
2026-05-07T11:45:00+00:00,1.26559,1.26638,1.26559,1.26638,1736
2026-05-07T12:00:00+00:00,1.26638,1.26673,1.26615,1.26630,2219
2026-05-07T12:15:00+00:00,1.26630,1.26630,1.26583,1.26583,1582
2026-05-07T12:30:00+00:00,1.26583,1.26628,1.26579,1.26628,1677
2026-05-07T12:45:00+00:00,1.26628,1.26662,1.26620,1.26662,2308
2026-05-07T13:00:00+00:00,1.26662,1.26662,1.26535,1.26535,1533
2026-05-07T13:15:00+00:00,1.26535,1.26608,1.26473,1.26608,2312
2026-05-07T13:30:00+00:00,1.26608,1.26609,1.26388,1.26388,1310
2026-05-07T13:45:00+00:00,1.26388,1.26503,1.26388,1.26503,1655
2026-05-07T14:00:00+00:00,1.26503,1.26503,1.26389,1.26491,1774
2026-05-07T14:15:00+00:00,1.26491,1.26556,1.26491,1.26556,2637
2026-05-07T14:30:00+00:00,1.26556,1.26631,1.26515,1.26631,2353
2026-05-07T14:45:00+00:00,1.26631,1.26631,1.26526,1.26526,2006
2026-05-07T15:00:00+00:00,1.26526,1.26570,1.26509,1.26539,734
2026-05-07T15:15:00+00:00,1.26539,1.26539,1.26455,1.26455,1292
2026-05-07T15:30:00+00:00,1.26455,1.26474,1.26438,1.26454,1661
2026-05-07T15:45:00+00:00,1.26454,1.26454,1.26423,1.26435,1099
2026-05-07T16:00:00+00:00,1.26435,1.26447,1.26424,1.26441,2100
2026-05-07T16:15:00+00:00,1.26441,1.26441,1.26422,1.26437,1657
2026-05-07T16:30:00+00:00,1.26437,1.26458,1.26437,1.26453,761
2026-05-07T16:45:00+00:00,1.26453,1.26471,1.26450,1.26452,1058
2026-05-07T17:00:00+00:00,1.26452,1.26452,1.26419,1.26426,1434
2026-05-07T17:15:00+00:00,1.26426,1.26429,1.26407,1.26429,1416
2026-05-07T17:30:00+00:00,1.26429,1.26444,1.26423,1.26444,1306
2026-05-07T17:45:00+00:00,1.26444,1.26466,1.26444,1.26459,1674
2026-05-07T18:00:00+00:00,1.26459,1.26459,1.26426,1.26426,1555
2026-05-07T18:15:00+00:00,1.26426,1.26461,1.26426,1.26461,2120
2026-05-07T18:30:00+00:00,1.26461,1.26465,1.26444,1.26444,950
2026-05-07T18:45:00+00:00,1.26444,1.26444,1.26422,1.26422,2197
2026-05-07T19:00:00+00:00,1.26422,1.26422,1.26368,1.26368,2073
2026-05-07T19:15:00+00:00,1.26368,1.26387,1.26368,1.26368,1768
2026-05-07T19:30:00+00:00,1.26368,1.26368,1.26348,1.26366,2225
2026-05-07T19:45:00+00:00,1.26366,1.26384,1.26361,1.26384,1308
2026-05-07T20:00:00+00:00,1.26384,1.26392,1.26365,1.26392,2434
2026-05-07T20:15:00+00:00,1.26392,1.26393,1.26382,1.26393,2360
2026-05-07T20:30:00+00:00,1.26393,1.26400,1.26364,1.26364,1752
2026-05-07T20:45:00+00:00,1.26364,1.26382,1.26364,1.26377,1928
2026-05-07T21:00:00+00:00,1.26377,1.26383,1.26377,1.26379,1982
2026-05-07T21:15:00+00:00,1.26379,1.26380,1.26360,1.26360,1291
2026-05-07T21:30:00+00:00,1.26360,1.26371,1.26353,1.26365,1630
2026-05-07T21:45:00+00:00,1.26365,1.26400,1.26365,1.26384,1520
2026-05-07T22:00:00+00:00,1.26384,1.26384,1.26366,1.26374,1998
2026-05-07T22:15:00+00:00,1.26374,1.26374,1.26345,1.26363,1880
2026-05-07T22:30:00+00:00,1.26363,1.26363,1.26346,1.26350,1016
2026-05-07T22:45:00+00:00,1.26350,1.26353,1.26336,1.26336,1476
2026-05-07T23:00:00+00:00,1.26336,1.26353,1.26334,1.26346,1394
2026-05-07T23:15:00+00:00,1.26346,1.26346,1.26309,1.26320,1027
2026-05-07T23:30:00+00:00,1.26320,1.26320,1.26279,1.26283,1222
2026-05-07T23:45:00+00:00,1.26283,1.26299,1.26279,1.26279,641
2026-05-08T00:00:00+00:00,1.26279,1.26295,1.26269,1.26280,1307
2026-05-08T00:15:00+00:00,1.26280,1.26310,1.26265,1.26290,2575
2026-05-08T00:30:00+00:00,1.26290,1.26309,1.26280,1.26280,2082
2026-05-08T00:45:00+00:00,1.26280,1.26295,1.26258,1.26258,1677
2026-05-08T01:00:00+00:00,1.26258,1.26295,1.26250,1.26250,1678
2026-05-08T01:15:00+00:00,1.26250,1.26344,1.26250,1.26344,2652
2026-05-08T01:30:00+00:00,1.26344,1.26344,1.26294,1.26322,1480
2026-05-08T01:45:00+00:00,1.26322,1.26340,1.26303,1.26303,2839
2026-05-08T02:00:00+00:00,1.26303,1.26331,1.26298,1.26317,327
2026-05-08T02:15:00+00:00,1.26317,1.26363,1.26317,1.26363,1717
2026-05-08T02:30:00+00:00,1.26363,1.26429,1.26363,1.26429,1577
2026-05-08T02:45:00+00:00,1.26429,1.26429,1.26374,1.26402,1335
2026-05-08T03:00:00+00:00,1.26402,1.26418,1.26372,1.26372,1814
2026-05-08T03:15:00+00:00,1.26372,1.26405,1.26372,1.26388,967
2026-05-08T03:30:00+00:00,1.26388,1.26405,1.26380,1.26380,1199
2026-05-08T03:45:00+00:00,1.26380,1.26399,1.26380,1.26398,2074
2026-05-08T04:00:00+00:00,1.26398,1.26410,1.26387,1.26387,1703
2026-05-08T04:15:00+00:00,1.26387,1.26393,1.26357,1.26357,1170
2026-05-08T04:30:00+00:00,1.26357,1.26357,1.26324,1.26338,1639
2026-05-08T04:45:00+00:00,1.26338,1.26338,1.26276,1.26276,1260
2026-05-08T05:00:00+00:00,1.26276,1.26284,1.26248,1.26284,1990
2026-05-08T05:15:00+00:00,1.26284,1.26284,1.26260,1.26267,1374
2026-05-08T05:30:00+00:00,1.26267,1.26296,1.26262,1.26296,1506
2026-05-08T05:45:00+00:00,1.26296,1.26329,1.26291,1.26329,1580
2026-05-08T06:00:00+00:00,1.26329,1.26405,1.26329,1.26405,1461
2026-05-08T06:15:00+00:00,1.26405,1.26405,1.26350,1.26350,646
2026-05-08T06:30:00+00:00,1.26350,1.26350,1.26262,1.26267,2416
2026-05-08T06:45:00+00:00,1.26267,1.26318,1.26201,1.26318,2746
2026-05-08T07:00:00+00:00,1.26318,1.26318,1.26236,1.26279,2029
2026-05-08T07:15:00+00:00,1.26279,1.26279,1.26155,1.26161,2367
2026-05-08T07:30:00+00:00,1.26161,1.26251,1.26153,1.26251,1438
2026-05-08T07:45:00+00:00,1.26251,1.26270,1.26202,1.26270,1770
2026-05-08T08:00:00+00:00,1.26270,1.26290,1.26187,1.26217,2246
2026-05-08T08:15:00+00:00,1.26217,1.26236,1.26189,1.26236,1899
2026-05-08T08:30:00+00:00,1.26236,1.26244,1.26185,1.26244,1535
2026-05-08T08:45:00+00:00,1.26244,1.26266,1.26234,1.26266,1525
2026-05-08T09:00:00+00:00,1.26266,1.26289,1.26252,1.26289,1450
2026-05-08T09:15:00+00:00,1.26289,1.26314,1.26289,1.26311,1511
2026-05-08T09:30:00+00:00,1.26311,1.26311,1.26269,1.26276,1214
2026-05-08T09:45:00+00:00,1.26276,1.26277,1.26265,1.26276,1394
2026-05-08T10:00:00+00:00,1.26276,1.26276,1.26264,1.26270,1363
2026-05-08T10:15:00+00:00,1.26270,1.26287,1.26256,1.26277,1828
2026-05-08T10:30:00+00:00,1.26277,1.26283,1.26255,1.26281,2056
2026-05-08T10:45:00+00:00,1.26281,1.26295,1.26280,1.26290,1428
2026-05-08T11:00:00+00:00,1.26290,1.26292,1.26267,1.26292,2507
2026-05-08T11:15:00+00:00,1.26292,1.26304,1.26278,1.26298,1626
2026-05-08T11:30:00+00:00,1.26298,1.26326,1.26298,1.26304,2730
2026-05-08T11:45:00+00:00,1.26304,1.26345,1.26304,1.26308,1188
2026-05-08T12:00:00+00:00,1.26308,1.26337,1.26300,1.26337,1200
2026-05-08T12:15:00+00:00,1.26337,1.26337,1.26299,1.26316,1678
2026-05-08T12:30:00+00:00,1.26316,1.26351,1.26267,1.26293,964
2026-05-08T12:45:00+00:00,1.26293,1.26324,1.26263,1.26263,1199
2026-05-08T13:00:00+00:00,1.26263,1.26276,1.26229,1.26243,2307
2026-05-08T13:15:00+00:00,1.26243,1.26290,1.26231,1.26290,1827
2026-05-08T13:30:00+00:00,1.26290,1.26290,1.26274,1.26283,2793
2026-05-08T13:45:00+00:00,1.26283,1.26283,1.26236,1.26271,1643
2026-05-08T14:00:00+00:00,1.26271,1.26286,1.26178,1.26204,1399
2026-05-08T14:15:00+00:00,1.26204,1.26352,1.26204,1.26352,2565
2026-05-08T14:30:00+00:00,1.26352,1.26394,1.26352,1.26359,752
2026-05-08T14:45:00+00:00,1.26359,1.26447,1.26359,1.26447,1942
2026-05-08T15:00:00+00:00,1.26447,1.26452,1.26401,1.26452,1016
2026-05-08T15:15:00+00:00,1.26452,1.26479,1.26447,1.26479,2753
2026-05-08T15:30:00+00:00,1.26479,1.26486,1.26460,1.26486,1661
2026-05-08T15:45:00+00:00,1.26486,1.26569,1.26486,1.26569,1370
2026-05-08T16:00:00+00:00,1.26569,1.26580,1.26567,1.26579,1803
2026-05-08T16:15:00+00:00,1.26579,1.26579,1.26558,1.26559,815
2026-05-08T16:30:00+00:00,1.26559,1.26564,1.26557,1.26564,1771
2026-05-08T16:45:00+00:00,1.26564,1.26564,1.26535,1.26535,1665
2026-05-08T17:00:00+00:00,1.26535,1.26555,1.26535,1.26551,1198
2026-05-08T17:15:00+00:00,1.26551,1.26571,1.26547,1.26547,1817
2026-05-08T17:30:00+00:00,1.26547,1.26550,1.26537,1.26550,886
2026-05-08T17:45:00+00:00,1.26550,1.26550,1.26528,1.26528,982
2026-05-08T18:00:00+00:00,1.26528,1.26540,1.26516,1.26516,1286
2026-05-08T18:15:00+00:00,1.26516,1.26548,1.26516,1.26536,1458
2026-05-08T18:30:00+00:00,1.26536,1.26579,1.26536,1.26571,1376
2026-05-08T18:45:00+00:00,1.26571,1.26583,1.26570,1.26572,1746
2026-05-08T19:00:00+00:00,1.26572,1.26572,1.26514,1.26514,1742
2026-05-08T19:15:00+00:00,1.26514,1.26514,1.26478,1.26484,1325
2026-05-08T19:30:00+00:00,1.26484,1.26484,1.26468,1.26474,1356
2026-05-08T19:45:00+00:00,1.26474,1.26474,1.26449,1.26449,1346
2026-05-08T20:00:00+00:00,1.26449,1.26455,1.26438,1.26438,1426
2026-05-08T20:15:00+00:00,1.26438,1.26443,1.26438,1.26443,1676
2026-05-08T20:30:00+00:00,1.26443,1.26443,1.26423,1.26431,1890
2026-05-08T20:45:00+00:00,1.26431,1.26431,1.26418,1.26425,2425
2026-05-08T21:00:00+00:00,1.26425,1.26427,1.26420,1.26427,1849
2026-05-08T21:15:00+00:00,1.26427,1.26433,1.26416,1.26416,1479
2026-05-08T21:30:00+00:00,1.26416,1.26435,1.26413,1.26435,1882
2026-05-08T21:45:00+00:00,1.26435,1.26442,1.26433,1.26442,497
2026-05-08T22:00:00+00:00,1.26442,1.26461,1.26439,1.26460,1549
2026-05-08T22:15:00+00:00,1.26460,1.26477,1.26440,1.26440,1676
2026-05-08T22:30:00+00:00,1.26440,1.26446,1.26433,1.26439,1383
2026-05-08T22:45:00+00:00,1.26439,1.26439,1.26423,1.26424,1037
2026-05-08T23:00:00+00:00,1.26424,1.26429,1.26407,1.26407,1807
2026-05-08T23:15:00+00:00,1.26407,1.26415,1.26406,1.26412,1806
2026-05-08T23:30:00+00:00,1.26412,1.26412,1.26397,1.26410,1234
2026-05-08T23:45:00+00:00,1.26410,1.26434,1.26406,1.26415,1333
2026-05-11T00:00:00+00:00,1.26415,1.26442,1.26403,1.26442,575
2026-05-11T00:15:00+00:00,1.26442,1.26475,1.26434,1.26470,843
2026-05-11T00:30:00+00:00,1.26470,1.26494,1.26470,1.26480,954
2026-05-11T00:45:00+00:00,1.26480,1.26480,1.26439,1.26439,1915
2026-05-11T01:00:00+00:00,1.26439,1.26450,1.26372,1.26372,2149
2026-05-11T01:15:00+00:00,1.26372,1.26372,1.26339,1.26350,2065
2026-05-11T01:30:00+00:00,1.26350,1.26350,1.26313,1.26335,1770
2026-05-11T01:45:00+00:00,1.26335,1.26394,1.26335,1.26394,981
2026-05-11T02:00:00+00:00,1.26394,1.26458,1.26394,1.26457,1187
2026-05-11T02:15:00+00:00,1.26457,1.26475,1.26451,1.26457,952
2026-05-11T02:30:00+00:00,1.26457,1.26457,1.26412,1.26412,1950
2026-05-11T02:45:00+00:00,1.26412,1.26426,1.26412,1.26413,1921
2026-05-11T03:00:00+00:00,1.26413,1.26465,1.26413,1.26444,1123
2026-05-11T03:15:00+00:00,1.26444,1.26444,1.26407,1.26407,1707
2026-05-11T03:30:00+00:00,1.26407,1.26407,1.26360,1.26360,2886
2026-05-11T03:45:00+00:00,1.26360,1.26364,1.26328,1.26328,2163
2026-05-11T04:00:00+00:00,1.26328,1.26328,1.26296,1.26319,1566
2026-05-11T04:15:00+00:00,1.26319,1.26319,1.26272,1.26272,1490
2026-05-11T04:30:00+00:00,1.26272,1.26272,1.26242,1.26242,1906
2026-05-11T04:45:00+00:00,1.26242,1.26261,1.26231,1.26257,1028
2026-05-11T05:00:00+00:00,1.26257,1.26278,1.26250,1.26278,638
2026-05-11T05:15:00+00:00,1.26278,1.26300,1.26278,1.26298,2366
2026-05-11T05:30:00+00:00,1.26298,1.26307,1.26264,1.26264,1917
2026-05-11T05:45:00+00:00,1.26264,1.26264,1.26197,1.26217,2188
2026-05-11T06:00:00+00:00,1.26217,1.26222,1.26185,1.26185,2065
2026-05-11T06:15:00+00:00,1.26185,1.26212,1.26170,1.26204,2520
2026-05-11T06:30:00+00:00,1.26204,1.26218,1.26153,1.26153,1878
2026-05-11T06:45:00+00:00,1.26153,1.26192,1.26153,1.26188,1273
2026-05-11T07:00:00+00:00,1.26188,1.26222,1.26151,1.26202,2127
2026-05-11T07:15:00+00:00,1.26202,1.26215,1.26099,1.26215,2124
2026-05-11T07:30:00+00:00,1.26215,1.26215,1.26181,1.26191,1094
2026-05-11T07:45:00+00:00,1.26191,1.26191,1.26092,1.26126,939
2026-05-11T08:00:00+00:00,1.26126,1.26148,1.26072,1.26148,2046
2026-05-11T08:15:00+00:00,1.26148,1.26191,1.26132,1.26132,1555
2026-05-11T08:30:00+00:00,1.26132,1.26132,1.26038,1.26038,2274
2026-05-11T08:45:00+00:00,1.26038,1.26040,1.26012,1.26040,1692
2026-05-11T09:00:00+00:00,1.26040,1.26075,1.26040,1.26075,1494
2026-05-11T09:15:00+00:00,1.26075,1.26075,1.26044,1.26058,2122
2026-05-11T09:30:00+00:00,1.26058,1.26079,1.26058,1.26064,945
2026-05-11T09:45:00+00:00,1.26064,1.26101,1.26064,1.26101,1476
2026-05-11T10:00:00+00:00,1.26101,1.26101,1.26064,1.26064,1594
2026-05-11T10:15:00+00:00,1.26064,1.26064,1.26020,1.26020,1468
2026-05-11T10:30:00+00:00,1.26020,1.26034,1.26020,1.26031,1475
2026-05-11T10:45:00+00:00,1.26031,1.26031,1.25981,1.25981,597
2026-05-11T11:00:00+00:00,1.25981,1.26002,1.25977,1.25977,1737
2026-05-11T11:15:00+00:00,1.25977,1.26008,1.25972,1.26008,1775
2026-05-11T11:30:00+00:00,1.26008,1.26049,1.26008,1.26049,2526
2026-05-11T11:45:00+00:00,1.26049,1.26049,1.25994,1.25995,1179
2026-05-11T12:00:00+00:00,1.25995,1.26069,1.25995,1.26069,1524
2026-05-11T12:15:00+00:00,1.26069,1.26093,1.26014,1.26039,1214
2026-05-11T12:30:00+00:00,1.26039,1.26157,1.26039,1.26157,1442
2026-05-11T12:45:00+00:00,1.26157,1.26161,1.26107,1.26161,1884
2026-05-11T13:00:00+00:00,1.26161,1.26161,1.26053,1.26053,1793
2026-05-11T13:15:00+00:00,1.26053,1.26073,1.26035,1.26035,1308
2026-05-11T13:30:00+00:00,1.26035,1.26126,1.26035,1.26090,1932
2026-05-11T13:45:00+00:00,1.26090,1.26165,1.26090,1.26148,1576
2026-05-11T14:00:00+00:00,1.26148,1.26171,1.26116,1.26137,2799
2026-05-11T14:15:00+00:00,1.26137,1.26137,1.26090,1.26124,1323
2026-05-11T14:30:00+00:00,1.26124,1.26162,1.26124,1.26145,1546
2026-05-11T14:45:00+00:00,1.26145,1.26145,1.26096,1.26107,2076
2026-05-11T15:00:00+00:00,1.26107,1.26151,1.26098,1.26151,1596
2026-05-11T15:15:00+00:00,1.26151,1.26165,1.26143,1.26158,1403
2026-05-11T15:30:00+00:00,1.26158,1.26224,1.26158,1.26214,2096
2026-05-11T15:45:00+00:00,1.26214,1.26248,1.26214,1.26248,1201
2026-05-11T16:00:00+00:00,1.26248,1.26248,1.26215,1.26222,1008
2026-05-11T16:15:00+00:00,1.26222,1.26224,1.26201,1.26201,1047
2026-05-11T16:30:00+00:00,1.26201,1.26201,1.26188,1.26191,938
2026-05-11T16:45:00+00:00,1.26191,1.26203,1.26178,1.26178,1046
2026-05-11T17:00:00+00:00,1.26178,1.26190,1.26178,1.26190,1185
2026-05-11T17:15:00+00:00,1.26190,1.26216,1.26190,1.26216,389
2026-05-11T17:30:00+00:00,1.26216,1.26219,1.26208,1.26209,1647
2026-05-11T17:45:00+00:00,1.26209,1.26223,1.26205,1.26210,1778
2026-05-11T18:00:00+00:00,1.26210,1.26210,1.26185,1.26191,1908
2026-05-11T18:15:00+00:00,1.26191,1.26191,1.26170,1.26186,261
2026-05-11T18:30:00+00:00,1.26186,1.26196,1.26178,1.26194,1243
2026-05-11T18:45:00+00:00,1.26194,1.26213,1.26194,1.26208,2362
2026-05-11T19:00:00+00:00,1.26208,1.26232,1.26208,1.26232,1733
2026-05-11T19:15:00+00:00,1.26232,1.26232,1.26194,1.26196,1153
2026-05-11T19:30:00+00:00,1.26196,1.26210,1.26196,1.26210,1886
2026-05-11T19:45:00+00:00,1.26210,1.26215,1.26195,1.26195,1612
2026-05-11T20:00:00+00:00,1.26195,1.26201,1.26191,1.26201,1622
2026-05-11T20:15:00+00:00,1.26201,1.26204,1.26178,1.26185,2118
2026-05-11T20:30:00+00:00,1.26185,1.26193,1.26174,1.26177,2939
2026-05-11T20:45:00+00:00,1.26177,1.26178,1.26151,1.26151,1530
2026-05-11T21:00:00+00:00,1.26151,1.26167,1.26151,1.26167,1980
2026-05-11T21:15:00+00:00,1.26167,1.26173,1.26152,1.26152,1129
2026-05-11T21:30:00+00:00,1.26152,1.26166,1.26142,1.26142,1430
2026-05-11T21:45:00+00:00,1.26142,1.26159,1.26142,1.26148,1386
2026-05-11T22:00:00+00:00,1.26148,1.26159,1.26146,1.26158,2073
2026-05-11T22:15:00+00:00,1.26158,1.26175,1.26158,1.26175,667
2026-05-11T22:30:00+00:00,1.26175,1.26185,1.26161,1.26172,1163
2026-05-11T22:45:00+00:00,1.26172,1.26194,1.26172,1.26187,1211
2026-05-11T23:00:00+00:00,1.26187,1.26187,1.26172,1.26187,824
2026-05-11T23:15:00+00:00,1.26187,1.26210,1.26184,1.26210,2597
2026-05-11T23:30:00+00:00,1.26210,1.26210,1.26181,1.26192,1816
2026-05-11T23:45:00+00:00,1.26192,1.26222,1.26192,1.26222,1233
2026-05-12T00:00:00+00:00,1.26222,1.26222,1.26166,1.26204,839
2026-05-12T00:15:00+00:00,1.26204,1.26212,1.26197,1.26212,930
2026-05-12T00:30:00+00:00,1.26212,1.26263,1.26212,1.26236,1428
2026-05-12T00:45:00+00:00,1.26236,1.26236,1.26092,1.26092,1454
2026-05-12T01:00:00+00:00,1.26092,1.26107,1.26066,1.26066,2823
2026-05-12T01:15:00+00:00,1.26066,1.26066,1.26040,1.26040,2765
2026-05-12T01:30:00+00:00,1.26040,1.26069,1.26027,1.26061,1014
2026-05-12T01:45:00+00:00,1.26061,1.26061,1.26027,1.26039,2227
2026-05-12T02:00:00+00:00,1.26039,1.26039,1.25983,1.25983,1570
2026-05-12T02:15:00+00:00,1.25983,1.26030,1.25977,1.26028,1502
2026-05-12T02:30:00+00:00,1.26028,1.26033,1.25997,1.26014,1290
2026-05-12T02:45:00+00:00,1.26014,1.26014,1.25960,1.25975,1326
2026-05-12T03:00:00+00:00,1.25975,1.26001,1.25975,1.25984,2285
2026-05-12T03:15:00+00:00,1.25984,1.25984,1.25950,1.25950,1598
2026-05-12T03:30:00+00:00,1.25950,1.25974,1.25950,1.25973,2005
2026-05-12T03:45:00+00:00,1.25973,1.25984,1.25967,1.25984,2028
2026-05-12T04:00:00+00:00,1.25984,1.25984,1.25964,1.25964,2009
2026-05-12T04:15:00+00:00,1.25964,1.25964,1.25943,1.25948,1362
2026-05-12T04:30:00+00:00,1.25948,1.25960,1.25935,1.25940,1833
2026-05-12T04:45:00+00:00,1.25940,1.25941,1.25927,1.25941,2361
2026-05-12T05:00:00+00:00,1.25941,1.25941,1.25892,1.25892,1318
2026-05-12T05:15:00+00:00,1.25892,1.25892,1.25821,1.25821,1300
2026-05-12T05:30:00+00:00,1.25821,1.25829,1.25808,1.25813,1291
2026-05-12T05:45:00+00:00,1.25813,1.25834,1.25769,1.25775,2748
2026-05-12T06:00:00+00:00,1.25775,1.25830,1.25775,1.25812,1766
2026-05-12T06:15:00+00:00,1.25812,1.25934,1.25812,1.25892,1335
2026-05-12T06:30:00+00:00,1.25892,1.25908,1.25868,1.25868,796
2026-05-12T06:45:00+00:00,1.25868,1.25908,1.25868,1.25908,2363
2026-05-12T07:00:00+00:00,1.25908,1.25927,1.25817,1.25824,1168
2026-05-12T07:15:00+00:00,1.25824,1.25866,1.25803,1.25803,1458
2026-05-12T07:30:00+00:00,1.25803,1.25818,1.25708,1.25752,2208
2026-05-12T07:45:00+00:00,1.25752,1.25873,1.25752,1.25868,1189
2026-05-12T08:00:00+00:00,1.25868,1.25868,1.25791,1.25814,1313
2026-05-12T08:15:00+00:00,1.25814,1.25814,1.25725,1.25755,1028
2026-05-12T08:30:00+00:00,1.25755,1.25755,1.25663,1.25704,2386
2026-05-12T08:45:00+00:00,1.25704,1.25739,1.25704,1.25739,1517
2026-05-12T09:00:00+00:00,1.25739,1.25739,1.25690,1.25691,2288
2026-05-12T09:15:00+00:00,1.25691,1.25691,1.25645,1.25645,1346
2026-05-12T09:30:00+00:00,1.25645,1.25688,1.25645,1.25678,1777
2026-05-12T09:45:00+00:00,1.25678,1.25689,1.25665,1.25684,1617
2026-05-12T10:00:00+00:00,1.25684,1.25735,1.25684,1.25735,2345
2026-05-12T10:15:00+00:00,1.25735,1.25745,1.25730,1.25742,2114
2026-05-12T10:30:00+00:00,1.25742,1.25744,1.25714,1.25725,1577
2026-05-12T10:45:00+00:00,1.25725,1.25735,1.25721,1.25735,1420
2026-05-12T11:00:00+00:00,1.25735,1.25771,1.25735,1.25771,1531
2026-05-12T11:15:00+00:00,1.25771,1.25771,1.25734,1.25747,1245
2026-05-12T11:30:00+00:00,1.25747,1.25798,1.25747,1.25797,1179
2026-05-12T11:45:00+00:00,1.25797,1.25804,1.25775,1.25797,958
2026-05-12T12:00:00+00:00,1.25797,1.25901,1.25797,1.25855,1200
2026-05-12T12:15:00+00:00,1.25855,1.25968,1.25855,1.25968,2452
2026-05-12T12:30:00+00:00,1.25968,1.25968,1.25875,1.25875,1779
2026-05-12T12:45:00+00:00,1.25875,1.25875,1.25648,1.25648,1973
2026-05-12T13:00:00+00:00,1.25648,1.25757,1.25647,1.25757,1550
2026-05-12T13:15:00+00:00,1.25757,1.25761,1.25735,1.25759,1938
2026-05-12T13:30:00+00:00,1.25759,1.25865,1.25759,1.25865,2123
2026-05-12T13:45:00+00:00,1.25865,1.25964,1.25836,1.25964,2026
2026-05-12T14:00:00+00:00,1.25964,1.25999,1.25920,1.25999,1810
2026-05-12T14:15:00+00:00,1.25999,1.26017,1.25977,1.25977,1132
2026-05-12T14:30:00+00:00,1.25977,1.26107,1.25977,1.26086,1202
2026-05-12T14:45:00+00:00,1.26086,1.26200,1.26086,1.26194,1784
2026-05-12T15:00:00+00:00,1.26194,1.26194,1.26101,1.26111,1247
2026-05-12T15:15:00+00:00,1.26111,1.26148,1.26102,1.26102,1682
2026-05-12T15:30:00+00:00,1.26102,1.26122,1.26100,1.26122,1117
2026-05-12T15:45:00+00:00,1.26122,1.26122,1.26052,1.26052,2632
2026-05-12T16:00:00+00:00,1.26052,1.26084,1.26052,1.26084,2206
2026-05-12T16:15:00+00:00,1.26084,1.26098,1.26084,1.26089,1053
2026-05-12T16:30:00+00:00,1.26089,1.26113,1.26089,1.26112,1211
2026-05-12T16:45:00+00:00,1.26112,1.26120,1.26098,1.26098,2211
2026-05-12T17:00:00+00:00,1.26098,1.26098,1.26078,1.26087,1086
2026-05-12T17:15:00+00:00,1.26087,1.26118,1.26087,1.26118,1376
2026-05-12T17:30:00+00:00,1.26118,1.26135,1.26118,1.26119,1294
2026-05-12T17:45:00+00:00,1.26119,1.26125,1.26109,1.26125,1547
2026-05-12T18:00:00+00:00,1.26125,1.26125,1.26105,1.26115,1019
2026-05-12T18:15:00+00:00,1.26115,1.26155,1.26109,1.26155,1933
2026-05-12T18:30:00+00:00,1.26155,1.26158,1.26139,1.26150,1289
2026-05-12T18:45:00+00:00,1.26150,1.26170,1.26150,1.26170,1791
2026-05-12T19:00:00+00:00,1.26170,1.26187,1.26168,1.26168,1738
2026-05-12T19:15:00+00:00,1.26168,1.26187,1.26159,1.26166,1176
2026-05-12T19:30:00+00:00,1.26166,1.26166,1.26147,1.26147,1347
2026-05-12T19:45:00+00:00,1.26147,1.26159,1.26145,1.26159,1422
2026-05-12T20:00:00+00:00,1.26159,1.26159,1.26143,1.26143,1147
2026-05-12T20:15:00+00:00,1.26143,1.26188,1.26143,1.26188,1976
2026-05-12T20:30:00+00:00,1.26188,1.26191,1.26176,1.26177,2053
2026-05-12T20:45:00+00:00,1.26177,1.26207,1.26177,1.26207,1214
2026-05-12T21:00:00+00:00,1.26207,1.26229,1.26186,1.26228,2297
2026-05-12T21:15:00+00:00,1.26228,1.26228,1.26194,1.26194,1454
2026-05-12T21:30:00+00:00,1.26194,1.26201,1.26179,1.26179,1344
2026-05-12T21:45:00+00:00,1.26179,1.26210,1.26176,1.26210,1880
2026-05-12T22:00:00+00:00,1.26210,1.26234,1.26206,1.26234,2295
2026-05-12T22:15:00+00:00,1.26234,1.26234,1.26194,1.26194,1653
2026-05-12T22:30:00+00:00,1.26194,1.26199,1.26169,1.26169,2087
2026-05-12T22:45:00+00:00,1.26169,1.26204,1.26169,1.26204,2100
2026-05-12T23:00:00+00:00,1.26204,1.26276,1.26204,1.26276,1252
2026-05-12T23:15:00+00:00,1.26276,1.26305,1.26276,1.26305,1546
2026-05-12T23:30:00+00:00,1.26305,1.26307,1.26296,1.26296,1563
2026-05-12T23:45:00+00:00,1.26296,1.26299,1.26280,1.26299,1911
2026-05-13T00:00:00+00:00,1.26299,1.26299,1.26225,1.26253,973
2026-05-13T00:15:00+00:00,1.26253,1.26291,1.26233,1.26291,2747
2026-05-13T00:30:00+00:00,1.26291,1.26293,1.26251,1.26267,945
2026-05-13T00:45:00+00:00,1.26267,1.26286,1.26243,1.26243,894
2026-05-13T01:00:00+00:00,1.26243,1.26243,1.26204,1.26214,1123
2026-05-13T01:15:00+00:00,1.26214,1.26214,1.26148,1.26148,1074
2026-05-13T01:30:00+00:00,1.26148,1.26148,1.26093,1.26104,1183
2026-05-13T01:45:00+00:00,1.26104,1.26131,1.26098,1.26131,2883
2026-05-13T02:00:00+00:00,1.26131,1.26143,1.26114,1.26114,1225
2026-05-13T02:15:00+00:00,1.26114,1.26131,1.26107,1.26131,1740
2026-05-13T02:30:00+00:00,1.26131,1.26135,1.26094,1.26098,2249
2026-05-13T02:45:00+00:00,1.26098,1.26114,1.26074,1.26108,1079
2026-05-13T03:00:00+00:00,1.26108,1.26108,1.26069,1.26080,997
2026-05-13T03:15:00+00:00,1.26080,1.26150,1.26080,1.26143,2882
2026-05-13T03:30:00+00:00,1.26143,1.26207,1.26143,1.26207,2212
2026-05-13T03:45:00+00:00,1.26207,1.26216,1.26205,1.26205,1643
2026-05-13T04:00:00+00:00,1.26205,1.26230,1.26205,1.26211,1105
2026-05-13T04:15:00+00:00,1.26211,1.26219,1.26199,1.26207,1992
2026-05-13T04:30:00+00:00,1.26207,1.26222,1.26183,1.26222,1397
2026-05-13T04:45:00+00:00,1.26222,1.26222,1.26179,1.26193,1597
2026-05-13T05:00:00+00:00,1.26193,1.26245,1.26193,1.26241,1689
2026-05-13T05:15:00+00:00,1.26241,1.26241,1.26199,1.26199,301
2026-05-13T05:30:00+00:00,1.26199,1.26218,1.26159,1.26204,2495
2026-05-13T05:45:00+00:00,1.26204,1.26268,1.26204,1.26268,2027
2026-05-13T06:00:00+00:00,1.26268,1.26318,1.26213,1.26318,1447
2026-05-13T06:15:00+00:00,1.26318,1.26324,1.26313,1.26324,1790
2026-05-13T06:30:00+00:00,1.26324,1.26326,1.26279,1.26281,2144
2026-05-13T06:45:00+00:00,1.26281,1.26310,1.26241,1.26296,2134
2026-05-13T07:00:00+00:00,1.26296,1.26377,1.26296,1.26317,1733
2026-05-13T07:15:00+00:00,1.26317,1.26334,1.26287,1.26334,1500
2026-05-13T07:30:00+00:00,1.26334,1.26334,1.26257,1.26257,2507
2026-05-13T07:45:00+00:00,1.26257,1.26294,1.26244,1.26246,2596
2026-05-13T08:00:00+00:00,1.26246,1.26261,1.26184,1.26184,2453
2026-05-13T08:15:00+00:00,1.26184,1.26200,1.26164,1.26169,2540
2026-05-13T08:30:00+00:00,1.26169,1.26169,1.26080,1.26080,1480
2026-05-13T08:45:00+00:00,1.26080,1.26098,1.26078,1.26098,1502
2026-05-13T09:00:00+00:00,1.26098,1.26114,1.26098,1.26100,1076
2026-05-13T09:15:00+00:00,1.26100,1.26113,1.26056,1.26056,1921
2026-05-13T09:30:00+00:00,1.26056,1.26087,1.26056,1.26058,2289
2026-05-13T09:45:00+00:00,1.26058,1.26080,1.26058,1.26062,1063
2026-05-13T10:00:00+00:00,1.26062,1.26068,1.26053,1.26053,2298
2026-05-13T10:15:00+00:00,1.26053,1.26053,1.26021,1.26021,1259
2026-05-13T10:30:00+00:00,1.26021,1.26037,1.26013,1.26025,1272
2026-05-13T10:45:00+00:00,1.26025,1.26025,1.26002,1.26006,1007
2026-05-13T11:00:00+00:00,1.26006,1.26006,1.25977,1.25993,1370
2026-05-13T11:15:00+00:00,1.25993,1.25995,1.25961,1.25961,1095
2026-05-13T11:30:00+00:00,1.25961,1.25961,1.25915,1.25940,1777
2026-05-13T11:45:00+00:00,1.25940,1.25957,1.25940,1.25949,1014
2026-05-13T12:00:00+00:00,1.25949,1.25949,1.25882,1.25882,1761
2026-05-13T12:15:00+00:00,1.25882,1.25882,1.25829,1.25847,824
2026-05-13T12:30:00+00:00,1.25847,1.25847,1.25783,1.25814,1729
2026-05-13T12:45:00+00:00,1.25814,1.25814,1.25744,1.25746,3103
2026-05-13T13:00:00+00:00,1.25746,1.25748,1.25728,1.25748,2358
2026-05-13T13:15:00+00:00,1.25748,1.25823,1.25748,1.25823,1680
2026-05-13T13:30:00+00:00,1.25823,1.25875,1.25820,1.25860,1305
2026-05-13T13:45:00+00:00,1.25860,1.25959,1.25842,1.25959,1231
2026-05-13T14:00:00+00:00,1.25959,1.26049,1.25959,1.26049,1822
2026-05-13T14:15:00+00:00,1.26049,1.26080,1.26036,1.26048,1241
2026-05-13T14:30:00+00:00,1.26048,1.26048,1.25914,1.25914,1661
2026-05-13T14:45:00+00:00,1.25914,1.25959,1.25914,1.25959,1031
2026-05-13T15:00:00+00:00,1.25959,1.26003,1.25959,1.26003,1633
2026-05-13T15:15:00+00:00,1.26003,1.26003,1.25950,1.26000,1928
2026-05-13T15:30:00+00:00,1.26000,1.26046,1.26000,1.26035,938
2026-05-13T15:45:00+00:00,1.26035,1.26071,1.26008,1.26071,2150
2026-05-13T16:00:00+00:00,1.26071,1.26080,1.26052,1.26080,1626
2026-05-13T16:15:00+00:00,1.26080,1.26153,1.26080,1.26144,2209
2026-05-13T16:30:00+00:00,1.26144,1.26158,1.26136,1.26136,1597
2026-05-13T16:45:00+00:00,1.26136,1.26170,1.26134,1.26170,594
2026-05-13T17:00:00+00:00,1.26170,1.26171,1.26152,1.26153,142
2026-05-13T17:15:00+00:00,1.26153,1.26199,1.26153,1.26199,1243
2026-05-13T17:30:00+00:00,1.26199,1.26220,1.26199,1.26220,1710
2026-05-13T17:45:00+00:00,1.26220,1.26253,1.26215,1.26249,2164
2026-05-13T18:00:00+00:00,1.26249,1.26253,1.26232,1.26232,1526
2026-05-13T18:15:00+00:00,1.26232,1.26247,1.26231,1.26240,1919
2026-05-13T18:30:00+00:00,1.26240,1.26240,1.26229,1.26236,1830
2026-05-13T18:45:00+00:00,1.26236,1.26243,1.26221,1.26243,2240
2026-05-13T19:00:00+00:00,1.26243,1.26276,1.26238,1.26276,2192
2026-05-13T19:15:00+00:00,1.26276,1.26320,1.26276,1.26320,2489
2026-05-13T19:30:00+00:00,1.26320,1.26330,1.26314,1.26317,1512
2026-05-13T19:45:00+00:00,1.26317,1.26317,1.26279,1.26279,1505
2026-05-13T20:00:00+00:00,1.26279,1.26303,1.26277,1.26291,1023
2026-05-13T20:15:00+00:00,1.26291,1.26291,1.26264,1.26264,1232
2026-05-13T20:30:00+00:00,1.26264,1.26264,1.26248,1.26260,2582
2026-05-13T20:45:00+00:00,1.26260,1.26291,1.26260,1.26273,1047
2026-05-13T21:00:00+00:00,1.26273,1.26273,1.26227,1.26227,1666
2026-05-13T21:15:00+00:00,1.26227,1.26227,1.26177,1.26177,1863
2026-05-13T21:30:00+00:00,1.26177,1.26208,1.26177,1.26204,1759
2026-05-13T21:45:00+00:00,1.26204,1.26208,1.26195,1.26203,1919
2026-05-13T22:00:00+00:00,1.26203,1.26223,1.26200,1.26223,1784
2026-05-13T22:15:00+00:00,1.26223,1.26240,1.26223,1.26240,1468
2026-05-13T22:30:00+00:00,1.26240,1.26254,1.26237,1.26252,926
2026-05-13T22:45:00+00:00,1.26252,1.26253,1.26243,1.26253,2451
2026-05-13T23:00:00+00:00,1.26253,1.26263,1.26242,1.26249,1412
2026-05-13T23:15:00+00:00,1.26249,1.26249,1.26227,1.26227,1691
2026-05-13T23:30:00+00:00,1.26227,1.26240,1.26227,1.26238,1406
2026-05-13T23:45:00+00:00,1.26238,1.26261,1.26238,1.26251,1598
2026-05-14T00:00:00+00:00,1.26251,1.26264,1.26209,1.26209,793
2026-05-14T00:15:00+00:00,1.26209,1.26209,1.26180,1.26186,1471
2026-05-14T00:30:00+00:00,1.26186,1.26267,1.26186,1.26267,1119
2026-05-14T00:45:00+00:00,1.26267,1.26280,1.26258,1.26279,1600
2026-05-14T01:00:00+00:00,1.26279,1.26298,1.26263,1.26272,2171
2026-05-14T01:15:00+00:00,1.26272,1.26272,1.26249,1.26256,1945
2026-05-14T01:30:00+00:00,1.26256,1.26256,1.26239,1.26253,1849
2026-05-14T01:45:00+00:00,1.26253,1.26297,1.26235,1.26297,2206
2026-05-14T02:00:00+00:00,1.26297,1.26297,1.26272,1.26277,1667
2026-05-14T02:15:00+00:00,1.26277,1.26282,1.26252,1.26252,2133
2026-05-14T02:30:00+00:00,1.26252,1.26286,1.26245,1.26286,1456
2026-05-14T02:45:00+00:00,1.26286,1.26298,1.26239,1.26295,1655
2026-05-14T03:00:00+00:00,1.26295,1.26295,1.26258,1.26267,1872
2026-05-14T03:15:00+00:00,1.26267,1.26270,1.26261,1.26270,1767
2026-05-14T03:30:00+00:00,1.26270,1.26270,1.26244,1.26244,1988
2026-05-14T03:45:00+00:00,1.26244,1.26244,1.26201,1.26211,1646
2026-05-14T04:00:00+00:00,1.26211,1.26221,1.26194,1.26221,1640
2026-05-14T04:15:00+00:00,1.26221,1.26221,1.26192,1.26192,584
2026-05-14T04:30:00+00:00,1.26192,1.26192,1.26175,1.26175,855
2026-05-14T04:45:00+00:00,1.26175,1.26215,1.26165,1.26215,1944
2026-05-14T05:00:00+00:00,1.26215,1.26262,1.26211,1.26262,1370
2026-05-14T05:15:00+00:00,1.26262,1.26289,1.26262,1.26279,1089
2026-05-14T05:30:00+00:00,1.26279,1.26279,1.26241,1.26273,1751
2026-05-14T05:45:00+00:00,1.26273,1.26338,1.26250,1.26329,1774
2026-05-14T06:00:00+00:00,1.26329,1.26329,1.26303,1.26303,1037
2026-05-14T06:15:00+00:00,1.26303,1.26303,1.26261,1.26261,1678
2026-05-14T06:30:00+00:00,1.26261,1.26261,1.26203,1.26223,2214
2026-05-14T06:45:00+00:00,1.26223,1.26223,1.26151,1.26210,2066
2026-05-14T07:00:00+00:00,1.26210,1.26275,1.26210,1.26268,2120
2026-05-14T07:15:00+00:00,1.26268,1.26268,1.26251,1.26254,1378
2026-05-14T07:30:00+00:00,1.26254,1.26265,1.26145,1.26145,2439
2026-05-14T07:45:00+00:00,1.26145,1.26241,1.26145,1.26193,2451
2026-05-14T08:00:00+00:00,1.26193,1.26193,1.26125,1.26125,1448
2026-05-14T08:15:00+00:00,1.26125,1.26163,1.26121,1.26163,1337
2026-05-14T08:30:00+00:00,1.26163,1.26313,1.26163,1.26313,1462
2026-05-14T08:45:00+00:00,1.26313,1.26338,1.26303,1.26320,1269
2026-05-14T09:00:00+00:00,1.26320,1.26320,1.26276,1.26298,585
2026-05-14T09:15:00+00:00,1.26298,1.26328,1.26298,1.26328,1159
2026-05-14T09:30:00+00:00,1.26328,1.26349,1.26320,1.26349,1350
2026-05-14T09:45:00+00:00,1.26349,1.26358,1.26342,1.26352,949
2026-05-14T10:00:00+00:00,1.26352,1.26358,1.26345,1.26358,1857
2026-05-14T10:15:00+00:00,1.26358,1.26386,1.26358,1.26386,1178
2026-05-14T10:30:00+00:00,1.26386,1.26425,1.26386,1.26414,716
2026-05-14T10:45:00+00:00,1.26414,1.26480,1.26414,1.26480,995
2026-05-14T11:00:00+00:00,1.26480,1.26507,1.26471,1.26499,1596
2026-05-14T11:15:00+00:00,1.26499,1.26536,1.26499,1.26522,1120
2026-05-14T11:30:00+00:00,1.26522,1.26538,1.26502,1.26510,1734
2026-05-14T11:45:00+00:00,1.26510,1.26536,1.26491,1.26536,2207
2026-05-14T12:00:00+00:00,1.26536,1.26606,1.26533,1.26570,1635
2026-05-14T12:15:00+00:00,1.26570,1.26582,1.26495,1.26495,1399
2026-05-14T12:30:00+00:00,1.26495,1.26569,1.26491,1.26562,643
2026-05-14T12:45:00+00:00,1.26562,1.26611,1.26562,1.26611,1479
2026-05-14T13:00:00+00:00,1.26611,1.26746,1.26609,1.26746,1667
2026-05-14T13:15:00+00:00,1.26746,1.26775,1.26709,1.26709,2199
2026-05-14T13:30:00+00:00,1.26709,1.26747,1.26700,1.26729,1327
2026-05-14T13:45:00+00:00,1.26729,1.26729,1.26646,1.26658,1322
2026-05-14T14:00:00+00:00,1.26658,1.26682,1.26621,1.26682,1575
2026-05-14T14:15:00+00:00,1.26682,1.26682,1.26556,1.26562,1249
2026-05-14T14:30:00+00:00,1.26562,1.26562,1.26403,1.26403,981
2026-05-14T14:45:00+00:00,1.26403,1.26446,1.26384,1.26446,1335
2026-05-14T15:00:00+00:00,1.26446,1.26474,1.26443,1.26459,2059
2026-05-14T15:15:00+00:00,1.26459,1.26479,1.26457,1.26479,1934
2026-05-14T15:30:00+00:00,1.26479,1.26479,1.26438,1.26444,1467
2026-05-14T15:45:00+00:00,1.26444,1.26465,1.26444,1.26450,1306
2026-05-14T16:00:00+00:00,1.26450,1.26456,1.26431,1.26431,3077
2026-05-14T16:15:00+00:00,1.26431,1.26455,1.26428,1.26455,2261
2026-05-14T16:30:00+00:00,1.26455,1.26458,1.26432,1.26440,1356
2026-05-14T16:45:00+00:00,1.26440,1.26440,1.26405,1.26436,1170
2026-05-14T17:00:00+00:00,1.26436,1.26448,1.26417,1.26448,1254
2026-05-14T17:15:00+00:00,1.26448,1.26448,1.26420,1.26426,980
2026-05-14T17:30:00+00:00,1.26426,1.26429,1.26396,1.26406,1342
2026-05-14T17:45:00+00:00,1.26406,1.26431,1.26406,1.26431,1611
2026-05-14T18:00:00+00:00,1.26431,1.26461,1.26431,1.26449,1719
2026-05-14T18:15:00+00:00,1.26449,1.26457,1.26437,1.26437,1775
2026-05-14T18:30:00+00:00,1.26437,1.26471,1.26437,1.26469,1612
2026-05-14T18:45:00+00:00,1.26469,1.26469,1.26438,1.26438,1463
2026-05-14T19:00:00+00:00,1.26438,1.26438,1.26422,1.26422,2373
2026-05-14T19:15:00+00:00,1.26422,1.26451,1.26420,1.26436,2166
2026-05-14T19:30:00+00:00,1.26436,1.26457,1.26433,1.26456,2433
2026-05-14T19:45:00+00:00,1.26456,1.26483,1.26450,1.26483,2127
2026-05-14T20:00:00+00:00,1.26483,1.26503,1.26482,1.26491,1781
2026-05-14T20:15:00+00:00,1.26491,1.26507,1.26491,1.26507,1665
2026-05-14T20:30:00+00:00,1.26507,1.26519,1.26500,1.26510,880
2026-05-14T20:45:00+00:00,1.26510,1.26535,1.26510,1.26511,503
2026-05-14T21:00:00+00:00,1.26511,1.26523,1.26492,1.26523,1695
2026-05-14T21:15:00+00:00,1.26523,1.26540,1.26523,1.26529,1287
2026-05-14T21:30:00+00:00,1.26529,1.26538,1.26485,1.26485,1395
2026-05-14T21:45:00+00:00,1.26485,1.26485,1.26475,1.26478,1262
2026-05-14T22:00:00+00:00,1.26478,1.26480,1.26458,1.26459,1233
2026-05-14T22:15:00+00:00,1.26459,1.26489,1.26459,1.26489,1397
2026-05-14T22:30:00+00:00,1.26489,1.26513,1.26489,1.26501,1865
2026-05-14T22:45:00+00:00,1.26501,1.26503,1.26492,1.26500,2218
2026-05-14T23:00:00+00:00,1.26500,1.26500,1.26453,1.26453,1341
2026-05-14T23:15:00+00:00,1.26453,1.26459,1.26435,1.26435,1788
2026-05-14T23:30:00+00:00,1.26435,1.26457,1.26434,1.26457,1688
2026-05-14T23:45:00+00:00,1.26457,1.26467,1.26447,1.26453,2254
2026-05-15T00:00:00+00:00,1.26453,1.26455,1.26410,1.26418,2291
2026-05-15T00:15:00+00:00,1.26418,1.26418,1.26342,1.26342,1022
2026-05-15T00:30:00+00:00,1.26342,1.26345,1.26307,1.26345,1314
2026-05-15T00:45:00+00:00,1.26345,1.26383,1.26319,1.26383,1223
2026-05-15T01:00:00+00:00,1.26383,1.26420,1.26369,1.26394,1666
2026-05-15T01:15:00+00:00,1.26394,1.26399,1.26367,1.26367,1036
2026-05-15T01:30:00+00:00,1.26367,1.26367,1.26348,1.26357,1718
2026-05-15T01:45:00+00:00,1.26357,1.26366,1.26347,1.26347,1326
2026-05-15T02:00:00+00:00,1.26347,1.26347,1.26319,1.26319,1149
2026-05-15T02:15:00+00:00,1.26319,1.26333,1.26285,1.26318,1503
2026-05-15T02:30:00+00:00,1.26318,1.26342,1.26300,1.26300,1516
2026-05-15T02:45:00+00:00,1.26300,1.26300,1.26248,1.26259,592
2026-05-15T03:00:00+00:00,1.26259,1.26295,1.26259,1.26293,723
2026-05-15T03:15:00+00:00,1.26293,1.26301,1.26253,1.26253,1012
2026-05-15T03:30:00+00:00,1.26253,1.26253,1.26225,1.26225,2417
2026-05-15T03:45:00+00:00,1.26225,1.26225,1.26206,1.26208,1449
2026-05-15T04:00:00+00:00,1.26208,1.26208,1.26188,1.26208,352
2026-05-15T04:15:00+00:00,1.26208,1.26211,1.26199,1.26211,1724
2026-05-15T04:30:00+00:00,1.26211,1.26219,1.26199,1.26206,410
2026-05-15T04:45:00+00:00,1.26206,1.26230,1.26206,1.26216,1808
2026-05-15T05:00:00+00:00,1.26216,1.26229,1.26204,1.26204,2346
2026-05-15T05:15:00+00:00,1.26204,1.26213,1.26187,1.26187,1658
2026-05-15T05:30:00+00:00,1.26187,1.26207,1.26174,1.26207,1325
2026-05-15T05:45:00+00:00,1.26207,1.26211,1.26184,1.26200,1834
2026-05-15T06:00:00+00:00,1.26200,1.26225,1.26170,1.26225,1716
2026-05-15T06:15:00+00:00,1.26225,1.26259,1.26204,1.26259,1716
2026-05-15T06:30:00+00:00,1.26259,1.26333,1.26220,1.26333,2629
2026-05-15T06:45:00+00:00,1.26333,1.26335,1.26260,1.26260,1874
2026-05-15T07:00:00+00:00,1.26260,1.26412,1.26260,1.26412,1829
2026-05-15T07:15:00+00:00,1.26412,1.26508,1.26412,1.26421,2267
2026-05-15T07:30:00+00:00,1.26421,1.26550,1.26421,1.26487,2123
2026-05-15T07:45:00+00:00,1.26487,1.26487,1.26408,1.26420,2872
2026-05-15T08:00:00+00:00,1.26420,1.26420,1.26302,1.26302,2073
2026-05-15T08:15:00+00:00,1.26302,1.26315,1.26282,1.26284,1753
2026-05-15T08:30:00+00:00,1.26284,1.26284,1.26210,1.26210,2273
2026-05-15T08:45:00+00:00,1.26210,1.26233,1.26193,1.26221,1626
2026-05-15T09:00:00+00:00,1.26221,1.26279,1.26221,1.26279,2080
2026-05-15T09:15:00+00:00,1.26279,1.26279,1.26257,1.26258,1509
2026-05-15T09:30:00+00:00,1.26258,1.26304,1.26258,1.26300,1359
2026-05-15T09:45:00+00:00,1.26300,1.26300,1.26258,1.26258,2075
2026-05-15T10:00:00+00:00,1.26258,1.26263,1.26234,1.26234,764
2026-05-15T10:15:00+00:00,1.26234,1.26242,1.26231,1.26241,1684
2026-05-15T10:30:00+00:00,1.26241,1.26241,1.26219,1.26233,2688
2026-05-15T10:45:00+00:00,1.26233,1.26252,1.26233,1.26252,1326
2026-05-15T11:00:00+00:00,1.26252,1.26270,1.26240,1.26261,1007
2026-05-15T11:15:00+00:00,1.26261,1.26291,1.26261,1.26290,2087
2026-05-15T11:30:00+00:00,1.26290,1.26298,1.26259,1.26270,1506
2026-05-15T11:45:00+00:00,1.26270,1.26281,1.26250,1.26281,1845
2026-05-15T12:00:00+00:00,1.26281,1.26290,1.26251,1.26290,2349
2026-05-15T12:15:00+00:00,1.26290,1.26290,1.26241,1.26241,2685
2026-05-15T12:30:00+00:00,1.26241,1.26241,1.26180,1.26188,1377
2026-05-15T12:45:00+00:00,1.26188,1.26216,1.26167,1.26216,1137
2026-05-15T13:00:00+00:00,1.26216,1.26238,1.26166,1.26166,1565
2026-05-15T13:15:00+00:00,1.26166,1.26188,1.26118,1.26118,2330
2026-05-15T13:30:00+00:00,1.26118,1.26160,1.26062,1.26119,1912
2026-05-15T13:45:00+00:00,1.26119,1.26244,1.26108,1.26213,1835
2026-05-15T14:00:00+00:00,1.26213,1.26213,1.26062,1.26118,1539
2026-05-15T14:15:00+00:00,1.26118,1.26197,1.26097,1.26197,1258
2026-05-15T14:30:00+00:00,1.26197,1.26197,1.26147,1.26153,1565
2026-05-15T14:45:00+00:00,1.26153,1.26156,1.26131,1.26131,2010
2026-05-15T15:00:00+00:00,1.26131,1.26141,1.26114,1.26141,2598
2026-05-15T15:15:00+00:00,1.26141,1.26141,1.26070,1.26070,1865
2026-05-15T15:30:00+00:00,1.26070,1.26083,1.26048,1.26048,2288
2026-05-15T15:45:00+00:00,1.26048,1.26061,1.26046,1.26061,1035
2026-05-15T16:00:00+00:00,1.26061,1.26085,1.26061,1.26079,799
2026-05-15T16:15:00+00:00,1.26079,1.26109,1.26079,1.26088,157
2026-05-15T16:30:00+00:00,1.26088,1.26088,1.26072,1.26072,869
2026-05-15T16:45:00+00:00,1.26072,1.26088,1.26063,1.26088,1084
2026-05-15T17:00:00+00:00,1.26088,1.26088,1.26069,1.26069,1955
2026-05-15T17:15:00+00:00,1.26069,1.26069,1.26053,1.26053,856
2026-05-15T17:30:00+00:00,1.26053,1.26055,1.26015,1.26017,1708
2026-05-15T17:45:00+00:00,1.26017,1.26020,1.25998,1.26013,421
2026-05-15T18:00:00+00:00,1.26013,1.26040,1.26005,1.26040,1711
2026-05-15T18:15:00+00:00,1.26040,1.26040,1.26020,1.26028,1642
2026-05-15T18:30:00+00:00,1.26028,1.26028,1.26000,1.26003,1624
2026-05-15T18:45:00+00:00,1.26003,1.26021,1.26003,1.26021,740
2026-05-15T19:00:00+00:00,1.26021,1.26037,1.26008,1.26037,733
2026-05-15T19:15:00+00:00,1.26037,1.26067,1.26029,1.26029,1262
2026-05-15T19:30:00+00:00,1.26029,1.26034,1.26027,1.26029,1456
2026-05-15T19:45:00+00:00,1.26029,1.26029,1.25997,1.25997,1677
2026-05-15T20:00:00+00:00,1.25997,1.25997,1.25970,1.25992,2375
2026-05-15T20:15:00+00:00,1.25992,1.26004,1.25981,1.26004,2436
2026-05-15T20:30:00+00:00,1.26004,1.26019,1.25991,1.25991,1947
2026-05-15T20:45:00+00:00,1.25991,1.25992,1.25960,1.25960,1758
2026-05-15T21:00:00+00:00,1.25960,1.25960,1.25925,1.25925,2129
2026-05-15T21:15:00+00:00,1.25925,1.25936,1.25913,1.25936,619
2026-05-15T21:30:00+00:00,1.25936,1.25942,1.25912,1.25912,1546
2026-05-15T21:45:00+00:00,1.25912,1.25930,1.25898,1.25930,1318
2026-05-15T22:00:00+00:00,1.25930,1.25956,1.25926,1.25956,1612
2026-05-15T22:15:00+00:00,1.25956,1.26006,1.25956,1.26006,2070
2026-05-15T22:30:00+00:00,1.26006,1.26012,1.25997,1.26012,1623
2026-05-15T22:45:00+00:00,1.26012,1.26012,1.25979,1.25989,1606
2026-05-15T23:00:00+00:00,1.25989,1.25989,1.25966,1.25966,2788
2026-05-15T23:15:00+00:00,1.25966,1.25996,1.25948,1.25966,2540
2026-05-15T23:30:00+00:00,1.25966,1.25971,1.25956,1.25956,2045
2026-05-15T23:45:00+00:00,1.25956,1.25967,1.25954,1.25954,1275
2026-05-18T00:00:00+00:00,1.25954,1.25991,1.25954,1.25991,1334
2026-05-18T00:15:00+00:00,1.25991,1.25991,1.25945,1.25974,2207
2026-05-18T00:30:00+00:00,1.25974,1.25980,1.25947,1.25969,893
2026-05-18T00:45:00+00:00,1.25969,1.25969,1.25908,1.25908,1504
2026-05-18T01:00:00+00:00,1.25908,1.25908,1.25846,1.25846,1786
2026-05-18T01:15:00+00:00,1.25846,1.25856,1.25809,1.25809,1464
2026-05-18T01:30:00+00:00,1.25809,1.25809,1.25716,1.25716,1243
2026-05-18T01:45:00+00:00,1.25716,1.25716,1.25667,1.25667,1518
2026-05-18T02:00:00+00:00,1.25667,1.25686,1.25630,1.25635,2132
2026-05-18T02:15:00+00:00,1.25635,1.25635,1.25606,1.25608,1684
2026-05-18T02:30:00+00:00,1.25608,1.25662,1.25608,1.25662,985
2026-05-18T02:45:00+00:00,1.25662,1.25665,1.25637,1.25637,1985
2026-05-18T03:00:00+00:00,1.25637,1.25645,1.25622,1.25626,2007
2026-05-18T03:15:00+00:00,1.25626,1.25630,1.25589,1.25595,1871
2026-05-18T03:30:00+00:00,1.25595,1.25602,1.25575,1.25583,1750
2026-05-18T03:45:00+00:00,1.25583,1.25593,1.25573,1.25581,1332
2026-05-18T04:00:00+00:00,1.25581,1.25592,1.25581,1.25586,408
2026-05-18T04:15:00+00:00,1.25586,1.25586,1.25556,1.25556,1672
2026-05-18T04:30:00+00:00,1.25556,1.25556,1.25515,1.25522,619
2026-05-18T04:45:00+00:00,1.25522,1.25530,1.25506,1.25522,175
2026-05-18T05:00:00+00:00,1.25522,1.25593,1.25522,1.25593,939
2026-05-18T05:15:00+00:00,1.25593,1.25593,1.25545,1.25545,322
2026-05-18T05:30:00+00:00,1.25545,1.25545,1.25472,1.25483,1270
2026-05-18T05:45:00+00:00,1.25483,1.25483,1.25466,1.25481,1154
2026-05-18T06:00:00+00:00,1.25481,1.25505,1.25463,1.25476,1430
2026-05-18T06:15:00+00:00,1.25476,1.25505,1.25418,1.25496,2133
2026-05-18T06:30:00+00:00,1.25496,1.25529,1.25467,1.25467,2624
2026-05-18T06:45:00+00:00,1.25467,1.25467,1.25426,1.25455,1511
2026-05-18T07:00:00+00:00,1.25455,1.25582,1.25455,1.25523,2017
2026-05-18T07:15:00+00:00,1.25523,1.25523,1.25445,1.25473,1657
2026-05-18T07:30:00+00:00,1.25473,1.25473,1.25441,1.25442,3304
2026-05-18T07:45:00+00:00,1.25442,1.25459,1.25392,1.25392,1764
2026-05-18T08:00:00+00:00,1.25392,1.25504,1.25392,1.25465,1976
2026-05-18T08:15:00+00:00,1.25465,1.25465,1.25352,1.25352,2099
2026-05-18T08:30:00+00:00,1.25352,1.25420,1.25303,1.25303,1007
2026-05-18T08:45:00+00:00,1.25303,1.25303,1.25230,1.25235,1364
2026-05-18T09:00:00+00:00,1.25235,1.25235,1.25182,1.25182,1836
2026-05-18T09:15:00+00:00,1.25182,1.25200,1.25175,1.25200,1194
2026-05-18T09:30:00+00:00,1.25200,1.25222,1.25200,1.25222,2210
2026-05-18T09:45:00+00:00,1.25222,1.25222,1.25215,1.25221,1396
2026-05-18T10:00:00+00:00,1.25221,1.25221,1.25182,1.25182,1855
2026-05-18T10:15:00+00:00,1.25182,1.25182,1.25154,1.25163,892
2026-05-18T10:30:00+00:00,1.25163,1.25163,1.25138,1.25149,1929
2026-05-18T10:45:00+00:00,1.25149,1.25165,1.25146,1.25159,364
2026-05-18T11:00:00+00:00,1.25159,1.25191,1.25159,1.25191,1425
2026-05-18T11:15:00+00:00,1.25191,1.25197,1.25182,1.25192,1731
2026-05-18T11:30:00+00:00,1.25192,1.25196,1.25149,1.25174,2510
2026-05-18T11:45:00+00:00,1.25174,1.25213,1.25174,1.25213,1281
2026-05-18T12:00:00+00:00,1.25213,1.25307,1.25213,1.25307,1978
2026-05-18T12:15:00+00:00,1.25307,1.25307,1.25198,1.25198,1939
2026-05-18T12:30:00+00:00,1.25198,1.25198,1.25125,1.25141,1253
2026-05-18T12:45:00+00:00,1.25141,1.25211,1.25134,1.25211,2305
2026-05-18T13:00:00+00:00,1.25211,1.25211,1.25133,1.25133,1151
2026-05-18T13:15:00+00:00,1.25133,1.25217,1.25133,1.25184,1579
2026-05-18T13:30:00+00:00,1.25184,1.25206,1.25169,1.25198,2672
2026-05-18T13:45:00+00:00,1.25198,1.25220,1.25187,1.25211,2149
2026-05-18T14:00:00+00:00,1.25211,1.25245,1.25189,1.25223,1576
2026-05-18T14:15:00+00:00,1.25223,1.25287,1.25210,1.25265,1914
2026-05-18T14:30:00+00:00,1.25265,1.25306,1.25239,1.25239,2306
2026-05-18T14:45:00+00:00,1.25239,1.25260,1.25239,1.25260,1728
2026-05-18T15:00:00+00:00,1.25260,1.25288,1.25245,1.25263,1251
2026-05-18T15:15:00+00:00,1.25263,1.25263,1.25208,1.25208,1579
2026-05-18T15:30:00+00:00,1.25208,1.25216,1.25196,1.25201,2823
2026-05-18T15:45:00+00:00,1.25201,1.25280,1.25201,1.25280,1080
2026-05-18T16:00:00+00:00,1.25280,1.25295,1.25250,1.25250,1388
2026-05-18T16:15:00+00:00,1.25250,1.25257,1.25222,1.25228,1525
2026-05-18T16:30:00+00:00,1.25228,1.25239,1.25193,1.25218,1142
2026-05-18T16:45:00+00:00,1.25218,1.25228,1.25206,1.25228,2130
2026-05-18T17:00:00+00:00,1.25228,1.25234,1.25209,1.25209,2216
2026-05-18T17:15:00+00:00,1.25209,1.25210,1.25179,1.25179,1209
2026-05-18T17:30:00+00:00,1.25179,1.25189,1.25174,1.25183,1454
2026-05-18T17:45:00+00:00,1.25183,1.25183,1.25171,1.25178,2057
2026-05-18T18:00:00+00:00,1.25178,1.25178,1.25161,1.25161,762
2026-05-18T18:15:00+00:00,1.25161,1.25161,1.25135,1.25135,1840
2026-05-18T18:30:00+00:00,1.25135,1.25141,1.25118,1.25136,1126
2026-05-18T18:45:00+00:00,1.25136,1.25143,1.25129,1.25129,1296
2026-05-18T19:00:00+00:00,1.25129,1.25141,1.25128,1.25136,985
2026-05-18T19:15:00+00:00,1.25136,1.25151,1.25134,1.25151,1421
2026-05-18T19:30:00+00:00,1.25151,1.25167,1.25114,1.25114,1387
2026-05-18T19:45:00+00:00,1.25114,1.25114,1.25070,1.25077,469
2026-05-18T20:00:00+00:00,1.25077,1.25094,1.25077,1.25086,1169
2026-05-18T20:15:00+00:00,1.25086,1.25097,1.25060,1.25060,2212
2026-05-18T20:30:00+00:00,1.25060,1.25064,1.25037,1.25037,1301
2026-05-18T20:45:00+00:00,1.25037,1.25064,1.25032,1.25064,1666
2026-05-18T21:00:00+00:00,1.25064,1.25066,1.25053,1.25053,1498
2026-05-18T21:15:00+00:00,1.25053,1.25087,1.25053,1.25069,2372
2026-05-18T21:30:00+00:00,1.25069,1.25075,1.25054,1.25060,1184
2026-05-18T21:45:00+00:00,1.25060,1.25068,1.25048,1.25065,1272
2026-05-18T22:00:00+00:00,1.25065,1.25083,1.25065,1.25083,1995
2026-05-18T22:15:00+00:00,1.25083,1.25101,1.25083,1.25083,1795
2026-05-18T22:30:00+00:00,1.25083,1.25104,1.25065,1.25065,1808
2026-05-18T22:45:00+00:00,1.25065,1.25077,1.25065,1.25073,2389
2026-05-18T23:00:00+00:00,1.25073,1.25084,1.25059,1.25069,1027
2026-05-18T23:15:00+00:00,1.25069,1.25073,1.25050,1.25064,1659
2026-05-18T23:30:00+00:00,1.25064,1.25089,1.25056,1.25079,2353
2026-05-18T23:45:00+00:00,1.25079,1.25113,1.25076,1.25098,1410
2026-05-19T00:00:00+00:00,1.25098,1.25098,1.25088,1.25097,1896
2026-05-19T00:15:00+00:00,1.25097,1.25100,1.25079,1.25084,2399
2026-05-19T00:30:00+00:00,1.25084,1.25133,1.25084,1.25133,899
2026-05-19T00:45:00+00:00,1.25133,1.25165,1.25133,1.25148,1880
2026-05-19T01:00:00+00:00,1.25148,1.25224,1.25148,1.25197,1689
2026-05-19T01:15:00+00:00,1.25197,1.25200,1.25170,1.25170,1162
2026-05-19T01:30:00+00:00,1.25170,1.25188,1.25147,1.25188,933
2026-05-19T01:45:00+00:00,1.25188,1.25195,1.25181,1.25195,1520
2026-05-19T02:00:00+00:00,1.25195,1.25195,1.25148,1.25148,2597
2026-05-19T02:15:00+00:00,1.25148,1.25168,1.25136,1.25149,975
2026-05-19T02:30:00+00:00,1.25149,1.25162,1.25143,1.25150,1428
2026-05-19T02:45:00+00:00,1.25150,1.25160,1.25125,1.25138,1616
2026-05-19T03:00:00+00:00,1.25138,1.25152,1.25138,1.25148,1458
2026-05-19T03:15:00+00:00,1.25148,1.25162,1.25101,1.25101,1443
2026-05-19T03:30:00+00:00,1.25101,1.25109,1.25089,1.25107,1268
2026-05-19T03:45:00+00:00,1.25107,1.25107,1.25064,1.25064,2128
2026-05-19T04:00:00+00:00,1.25064,1.25099,1.25064,1.25099,1585
2026-05-19T04:15:00+00:00,1.25099,1.25126,1.25099,1.25104,1589
2026-05-19T04:30:00+00:00,1.25104,1.25104,1.25086,1.25086,1453
2026-05-19T04:45:00+00:00,1.25086,1.25092,1.25051,1.25051,1413
2026-05-19T05:00:00+00:00,1.25051,1.25051,1.25021,1.25021,924
2026-05-19T05:15:00+00:00,1.25021,1.25021,1.24982,1.24986,1858
2026-05-19T05:30:00+00:00,1.24986,1.24994,1.24952,1.24994,1602
2026-05-19T05:45:00+00:00,1.24994,1.25106,1.24994,1.25097,3015
2026-05-19T06:00:00+00:00,1.25097,1.25105,1.25068,1.25094,1001
2026-05-19T06:15:00+00:00,1.25094,1.25181,1.25094,1.25171,2327
2026-05-19T06:30:00+00:00,1.25171,1.25228,1.25159,1.25188,780
2026-05-19T06:45:00+00:00,1.25188,1.25188,1.25097,1.25097,2238
2026-05-19T07:00:00+00:00,1.25097,1.25204,1.25097,1.25130,1272
2026-05-19T07:15:00+00:00,1.25130,1.25131,1.24933,1.24933,1771
2026-05-19T07:30:00+00:00,1.24933,1.24933,1.24860,1.24867,2063
2026-05-19T07:45:00+00:00,1.24867,1.24917,1.24825,1.24917,2233
2026-05-19T08:00:00+00:00,1.24917,1.24943,1.24899,1.24929,1543
2026-05-19T08:15:00+00:00,1.24929,1.24976,1.24912,1.24912,1675
2026-05-19T08:30:00+00:00,1.24912,1.24940,1.24907,1.24920,2417
2026-05-19T08:45:00+00:00,1.24920,1.24975,1.24920,1.24941,1910
2026-05-19T09:00:00+00:00,1.24941,1.24942,1.24935,1.24940,1848
2026-05-19T09:15:00+00:00,1.24940,1.24981,1.24930,1.24981,701
2026-05-19T09:30:00+00:00,1.24981,1.24983,1.24970,1.24983,2180
2026-05-19T09:45:00+00:00,1.24983,1.24999,1.24980,1.24999,1250
2026-05-19T10:00:00+00:00,1.24999,1.24999,1.24975,1.24975,1365
2026-05-19T10:15:00+00:00,1.24975,1.24982,1.24975,1.24977,1777
2026-05-19T10:30:00+00:00,1.24977,1.24990,1.24967,1.24976,1460
2026-05-19T10:45:00+00:00,1.24976,1.24989,1.24960,1.24989,744
2026-05-19T11:00:00+00:00,1.24989,1.24989,1.24965,1.24975,1414
2026-05-19T11:15:00+00:00,1.24975,1.25016,1.24975,1.25016,927
2026-05-19T11:30:00+00:00,1.25016,1.25086,1.25016,1.25086,1917
2026-05-19T11:45:00+00:00,1.25086,1.25086,1.25059,1.25059,1032
2026-05-19T12:00:00+00:00,1.25059,1.25059,1.24994,1.25043,1968
2026-05-19T12:15:00+00:00,1.25043,1.25043,1.25001,1.25029,1751
2026-05-19T12:30:00+00:00,1.25029,1.25029,1.24965,1.24965,1544
2026-05-19T12:45:00+00:00,1.24965,1.25015,1.24954,1.24954,2057
2026-05-19T13:00:00+00:00,1.24954,1.24994,1.24947,1.24975,2268
2026-05-19T13:15:00+00:00,1.24975,1.25208,1.24975,1.25208,1813
2026-05-19T13:30:00+00:00,1.25208,1.25257,1.25195,1.25257,1793
2026-05-19T13:45:00+00:00,1.25257,1.25375,1.25257,1.25295,1439
2026-05-19T14:00:00+00:00,1.25295,1.25462,1.25295,1.25462,1522
2026-05-19T14:15:00+00:00,1.25462,1.25475,1.25427,1.25462,782
2026-05-19T14:30:00+00:00,1.25462,1.25509,1.25462,1.25496,2271
2026-05-19T14:45:00+00:00,1.25496,1.25526,1.25496,1.25509,1874
2026-05-19T15:00:00+00:00,1.25509,1.25546,1.25509,1.25528,1134
2026-05-19T15:15:00+00:00,1.25528,1.25536,1.25504,1.25506,1046
2026-05-19T15:30:00+00:00,1.25506,1.25517,1.25480,1.25517,649
2026-05-19T15:45:00+00:00,1.25517,1.25527,1.25500,1.25527,521
2026-05-19T16:00:00+00:00,1.25527,1.25527,1.25480,1.25485,860
2026-05-19T16:15:00+00:00,1.25485,1.25496,1.25485,1.25495,1745
2026-05-19T16:30:00+00:00,1.25495,1.25495,1.25428,1.25428,1359
2026-05-19T16:45:00+00:00,1.25428,1.25428,1.25415,1.25425,1499
2026-05-19T17:00:00+00:00,1.25425,1.25440,1.25410,1.25410,2127
2026-05-19T17:15:00+00:00,1.25410,1.25410,1.25376,1.25376,1344
2026-05-19T17:30:00+00:00,1.25376,1.25382,1.25367,1.25368,291
2026-05-19T17:45:00+00:00,1.25368,1.25378,1.25353,1.25353,823
2026-05-19T18:00:00+00:00,1.25353,1.25364,1.25349,1.25351,507
2026-05-19T18:15:00+00:00,1.25351,1.25357,1.25338,1.25352,876
2026-05-19T18:30:00+00:00,1.25352,1.25373,1.25352,1.25355,1404
2026-05-19T18:45:00+00:00,1.25355,1.25355,1.25339,1.25347,936
2026-05-19T19:00:00+00:00,1.25347,1.25367,1.25334,1.25334,2075
2026-05-19T19:15:00+00:00,1.25334,1.25334,1.25320,1.25332,1821
2026-05-19T19:30:00+00:00,1.25332,1.25339,1.25329,1.25338,1036
2026-05-19T19:45:00+00:00,1.25338,1.25363,1.25338,1.25362,1267
2026-05-19T20:00:00+00:00,1.25362,1.25376,1.25362,1.25373,1802
2026-05-19T20:15:00+00:00,1.25373,1.25377,1.25364,1.25377,1339
2026-05-19T20:30:00+00:00,1.25377,1.25398,1.25377,1.25398,1477
2026-05-19T20:45:00+00:00,1.25398,1.25398,1.25377,1.25389,571
2026-05-19T21:00:00+00:00,1.25389,1.25399,1.25369,1.25396,1993
2026-05-19T21:15:00+00:00,1.25396,1.25409,1.25396,1.25402,2661
2026-05-19T21:30:00+00:00,1.25402,1.25402,1.25369,1.25380,493
2026-05-19T21:45:00+00:00,1.25380,1.25388,1.25375,1.25377,1941
2026-05-19T22:00:00+00:00,1.25377,1.25377,1.25345,1.25345,1474
2026-05-19T22:15:00+00:00,1.25345,1.25347,1.25307,1.25307,788
2026-05-19T22:30:00+00:00,1.25307,1.25324,1.25281,1.25281,1911
2026-05-19T22:45:00+00:00,1.25281,1.25281,1.25247,1.25258,1024
2026-05-19T23:00:00+00:00,1.25258,1.25258,1.25247,1.25255,1642
2026-05-19T23:15:00+00:00,1.25255,1.25257,1.25224,1.25224,1442
2026-05-19T23:30:00+00:00,1.25224,1.25258,1.25224,1.25258,1347
2026-05-19T23:45:00+00:00,1.25258,1.25273,1.25256,1.25259,1390
2026-05-20T00:00:00+00:00,1.25259,1.25274,1.25221,1.25223,1020
2026-05-20T00:15:00+00:00,1.25223,1.25223,1.25123,1.25123,1726
2026-05-20T00:30:00+00:00,1.25123,1.25167,1.25123,1.25134,2246
2026-05-20T00:45:00+00:00,1.25134,1.25134,1.25086,1.25098,1612
2026-05-20T01:00:00+00:00,1.25098,1.25105,1.25068,1.25105,1613
2026-05-20T01:15:00+00:00,1.25105,1.25110,1.25060,1.25066,1775
2026-05-20T01:30:00+00:00,1.25066,1.25066,1.25006,1.25014,2029
2026-05-20T01:45:00+00:00,1.25014,1.25033,1.24996,1.25011,2604
2026-05-20T02:00:00+00:00,1.25011,1.25038,1.25011,1.25014,1611
2026-05-20T02:15:00+00:00,1.25014,1.25037,1.25014,1.25028,971
2026-05-20T02:30:00+00:00,1.25028,1.25093,1.25028,1.25093,2250
2026-05-20T02:45:00+00:00,1.25093,1.25178,1.25093,1.25178,1714
2026-05-20T03:00:00+00:00,1.25178,1.25236,1.25178,1.25236,1116
2026-05-20T03:15:00+00:00,1.25236,1.25263,1.25233,1.25233,988
2026-05-20T03:30:00+00:00,1.25233,1.25274,1.25233,1.25258,1309
2026-05-20T03:45:00+00:00,1.25258,1.25295,1.25258,1.25279,1466
2026-05-20T04:00:00+00:00,1.25279,1.25303,1.25271,1.25303,1476
2026-05-20T04:15:00+00:00,1.25303,1.25306,1.25282,1.25292,2269
2026-05-20T04:30:00+00:00,1.25292,1.25318,1.25292,1.25317,342
2026-05-20T04:45:00+00:00,1.25317,1.25348,1.25317,1.25334,1624
2026-05-20T05:00:00+00:00,1.25334,1.25377,1.25332,1.25377,1824
2026-05-20T05:15:00+00:00,1.25377,1.25377,1.25344,1.25344,2101
2026-05-20T05:30:00+00:00,1.25344,1.25375,1.25344,1.25368,1111
2026-05-20T05:45:00+00:00,1.25368,1.25368,1.25259,1.25259,1843
2026-05-20T06:00:00+00:00,1.25259,1.25309,1.25242,1.25242,1477
2026-05-20T06:15:00+00:00,1.25242,1.25264,1.25114,1.25114,2318
2026-05-20T06:30:00+00:00,1.25114,1.25145,1.25043,1.25145,1525
2026-05-20T06:45:00+00:00,1.25145,1.25218,1.25145,1.25191,2063
2026-05-20T07:00:00+00:00,1.25191,1.25236,1.25145,1.25236,2370
2026-05-20T07:15:00+00:00,1.25236,1.25284,1.25225,1.25284,2273
2026-05-20T07:30:00+00:00,1.25284,1.25399,1.25284,1.25399,1791
2026-05-20T07:45:00+00:00,1.25399,1.25490,1.25399,1.25490,1458
2026-05-20T08:00:00+00:00,1.25490,1.25706,1.25490,1.25706,1784
2026-05-20T08:15:00+00:00,1.25706,1.25719,1.25645,1.25645,1331
2026-05-20T08:30:00+00:00,1.25645,1.25672,1.25645,1.25659,1441
2026-05-20T08:45:00+00:00,1.25659,1.25677,1.25644,1.25656,1155
2026-05-20T09:00:00+00:00,1.25656,1.25669,1.25646,1.25648,2636
2026-05-20T09:15:00+00:00,1.25648,1.25648,1.25593,1.25593,789
2026-05-20T09:30:00+00:00,1.25593,1.25602,1.25592,1.25592,1742
2026-05-20T09:45:00+00:00,1.25592,1.25617,1.25592,1.25604,1887
2026-05-20T10:00:00+00:00,1.25604,1.25629,1.25604,1.25626,2095
2026-05-20T10:15:00+00:00,1.25626,1.25646,1.25620,1.25645,2402
2026-05-20T10:30:00+00:00,1.25645,1.25645,1.25623,1.25625,994
2026-05-20T10:45:00+00:00,1.25625,1.25641,1.25616,1.25623,1512
2026-05-20T11:00:00+00:00,1.25623,1.25649,1.25623,1.25641,2032
2026-05-20T11:15:00+00:00,1.25641,1.25641,1.25592,1.25592,1615
2026-05-20T11:30:00+00:00,1.25592,1.25598,1.25590,1.25596,2061
2026-05-20T11:45:00+00:00,1.25596,1.25596,1.25537,1.25537,1744
2026-05-20T12:00:00+00:00,1.25537,1.25567,1.25519,1.25519,2051
2026-05-20T12:15:00+00:00,1.25519,1.25596,1.25519,1.25596,1964
2026-05-20T12:30:00+00:00,1.25596,1.25649,1.25556,1.25602,2283
2026-05-20T12:45:00+00:00,1.25602,1.25602,1.25554,1.25577,2245
2026-05-20T13:00:00+00:00,1.25577,1.25577,1.25486,1.25516,2051
2026-05-20T13:15:00+00:00,1.25516,1.25561,1.25516,1.25538,1261
2026-05-20T13:30:00+00:00,1.25538,1.25545,1.25493,1.25525,1699
2026-05-20T13:45:00+00:00,1.25525,1.25555,1.25502,1.25516,1541
2026-05-20T14:00:00+00:00,1.25516,1.25605,1.25426,1.25605,550
2026-05-20T14:15:00+00:00,1.25605,1.25641,1.25585,1.25585,1664
2026-05-20T14:30:00+00:00,1.25585,1.25595,1.25573,1.25592,2429
2026-05-20T14:45:00+00:00,1.25592,1.25592,1.25519,1.25524,1360
2026-05-20T15:00:00+00:00,1.25524,1.25524,1.25480,1.25493,2653
2026-05-20T15:15:00+00:00,1.25493,1.25512,1.25482,1.25495,263
2026-05-20T15:30:00+00:00,1.25495,1.25529,1.25495,1.25529,2067
2026-05-20T15:45:00+00:00,1.25529,1.25550,1.25529,1.25550,1071
2026-05-20T16:00:00+00:00,1.25550,1.25550,1.25505,1.25505,1821
2026-05-20T16:15:00+00:00,1.25505,1.25572,1.25504,1.25572,2146
2026-05-20T16:30:00+00:00,1.25572,1.25617,1.25572,1.25612,2021
2026-05-20T16:45:00+00:00,1.25612,1.25612,1.25597,1.25606,2434
2026-05-20T17:00:00+00:00,1.25606,1.25610,1.25582,1.25587,994
2026-05-20T17:15:00+00:00,1.25587,1.25587,1.25568,1.25581,884
2026-05-20T17:30:00+00:00,1.25581,1.25582,1.25538,1.25555,1437
2026-05-20T17:45:00+00:00,1.25555,1.25588,1.25555,1.25586,1595
2026-05-20T18:00:00+00:00,1.25586,1.25586,1.25559,1.25571,1706
2026-05-20T18:15:00+00:00,1.25571,1.25599,1.25571,1.25599,2357
2026-05-20T18:30:00+00:00,1.25599,1.25603,1.25585,1.25585,2001
2026-05-20T18:45:00+00:00,1.25585,1.25599,1.25583,1.25583,2091
2026-05-20T19:00:00+00:00,1.25583,1.25593,1.25579,1.25582,1463
2026-05-20T19:15:00+00:00,1.25582,1.25607,1.25582,1.25605,1240
2026-05-20T19:30:00+00:00,1.25605,1.25605,1.25560,1.25561,1884
2026-05-20T19:45:00+00:00,1.25561,1.25586,1.25557,1.25586,809
2026-05-20T20:00:00+00:00,1.25586,1.25590,1.25563,1.25583,1178
2026-05-20T20:15:00+00:00,1.25583,1.25592,1.25567,1.25567,2527
2026-05-20T20:30:00+00:00,1.25567,1.25612,1.25567,1.25612,1599
2026-05-20T20:45:00+00:00,1.25612,1.25616,1.25604,1.25611,210
2026-05-20T21:00:00+00:00,1.25611,1.25629,1.25596,1.25629,1348
2026-05-20T21:15:00+00:00,1.25629,1.25632,1.25610,1.25610,1874
2026-05-20T21:30:00+00:00,1.25610,1.25611,1.25598,1.25611,1877
2026-05-20T21:45:00+00:00,1.25611,1.25612,1.25602,1.25605,2321
2026-05-20T22:00:00+00:00,1.25605,1.25605,1.25590,1.25590,2784
2026-05-20T22:15:00+00:00,1.25590,1.25592,1.25585,1.25587,1858
2026-05-20T22:30:00+00:00,1.25587,1.25593,1.25569,1.25569,1568
2026-05-20T22:45:00+00:00,1.25569,1.25581,1.25569,1.25577,1373
2026-05-20T23:00:00+00:00,1.25577,1.25594,1.25560,1.25563,2067
2026-05-20T23:15:00+00:00,1.25563,1.25563,1.25530,1.25530,2567
2026-05-20T23:30:00+00:00,1.25530,1.25530,1.25448,1.25448,2104
2026-05-20T23:45:00+00:00,1.25448,1.25463,1.25448,1.25458,1367
2026-05-21T00:00:00+00:00,1.25458,1.25526,1.25458,1.25526,652
2026-05-21T00:15:00+00:00,1.25526,1.25551,1.25526,1.25538,1006
2026-05-21T00:30:00+00:00,1.25538,1.25550,1.25519,1.25550,1724
2026-05-21T00:45:00+00:00,1.25550,1.25567,1.25518,1.25567,1577
2026-05-21T01:00:00+00:00,1.25567,1.25589,1.25562,1.25562,1391
2026-05-21T01:15:00+00:00,1.25562,1.25565,1.25506,1.25506,1038
2026-05-21T01:30:00+00:00,1.25506,1.25533,1.25505,1.25505,1080
2026-05-21T01:45:00+00:00,1.25505,1.25511,1.25491,1.25491,1223
2026-05-21T02:00:00+00:00,1.25491,1.25539,1.25491,1.25539,852
2026-05-21T02:15:00+00:00,1.25539,1.25554,1.25523,1.25540,1124
2026-05-21T02:30:00+00:00,1.25540,1.25573,1.25537,1.25573,1235
2026-05-21T02:45:00+00:00,1.25573,1.25594,1.25547,1.25547,1639
2026-05-21T03:00:00+00:00,1.25547,1.25561,1.25543,1.25557,1823
2026-05-21T03:15:00+00:00,1.25557,1.25565,1.25544,1.25545,1262
2026-05-21T03:30:00+00:00,1.25545,1.25585,1.25536,1.25585,1920
2026-05-21T03:45:00+00:00,1.25585,1.25587,1.25571,1.25571,2127
2026-05-21T04:00:00+00:00,1.25571,1.25571,1.25539,1.25539,2170
2026-05-21T04:15:00+00:00,1.25539,1.25562,1.25534,1.25562,896
2026-05-21T04:30:00+00:00,1.25562,1.25563,1.25537,1.25537,1517
2026-05-21T04:45:00+00:00,1.25537,1.25537,1.25502,1.25502,1778
2026-05-21T05:00:00+00:00,1.25502,1.25502,1.25475,1.25475,1976
2026-05-21T05:15:00+00:00,1.25475,1.25501,1.25467,1.25500,1267
2026-05-21T05:30:00+00:00,1.25500,1.25516,1.25469,1.25500,1480
2026-05-21T05:45:00+00:00,1.25500,1.25500,1.25463,1.25463,1433
2026-05-21T06:00:00+00:00,1.25463,1.25463,1.25385,1.25385,2088
2026-05-21T06:15:00+00:00,1.25385,1.25385,1.25256,1.25256,850
2026-05-21T06:30:00+00:00,1.25256,1.25256,1.25141,1.25141,1597
2026-05-21T06:45:00+00:00,1.25141,1.25145,1.25124,1.25125,2793
2026-05-21T07:00:00+00:00,1.25125,1.25226,1.25125,1.25204,1907
2026-05-21T07:15:00+00:00,1.25204,1.25244,1.25113,1.25113,2232
2026-05-21T07:30:00+00:00,1.25113,1.25249,1.25087,1.25249,2107
2026-05-21T07:45:00+00:00,1.25249,1.25249,1.25109,1.25132,2269
2026-05-21T08:00:00+00:00,1.25132,1.25154,1.25090,1.25109,1669
2026-05-21T08:15:00+00:00,1.25109,1.25179,1.25108,1.25108,1652
2026-05-21T08:30:00+00:00,1.25108,1.25170,1.25108,1.25170,1574
2026-05-21T08:45:00+00:00,1.25170,1.25224,1.25170,1.25224,1540
2026-05-21T09:00:00+00:00,1.25224,1.25273,1.25214,1.25273,1521
2026-05-21T09:15:00+00:00,1.25273,1.25298,1.25268,1.25275,1784
2026-05-21T09:30:00+00:00,1.25275,1.25275,1.25228,1.25228,2199
2026-05-21T09:45:00+00:00,1.25228,1.25250,1.25217,1.25250,899
2026-05-21T10:00:00+00:00,1.25250,1.25275,1.25250,1.25265,306
2026-05-21T10:15:00+00:00,1.25265,1.25268,1.25256,1.25259,700
2026-05-21T10:30:00+00:00,1.25259,1.25285,1.25259,1.25285,1258
2026-05-21T10:45:00+00:00,1.25285,1.25313,1.25275,1.25275,1936
2026-05-21T11:00:00+00:00,1.25275,1.25326,1.25275,1.25326,1343
2026-05-21T11:15:00+00:00,1.25326,1.25329,1.25298,1.25298,1138
2026-05-21T11:30:00+00:00,1.25298,1.25385,1.25298,1.25385,1501
2026-05-21T11:45:00+00:00,1.25385,1.25431,1.25366,1.25431,1864
2026-05-21T12:00:00+00:00,1.25431,1.25431,1.25371,1.25388,1326
2026-05-21T12:15:00+00:00,1.25388,1.25497,1.25388,1.25497,1392
2026-05-21T12:30:00+00:00,1.25497,1.25509,1.25461,1.25461,1642
2026-05-21T12:45:00+00:00,1.25461,1.25482,1.25428,1.25482,2346
2026-05-21T13:00:00+00:00,1.25482,1.25492,1.25419,1.25419,2078
2026-05-21T13:15:00+00:00,1.25419,1.25465,1.25379,1.25447,1177
2026-05-21T13:30:00+00:00,1.25447,1.25531,1.25406,1.25531,2299
2026-05-21T13:45:00+00:00,1.25531,1.25531,1.25426,1.25426,1898
2026-05-21T14:00:00+00:00,1.25426,1.25484,1.25426,1.25473,1949
2026-05-21T14:15:00+00:00,1.25473,1.25473,1.25369,1.25442,1922
2026-05-21T14:30:00+00:00,1.25442,1.25466,1.25358,1.25358,837
2026-05-21T14:45:00+00:00,1.25358,1.25369,1.25315,1.25338,2078
2026-05-21T15:00:00+00:00,1.25338,1.25355,1.25322,1.25351,1671
2026-05-21T15:15:00+00:00,1.25351,1.25351,1.25304,1.25305,775
2026-05-21T15:30:00+00:00,1.25305,1.25305,1.25265,1.25282,1097
2026-05-21T15:45:00+00:00,1.25282,1.25282,1.25244,1.25244,2037
2026-05-21T16:00:00+00:00,1.25244,1.25252,1.25239,1.25247,1170
2026-05-21T16:15:00+00:00,1.25247,1.25280,1.25247,1.25263,1837
2026-05-21T16:30:00+00:00,1.25263,1.25307,1.25263,1.25307,1597
2026-05-21T16:45:00+00:00,1.25307,1.25334,1.25305,1.25334,1085
2026-05-21T17:00:00+00:00,1.25334,1.25339,1.25311,1.25339,2412
2026-05-21T17:15:00+00:00,1.25339,1.25360,1.25339,1.25355,986
2026-05-21T17:30:00+00:00,1.25355,1.25376,1.25355,1.25376,913
2026-05-21T17:45:00+00:00,1.25376,1.25376,1.25345,1.25345,2232
2026-05-21T18:00:00+00:00,1.25345,1.25369,1.25345,1.25361,1207
2026-05-21T18:15:00+00:00,1.25361,1.25372,1.25356,1.25365,1918
2026-05-21T18:30:00+00:00,1.25365,1.25365,1.25335,1.25341,2331
2026-05-21T18:45:00+00:00,1.25341,1.25341,1.25311,1.25328,2372
2026-05-21T19:00:00+00:00,1.25328,1.25333,1.25326,1.25328,1859
2026-05-21T19:15:00+00:00,1.25328,1.25328,1.25289,1.25289,828
2026-05-21T19:30:00+00:00,1.25289,1.25290,1.25288,1.25288,1579
2026-05-21T19:45:00+00:00,1.25288,1.25296,1.25283,1.25283,1814
2026-05-21T20:00:00+00:00,1.25283,1.25293,1.25283,1.25293,1689
2026-05-21T20:15:00+00:00,1.25293,1.25297,1.25286,1.25286,1408
2026-05-21T20:30:00+00:00,1.25286,1.25286,1.25263,1.25263,1501
2026-05-21T20:45:00+00:00,1.25263,1.25269,1.25250,1.25269,1944
2026-05-21T21:00:00+00:00,1.25269,1.25305,1.25269,1.25299,1136
2026-05-21T21:15:00+00:00,1.25299,1.25317,1.25299,1.25310,1944
2026-05-21T21:30:00+00:00,1.25310,1.25333,1.25294,1.25333,1853
2026-05-21T21:45:00+00:00,1.25333,1.25345,1.25310,1.25310,1934
2026-05-21T22:00:00+00:00,1.25310,1.25334,1.25310,1.25334,1607
2026-05-21T22:15:00+00:00,1.25334,1.25347,1.25322,1.25322,1788
2026-05-21T22:30:00+00:00,1.25322,1.25344,1.25314,1.25314,1165
2026-05-21T22:45:00+00:00,1.25314,1.25314,1.25294,1.25294,2085
2026-05-21T23:00:00+00:00,1.25294,1.25312,1.25290,1.25300,2109
2026-05-21T23:15:00+00:00,1.25300,1.25300,1.25275,1.25282,1067
2026-05-21T23:30:00+00:00,1.25282,1.25297,1.25282,1.25292,1132
2026-05-21T23:45:00+00:00,1.25292,1.25296,1.25254,1.25254,411
2026-05-22T00:00:00+00:00,1.25254,1.25266,1.25239,1.25266,1934
2026-05-22T00:15:00+00:00,1.25266,1.25266,1.25221,1.25221,2138
2026-05-22T00:30:00+00:00,1.25221,1.25278,1.25221,1.25278,1310
2026-05-22T00:45:00+00:00,1.25278,1.25335,1.25259,1.25335,693
2026-05-22T01:00:00+00:00,1.25335,1.25345,1.25299,1.25345,1753
2026-05-22T01:15:00+00:00,1.25345,1.25345,1.25254,1.25254,1053
2026-05-22T01:30:00+00:00,1.25254,1.25254,1.25217,1.25231,1236
2026-05-22T01:45:00+00:00,1.25231,1.25271,1.25231,1.25237,2451
2026-05-22T02:00:00+00:00,1.25237,1.25237,1.25186,1.25186,907
2026-05-22T02:15:00+00:00,1.25186,1.25193,1.25168,1.25174,2015
2026-05-22T02:30:00+00:00,1.25174,1.25179,1.25171,1.25179,736
2026-05-22T02:45:00+00:00,1.25179,1.25185,1.25155,1.25181,1607
2026-05-22T03:00:00+00:00,1.25181,1.25258,1.25180,1.25258,1640
2026-05-22T03:15:00+00:00,1.25258,1.25262,1.25245,1.25259,1014
2026-05-22T03:30:00+00:00,1.25259,1.25273,1.25245,1.25253,836
2026-05-22T03:45:00+00:00,1.25253,1.25271,1.25246,1.25269,1018
2026-05-22T04:00:00+00:00,1.25269,1.25275,1.25265,1.25274,2160
2026-05-22T04:15:00+00:00,1.25274,1.25280,1.25271,1.25274,1751
2026-05-22T04:30:00+00:00,1.25274,1.25274,1.25250,1.25250,2322
2026-05-22T04:45:00+00:00,1.25250,1.25276,1.25250,1.25276,1557
2026-05-22T05:00:00+00:00,1.25276,1.25313,1.25276,1.25313,1511
2026-05-22T05:15:00+00:00,1.25313,1.25352,1.25313,1.25352,1444
2026-05-22T05:30:00+00:00,1.25352,1.25383,1.25350,1.25383,1485
2026-05-22T05:45:00+00:00,1.25383,1.25392,1.25317,1.25317,2459
2026-05-22T06:00:00+00:00,1.25317,1.25332,1.25268,1.25268,3047
2026-05-22T06:15:00+00:00,1.25268,1.25274,1.25160,1.25160,2277
2026-05-22T06:30:00+00:00,1.25160,1.25257,1.25160,1.25198,1984
2026-05-22T06:45:00+00:00,1.25198,1.25225,1.25158,1.25158,2469
2026-05-22T07:00:00+00:00,1.25158,1.25261,1.25158,1.25231,1623
2026-05-22T07:15:00+00:00,1.25231,1.25231,1.25127,1.25127,1878
2026-05-22T07:30:00+00:00,1.25127,1.25127,1.24942,1.24942,2017
2026-05-22T07:45:00+00:00,1.24942,1.24942,1.24855,1.24857,1944
2026-05-22T08:00:00+00:00,1.24857,1.24897,1.24827,1.24860,1557
2026-05-22T08:15:00+00:00,1.24860,1.24860,1.24747,1.24788,2211
2026-05-22T08:30:00+00:00,1.24788,1.24788,1.24761,1.24761,1400
2026-05-22T08:45:00+00:00,1.24761,1.24803,1.24761,1.24801,2191
2026-05-22T09:00:00+00:00,1.24801,1.24801,1.24759,1.24763,1094
2026-05-22T09:15:00+00:00,1.24763,1.24810,1.24763,1.24810,1657
2026-05-22T09:30:00+00:00,1.24810,1.24839,1.24800,1.24839,1457
2026-05-22T09:45:00+00:00,1.24839,1.24856,1.24832,1.24856,1151
2026-05-22T10:00:00+00:00,1.24856,1.24856,1.24832,1.24835,1791
2026-05-22T10:15:00+00:00,1.24835,1.24875,1.24835,1.24875,1492
2026-05-22T10:30:00+00:00,1.24875,1.24884,1.24865,1.24868,897
2026-05-22T10:45:00+00:00,1.24868,1.24868,1.24851,1.24855,1528
2026-05-22T11:00:00+00:00,1.24855,1.24875,1.24850,1.24864,1808
2026-05-22T11:15:00+00:00,1.24864,1.24918,1.24859,1.24918,1994
2026-05-22T11:30:00+00:00,1.24918,1.24918,1.24891,1.24894,1511
2026-05-22T11:45:00+00:00,1.24894,1.24911,1.24875,1.24883,1802
2026-05-22T12:00:00+00:00,1.24883,1.24924,1.24870,1.24924,2054
2026-05-22T12:15:00+00:00,1.24924,1.24976,1.24918,1.24944,2838
2026-05-22T12:30:00+00:00,1.24944,1.24953,1.24897,1.24931,2509
2026-05-22T12:45:00+00:00,1.24931,1.25004,1.24931,1.25004,1929
2026-05-22T13:00:00+00:00,1.25004,1.25028,1.24950,1.24950,1562
2026-05-22T13:15:00+00:00,1.24950,1.24972,1.24901,1.24972,1203
2026-05-22T13:30:00+00:00,1.24972,1.24976,1.24928,1.24930,1938
2026-05-22T13:45:00+00:00,1.24930,1.25019,1.24927,1.24965,1415
2026-05-22T14:00:00+00:00,1.24965,1.25004,1.24935,1.24935,2288
2026-05-22T14:15:00+00:00,1.24935,1.24961,1.24930,1.24930,1515
2026-05-22T14:30:00+00:00,1.24930,1.24930,1.24849,1.24856,1216
2026-05-22T14:45:00+00:00,1.24856,1.24871,1.24823,1.24856,1439
2026-05-22T15:00:00+00:00,1.24856,1.24891,1.24838,1.24838,2650
2026-05-22T15:15:00+00:00,1.24838,1.24852,1.24802,1.24802,1513
2026-05-22T15:30:00+00:00,1.24802,1.24870,1.24802,1.24870,1061
2026-05-22T15:45:00+00:00,1.24870,1.24870,1.24822,1.24822,1986
2026-05-22T16:00:00+00:00,1.24822,1.24822,1.24804,1.24804,1960
2026-05-22T16:15:00+00:00,1.24804,1.24804,1.24775,1.24775,333
2026-05-22T16:30:00+00:00,1.24775,1.24806,1.24775,1.24806,1783
2026-05-22T16:45:00+00:00,1.24806,1.24813,1.24799,1.24799,1266
2026-05-22T17:00:00+00:00,1.24799,1.24800,1.24777,1.24777,2068
2026-05-22T17:15:00+00:00,1.24777,1.24790,1.24754,1.24754,1635
2026-05-22T17:30:00+00:00,1.24754,1.24771,1.24754,1.24771,1091
2026-05-22T17:45:00+00:00,1.24771,1.24803,1.24771,1.24799,590
2026-05-22T18:00:00+00:00,1.24799,1.24801,1.24780,1.24780,1534
2026-05-22T18:15:00+00:00,1.24780,1.24813,1.24780,1.24813,1577
2026-05-22T18:30:00+00:00,1.24813,1.24843,1.24813,1.24841,1609
2026-05-22T18:45:00+00:00,1.24841,1.24842,1.24832,1.24841,1601
2026-05-22T19:00:00+00:00,1.24841,1.24841,1.24804,1.24804,1411
2026-05-22T19:15:00+00:00,1.24804,1.24811,1.24804,1.24809,1634
2026-05-22T19:30:00+00:00,1.24809,1.24823,1.24796,1.24796,1384
2026-05-22T19:45:00+00:00,1.24796,1.24801,1.24784,1.24798,1343
2026-05-22T20:00:00+00:00,1.24798,1.24835,1.24798,1.24828,1395
2026-05-22T20:15:00+00:00,1.24828,1.24857,1.24828,1.24856,1792
2026-05-22T20:30:00+00:00,1.24856,1.24871,1.24845,1.24871,1340
2026-05-22T20:45:00+00:00,1.24871,1.24871,1.24853,1.24859,651
2026-05-22T21:00:00+00:00,1.24859,1.24886,1.24859,1.24886,1387
2026-05-22T21:15:00+00:00,1.24886,1.24893,1.24881,1.24882,1280
2026-05-22T21:30:00+00:00,1.24882,1.24882,1.24843,1.24865,1908
2026-05-22T21:45:00+00:00,1.24865,1.24871,1.24863,1.24869,1366
2026-05-22T22:00:00+00:00,1.24869,1.24871,1.24862,1.24869,2122
2026-05-22T22:15:00+00:00,1.24869,1.24869,1.24831,1.24831,1692
2026-05-22T22:30:00+00:00,1.24831,1.24869,1.24831,1.24866,2357
2026-05-22T22:45:00+00:00,1.24866,1.24876,1.24855,1.24868,1505
2026-05-22T23:00:00+00:00,1.24868,1.24881,1.24859,1.24859,1088
2026-05-22T23:15:00+00:00,1.24859,1.24859,1.24822,1.24829,1253
2026-05-22T23:30:00+00:00,1.24829,1.24829,1.24823,1.24823,931
2026-05-22T23:45:00+00:00,1.24823,1.24823,1.24781,1.24781,2222
2026-05-25T00:00:00+00:00,1.24781,1.24781,1.24742,1.24742,2674
2026-05-25T00:15:00+00:00,1.24742,1.24784,1.24739,1.24767,1247
2026-05-25T00:30:00+00:00,1.24767,1.24780,1.24746,1.24780,2077
2026-05-25T00:45:00+00:00,1.24780,1.24819,1.24780,1.24819,2305
2026-05-25T01:00:00+00:00,1.24819,1.24819,1.24802,1.24812,721
2026-05-25T01:15:00+00:00,1.24812,1.24852,1.24812,1.24852,1772
2026-05-25T01:30:00+00:00,1.24852,1.24867,1.24850,1.24854,964
2026-05-25T01:45:00+00:00,1.24854,1.24858,1.24833,1.24837,2124
2026-05-25T02:00:00+00:00,1.24837,1.24874,1.24837,1.24874,1881
2026-05-25T02:15:00+00:00,1.24874,1.24884,1.24867,1.24867,1879
2026-05-25T02:30:00+00:00,1.24867,1.24907,1.24867,1.24895,1383
2026-05-25T02:45:00+00:00,1.24895,1.24944,1.24893,1.24944,1389
2026-05-25T03:00:00+00:00,1.24944,1.24944,1.24835,1.24835,1695
2026-05-25T03:15:00+00:00,1.24835,1.24842,1.24835,1.24838,1462
2026-05-25T03:30:00+00:00,1.24838,1.24857,1.24829,1.24837,1054
2026-05-25T03:45:00+00:00,1.24837,1.24870,1.24825,1.24870,1715
2026-05-25T04:00:00+00:00,1.24870,1.24919,1.24870,1.24919,2353
2026-05-25T04:15:00+00:00,1.24919,1.24955,1.24919,1.24955,1567
2026-05-25T04:30:00+00:00,1.24955,1.24968,1.24955,1.24964,1979
2026-05-25T04:45:00+00:00,1.24964,1.25015,1.24964,1.25009,1842
2026-05-25T05:00:00+00:00,1.25009,1.25009,1.24988,1.24988,1855
2026-05-25T05:15:00+00:00,1.24988,1.24991,1.24961,1.24976,2054
2026-05-25T05:30:00+00:00,1.24976,1.25003,1.24976,1.24986,1285
2026-05-25T05:45:00+00:00,1.24986,1.25059,1.24986,1.25059,1465
2026-05-25T06:00:00+00:00,1.25059,1.25109,1.25059,1.25109,1687
2026-05-25T06:15:00+00:00,1.25109,1.25170,1.25109,1.25155,1267
2026-05-25T06:30:00+00:00,1.25155,1.25155,1.25079,1.25079,1497
2026-05-25T06:45:00+00:00,1.25079,1.25109,1.25021,1.25021,1877
2026-05-25T07:00:00+00:00,1.25021,1.25121,1.25021,1.25053,1675
2026-05-25T07:15:00+00:00,1.25053,1.25081,1.25014,1.25036,1774
2026-05-25T07:30:00+00:00,1.25036,1.25237,1.25036,1.25190,1443
2026-05-25T07:45:00+00:00,1.25190,1.25251,1.25112,1.25112,2648
2026-05-25T08:00:00+00:00,1.25112,1.25124,1.25024,1.25024,1352
2026-05-25T08:15:00+00:00,1.25024,1.25067,1.25018,1.25018,924
2026-05-25T08:30:00+00:00,1.25018,1.25076,1.25009,1.25057,1710
2026-05-25T08:45:00+00:00,1.25057,1.25074,1.25046,1.25046,472
2026-05-25T09:00:00+00:00,1.25046,1.25046,1.24988,1.24988,2328
2026-05-25T09:15:00+00:00,1.24988,1.24988,1.24960,1.24981,897
2026-05-25T09:30:00+00:00,1.24981,1.24981,1.24937,1.24937,1830
2026-05-25T09:45:00+00:00,1.24937,1.24966,1.24937,1.24964,1809
2026-05-25T10:00:00+00:00,1.24964,1.24976,1.24944,1.24952,1509
2026-05-25T10:15:00+00:00,1.24952,1.24970,1.24947,1.24947,1936
2026-05-25T10:30:00+00:00,1.24947,1.24947,1.24882,1.24882,1324
2026-05-25T10:45:00+00:00,1.24882,1.24892,1.24871,1.24892,1692
2026-05-25T11:00:00+00:00,1.24892,1.24916,1.24892,1.24899,1834
2026-05-25T11:15:00+00:00,1.24899,1.24929,1.24899,1.24916,1018
2026-05-25T11:30:00+00:00,1.24916,1.24938,1.24902,1.24902,1327
2026-05-25T11:45:00+00:00,1.24902,1.24906,1.24870,1.24870,1821
2026-05-25T12:00:00+00:00,1.24870,1.24960,1.24870,1.24899,1181
2026-05-25T12:15:00+00:00,1.24899,1.24910,1.24873,1.24910,2558
2026-05-25T12:30:00+00:00,1.24910,1.24987,1.24910,1.24987,1889
2026-05-25T12:45:00+00:00,1.24987,1.24997,1.24830,1.24830,2229
2026-05-25T13:00:00+00:00,1.24830,1.24937,1.24819,1.24863,2420
2026-05-25T13:15:00+00:00,1.24863,1.24907,1.24863,1.24907,1710
2026-05-25T13:30:00+00:00,1.24907,1.24907,1.24781,1.24781,2297
2026-05-25T13:45:00+00:00,1.24781,1.24908,1.24771,1.24908,1674
2026-05-25T14:00:00+00:00,1.24908,1.24951,1.24908,1.24941,2186
2026-05-25T14:15:00+00:00,1.24941,1.24961,1.24862,1.24862,1893
2026-05-25T14:30:00+00:00,1.24862,1.24862,1.24778,1.24778,2910
2026-05-25T14:45:00+00:00,1.24778,1.24877,1.24778,1.24877,918
2026-05-25T15:00:00+00:00,1.24877,1.24877,1.24816,1.24816,2026
2026-05-25T15:15:00+00:00,1.24816,1.24816,1.24772,1.24772,1019
2026-05-25T15:30:00+00:00,1.24772,1.24772,1.24724,1.24746,1271
2026-05-25T15:45:00+00:00,1.24746,1.24758,1.24735,1.24744,667
2026-05-25T16:00:00+00:00,1.24744,1.24756,1.24730,1.24730,1219
2026-05-25T16:15:00+00:00,1.24730,1.24730,1.24707,1.24724,1972
2026-05-25T16:30:00+00:00,1.24724,1.24729,1.24716,1.24728,841
2026-05-25T16:45:00+00:00,1.24728,1.24731,1.24706,1.24706,1534
2026-05-25T17:00:00+00:00,1.24706,1.24706,1.24676,1.24681,2000
2026-05-25T17:15:00+00:00,1.24681,1.24699,1.24660,1.24699,1601
2026-05-25T17:30:00+00:00,1.24699,1.24708,1.24685,1.24685,1251
2026-05-25T17:45:00+00:00,1.24685,1.24687,1.24672,1.24687,1322
2026-05-25T18:00:00+00:00,1.24687,1.24721,1.24687,1.24717,928
2026-05-25T18:15:00+00:00,1.24717,1.24717,1.24681,1.24681,1890
2026-05-25T18:30:00+00:00,1.24681,1.24681,1.24667,1.24668,1554
2026-05-25T18:45:00+00:00,1.24668,1.24684,1.24654,1.24654,1323
2026-05-25T19:00:00+00:00,1.24654,1.24685,1.24654,1.24685,1245
2026-05-25T19:15:00+00:00,1.24685,1.24712,1.24685,1.24712,2561
2026-05-25T19:30:00+00:00,1.24712,1.24742,1.24712,1.24742,1544
2026-05-25T19:45:00+00:00,1.24742,1.24743,1.24730,1.24731,1400
2026-05-25T20:00:00+00:00,1.24731,1.24731,1.24689,1.24702,2368
2026-05-25T20:15:00+00:00,1.24702,1.24702,1.24692,1.24699,1557
2026-05-25T20:30:00+00:00,1.24699,1.24705,1.24671,1.24671,1312
2026-05-25T20:45:00+00:00,1.24671,1.24672,1.24626,1.24626,1223
2026-05-25T21:00:00+00:00,1.24626,1.24634,1.24620,1.24634,808
2026-05-25T21:15:00+00:00,1.24634,1.24641,1.24631,1.24631,1904
2026-05-25T21:30:00+00:00,1.24631,1.24670,1.24631,1.24670,1554
2026-05-25T21:45:00+00:00,1.24670,1.24670,1.24598,1.24598,1415
2026-05-25T22:00:00+00:00,1.24598,1.24612,1.24587,1.24587,1584
2026-05-25T22:15:00+00:00,1.24587,1.24610,1.24587,1.24610,1077
2026-05-25T22:30:00+00:00,1.24610,1.24610,1.24601,1.24606,1047
2026-05-25T22:45:00+00:00,1.24606,1.24626,1.24599,1.24626,1408
2026-05-25T23:00:00+00:00,1.24626,1.24626,1.24609,1.24621,657
2026-05-25T23:15:00+00:00,1.24621,1.24630,1.24621,1.24628,968
2026-05-25T23:30:00+00:00,1.24628,1.24628,1.24568,1.24569,1757
2026-05-25T23:45:00+00:00,1.24569,1.24578,1.24562,1.24564,1284
2026-05-26T00:00:00+00:00,1.24564,1.24604,1.24545,1.24604,958
2026-05-26T00:15:00+00:00,1.24604,1.24604,1.24537,1.24537,1262
2026-05-26T00:30:00+00:00,1.24537,1.24573,1.24537,1.24573,1905
2026-05-26T00:45:00+00:00,1.24573,1.24573,1.24517,1.24529,1497
2026-05-26T01:00:00+00:00,1.24529,1.24565,1.24529,1.24545,1253
2026-05-26T01:15:00+00:00,1.24545,1.24545,1.24465,1.24465,2056
2026-05-26T01:30:00+00:00,1.24465,1.24465,1.24450,1.24457,1628
2026-05-26T01:45:00+00:00,1.24457,1.24505,1.24448,1.24505,1878
2026-05-26T02:00:00+00:00,1.24505,1.24552,1.24505,1.24529,1160
2026-05-26T02:15:00+00:00,1.24529,1.24551,1.24529,1.24551,1278
2026-05-26T02:30:00+00:00,1.24551,1.24592,1.24551,1.24558,1533
2026-05-26T02:45:00+00:00,1.24558,1.24577,1.24539,1.24550,2686
2026-05-26T03:00:00+00:00,1.24550,1.24566,1.24537,1.24566,906
2026-05-26T03:15:00+00:00,1.24566,1.24583,1.24566,1.24571,1579
2026-05-26T03:30:00+00:00,1.24571,1.24583,1.24556,1.24566,1612
2026-05-26T03:45:00+00:00,1.24566,1.24566,1.24551,1.24561,2067
2026-05-26T04:00:00+00:00,1.24561,1.24561,1.24506,1.24516,996
2026-05-26T04:15:00+00:00,1.24516,1.24542,1.24506,1.24542,1458
2026-05-26T04:30:00+00:00,1.24542,1.24556,1.24514,1.24556,194
2026-05-26T04:45:00+00:00,1.24556,1.24599,1.24556,1.24593,1102
2026-05-26T05:00:00+00:00,1.24593,1.24593,1.24556,1.24577,1173
2026-05-26T05:15:00+00:00,1.24577,1.24577,1.24566,1.24566,1354
2026-05-26T05:30:00+00:00,1.24566,1.24588,1.24553,1.24588,1343
2026-05-26T05:45:00+00:00,1.24588,1.24614,1.24588,1.24589,1338
2026-05-26T06:00:00+00:00,1.24589,1.24592,1.24561,1.24561,1673
2026-05-26T06:15:00+00:00,1.24561,1.24629,1.24554,1.24554,965
2026-05-26T06:30:00+00:00,1.24554,1.24554,1.24422,1.24448,1960
2026-05-26T06:45:00+00:00,1.24448,1.24501,1.24445,1.24445,1888
2026-05-26T07:00:00+00:00,1.24445,1.24445,1.24327,1.24380,1863
2026-05-26T07:15:00+00:00,1.24380,1.24380,1.24191,1.24221,1865
2026-05-26T07:30:00+00:00,1.24221,1.24341,1.24221,1.24341,2254
2026-05-26T07:45:00+00:00,1.24341,1.24405,1.24338,1.24405,2260
2026-05-26T08:00:00+00:00,1.24405,1.24479,1.24405,1.24470,2001
2026-05-26T08:15:00+00:00,1.24470,1.24561,1.24470,1.24561,1890
2026-05-26T08:30:00+00:00,1.24561,1.24585,1.24559,1.24562,837
2026-05-26T08:45:00+00:00,1.24562,1.24568,1.24545,1.24568,2095
2026-05-26T09:00:00+00:00,1.24568,1.24591,1.24558,1.24561,1670
2026-05-26T09:15:00+00:00,1.24561,1.24561,1.24536,1.24548,1816
2026-05-26T09:30:00+00:00,1.24548,1.24571,1.24548,1.24550,1801
2026-05-26T09:45:00+00:00,1.24550,1.24556,1.24543,1.24543,2687
2026-05-26T10:00:00+00:00,1.24543,1.24553,1.24532,1.24553,1889
2026-05-26T10:15:00+00:00,1.24553,1.24568,1.24537,1.24568,1166
2026-05-26T10:30:00+00:00,1.24568,1.24568,1.24551,1.24565,1688
2026-05-26T10:45:00+00:00,1.24565,1.24588,1.24555,1.24567,1425
2026-05-26T11:00:00+00:00,1.24567,1.24567,1.24549,1.24549,1867
2026-05-26T11:15:00+00:00,1.24549,1.24565,1.24540,1.24545,2458
2026-05-26T11:30:00+00:00,1.24545,1.24563,1.24522,1.24563,1440
2026-05-26T11:45:00+00:00,1.24563,1.24595,1.24563,1.24574,1401
2026-05-26T12:00:00+00:00,1.24574,1.24631,1.24574,1.24622,783
2026-05-26T12:15:00+00:00,1.24622,1.24653,1.24616,1.24648,2035
2026-05-26T12:30:00+00:00,1.24648,1.24696,1.24626,1.24696,992
2026-05-26T12:45:00+00:00,1.24696,1.24771,1.24696,1.24754,1422
2026-05-26T13:00:00+00:00,1.24754,1.24754,1.24608,1.24608,2478
2026-05-26T13:15:00+00:00,1.24608,1.24703,1.24608,1.24703,1966
2026-05-26T13:30:00+00:00,1.24703,1.24734,1.24640,1.24640,1903
2026-05-26T13:45:00+00:00,1.24640,1.24640,1.24548,1.24600,2111
2026-05-26T14:00:00+00:00,1.24600,1.24751,1.24600,1.24747,1468
2026-05-26T14:15:00+00:00,1.24747,1.24838,1.24707,1.24838,2162
2026-05-26T14:30:00+00:00,1.24838,1.24867,1.24790,1.24824,1587
2026-05-26T14:45:00+00:00,1.24824,1.24845,1.24796,1.24831,2036
2026-05-26T15:00:00+00:00,1.24831,1.24838,1.24807,1.24812,1898
2026-05-26T15:15:00+00:00,1.24812,1.24815,1.24783,1.24797,2154
2026-05-26T15:30:00+00:00,1.24797,1.24797,1.24770,1.24770,1741
2026-05-26T15:45:00+00:00,1.24770,1.24784,1.24770,1.24784,365
2026-05-26T16:00:00+00:00,1.24784,1.24808,1.24784,1.24803,1422
2026-05-26T16:15:00+00:00,1.24803,1.24813,1.24784,1.24784,2185
2026-05-26T16:30:00+00:00,1.24784,1.24822,1.24784,1.24822,2552
2026-05-26T16:45:00+00:00,1.24822,1.24874,1.24822,1.24874,1971
2026-05-26T17:00:00+00:00,1.24874,1.24874,1.24847,1.24856,1345
2026-05-26T17:15:00+00:00,1.24856,1.24856,1.24836,1.24843,1299
2026-05-26T17:30:00+00:00,1.24843,1.24862,1.24843,1.24862,1754
2026-05-26T17:45:00+00:00,1.24862,1.24872,1.24849,1.24872,1311
2026-05-26T18:00:00+00:00,1.24872,1.24872,1.24849,1.24852,1942
2026-05-26T18:15:00+00:00,1.24852,1.24862,1.24838,1.24842,1160
2026-05-26T18:30:00+00:00,1.24842,1.24842,1.24809,1.24809,1491
2026-05-26T18:45:00+00:00,1.24809,1.24809,1.24786,1.24793,2087
2026-05-26T19:00:00+00:00,1.24793,1.24808,1.24789,1.24803,2363
2026-05-26T19:15:00+00:00,1.24803,1.24817,1.24791,1.24804,1571
2026-05-26T19:30:00+00:00,1.24804,1.24812,1.24801,1.24810,1157
2026-05-26T19:45:00+00:00,1.24810,1.24810,1.24798,1.24801,517
2026-05-26T20:00:00+00:00,1.24801,1.24835,1.24801,1.24835,1764
2026-05-26T20:15:00+00:00,1.24835,1.24835,1.24797,1.24797,1401
2026-05-26T20:30:00+00:00,1.24797,1.24801,1.24785,1.24801,1432
2026-05-26T20:45:00+00:00,1.24801,1.24824,1.24791,1.24811,631
2026-05-26T21:00:00+00:00,1.24811,1.24811,1.24794,1.24806,604
2026-05-26T21:15:00+00:00,1.24806,1.24806,1.24760,1.24760,1358
2026-05-26T21:30:00+00:00,1.24760,1.24760,1.24726,1.24726,1338
2026-05-26T21:45:00+00:00,1.24726,1.24730,1.24710,1.24730,1420
2026-05-26T22:00:00+00:00,1.24730,1.24730,1.24709,1.24728,940
2026-05-26T22:15:00+00:00,1.24728,1.24728,1.24683,1.24683,1201
2026-05-26T22:30:00+00:00,1.24683,1.24683,1.24661,1.24662,1053
2026-05-26T22:45:00+00:00,1.24662,1.24665,1.24646,1.24665,2364
2026-05-26T23:00:00+00:00,1.24665,1.24665,1.24636,1.24665,1728
2026-05-26T23:15:00+00:00,1.24665,1.24665,1.24648,1.24662,1004
2026-05-26T23:30:00+00:00,1.24662,1.24709,1.24662,1.24709,1863
2026-05-26T23:45:00+00:00,1.24709,1.24755,1.24709,1.24755,2109
2026-05-27T00:00:00+00:00,1.24755,1.24788,1.24754,1.24765,2604
2026-05-27T00:15:00+00:00,1.24765,1.24765,1.24741,1.24759,1439
2026-05-27T00:30:00+00:00,1.24759,1.24763,1.24715,1.24715,1043
2026-05-27T00:45:00+00:00,1.24715,1.24745,1.24706,1.24718,1912
2026-05-27T01:00:00+00:00,1.24718,1.24772,1.24718,1.24772,1271
2026-05-27T01:15:00+00:00,1.24772,1.24774,1.24716,1.24716,2008
2026-05-27T01:30:00+00:00,1.24716,1.24716,1.24659,1.24659,1987
2026-05-27T01:45:00+00:00,1.24659,1.24688,1.24650,1.24679,1191
2026-05-27T02:00:00+00:00,1.24679,1.24679,1.24637,1.24647,1530
2026-05-27T02:15:00+00:00,1.24647,1.24692,1.24647,1.24669,1491
2026-05-27T02:30:00+00:00,1.24669,1.24684,1.24645,1.24684,1447
2026-05-27T02:45:00+00:00,1.24684,1.24684,1.24632,1.24632,1160
2026-05-27T03:00:00+00:00,1.24632,1.24656,1.24616,1.24616,2302
2026-05-27T03:15:00+00:00,1.24616,1.24628,1.24597,1.24597,1889
2026-05-27T03:30:00+00:00,1.24597,1.24606,1.24582,1.24591,1164
2026-05-27T03:45:00+00:00,1.24591,1.24652,1.24591,1.24652,1661
2026-05-27T04:00:00+00:00,1.24652,1.24652,1.24604,1.24623,1121
2026-05-27T04:15:00+00:00,1.24623,1.24623,1.24573,1.24573,2042
2026-05-27T04:30:00+00:00,1.24573,1.24573,1.24528,1.24528,1647
2026-05-27T04:45:00+00:00,1.24528,1.24551,1.24528,1.24551,834
2026-05-27T05:00:00+00:00,1.24551,1.24583,1.24539,1.24539,1993
2026-05-27T05:15:00+00:00,1.24539,1.24539,1.24499,1.24499,2365
2026-05-27T05:30:00+00:00,1.24499,1.24520,1.24477,1.24477,2399
2026-05-27T05:45:00+00:00,1.24477,1.24477,1.24418,1.24418,1984
2026-05-27T06:00:00+00:00,1.24418,1.24418,1.24331,1.24331,2005
2026-05-27T06:15:00+00:00,1.24331,1.24331,1.24277,1.24302,1919
2026-05-27T06:30:00+00:00,1.24302,1.24366,1.24302,1.24354,2112
2026-05-27T06:45:00+00:00,1.24354,1.24445,1.24303,1.24445,1447
2026-05-27T07:00:00+00:00,1.24445,1.24445,1.24330,1.24330,2386
2026-05-27T07:15:00+00:00,1.24330,1.24424,1.24330,1.24345,1755
2026-05-27T07:30:00+00:00,1.24345,1.24346,1.24207,1.24346,1818
2026-05-27T07:45:00+00:00,1.24346,1.24393,1.24300,1.24300,2703
2026-05-27T08:00:00+00:00,1.24300,1.24300,1.24149,1.24149,1579
2026-05-27T08:15:00+00:00,1.24149,1.24186,1.24149,1.24173,2457
2026-05-27T08:30:00+00:00,1.24173,1.24173,1.24080,1.24080,1545
2026-05-27T08:45:00+00:00,1.24080,1.24080,1.24054,1.24080,1814
2026-05-27T09:00:00+00:00,1.24080,1.24131,1.24080,1.24131,524
2026-05-27T09:15:00+00:00,1.24131,1.24176,1.24131,1.24176,1341
2026-05-27T09:30:00+00:00,1.24176,1.24201,1.24176,1.24186,1061
2026-05-27T09:45:00+00:00,1.24186,1.24197,1.24185,1.24188,1956
2026-05-27T10:00:00+00:00,1.24188,1.24201,1.24183,1.24196,1571
2026-05-27T10:15:00+00:00,1.24196,1.24196,1.24162,1.24162,1373
2026-05-27T10:30:00+00:00,1.24162,1.24165,1.24138,1.24159,953
2026-05-27T10:45:00+00:00,1.24159,1.24174,1.24151,1.24162,2270
2026-05-27T11:00:00+00:00,1.24162,1.24189,1.24160,1.24189,1700
2026-05-27T11:15:00+00:00,1.24189,1.24201,1.24170,1.24201,1401
2026-05-27T11:30:00+00:00,1.24201,1.24206,1.24161,1.24186,1083
2026-05-27T11:45:00+00:00,1.24186,1.24209,1.24175,1.24209,1613
2026-05-27T12:00:00+00:00,1.24209,1.24232,1.24205,1.24210,1713
2026-05-27T12:15:00+00:00,1.24210,1.24210,1.24121,1.24126,2185
2026-05-27T12:30:00+00:00,1.24126,1.24150,1.24111,1.24111,2154
2026-05-27T12:45:00+00:00,1.24111,1.24124,1.24059,1.24059,811
2026-05-27T13:00:00+00:00,1.24059,1.24132,1.24059,1.24132,1217
2026-05-27T13:15:00+00:00,1.24132,1.24310,1.24132,1.24280,2477
2026-05-27T13:30:00+00:00,1.24280,1.24280,1.24227,1.24280,1105
2026-05-27T13:45:00+00:00,1.24280,1.24363,1.24280,1.24363,1562
2026-05-27T14:00:00+00:00,1.24363,1.24491,1.24341,1.24429,1839
2026-05-27T14:15:00+00:00,1.24429,1.24430,1.24399,1.24430,1294
2026-05-27T14:30:00+00:00,1.24430,1.24464,1.24385,1.24393,1071
2026-05-27T14:45:00+00:00,1.24393,1.24393,1.24295,1.24320,1245
2026-05-27T15:00:00+00:00,1.24320,1.24353,1.24320,1.24336,2101
2026-05-27T15:15:00+00:00,1.24336,1.24338,1.24294,1.24338,1955
2026-05-27T15:30:00+00:00,1.24338,1.24411,1.24338,1.24407,1061
2026-05-27T15:45:00+00:00,1.24407,1.24422,1.24393,1.24414,1924
2026-05-27T16:00:00+00:00,1.24414,1.24428,1.24413,1.24414,673
2026-05-27T16:15:00+00:00,1.24414,1.24416,1.24394,1.24405,965
2026-05-27T16:30:00+00:00,1.24405,1.24405,1.24384,1.24394,1102
2026-05-27T16:45:00+00:00,1.24394,1.24418,1.24394,1.24418,179
2026-05-27T17:00:00+00:00,1.24418,1.24427,1.24412,1.24412,1539
2026-05-27T17:15:00+00:00,1.24412,1.24412,1.24388,1.24398,2228
2026-05-27T17:30:00+00:00,1.24398,1.24447,1.24398,1.24447,1577
2026-05-27T17:45:00+00:00,1.24447,1.24462,1.24442,1.24462,1458
2026-05-27T18:00:00+00:00,1.24462,1.24481,1.24460,1.24481,1465
2026-05-27T18:15:00+00:00,1.24481,1.24503,1.24478,1.24493,914
2026-05-27T18:30:00+00:00,1.24493,1.24505,1.24491,1.24491,1199
2026-05-27T18:45:00+00:00,1.24491,1.24491,1.24469,1.24488,1607
2026-05-27T19:00:00+00:00,1.24488,1.24500,1.24475,1.24498,1413
2026-05-27T19:15:00+00:00,1.24498,1.24511,1.24489,1.24511,1583
2026-05-27T19:30:00+00:00,1.24511,1.24515,1.24493,1.24515,1367
2026-05-27T19:45:00+00:00,1.24515,1.24517,1.24503,1.24512,1322
2026-05-27T20:00:00+00:00,1.24512,1.24522,1.24493,1.24493,1224
2026-05-27T20:15:00+00:00,1.24493,1.24495,1.24486,1.24495,1012
2026-05-27T20:30:00+00:00,1.24495,1.24531,1.24495,1.24528,1454
2026-05-27T20:45:00+00:00,1.24528,1.24540,1.24512,1.24512,914
2026-05-27T21:00:00+00:00,1.24512,1.24528,1.24511,1.24528,1064
2026-05-27T21:15:00+00:00,1.24528,1.24535,1.24528,1.24535,1252
2026-05-27T21:30:00+00:00,1.24535,1.24535,1.24515,1.24515,1271
2026-05-27T21:45:00+00:00,1.24515,1.24525,1.24498,1.24525,646
2026-05-27T22:00:00+00:00,1.24525,1.24538,1.24518,1.24538,1820
2026-05-27T22:15:00+00:00,1.24538,1.24551,1.24536,1.24544,336
2026-05-27T22:30:00+00:00,1.24544,1.24554,1.24538,1.24554,1264
2026-05-27T22:45:00+00:00,1.24554,1.24554,1.24532,1.24532,1421
2026-05-27T23:00:00+00:00,1.24532,1.24532,1.24512,1.24516,1133
2026-05-27T23:15:00+00:00,1.24516,1.24516,1.24479,1.24479,1028
2026-05-27T23:30:00+00:00,1.24479,1.24479,1.24455,1.24455,787
2026-05-27T23:45:00+00:00,1.24455,1.24455,1.24438,1.24445,2010
2026-05-28T00:00:00+00:00,1.24445,1.24478,1.24440,1.24461,1598
2026-05-28T00:15:00+00:00,1.24461,1.24462,1.24443,1.24456,1090
2026-05-28T00:30:00+00:00,1.24456,1.24458,1.24422,1.24422,1034
2026-05-28T00:45:00+00:00,1.24422,1.24422,1.24348,1.24348,698
2026-05-28T01:00:00+00:00,1.24348,1.24378,1.24348,1.24350,2020
2026-05-28T01:15:00+00:00,1.24350,1.24357,1.24333,1.24345,2044
2026-05-28T01:30:00+00:00,1.24345,1.24407,1.24345,1.24369,1451
2026-05-28T01:45:00+00:00,1.24369,1.24389,1.24341,1.24341,1201
2026-05-28T02:00:00+00:00,1.24341,1.24354,1.24322,1.24348,1918
2026-05-28T02:15:00+00:00,1.24348,1.24351,1.24293,1.24315,1399
2026-05-28T02:30:00+00:00,1.24315,1.24315,1.24268,1.24268,2032
2026-05-28T02:45:00+00:00,1.24268,1.24270,1.24185,1.24185,1416
2026-05-28T03:00:00+00:00,1.24185,1.24185,1.24144,1.24165,1825
2026-05-28T03:15:00+00:00,1.24165,1.24165,1.24147,1.24161,995
2026-05-28T03:30:00+00:00,1.24161,1.24180,1.24160,1.24180,1829
2026-05-28T03:45:00+00:00,1.24180,1.24189,1.24180,1.24184,1655
2026-05-28T04:00:00+00:00,1.24184,1.24184,1.24156,1.24170,2713
2026-05-28T04:15:00+00:00,1.24170,1.24170,1.24153,1.24153,2152
2026-05-28T04:30:00+00:00,1.24153,1.24153,1.24128,1.24129,977
2026-05-28T04:45:00+00:00,1.24129,1.24159,1.24129,1.24156,1026
2026-05-28T05:00:00+00:00,1.24156,1.24156,1.24129,1.24129,1223
2026-05-28T05:15:00+00:00,1.24129,1.24153,1.24125,1.24153,2032
2026-05-28T05:30:00+00:00,1.24153,1.24181,1.24151,1.24181,868
2026-05-28T05:45:00+00:00,1.24181,1.24206,1.24161,1.24198,1537
2026-05-28T06:00:00+00:00,1.24198,1.24198,1.24094,1.24094,2281
2026-05-28T06:15:00+00:00,1.24094,1.24094,1.24019,1.24091,732
2026-05-28T06:30:00+00:00,1.24091,1.24136,1.24091,1.24092,1797
2026-05-28T06:45:00+00:00,1.24092,1.24243,1.24092,1.24209,1699
2026-05-28T07:00:00+00:00,1.24209,1.24252,1.24201,1.24233,1666
2026-05-28T07:15:00+00:00,1.24233,1.24434,1.24233,1.24429,1471
2026-05-28T07:30:00+00:00,1.24429,1.24429,1.24267,1.24267,1538
2026-05-28T07:45:00+00:00,1.24267,1.24351,1.24267,1.24346,2517
2026-05-28T08:00:00+00:00,1.24346,1.24383,1.24300,1.24300,1831
2026-05-28T08:15:00+00:00,1.24300,1.24323,1.24212,1.24212,1552
2026-05-28T08:30:00+00:00,1.24212,1.24218,1.24151,1.24151,2177
2026-05-28T08:45:00+00:00,1.24151,1.24157,1.24126,1.24126,2081
2026-05-28T09:00:00+00:00,1.24126,1.24169,1.24126,1.24164,1240
2026-05-28T09:15:00+00:00,1.24164,1.24188,1.24162,1.24165,1867
2026-05-28T09:30:00+00:00,1.24165,1.24171,1.24150,1.24153,1208
2026-05-28T09:45:00+00:00,1.24153,1.24168,1.24147,1.24168,1495
2026-05-28T10:00:00+00:00,1.24168,1.24168,1.24132,1.24132,1587
2026-05-28T10:15:00+00:00,1.24132,1.24143,1.24124,1.24124,1629
2026-05-28T10:30:00+00:00,1.24124,1.24124,1.24098,1.24108,2308
2026-05-28T10:45:00+00:00,1.24108,1.24114,1.24091,1.24108,1256
2026-05-28T11:00:00+00:00,1.24108,1.24121,1.24108,1.24121,2019
2026-05-28T11:15:00+00:00,1.24121,1.24121,1.24065,1.24083,726
2026-05-28T11:30:00+00:00,1.24083,1.24147,1.24083,1.24109,2056
2026-05-28T11:45:00+00:00,1.24109,1.24136,1.24094,1.24135,1757
2026-05-28T12:00:00+00:00,1.24135,1.24151,1.24097,1.24151,1762
2026-05-28T12:15:00+00:00,1.24151,1.24200,1.24135,1.24135,1679
2026-05-28T12:30:00+00:00,1.24135,1.24195,1.24122,1.24122,1675
2026-05-28T12:45:00+00:00,1.24122,1.24232,1.24122,1.24232,2264
2026-05-28T13:00:00+00:00,1.24232,1.24232,1.24131,1.24221,1161
2026-05-28T13:15:00+00:00,1.24221,1.24237,1.24168,1.24220,1911
2026-05-28T13:30:00+00:00,1.24220,1.24220,1.24036,1.24099,1459
2026-05-28T13:45:00+00:00,1.24099,1.24159,1.24096,1.24139,2004
2026-05-28T14:00:00+00:00,1.24139,1.24255,1.24139,1.24218,1240
2026-05-28T14:15:00+00:00,1.24218,1.24319,1.24218,1.24277,2634
2026-05-28T14:30:00+00:00,1.24277,1.24289,1.24235,1.24255,2317
2026-05-28T14:45:00+00:00,1.24255,1.24255,1.24191,1.24191,1706
2026-05-28T15:00:00+00:00,1.24191,1.24250,1.24174,1.24228,1777
2026-05-28T15:15:00+00:00,1.24228,1.24228,1.24132,1.24143,1747
2026-05-28T15:30:00+00:00,1.24143,1.24143,1.24085,1.24085,1895
2026-05-28T15:45:00+00:00,1.24085,1.24087,1.24081,1.24081,2320
2026-05-28T16:00:00+00:00,1.24081,1.24081,1.24052,1.24058,1631
2026-05-28T16:15:00+00:00,1.24058,1.24089,1.24058,1.24089,1754
2026-05-28T16:30:00+00:00,1.24089,1.24089,1.24061,1.24067,1502
2026-05-28T16:45:00+00:00,1.24067,1.24079,1.24055,1.24058,810
2026-05-28T17:00:00+00:00,1.24058,1.24058,1.24027,1.24027,1236
2026-05-28T17:15:00+00:00,1.24027,1.24045,1.24027,1.24039,418
2026-05-28T17:30:00+00:00,1.24039,1.24066,1.24039,1.24052,1253
2026-05-28T17:45:00+00:00,1.24052,1.24075,1.24052,1.24075,1497
2026-05-28T18:00:00+00:00,1.24075,1.24095,1.24070,1.24082,1175
2026-05-28T18:15:00+00:00,1.24082,1.24082,1.24062,1.24073,1517
2026-05-28T18:30:00+00:00,1.24073,1.24080,1.24068,1.24071,1218
2026-05-28T18:45:00+00:00,1.24071,1.24087,1.24071,1.24082,2112
2026-05-28T19:00:00+00:00,1.24082,1.24095,1.24076,1.24095,2533
2026-05-28T19:15:00+00:00,1.24095,1.24127,1.24095,1.24098,2448
2026-05-28T19:30:00+00:00,1.24098,1.24099,1.24071,1.24071,2515
2026-05-28T19:45:00+00:00,1.24071,1.24071,1.24044,1.24044,2243
2026-05-28T20:00:00+00:00,1.24044,1.24069,1.24040,1.24069,1364
2026-05-28T20:15:00+00:00,1.24069,1.24069,1.24039,1.24054,1901
2026-05-28T20:30:00+00:00,1.24054,1.24059,1.24042,1.24052,1474
2026-05-28T20:45:00+00:00,1.24052,1.24052,1.24004,1.24004,1104
2026-05-28T21:00:00+00:00,1.24004,1.24021,1.24004,1.24021,1732
2026-05-28T21:15:00+00:00,1.24021,1.24021,1.23989,1.23998,1540
2026-05-28T21:30:00+00:00,1.23998,1.23998,1.23955,1.23955,1754
2026-05-28T21:45:00+00:00,1.23955,1.23955,1.23931,1.23931,1062
2026-05-28T22:00:00+00:00,1.23931,1.23931,1.23901,1.23919,984
2026-05-28T22:15:00+00:00,1.23919,1.23919,1.23869,1.23869,2353
2026-05-28T22:30:00+00:00,1.23869,1.23873,1.23856,1.23873,641
2026-05-28T22:45:00+00:00,1.23873,1.23894,1.23873,1.23887,1073
2026-05-28T23:00:00+00:00,1.23887,1.23887,1.23867,1.23867,1781
2026-05-28T23:15:00+00:00,1.23867,1.23867,1.23831,1.23831,1253
2026-05-28T23:30:00+00:00,1.23831,1.23831,1.23773,1.23789,1898
2026-05-28T23:45:00+00:00,1.23789,1.23799,1.23781,1.23785,1821
2026-05-29T00:00:00+00:00,1.23785,1.23793,1.23765,1.23793,1682
2026-05-29T00:15:00+00:00,1.23793,1.23859,1.23793,1.23859,1223
2026-05-29T00:30:00+00:00,1.23859,1.23896,1.23844,1.23896,1071
2026-05-29T00:45:00+00:00,1.23896,1.23958,1.23896,1.23947,2119
2026-05-29T01:00:00+00:00,1.23947,1.23977,1.23947,1.23977,1594
2026-05-29T01:15:00+00:00,1.23977,1.23982,1.23946,1.23982,2009
2026-05-29T01:30:00+00:00,1.23982,1.23982,1.23917,1.23917,1086
2026-05-29T01:45:00+00:00,1.23917,1.23928,1.23910,1.23922,1320
2026-05-29T02:00:00+00:00,1.23922,1.23937,1.23904,1.23904,1677
2026-05-29T02:15:00+00:00,1.23904,1.23904,1.23864,1.23866,2256
2026-05-29T02:30:00+00:00,1.23866,1.23926,1.23866,1.23905,755
2026-05-29T02:45:00+00:00,1.23905,1.23905,1.23859,1.23888,1496
2026-05-29T03:00:00+00:00,1.23888,1.23901,1.23841,1.23841,1103
2026-05-29T03:15:00+00:00,1.23841,1.23841,1.23808,1.23808,1254
2026-05-29T03:30:00+00:00,1.23808,1.23808,1.23788,1.23794,801
2026-05-29T03:45:00+00:00,1.23794,1.23823,1.23792,1.23792,1259
2026-05-29T04:00:00+00:00,1.23792,1.23799,1.23750,1.23750,2366
2026-05-29T04:15:00+00:00,1.23750,1.23756,1.23724,1.23729,2485
2026-05-29T04:30:00+00:00,1.23729,1.23729,1.23706,1.23711,2027
2026-05-29T04:45:00+00:00,1.23711,1.23711,1.23694,1.23700,1735
2026-05-29T05:00:00+00:00,1.23700,1.23731,1.23700,1.23725,1415
2026-05-29T05:15:00+00:00,1.23725,1.23737,1.23716,1.23737,1482
2026-05-29T05:30:00+00:00,1.23737,1.23754,1.23728,1.23754,842
2026-05-29T05:45:00+00:00,1.23754,1.23754,1.23714,1.23714,2296
2026-05-29T06:00:00+00:00,1.23714,1.23714,1.23673,1.23673,2826
2026-05-29T06:15:00+00:00,1.23673,1.23691,1.23633,1.23644,1116
2026-05-29T06:30:00+00:00,1.23644,1.23661,1.23635,1.23653,2673
2026-05-29T06:45:00+00:00,1.23653,1.23661,1.23556,1.23556,1874
2026-05-29T07:00:00+00:00,1.23556,1.23755,1.23556,1.23755,1980
2026-05-29T07:15:00+00:00,1.23755,1.23833,1.23680,1.23680,1843
2026-05-29T07:30:00+00:00,1.23680,1.23724,1.23664,1.23690,1577
2026-05-29T07:45:00+00:00,1.23690,1.23776,1.23676,1.23776,1594
2026-05-29T08:00:00+00:00,1.23776,1.23898,1.23776,1.23898,2114
2026-05-29T08:15:00+00:00,1.23898,1.23906,1.23891,1.23906,1531
2026-05-29T08:30:00+00:00,1.23906,1.23906,1.23866,1.23866,1156
2026-05-29T08:45:00+00:00,1.23866,1.23869,1.23841,1.23866,1746
2026-05-29T09:00:00+00:00,1.23866,1.23903,1.23866,1.23895,1435
2026-05-29T09:15:00+00:00,1.23895,1.23895,1.23858,1.23865,1016
2026-05-29T09:30:00+00:00,1.23865,1.23865,1.23844,1.23857,1484
2026-05-29T09:45:00+00:00,1.23857,1.23857,1.23842,1.23851,1440
2026-05-29T10:00:00+00:00,1.23851,1.23890,1.23851,1.23890,1730
2026-05-29T10:15:00+00:00,1.23890,1.23910,1.23890,1.23896,1405
2026-05-29T10:30:00+00:00,1.23896,1.23896,1.23880,1.23890,1870
2026-05-29T10:45:00+00:00,1.23890,1.23890,1.23849,1.23849,1922
2026-05-29T11:00:00+00:00,1.23849,1.23869,1.23828,1.23828,1673
2026-05-29T11:15:00+00:00,1.23828,1.23855,1.23828,1.23844,1046
2026-05-29T11:30:00+00:00,1.23844,1.23844,1.23808,1.23808,2458
2026-05-29T11:45:00+00:00,1.23808,1.23808,1.23774,1.23774,1826
2026-05-29T12:00:00+00:00,1.23774,1.23796,1.23774,1.23776,1392
2026-05-29T12:15:00+00:00,1.23776,1.23776,1.23718,1.23740,1444
2026-05-29T12:30:00+00:00,1.23740,1.23750,1.23714,1.23750,1906
2026-05-29T12:45:00+00:00,1.23750,1.23817,1.23750,1.23772,2387
2026-05-29T13:00:00+00:00,1.23772,1.23841,1.23758,1.23796,2783
2026-05-29T13:15:00+00:00,1.23796,1.23855,1.23748,1.23748,1792
2026-05-29T13:30:00+00:00,1.23748,1.23776,1.23739,1.23761,1876
2026-05-29T13:45:00+00:00,1.23761,1.23763,1.23665,1.23707,1696
2026-05-29T14:00:00+00:00,1.23707,1.23707,1.23648,1.23661,1815
2026-05-29T14:15:00+00:00,1.23661,1.23737,1.23661,1.23703,1725
2026-05-29T14:30:00+00:00,1.23703,1.23703,1.23623,1.23623,1471
2026-05-29T14:45:00+00:00,1.23623,1.23650,1.23623,1.23636,1710
2026-05-29T15:00:00+00:00,1.23636,1.23636,1.23614,1.23628,1432
2026-05-29T15:15:00+00:00,1.23628,1.23628,1.23569,1.23569,997
2026-05-29T15:30:00+00:00,1.23569,1.23572,1.23552,1.23557,2683
2026-05-29T15:45:00+00:00,1.23557,1.23571,1.23548,1.23567,1601
2026-05-29T16:00:00+00:00,1.23567,1.23598,1.23567,1.23598,1045
2026-05-29T16:15:00+00:00,1.23598,1.23601,1.23588,1.23588,1323
2026-05-29T16:30:00+00:00,1.23588,1.23604,1.23588,1.23602,1752
2026-05-29T16:45:00+00:00,1.23602,1.23624,1.23597,1.23597,1689
2026-05-29T17:00:00+00:00,1.23597,1.23597,1.23558,1.23558,1460
2026-05-29T17:15:00+00:00,1.23558,1.23563,1.23540,1.23563,1942
2026-05-29T17:30:00+00:00,1.23563,1.23563,1.23517,1.23517,1521
2026-05-29T17:45:00+00:00,1.23517,1.23517,1.23473,1.23477,2457
2026-05-29T18:00:00+00:00,1.23477,1.23481,1.23465,1.23465,1550
2026-05-29T18:15:00+00:00,1.23465,1.23498,1.23461,1.23498,1500
2026-05-29T18:30:00+00:00,1.23498,1.23523,1.23498,1.23522,1403
2026-05-29T18:45:00+00:00,1.23522,1.23529,1.23508,1.23529,1400
2026-05-29T19:00:00+00:00,1.23529,1.23529,1.23489,1.23490,2101
2026-05-29T19:15:00+00:00,1.23490,1.23524,1.23490,1.23524,2208
2026-05-29T19:30:00+00:00,1.23524,1.23524,1.23489,1.23489,2210
2026-05-29T19:45:00+00:00,1.23489,1.23512,1.23489,1.23512,911
2026-05-29T20:00:00+00:00,1.23512,1.23512,1.23472,1.23472,1958
2026-05-29T20:15:00+00:00,1.23472,1.23484,1.23463,1.23463,1877
2026-05-29T20:30:00+00:00,1.23463,1.23482,1.23463,1.23469,1057
2026-05-29T20:45:00+00:00,1.23469,1.23469,1.23431,1.23431,1936
2026-05-29T21:00:00+00:00,1.23431,1.23432,1.23394,1.23394,1428
2026-05-29T21:15:00+00:00,1.23394,1.23403,1.23382,1.23400,1332
2026-05-29T21:30:00+00:00,1.23400,1.23412,1.23389,1.23389,966
2026-05-29T21:45:00+00:00,1.23389,1.23411,1.23389,1.23411,1425
2026-05-29T22:00:00+00:00,1.23411,1.23411,1.23369,1.23373,1388
2026-05-29T22:15:00+00:00,1.23373,1.23403,1.23365,1.23403,1997
2026-05-29T22:30:00+00:00,1.23403,1.23432,1.23403,1.23432,1794
2026-05-29T22:45:00+00:00,1.23432,1.23448,1.23411,1.23411,1706
2026-05-29T23:00:00+00:00,1.23411,1.23438,1.23411,1.23438,1690
2026-05-29T23:15:00+00:00,1.23438,1.23438,1.23409,1.23409,307
2026-05-29T23:30:00+00:00,1.23409,1.23435,1.23409,1.23412,1828
2026-05-29T23:45:00+00:00,1.23412,1.23422,1.23412,1.23414,1511
2026-06-01T00:00:00+00:00,1.23414,1.23448,1.23412,1.23412,1412
2026-06-01T00:15:00+00:00,1.23412,1.23412,1.23367,1.23372,1315
2026-06-01T00:30:00+00:00,1.23372,1.23396,1.23346,1.23358,2086
2026-06-01T00:45:00+00:00,1.23358,1.23358,1.23329,1.23335,2759
2026-06-01T01:00:00+00:00,1.23335,1.23335,1.23285,1.23291,1389
2026-06-01T01:15:00+00:00,1.23291,1.23298,1.23273,1.23282,1303
2026-06-01T01:30:00+00:00,1.23282,1.23309,1.23281,1.23309,1594
2026-06-01T01:45:00+00:00,1.23309,1.23321,1.23271,1.23271,1911
2026-06-01T02:00:00+00:00,1.23271,1.23271,1.23242,1.23242,1763
2026-06-01T02:15:00+00:00,1.23242,1.23268,1.23240,1.23262,1842
2026-06-01T02:30:00+00:00,1.23262,1.23278,1.23254,1.23266,1192
2026-06-01T02:45:00+00:00,1.23266,1.23266,1.23186,1.23186,943
2026-06-01T03:00:00+00:00,1.23186,1.23212,1.23160,1.23212,2949
2026-06-01T03:15:00+00:00,1.23212,1.23219,1.23169,1.23169,2123
2026-06-01T03:30:00+00:00,1.23169,1.23181,1.23169,1.23176,1896
2026-06-01T03:45:00+00:00,1.23176,1.23185,1.23148,1.23148,1315
2026-06-01T04:00:00+00:00,1.23148,1.23148,1.23125,1.23139,638
2026-06-01T04:15:00+00:00,1.23139,1.23156,1.23139,1.23156,2210
2026-06-01T04:30:00+00:00,1.23156,1.23162,1.23152,1.23155,1284
2026-06-01T04:45:00+00:00,1.23155,1.23165,1.23147,1.23159,2012
2026-06-01T05:00:00+00:00,1.23159,1.23162,1.23117,1.23117,1424
2026-06-01T05:15:00+00:00,1.23117,1.23124,1.23103,1.23120,1933
2026-06-01T05:30:00+00:00,1.23120,1.23134,1.23107,1.23134,1286
2026-06-01T05:45:00+00:00,1.23134,1.23137,1.23093,1.23093,1633
2026-06-01T06:00:00+00:00,1.23093,1.23116,1.23074,1.23107,1966
2026-06-01T06:15:00+00:00,1.23107,1.23121,1.23068,1.23068,2509
2026-06-01T06:30:00+00:00,1.23068,1.23177,1.23066,1.23066,1921
2026-06-01T06:45:00+00:00,1.23066,1.23176,1.23059,1.23176,1869
2026-06-01T07:00:00+00:00,1.23176,1.23183,1.23118,1.23118,1318
2026-06-01T07:15:00+00:00,1.23118,1.23134,1.23022,1.23100,2761
2026-06-01T07:30:00+00:00,1.23100,1.23212,1.23100,1.23197,2046
2026-06-01T07:45:00+00:00,1.23197,1.23219,1.23127,1.23161,1844
2026-06-01T08:00:00+00:00,1.23161,1.23266,1.23161,1.23232,2786
2026-06-01T08:15:00+00:00,1.23232,1.23243,1.23179,1.23243,1957
2026-06-01T08:30:00+00:00,1.23243,1.23243,1.23180,1.23226,2070
2026-06-01T08:45:00+00:00,1.23226,1.23239,1.23223,1.23235,1530
2026-06-01T09:00:00+00:00,1.23235,1.23247,1.23225,1.23242,1673
2026-06-01T09:15:00+00:00,1.23242,1.23251,1.23223,1.23239,1523
2026-06-01T09:30:00+00:00,1.23239,1.23281,1.23239,1.23273,1500
2026-06-01T09:45:00+00:00,1.23273,1.23280,1.23261,1.23280,1297
2026-06-01T10:00:00+00:00,1.23280,1.23314,1.23280,1.23302,2283
2026-06-01T10:15:00+00:00,1.23302,1.23323,1.23290,1.23323,2495
2026-06-01T10:30:00+00:00,1.23323,1.23347,1.23323,1.23347,1675
2026-06-01T10:45:00+00:00,1.23347,1.23354,1.23323,1.23323,1873
2026-06-01T11:00:00+00:00,1.23323,1.23359,1.23323,1.23351,1763
2026-06-01T11:15:00+00:00,1.23351,1.23351,1.23333,1.23343,1776
2026-06-01T11:30:00+00:00,1.23343,1.23349,1.23317,1.23322,1691
2026-06-01T11:45:00+00:00,1.23322,1.23330,1.23315,1.23324,1016
2026-06-01T12:00:00+00:00,1.23324,1.23369,1.23324,1.23338,1930
2026-06-01T12:15:00+00:00,1.23338,1.23396,1.23338,1.23354,2550
2026-06-01T12:30:00+00:00,1.23354,1.23391,1.23337,1.23391,2120
2026-06-01T12:45:00+00:00,1.23391,1.23472,1.23390,1.23435,2090
2026-06-01T13:00:00+00:00,1.23435,1.23523,1.23435,1.23496,1027
2026-06-01T13:15:00+00:00,1.23496,1.23600,1.23496,1.23573,1355
2026-06-01T13:30:00+00:00,1.23573,1.23734,1.23573,1.23734,1879
2026-06-01T13:45:00+00:00,1.23734,1.23970,1.23734,1.23932,1724
2026-06-01T14:00:00+00:00,1.23932,1.23932,1.23840,1.23876,2440
2026-06-01T14:15:00+00:00,1.23876,1.23880,1.23812,1.23812,1815
2026-06-01T14:30:00+00:00,1.23812,1.23822,1.23721,1.23742,2240
2026-06-01T14:45:00+00:00,1.23742,1.23742,1.23671,1.23699,2221
2026-06-01T15:00:00+00:00,1.23699,1.23716,1.23660,1.23660,1704
2026-06-01T15:15:00+00:00,1.23660,1.23665,1.23643,1.23665,2620
2026-06-01T15:30:00+00:00,1.23665,1.23697,1.23665,1.23693,1983
2026-06-01T15:45:00+00:00,1.23693,1.23721,1.23689,1.23721,2147
2026-06-01T16:00:00+00:00,1.23721,1.23768,1.23721,1.23768,2753
2026-06-01T16:15:00+00:00,1.23768,1.23776,1.23762,1.23768,849
2026-06-01T16:30:00+00:00,1.23768,1.23770,1.23748,1.23748,1719
2026-06-01T16:45:00+00:00,1.23748,1.23769,1.23748,1.23769,1810
2026-06-01T17:00:00+00:00,1.23769,1.23774,1.23719,1.23719,542
2026-06-01T17:15:00+00:00,1.23719,1.23734,1.23719,1.23730,1367
2026-06-01T17:30:00+00:00,1.23730,1.23761,1.23730,1.23739,1485
2026-06-01T17:45:00+00:00,1.23739,1.23753,1.23701,1.23701,1132
2026-06-01T18:00:00+00:00,1.23701,1.23701,1.23676,1.23676,1776
2026-06-01T18:15:00+00:00,1.23676,1.23712,1.23676,1.23703,2035
2026-06-01T18:30:00+00:00,1.23703,1.23703,1.23643,1.23650,1244
2026-06-01T18:45:00+00:00,1.23650,1.23660,1.23640,1.23640,1482
2026-06-01T19:00:00+00:00,1.23640,1.23646,1.23622,1.23633,817
2026-06-01T19:15:00+00:00,1.23633,1.23645,1.23622,1.23645,1120
2026-06-01T19:30:00+00:00,1.23645,1.23654,1.23618,1.23621,2059
2026-06-01T19:45:00+00:00,1.23621,1.23634,1.23605,1.23605,2153
2026-06-01T20:00:00+00:00,1.23605,1.23645,1.23605,1.23630,894
2026-06-01T20:15:00+00:00,1.23630,1.23649,1.23630,1.23636,957
2026-06-01T20:30:00+00:00,1.23636,1.23672,1.23636,1.23672,1333
2026-06-01T20:45:00+00:00,1.23672,1.23676,1.23656,1.23656,1287
2026-06-01T21:00:00+00:00,1.23656,1.23676,1.23655,1.23676,1829
2026-06-01T21:15:00+00:00,1.23676,1.23697,1.23668,1.23668,674
2026-06-01T21:30:00+00:00,1.23668,1.23687,1.23658,1.23687,1441
2026-06-01T21:45:00+00:00,1.23687,1.23692,1.23683,1.23689,1614
2026-06-01T22:00:00+00:00,1.23689,1.23725,1.23689,1.23715,1565
2026-06-01T22:15:00+00:00,1.23715,1.23715,1.23690,1.23699,1695
2026-06-01T22:30:00+00:00,1.23699,1.23718,1.23686,1.23718,1467
2026-06-01T22:45:00+00:00,1.23718,1.23745,1.23718,1.23745,2118
2026-06-01T23:00:00+00:00,1.23745,1.23753,1.23739,1.23739,1879
2026-06-01T23:15:00+00:00,1.23739,1.23739,1.23711,1.23711,1322
2026-06-01T23:30:00+00:00,1.23711,1.23711,1.23684,1.23684,1291
2026-06-01T23:45:00+00:00,1.23684,1.23698,1.23684,1.23697,824
2026-06-02T00:00:00+00:00,1.23697,1.23715,1.23686,1.23707,2053
2026-06-02T00:15:00+00:00,1.23707,1.23707,1.23700,1.23700,930
2026-06-02T00:30:00+00:00,1.23700,1.23750,1.23700,1.23745,1150
2026-06-02T00:45:00+00:00,1.23745,1.23745,1.23659,1.23659,1429
2026-06-02T01:00:00+00:00,1.23659,1.23714,1.23659,1.23714,1739
2026-06-02T01:15:00+00:00,1.23714,1.23714,1.23669,1.23669,1176
2026-06-02T01:30:00+00:00,1.23669,1.23677,1.23641,1.23650,580
2026-06-02T01:45:00+00:00,1.23650,1.23664,1.23624,1.23646,2076
2026-06-02T02:00:00+00:00,1.23646,1.23711,1.23646,1.23711,1495
2026-06-02T02:15:00+00:00,1.23711,1.23738,1.23686,1.23686,2442
2026-06-02T02:30:00+00:00,1.23686,1.23738,1.23686,1.23738,841
2026-06-02T02:45:00+00:00,1.23738,1.23771,1.23728,1.23771,545
2026-06-02T03:00:00+00:00,1.23771,1.23782,1.23753,1.23782,1321
2026-06-02T03:15:00+00:00,1.23782,1.23815,1.23782,1.23792,1775
2026-06-02T03:30:00+00:00,1.23792,1.23859,1.23792,1.23859,2249
2026-06-02T03:45:00+00:00,1.23859,1.23872,1.23847,1.23872,1090
2026-06-02T04:00:00+00:00,1.23872,1.23888,1.23868,1.23887,1750
2026-06-02T04:15:00+00:00,1.23887,1.23891,1.23882,1.23891,1121
2026-06-02T04:30:00+00:00,1.23891,1.23904,1.23889,1.23894,2195
2026-06-02T04:45:00+00:00,1.23894,1.23899,1.23883,1.23883,1364
2026-06-02T05:00:00+00:00,1.23883,1.23883,1.23828,1.23828,1465
2026-06-02T05:15:00+00:00,1.23828,1.23843,1.23805,1.23833,2389
2026-06-02T05:30:00+00:00,1.23833,1.23833,1.23771,1.23771,2106
2026-06-02T05:45:00+00:00,1.23771,1.23807,1.23753,1.23753,2054
2026-06-02T06:00:00+00:00,1.23753,1.23753,1.23683,1.23695,2224
2026-06-02T06:15:00+00:00,1.23695,1.23741,1.23695,1.23699,1637
2026-06-02T06:30:00+00:00,1.23699,1.23802,1.23699,1.23802,1672
2026-06-02T06:45:00+00:00,1.23802,1.23893,1.23802,1.23861,1087
2026-06-02T07:00:00+00:00,1.23861,1.23861,1.23735,1.23811,2754
2026-06-02T07:15:00+00:00,1.23811,1.23896,1.23805,1.23836,1519
2026-06-02T07:30:00+00:00,1.23836,1.23836,1.23671,1.23671,2236
2026-06-02T07:45:00+00:00,1.23671,1.23671,1.23581,1.23588,2356
2026-06-02T08:00:00+00:00,1.23588,1.23634,1.23588,1.23621,1707
2026-06-02T08:15:00+00:00,1.23621,1.23647,1.23586,1.23620,1526
2026-06-02T08:30:00+00:00,1.23620,1.23647,1.23602,1.23647,1657
2026-06-02T08:45:00+00:00,1.23647,1.23673,1.23634,1.23673,1464
2026-06-02T09:00:00+00:00,1.23673,1.23684,1.23625,1.23684,1891
2026-06-02T09:15:00+00:00,1.23684,1.23684,1.23671,1.23671,564
2026-06-02T09:30:00+00:00,1.23671,1.23671,1.23615,1.23627,1802
2026-06-02T09:45:00+00:00,1.23627,1.23629,1.23585,1.23585,1542
2026-06-02T10:00:00+00:00,1.23585,1.23585,1.23559,1.23566,1205
2026-06-02T10:15:00+00:00,1.23566,1.23572,1.23557,1.23560,1113
2026-06-02T10:30:00+00:00,1.23560,1.23576,1.23560,1.23576,1348
2026-06-02T10:45:00+00:00,1.23576,1.23576,1.23523,1.23523,2173
2026-06-02T11:00:00+00:00,1.23523,1.23525,1.23502,1.23525,1158
2026-06-02T11:15:00+00:00,1.23525,1.23546,1.23523,1.23540,1500
2026-06-02T11:30:00+00:00,1.23540,1.23540,1.23511,1.23520,393
2026-06-02T11:45:00+00:00,1.23520,1.23520,1.23489,1.23498,2168
2026-06-02T12:00:00+00:00,1.23498,1.23503,1.23479,1.23502,1787
2026-06-02T12:15:00+00:00,1.23502,1.23532,1.23478,1.23497,1694
2026-06-02T12:30:00+00:00,1.23497,1.23517,1.23450,1.23450,2202
2026-06-02T12:45:00+00:00,1.23450,1.23588,1.23450,1.23558,1466
2026-06-02T13:00:00+00:00,1.23558,1.23621,1.23502,1.23621,1826
2026-06-02T13:15:00+00:00,1.23621,1.23675,1.23621,1.23675,1565
2026-06-02T13:30:00+00:00,1.23675,1.23734,1.23551,1.23551,1941
2026-06-02T13:45:00+00:00,1.23551,1.23601,1.23551,1.23601,2128
2026-06-02T14:00:00+00:00,1.23601,1.23639,1.23575,1.23639,2537
2026-06-02T14:15:00+00:00,1.23639,1.23652,1.23627,1.23634,1987
2026-06-02T14:30:00+00:00,1.23634,1.23696,1.23619,1.23696,2399
2026-06-02T14:45:00+00:00,1.23696,1.23763,1.23696,1.23748,1821
2026-06-02T15:00:00+00:00,1.23748,1.23748,1.23672,1.23672,602
2026-06-02T15:15:00+00:00,1.23672,1.23676,1.23638,1.23638,1656
2026-06-02T15:30:00+00:00,1.23638,1.23662,1.23606,1.23632,1709
2026-06-02T15:45:00+00:00,1.23632,1.23639,1.23623,1.23623,1792
2026-06-02T16:00:00+00:00,1.23623,1.23646,1.23623,1.23637,1978
2026-06-02T16:15:00+00:00,1.23637,1.23681,1.23636,1.23681,1350
2026-06-02T16:30:00+00:00,1.23681,1.23687,1.23673,1.23673,825
2026-06-02T16:45:00+00:00,1.23673,1.23689,1.23654,1.23685,1669
2026-06-02T17:00:00+00:00,1.23685,1.23692,1.23679,1.23682,1671
2026-06-02T17:15:00+00:00,1.23682,1.23701,1.23682,1.23701,1738
2026-06-02T17:30:00+00:00,1.23701,1.23731,1.23701,1.23707,1746
2026-06-02T17:45:00+00:00,1.23707,1.23755,1.23707,1.23755,649
2026-06-02T18:00:00+00:00,1.23755,1.23769,1.23755,1.23767,2166
2026-06-02T18:15:00+00:00,1.23767,1.23779,1.23754,1.23754,786
2026-06-02T18:30:00+00:00,1.23754,1.23779,1.23754,1.23776,1536
2026-06-02T18:45:00+00:00,1.23776,1.23780,1.23737,1.23737,1575
2026-06-02T19:00:00+00:00,1.23737,1.23751,1.23737,1.23751,1438
2026-06-02T19:15:00+00:00,1.23751,1.23751,1.23728,1.23733,1360
2026-06-02T19:30:00+00:00,1.23733,1.23733,1.23695,1.23704,2133
2026-06-02T19:45:00+00:00,1.23704,1.23717,1.23699,1.23699,738
2026-06-02T20:00:00+00:00,1.23699,1.23699,1.23675,1.23682,1266
2026-06-02T20:15:00+00:00,1.23682,1.23682,1.23656,1.23656,857
2026-06-02T20:30:00+00:00,1.23656,1.23656,1.23638,1.23654,1738
2026-06-02T20:45:00+00:00,1.23654,1.23681,1.23654,1.23678,1394
2026-06-02T21:00:00+00:00,1.23678,1.23679,1.23670,1.23679,1432
2026-06-02T21:15:00+00:00,1.23679,1.23679,1.23658,1.23658,1714
2026-06-02T21:30:00+00:00,1.23658,1.23680,1.23658,1.23669,1401
2026-06-02T21:45:00+00:00,1.23669,1.23685,1.23669,1.23678,762
2026-06-02T22:00:00+00:00,1.23678,1.23678,1.23643,1.23643,2276
2026-06-02T22:15:00+00:00,1.23643,1.23650,1.23605,1.23612,1684
2026-06-02T22:30:00+00:00,1.23612,1.23615,1.23605,1.23605,977
2026-06-02T22:45:00+00:00,1.23605,1.23618,1.23582,1.23582,1069
2026-06-02T23:00:00+00:00,1.23582,1.23601,1.23582,1.23601,2295
2026-06-02T23:15:00+00:00,1.23601,1.23601,1.23562,1.23562,1900
2026-06-02T23:30:00+00:00,1.23562,1.23575,1.23560,1.23571,1022
2026-06-02T23:45:00+00:00,1.23571,1.23593,1.23571,1.23583,1826
2026-06-03T00:00:00+00:00,1.23583,1.23597,1.23579,1.23597,2454
2026-06-03T00:15:00+00:00,1.23597,1.23605,1.23578,1.23600,1083
2026-06-03T00:30:00+00:00,1.23600,1.23631,1.23600,1.23615,1221
2026-06-03T00:45:00+00:00,1.23615,1.23675,1.23615,1.23672,1511
2026-06-03T01:00:00+00:00,1.23672,1.23672,1.23621,1.23621,2407
2026-06-03T01:15:00+00:00,1.23621,1.23645,1.23587,1.23587,1822
2026-06-03T01:30:00+00:00,1.23587,1.23619,1.23563,1.23563,2625
2026-06-03T01:45:00+00:00,1.23563,1.23602,1.23563,1.23602,1851
2026-06-03T02:00:00+00:00,1.23602,1.23615,1.23592,1.23599,1987
2026-06-03T02:15:00+00:00,1.23599,1.23624,1.23599,1.23624,2325
2026-06-03T02:30:00+00:00,1.23624,1.23680,1.23624,1.23660,2226
2026-06-03T02:45:00+00:00,1.23660,1.23660,1.23626,1.23626,1426
2026-06-03T03:00:00+00:00,1.23626,1.23654,1.23626,1.23654,1641
2026-06-03T03:15:00+00:00,1.23654,1.23689,1.23654,1.23689,1914
2026-06-03T03:30:00+00:00,1.23689,1.23706,1.23662,1.23662,893
2026-06-03T03:45:00+00:00,1.23662,1.23704,1.23662,1.23698,1970
2026-06-03T04:00:00+00:00,1.23698,1.23721,1.23698,1.23698,1732
2026-06-03T04:15:00+00:00,1.23698,1.23698,1.23665,1.23665,1570
2026-06-03T04:30:00+00:00,1.23665,1.23684,1.23665,1.23680,1996
2026-06-03T04:45:00+00:00,1.23680,1.23682,1.23655,1.23656,791
2026-06-03T05:00:00+00:00,1.23656,1.23671,1.23643,1.23643,1319
2026-06-03T05:15:00+00:00,1.23643,1.23682,1.23643,1.23682,1846
2026-06-03T05:30:00+00:00,1.23682,1.23717,1.23657,1.23717,1247
2026-06-03T05:45:00+00:00,1.23717,1.23775,1.23717,1.23764,1691
2026-06-03T06:00:00+00:00,1.23764,1.23801,1.23745,1.23801,1761
2026-06-03T06:15:00+00:00,1.23801,1.23863,1.23785,1.23805,1825
2026-06-03T06:30:00+00:00,1.23805,1.23805,1.23766,1.23796,2028
2026-06-03T06:45:00+00:00,1.23796,1.23796,1.23673,1.23688,1655
2026-06-03T07:00:00+00:00,1.23688,1.23959,1.23688,1.23959,1194
2026-06-03T07:15:00+00:00,1.23959,1.24007,1.23925,1.24007,1560
2026-06-03T07:30:00+00:00,1.24007,1.24090,1.23966,1.23966,1437
2026-06-03T07:45:00+00:00,1.23966,1.23968,1.23854,1.23854,1187
2026-06-03T08:00:00+00:00,1.23854,1.23854,1.23784,1.23790,1451
2026-06-03T08:15:00+00:00,1.23790,1.23790,1.23704,1.23756,2178
2026-06-03T08:30:00+00:00,1.23756,1.23773,1.23756,1.23764,1765
2026-06-03T08:45:00+00:00,1.23764,1.23764,1.23736,1.23758,1866
2026-06-03T09:00:00+00:00,1.23758,1.23767,1.23727,1.23727,1828
2026-06-03T09:15:00+00:00,1.23727,1.23743,1.23716,1.23723,2164
2026-06-03T09:30:00+00:00,1.23723,1.23723,1.23707,1.23714,1919
2026-06-03T09:45:00+00:00,1.23714,1.23720,1.23706,1.23714,1230
2026-06-03T10:00:00+00:00,1.23714,1.23718,1.23711,1.23714,1253
2026-06-03T10:15:00+00:00,1.23714,1.23714,1.23705,1.23714,1526
2026-06-03T10:30:00+00:00,1.23714,1.23723,1.23696,1.23696,1507
2026-06-03T10:45:00+00:00,1.23696,1.23734,1.23696,1.23734,2902
2026-06-03T11:00:00+00:00,1.23734,1.23748,1.23726,1.23726,1856
2026-06-03T11:15:00+00:00,1.23726,1.23747,1.23726,1.23745,1172
2026-06-03T11:30:00+00:00,1.23745,1.23757,1.23732,1.23747,2020
2026-06-03T11:45:00+00:00,1.23747,1.23748,1.23706,1.23716,2273
2026-06-03T12:00:00+00:00,1.23716,1.23716,1.23613,1.23613,1763
2026-06-03T12:15:00+00:00,1.23613,1.23637,1.23599,1.23634,1747
2026-06-03T12:30:00+00:00,1.23634,1.23641,1.23556,1.23556,2132
2026-06-03T12:45:00+00:00,1.23556,1.23586,1.23544,1.23578,1648
2026-06-03T13:00:00+00:00,1.23578,1.23655,1.23578,1.23655,1729
2026-06-03T13:15:00+00:00,1.23655,1.23655,1.23528,1.23528,1560
2026-06-03T13:30:00+00:00,1.23528,1.23558,1.23424,1.23424,2071
2026-06-03T13:45:00+00:00,1.23424,1.23498,1.23424,1.23476,1872
2026-06-03T14:00:00+00:00,1.23476,1.23476,1.23449,1.23449,1684
2026-06-03T14:15:00+00:00,1.23449,1.23504,1.23445,1.23451,1902
2026-06-03T14:30:00+00:00,1.23451,1.23451,1.23386,1.23386,1870
2026-06-03T14:45:00+00:00,1.23386,1.23405,1.23374,1.23374,1398
2026-06-03T15:00:00+00:00,1.23374,1.23425,1.23364,1.23364,2189
2026-06-03T15:15:00+00:00,1.23364,1.23422,1.23364,1.23413,1873
2026-06-03T15:30:00+00:00,1.23413,1.23415,1.23387,1.23387,1801
2026-06-03T15:45:00+00:00,1.23387,1.23426,1.23387,1.23412,415
2026-06-03T16:00:00+00:00,1.23412,1.23425,1.23407,1.23410,1458
2026-06-03T16:15:00+00:00,1.23410,1.23429,1.23405,1.23429,2094
2026-06-03T16:30:00+00:00,1.23429,1.23439,1.23421,1.23439,829
2026-06-03T16:45:00+00:00,1.23439,1.23450,1.23419,1.23450,2425
2026-06-03T17:00:00+00:00,1.23450,1.23455,1.23444,1.23444,901
2026-06-03T17:15:00+00:00,1.23444,1.23461,1.23444,1.23459,1840
2026-06-03T17:30:00+00:00,1.23459,1.23470,1.23450,1.23461,1639
2026-06-03T17:45:00+00:00,1.23461,1.23461,1.23436,1.23446,1468
2026-06-03T18:00:00+00:00,1.23446,1.23469,1.23446,1.23461,1537
2026-06-03T18:15:00+00:00,1.23461,1.23471,1.23429,1.23429,1812
2026-06-03T18:30:00+00:00,1.23429,1.23429,1.23402,1.23402,1616
2026-06-03T18:45:00+00:00,1.23402,1.23407,1.23386,1.23386,1515
2026-06-03T19:00:00+00:00,1.23386,1.23401,1.23369,1.23401,1510
2026-06-03T19:15:00+00:00,1.23401,1.23403,1.23389,1.23389,1855
2026-06-03T19:30:00+00:00,1.23389,1.23397,1.23389,1.23390,515
2026-06-03T19:45:00+00:00,1.23390,1.23390,1.23361,1.23361,999
2026-06-03T20:00:00+00:00,1.23361,1.23361,1.23341,1.23341,1156
2026-06-03T20:15:00+00:00,1.23341,1.23354,1.23337,1.23354,2034
2026-06-03T20:30:00+00:00,1.23354,1.23354,1.23307,1.23307,1258
2026-06-03T20:45:00+00:00,1.23307,1.23307,1.23292,1.23292,1045
2026-06-03T21:00:00+00:00,1.23292,1.23292,1.23261,1.23263,1057
2026-06-03T21:15:00+00:00,1.23263,1.23263,1.23225,1.23225,992
2026-06-03T21:30:00+00:00,1.23225,1.23225,1.23198,1.23202,1056
2026-06-03T21:45:00+00:00,1.23202,1.23211,1.23196,1.23196,1414
2026-06-03T22:00:00+00:00,1.23196,1.23196,1.23180,1.23189,1692
2026-06-03T22:15:00+00:00,1.23189,1.23198,1.23177,1.23198,1023
2026-06-03T22:30:00+00:00,1.23198,1.23198,1.23167,1.23167,494
2026-06-03T22:45:00+00:00,1.23167,1.23183,1.23156,1.23171,1336
2026-06-03T23:00:00+00:00,1.23171,1.23211,1.23171,1.23211,995
2026-06-03T23:15:00+00:00,1.23211,1.23218,1.23199,1.23199,1871
2026-06-03T23:30:00+00:00,1.23199,1.23199,1.23143,1.23143,2563
2026-06-03T23:45:00+00:00,1.23143,1.23149,1.23143,1.23148,2032
2026-06-04T00:00:00+00:00,1.23148,1.23193,1.23143,1.23193,1350
2026-06-04T00:15:00+00:00,1.23193,1.23215,1.23161,1.23161,1974
2026-06-04T00:30:00+00:00,1.23161,1.23209,1.23157,1.23194,1484
2026-06-04T00:45:00+00:00,1.23194,1.23204,1.23176,1.23178,1456
2026-06-04T01:00:00+00:00,1.23178,1.23193,1.23142,1.23193,1528
2026-06-04T01:15:00+00:00,1.23193,1.23204,1.23167,1.23191,1839
2026-06-04T01:30:00+00:00,1.23191,1.23191,1.23118,1.23118,1543
2026-06-04T01:45:00+00:00,1.23118,1.23152,1.23110,1.23110,1275
2026-06-04T02:00:00+00:00,1.23110,1.23154,1.23098,1.23146,2154
2026-06-04T02:15:00+00:00,1.23146,1.23155,1.23121,1.23121,1211
2026-06-04T02:30:00+00:00,1.23121,1.23135,1.23104,1.23135,1214
2026-06-04T02:45:00+00:00,1.23135,1.23135,1.23073,1.23073,1207
2026-06-04T03:00:00+00:00,1.23073,1.23075,1.23069,1.23070,315
2026-06-04T03:15:00+00:00,1.23070,1.23070,1.23023,1.23029,2177
2026-06-04T03:30:00+00:00,1.23029,1.23030,1.23012,1.23012,1873
2026-06-04T03:45:00+00:00,1.23012,1.23012,1.22977,1.22989,1198
2026-06-04T04:00:00+00:00,1.22989,1.22989,1.22966,1.22978,1364
2026-06-04T04:15:00+00:00,1.22978,1.22983,1.22949,1.22957,1681
2026-06-04T04:30:00+00:00,1.22957,1.22972,1.22957,1.22972,1836
2026-06-04T04:45:00+00:00,1.22972,1.23006,1.22964,1.23006,1508
2026-06-04T05:00:00+00:00,1.23006,1.23006,1.22998,1.22999,980
2026-06-04T05:15:00+00:00,1.22999,1.23028,1.22999,1.23028,1771
2026-06-04T05:30:00+00:00,1.23028,1.23028,1.23006,1.23006,1289
2026-06-04T05:45:00+00:00,1.23006,1.23012,1.22997,1.23000,2111
2026-06-04T06:00:00+00:00,1.23000,1.23093,1.23000,1.23093,1764
2026-06-04T06:15:00+00:00,1.23093,1.23150,1.23060,1.23060,2291
2026-06-04T06:30:00+00:00,1.23060,1.23179,1.23060,1.23178,1150
2026-06-04T06:45:00+00:00,1.23178,1.23196,1.23150,1.23180,1284
2026-06-04T07:00:00+00:00,1.23180,1.23180,1.23110,1.23169,2135
2026-06-04T07:15:00+00:00,1.23169,1.23287,1.23169,1.23244,1895
2026-06-04T07:30:00+00:00,1.23244,1.23329,1.23244,1.23306,2227
2026-06-04T07:45:00+00:00,1.23306,1.23306,1.23204,1.23254,2154
2026-06-04T08:00:00+00:00,1.23254,1.23257,1.23188,1.23257,2449
2026-06-04T08:15:00+00:00,1.23257,1.23300,1.23257,1.23293,1528
2026-06-04T08:30:00+00:00,1.23293,1.23351,1.23293,1.23336,1664
2026-06-04T08:45:00+00:00,1.23336,1.23336,1.23282,1.23282,1949
2026-06-04T09:00:00+00:00,1.23282,1.23310,1.23279,1.23310,1567
2026-06-04T09:15:00+00:00,1.23310,1.23311,1.23289,1.23289,1632
2026-06-04T09:30:00+00:00,1.23289,1.23293,1.23271,1.23293,3042
2026-06-04T09:45:00+00:00,1.23293,1.23293,1.23229,1.23229,1664
2026-06-04T10:00:00+00:00,1.23229,1.23237,1.23226,1.23226,1754
2026-06-04T10:15:00+00:00,1.23226,1.23245,1.23212,1.23245,1450
2026-06-04T10:30:00+00:00,1.23245,1.23276,1.23245,1.23261,703
2026-06-04T10:45:00+00:00,1.23261,1.23295,1.23255,1.23281,1800
2026-06-04T11:00:00+00:00,1.23281,1.23285,1.23242,1.23250,1889
2026-06-04T11:15:00+00:00,1.23250,1.23311,1.23250,1.23311,1135
2026-06-04T11:30:00+00:00,1.23311,1.23334,1.23311,1.23333,1926
2026-06-04T11:45:00+00:00,1.23333,1.23338,1.23287,1.23338,2057
2026-06-04T12:00:00+00:00,1.23338,1.23401,1.23338,1.23374,1590
2026-06-04T12:15:00+00:00,1.23374,1.23383,1.23347,1.23365,1764
2026-06-04T12:30:00+00:00,1.23365,1.23365,1.23319,1.23337,1956
2026-06-04T12:45:00+00:00,1.23337,1.23337,1.23288,1.23320,1204
2026-06-04T13:00:00+00:00,1.23320,1.23359,1.23280,1.23359,1621
2026-06-04T13:15:00+00:00,1.23359,1.23359,1.23214,1.23214,2140
2026-06-04T13:30:00+00:00,1.23214,1.23214,1.23030,1.23064,1886
2026-06-04T13:45:00+00:00,1.23064,1.23064,1.22949,1.22949,2722
2026-06-04T14:00:00+00:00,1.22949,1.22949,1.22890,1.22919,881
2026-06-04T14:15:00+00:00,1.22919,1.22940,1.22912,1.22916,1209
2026-06-04T14:30:00+00:00,1.22916,1.22916,1.22746,1.22746,1540
2026-06-04T14:45:00+00:00,1.22746,1.22760,1.22721,1.22724,1373
2026-06-04T15:00:00+00:00,1.22724,1.22788,1.22724,1.22776,1252
2026-06-04T15:15:00+00:00,1.22776,1.22776,1.22739,1.22759,1906
2026-06-04T15:30:00+00:00,1.22759,1.22759,1.22703,1.22703,1239
2026-06-04T15:45:00+00:00,1.22703,1.22704,1.22679,1.22679,1797
2026-06-04T16:00:00+00:00,1.22679,1.22679,1.22638,1.22638,1283
2026-06-04T16:15:00+00:00,1.22638,1.22647,1.22630,1.22632,778
2026-06-04T16:30:00+00:00,1.22632,1.22643,1.22632,1.22641,1199
2026-06-04T16:45:00+00:00,1.22641,1.22660,1.22641,1.22660,1949
2026-06-04T17:00:00+00:00,1.22660,1.22662,1.22626,1.22626,1499
2026-06-04T17:15:00+00:00,1.22626,1.22628,1.22610,1.22621,1916
2026-06-04T17:30:00+00:00,1.22621,1.22651,1.22605,1.22651,1388
2026-06-04T17:45:00+00:00,1.22651,1.22651,1.22633,1.22633,2237
2026-06-04T18:00:00+00:00,1.22633,1.22644,1.22602,1.22602,2599
2026-06-04T18:15:00+00:00,1.22602,1.22606,1.22593,1.22593,1355
2026-06-04T18:30:00+00:00,1.22593,1.22635,1.22593,1.22635,1334
2026-06-04T18:45:00+00:00,1.22635,1.22680,1.22635,1.22680,2213
2026-06-04T19:00:00+00:00,1.22680,1.22680,1.22667,1.22680,1834
2026-06-04T19:15:00+00:00,1.22680,1.22680,1.22669,1.22669,1237
2026-06-04T19:30:00+00:00,1.22669,1.22669,1.22645,1.22654,1311
2026-06-04T19:45:00+00:00,1.22654,1.22654,1.22649,1.22654,1412
2026-06-04T20:00:00+00:00,1.22654,1.22654,1.22635,1.22635,825
2026-06-04T20:15:00+00:00,1.22635,1.22651,1.22635,1.22645,1886
2026-06-04T20:30:00+00:00,1.22645,1.22645,1.22621,1.22625,2131
2026-06-04T20:45:00+00:00,1.22625,1.22625,1.22596,1.22605,1422
2026-06-04T21:00:00+00:00,1.22605,1.22605,1.22578,1.22588,1286
2026-06-04T21:15:00+00:00,1.22588,1.22594,1.22583,1.22583,1269
2026-06-04T21:30:00+00:00,1.22583,1.22621,1.22581,1.22621,1899
2026-06-04T21:45:00+00:00,1.22621,1.22632,1.22613,1.22632,2666
2026-06-04T22:00:00+00:00,1.22632,1.22635,1.22616,1.22632,1848
2026-06-04T22:15:00+00:00,1.22632,1.22632,1.22565,1.22565,1779
2026-06-04T22:30:00+00:00,1.22565,1.22569,1.22561,1.22561,484
2026-06-04T22:45:00+00:00,1.22561,1.22561,1.22495,1.22495,1854
2026-06-04T23:00:00+00:00,1.22495,1.22508,1.22495,1.22501,2450
2026-06-04T23:15:00+00:00,1.22501,1.22501,1.22464,1.22467,1602
2026-06-04T23:30:00+00:00,1.22467,1.22502,1.22465,1.22502,1246
2026-06-04T23:45:00+00:00,1.22502,1.22513,1.22496,1.22513,432
2026-06-05T00:00:00+00:00,1.22513,1.22513,1.22425,1.22425,1472
2026-06-05T00:15:00+00:00,1.22425,1.22425,1.22389,1.22418,1734
2026-06-05T00:30:00+00:00,1.22418,1.22501,1.22418,1.22501,1791
2026-06-05T00:45:00+00:00,1.22501,1.22501,1.22428,1.22428,751
2026-06-05T01:00:00+00:00,1.22428,1.22428,1.22384,1.22417,2791
2026-06-05T01:15:00+00:00,1.22417,1.22417,1.22397,1.22407,2259
2026-06-05T01:30:00+00:00,1.22407,1.22412,1.22384,1.22410,1552
2026-06-05T01:45:00+00:00,1.22410,1.22410,1.22381,1.22383,2048
2026-06-05T02:00:00+00:00,1.22383,1.22470,1.22383,1.22470,1059
2026-06-05T02:15:00+00:00,1.22470,1.22470,1.22411,1.22417,2030
2026-06-05T02:30:00+00:00,1.22417,1.22428,1.22393,1.22423,916
2026-06-05T02:45:00+00:00,1.22423,1.22423,1.22360,1.22382,1694
2026-06-05T03:00:00+00:00,1.22382,1.22395,1.22360,1.22367,2632
2026-06-05T03:15:00+00:00,1.22367,1.22381,1.22347,1.22356,2161
2026-06-05T03:30:00+00:00,1.22356,1.22356,1.22321,1.22329,1826
2026-06-05T03:45:00+00:00,1.22329,1.22329,1.22270,1.22270,849
2026-06-05T04:00:00+00:00,1.22270,1.22304,1.22270,1.22304,1778
2026-06-05T04:15:00+00:00,1.22304,1.22315,1.22304,1.22304,2030
2026-06-05T04:30:00+00:00,1.22304,1.22309,1.22276,1.22276,1477
2026-06-05T04:45:00+00:00,1.22276,1.22296,1.22271,1.22280,301
2026-06-05T05:00:00+00:00,1.22280,1.22292,1.22262,1.22262,1151
2026-06-05T05:15:00+00:00,1.22262,1.22298,1.22258,1.22298,1281
2026-06-05T05:30:00+00:00,1.22298,1.22298,1.22279,1.22288,1262
2026-06-05T05:45:00+00:00,1.22288,1.22289,1.22269,1.22285,972
2026-06-05T06:00:00+00:00,1.22285,1.22340,1.22285,1.22340,1328
2026-06-05T06:15:00+00:00,1.22340,1.22434,1.22340,1.22434,1872
2026-06-05T06:30:00+00:00,1.22434,1.22510,1.22434,1.22510,2056
2026-06-05T06:45:00+00:00,1.22510,1.22510,1.22388,1.22392,1723
2026-06-05T07:00:00+00:00,1.22392,1.22511,1.22392,1.22511,2512
2026-06-05T07:15:00+00:00,1.22511,1.22606,1.22511,1.22569,2110
2026-06-05T07:30:00+00:00,1.22569,1.22714,1.22566,1.22714,2253
2026-06-05T07:45:00+00:00,1.22714,1.22783,1.22714,1.22779,1961
2026-06-05T08:00:00+00:00,1.22779,1.22779,1.22728,1.22728,1120
2026-06-05T08:15:00+00:00,1.22728,1.22742,1.22699,1.22718,1814
2026-06-05T08:30:00+00:00,1.22718,1.22718,1.22677,1.22718,1607
2026-06-05T08:45:00+00:00,1.22718,1.22749,1.22714,1.22749,2144
2026-06-05T09:00:00+00:00,1.22749,1.22780,1.22745,1.22780,1368
2026-06-05T09:15:00+00:00,1.22780,1.22801,1.22777,1.22801,1460
2026-06-05T09:30:00+00:00,1.22801,1.22828,1.22801,1.22828,2039
2026-06-05T09:45:00+00:00,1.22828,1.22849,1.22828,1.22849,2020
2026-06-05T10:00:00+00:00,1.22849,1.22864,1.22834,1.22834,1448
2026-06-05T10:15:00+00:00,1.22834,1.22853,1.22834,1.22851,1275
2026-06-05T10:30:00+00:00,1.22851,1.22858,1.22848,1.22848,867
2026-06-05T10:45:00+00:00,1.22848,1.22848,1.22826,1.22829,1242
2026-06-05T11:00:00+00:00,1.22829,1.22846,1.22812,1.22846,1777
2026-06-05T11:15:00+00:00,1.22846,1.22881,1.22837,1.22880,2341
2026-06-05T11:30:00+00:00,1.22880,1.22884,1.22858,1.22869,2424
2026-06-05T11:45:00+00:00,1.22869,1.22869,1.22829,1.22839,932
2026-06-05T12:00:00+00:00,1.22839,1.22863,1.22808,1.22834,1169
2026-06-05T12:15:00+00:00,1.22834,1.22857,1.22820,1.22857,1798
2026-06-05T12:30:00+00:00,1.22857,1.22924,1.22841,1.22841,2024
2026-06-05T12:45:00+00:00,1.22841,1.22906,1.22815,1.22815,2475
2026-06-05T13:00:00+00:00,1.22815,1.22815,1.22691,1.22691,2757
2026-06-05T13:15:00+00:00,1.22691,1.22722,1.22636,1.22722,1931
2026-06-05T13:30:00+00:00,1.22722,1.22722,1.22677,1.22709,1320
2026-06-05T13:45:00+00:00,1.22709,1.22709,1.22573,1.22573,1374
2026-06-05T14:00:00+00:00,1.22573,1.22573,1.22523,1.22543,1870
2026-06-05T14:15:00+00:00,1.22543,1.22543,1.22449,1.22449,779
2026-06-05T14:30:00+00:00,1.22449,1.22477,1.22401,1.22401,1205
2026-06-05T14:45:00+00:00,1.22401,1.22405,1.22315,1.22315,1635
2026-06-05T15:00:00+00:00,1.22315,1.22343,1.22315,1.22319,712
2026-06-05T15:15:00+00:00,1.22319,1.22319,1.22256,1.22256,1448
2026-06-05T15:30:00+00:00,1.22256,1.22272,1.22256,1.22260,1965
2026-06-05T15:45:00+00:00,1.22260,1.22260,1.22200,1.22200,1892
2026-06-05T16:00:00+00:00,1.22200,1.22227,1.22199,1.22199,1382
2026-06-05T16:15:00+00:00,1.22199,1.22216,1.22192,1.22207,1590
2026-06-05T16:30:00+00:00,1.22207,1.22207,1.22172,1.22181,1234
2026-06-05T16:45:00+00:00,1.22181,1.22181,1.22165,1.22173,1726
2026-06-05T17:00:00+00:00,1.22173,1.22214,1.22173,1.22206,1676
2026-06-05T17:15:00+00:00,1.22206,1.22229,1.22206,1.22225,1759
2026-06-05T17:30:00+00:00,1.22225,1.22225,1.22194,1.22194,1922
2026-06-05T17:45:00+00:00,1.22194,1.22198,1.22178,1.22178,1529
2026-06-05T18:00:00+00:00,1.22178,1.22188,1.22170,1.22188,1740
2026-06-05T18:15:00+00:00,1.22188,1.22198,1.22178,1.22198,1672
2026-06-05T18:30:00+00:00,1.22198,1.22198,1.22182,1.22183,948
2026-06-05T18:45:00+00:00,1.22183,1.22183,1.22170,1.22170,1989
2026-06-05T19:00:00+00:00,1.22170,1.22170,1.22135,1.22166,2225
2026-06-05T19:15:00+00:00,1.22166,1.22166,1.22117,1.22117,355
2026-06-05T19:30:00+00:00,1.22117,1.22125,1.22115,1.22115,1748
2026-06-05T19:45:00+00:00,1.22115,1.22142,1.22115,1.22125,1538
2026-06-05T20:00:00+00:00,1.22125,1.22140,1.22121,1.22140,2133
2026-06-05T20:15:00+00:00,1.22140,1.22153,1.22132,1.22132,1355
2026-06-05T20:30:00+00:00,1.22132,1.22143,1.22129,1.22143,1634
2026-06-05T20:45:00+00:00,1.22143,1.22155,1.22143,1.22155,1754
2026-06-05T21:00:00+00:00,1.22155,1.22155,1.22133,1.22133,2236
2026-06-05T21:15:00+00:00,1.22133,1.22138,1.22106,1.22106,1205
2026-06-05T21:30:00+00:00,1.22106,1.22123,1.22099,1.22120,2159
2026-06-05T21:45:00+00:00,1.22120,1.22120,1.22067,1.22067,2159
2026-06-05T22:00:00+00:00,1.22067,1.22075,1.22065,1.22072,1436
2026-06-05T22:15:00+00:00,1.22072,1.22072,1.22046,1.22046,2323
2026-06-05T22:30:00+00:00,1.22046,1.22051,1.22030,1.22035,628
2026-06-05T22:45:00+00:00,1.22035,1.22045,1.22028,1.22040,599
2026-06-05T23:00:00+00:00,1.22040,1.22080,1.22040,1.22080,2031
2026-06-05T23:15:00+00:00,1.22080,1.22104,1.22080,1.22084,1968
2026-06-05T23:30:00+00:00,1.22084,1.22084,1.22050,1.22053,1138
2026-06-05T23:45:00+00:00,1.22053,1.22072,1.22049,1.22072,1440
2026-06-08T00:00:00+00:00,1.22072,1.22126,1.22072,1.22126,1317
2026-06-08T00:15:00+00:00,1.22126,1.22126,1.22090,1.22094,1069
2026-06-08T00:30:00+00:00,1.22094,1.22109,1.22042,1.22047,3354
2026-06-08T00:45:00+00:00,1.22047,1.22047,1.22011,1.22019,1732
2026-06-08T01:00:00+00:00,1.22019,1.22034,1.21988,1.21988,1098
2026-06-08T01:15:00+00:00,1.21988,1.22026,1.21988,1.22003,2393
2026-06-08T01:30:00+00:00,1.22003,1.22031,1.21994,1.22011,1464
2026-06-08T01:45:00+00:00,1.22011,1.22023,1.21988,1.22012,2185
2026-06-08T02:00:00+00:00,1.22012,1.22012,1.21977,1.21990,1509
2026-06-08T02:15:00+00:00,1.21990,1.22022,1.21988,1.22010,1888
2026-06-08T02:30:00+00:00,1.22010,1.22010,1.21996,1.21996,1950
2026-06-08T02:45:00+00:00,1.21996,1.22006,1.21994,1.22006,1557
2026-06-08T03:00:00+00:00,1.22006,1.22010,1.21977,1.21977,2124
2026-06-08T03:15:00+00:00,1.21977,1.21986,1.21972,1.21986,2468
2026-06-08T03:30:00+00:00,1.21986,1.21991,1.21970,1.21991,1653
2026-06-08T03:45:00+00:00,1.21991,1.22052,1.21991,1.22052,1903
2026-06-08T04:00:00+00:00,1.22052,1.22055,1.22030,1.22030,431
2026-06-08T04:15:00+00:00,1.22030,1.22054,1.22022,1.22026,1731
2026-06-08T04:30:00+00:00,1.22026,1.22095,1.22026,1.22095,1469
2026-06-08T04:45:00+00:00,1.22095,1.22113,1.22091,1.22091,1590
2026-06-08T05:00:00+00:00,1.22091,1.22100,1.22059,1.22065,1605
2026-06-08T05:15:00+00:00,1.22065,1.22095,1.22065,1.22076,1231
2026-06-08T05:30:00+00:00,1.22076,1.22080,1.22036,1.22036,446
2026-06-08T05:45:00+00:00,1.22036,1.22036,1.21987,1.21987,1084
2026-06-08T06:00:00+00:00,1.21987,1.22014,1.21987,1.22014,1985
2026-06-08T06:15:00+00:00,1.22014,1.22056,1.21998,1.22001,2104
2026-06-08T06:30:00+00:00,1.22001,1.22178,1.22001,1.22147,1564
2026-06-08T06:45:00+00:00,1.22147,1.22204,1.22112,1.22169,2675
2026-06-08T07:00:00+00:00,1.22169,1.22253,1.22155,1.22253,1981
2026-06-08T07:15:00+00:00,1.22253,1.22388,1.22253,1.22388,1910
2026-06-08T07:30:00+00:00,1.22388,1.22398,1.22378,1.22397,2578
2026-06-08T07:45:00+00:00,1.22397,1.22500,1.22397,1.22468,3001
2026-06-08T08:00:00+00:00,1.22468,1.22468,1.22379,1.22405,1948
2026-06-08T08:15:00+00:00,1.22405,1.22405,1.22366,1.22399,2232
2026-06-08T08:30:00+00:00,1.22399,1.22421,1.22383,1.22421,1585
2026-06-08T08:45:00+00:00,1.22421,1.22483,1.22421,1.22483,1604
2026-06-08T09:00:00+00:00,1.22483,1.22492,1.22469,1.22481,1288
2026-06-08T09:15:00+00:00,1.22481,1.22493,1.22476,1.22485,1715
2026-06-08T09:30:00+00:00,1.22485,1.22500,1.22451,1.22451,1940
2026-06-08T09:45:00+00:00,1.22451,1.22457,1.22446,1.22448,1664
2026-06-08T10:00:00+00:00,1.22448,1.22463,1.22448,1.22459,1324
2026-06-08T10:15:00+00:00,1.22459,1.22510,1.22459,1.22510,1417
2026-06-08T10:30:00+00:00,1.22510,1.22537,1.22510,1.22534,1703
2026-06-08T10:45:00+00:00,1.22534,1.22534,1.22504,1.22504,1274
2026-06-08T11:00:00+00:00,1.22504,1.22532,1.22504,1.22511,1558
2026-06-08T11:15:00+00:00,1.22511,1.22530,1.22504,1.22504,1106
2026-06-08T11:30:00+00:00,1.22504,1.22525,1.22504,1.22525,1074
2026-06-08T11:45:00+00:00,1.22525,1.22527,1.22507,1.22507,1570
2026-06-08T12:00:00+00:00,1.22507,1.22519,1.22441,1.22447,2409
2026-06-08T12:15:00+00:00,1.22447,1.22447,1.22386,1.22423,1601
2026-06-08T12:30:00+00:00,1.22423,1.22450,1.22396,1.22450,1681
2026-06-08T12:45:00+00:00,1.22450,1.22450,1.22391,1.22391,1530
2026-06-08T13:00:00+00:00,1.22391,1.22466,1.22380,1.22463,2296
2026-06-08T13:15:00+00:00,1.22463,1.22463,1.22363,1.22363,1160
2026-06-08T13:30:00+00:00,1.22363,1.22397,1.22297,1.22307,1841
2026-06-08T13:45:00+00:00,1.22307,1.22404,1.22307,1.22360,2004
2026-06-08T14:00:00+00:00,1.22360,1.22360,1.22268,1.22268,2269
2026-06-08T14:15:00+00:00,1.22268,1.22279,1.22257,1.22261,2377
2026-06-08T14:30:00+00:00,1.22261,1.22279,1.22245,1.22245,1322
2026-06-08T14:45:00+00:00,1.22245,1.22257,1.22215,1.22243,1286
2026-06-08T15:00:00+00:00,1.22243,1.22265,1.22236,1.22236,1668
2026-06-08T15:15:00+00:00,1.22236,1.22265,1.22217,1.22250,2428
2026-06-08T15:30:00+00:00,1.22250,1.22272,1.22227,1.22236,1141
2026-06-08T15:45:00+00:00,1.22236,1.22292,1.22236,1.22286,1350
2026-06-08T16:00:00+00:00,1.22286,1.22296,1.22278,1.22284,1542
2026-06-08T16:15:00+00:00,1.22284,1.22297,1.22284,1.22284,1508
2026-06-08T16:30:00+00:00,1.22284,1.22311,1.22277,1.22311,2029
2026-06-08T16:45:00+00:00,1.22311,1.22324,1.22303,1.22303,2059
2026-06-08T17:00:00+00:00,1.22303,1.22339,1.22303,1.22333,1877
2026-06-08T17:15:00+00:00,1.22333,1.22336,1.22323,1.22336,1824
2026-06-08T17:30:00+00:00,1.22336,1.22336,1.22299,1.22299,2492
2026-06-08T17:45:00+00:00,1.22299,1.22299,1.22285,1.22291,1419
2026-06-08T18:00:00+00:00,1.22291,1.22291,1.22264,1.22288,497
2026-06-08T18:15:00+00:00,1.22288,1.22295,1.22259,1.22259,1249
2026-06-08T18:30:00+00:00,1.22259,1.22259,1.22227,1.22227,1631
2026-06-08T18:45:00+00:00,1.22227,1.22231,1.22218,1.22218,2344
2026-06-08T19:00:00+00:00,1.22218,1.22240,1.22216,1.22240,2612
2026-06-08T19:15:00+00:00,1.22240,1.22254,1.22227,1.22254,1155
2026-06-08T19:30:00+00:00,1.22254,1.22281,1.22254,1.22270,1856
2026-06-08T19:45:00+00:00,1.22270,1.22288,1.22263,1.22288,528
2026-06-08T20:00:00+00:00,1.22288,1.22296,1.22265,1.22265,1658
2026-06-08T20:15:00+00:00,1.22265,1.22325,1.22265,1.22325,1615
2026-06-08T20:30:00+00:00,1.22325,1.22336,1.22309,1.22309,1613
2026-06-08T20:45:00+00:00,1.22309,1.22316,1.22297,1.22299,1086
2026-06-08T21:00:00+00:00,1.22299,1.22300,1.22297,1.22298,2420
2026-06-08T21:15:00+00:00,1.22298,1.22322,1.22298,1.22322,2127
2026-06-08T21:30:00+00:00,1.22322,1.22322,1.22301,1.22306,1714
2026-06-08T21:45:00+00:00,1.22306,1.22319,1.22306,1.22310,924
2026-06-08T22:00:00+00:00,1.22310,1.22323,1.22310,1.22323,1986
2026-06-08T22:15:00+00:00,1.22323,1.22323,1.22315,1.22315,1436
2026-06-08T22:30:00+00:00,1.22315,1.22319,1.22306,1.22319,2141
2026-06-08T22:45:00+00:00,1.22319,1.22336,1.22318,1.22336,1554
2026-06-08T23:00:00+00:00,1.22336,1.22350,1.22327,1.22345,1850
2026-06-08T23:15:00+00:00,1.22345,1.22345,1.22308,1.22308,336
2026-06-08T23:30:00+00:00,1.22308,1.22330,1.22308,1.22325,1741
2026-06-08T23:45:00+00:00,1.22325,1.22330,1.22318,1.22330,1798
2026-06-09T00:00:00+00:00,1.22330,1.22332,1.22296,1.22325,1544
2026-06-09T00:15:00+00:00,1.22325,1.22347,1.22325,1.22347,1498
2026-06-09T00:30:00+00:00,1.22347,1.22369,1.22328,1.22369,1616
2026-06-09T00:45:00+00:00,1.22369,1.22398,1.22367,1.22374,1065
2026-06-09T01:00:00+00:00,1.22374,1.22398,1.22355,1.22355,823
2026-06-09T01:15:00+00:00,1.22355,1.22380,1.22346,1.22380,1604
2026-06-09T01:30:00+00:00,1.22380,1.22389,1.22341,1.22365,1825
2026-06-09T01:45:00+00:00,1.22365,1.22365,1.22348,1.22353,1598
2026-06-09T02:00:00+00:00,1.22353,1.22353,1.22287,1.22320,2987
2026-06-09T02:15:00+00:00,1.22320,1.22320,1.22281,1.22281,1213
2026-06-09T02:30:00+00:00,1.22281,1.22281,1.22239,1.22254,1724
2026-06-09T02:45:00+00:00,1.22254,1.22289,1.22254,1.22286,1053
2026-06-09T03:00:00+00:00,1.22286,1.22296,1.22267,1.22267,1711
2026-06-09T03:15:00+00:00,1.22267,1.22287,1.22243,1.22287,2048
2026-06-09T03:30:00+00:00,1.22287,1.22301,1.22284,1.22301,403
2026-06-09T03:45:00+00:00,1.22301,1.22301,1.22225,1.22225,2120
2026-06-09T04:00:00+00:00,1.22225,1.22252,1.22221,1.22238,1388
2026-06-09T04:15:00+00:00,1.22238,1.22238,1.22190,1.22190,1922
2026-06-09T04:30:00+00:00,1.22190,1.22216,1.22190,1.22208,1890
2026-06-09T04:45:00+00:00,1.22208,1.22250,1.22198,1.22250,1961
2026-06-09T05:00:00+00:00,1.22250,1.22259,1.22250,1.22251,1070
2026-06-09T05:15:00+00:00,1.22251,1.22251,1.22215,1.22241,1608
2026-06-09T05:30:00+00:00,1.22241,1.22277,1.22236,1.22260,1048
2026-06-09T05:45:00+00:00,1.22260,1.22260,1.22241,1.22249,2167
2026-06-09T06:00:00+00:00,1.22249,1.22284,1.22219,1.22260,2367
2026-06-09T06:15:00+00:00,1.22260,1.22271,1.22233,1.22266,2039
2026-06-09T06:30:00+00:00,1.22266,1.22276,1.22232,1.22239,1714
2026-06-09T06:45:00+00:00,1.22239,1.22258,1.22157,1.22258,1099
2026-06-09T07:00:00+00:00,1.22258,1.22258,1.22098,1.22098,2266
2026-06-09T07:15:00+00:00,1.22098,1.22098,1.21874,1.21874,1631
2026-06-09T07:30:00+00:00,1.21874,1.21874,1.21742,1.21763,2619
2026-06-09T07:45:00+00:00,1.21763,1.21763,1.21680,1.21692,2271
2026-06-09T08:00:00+00:00,1.21692,1.21843,1.21680,1.21843,1022
2026-06-09T08:15:00+00:00,1.21843,1.21845,1.21776,1.21804,2088
2026-06-09T08:30:00+00:00,1.21804,1.21856,1.21804,1.21813,2418
2026-06-09T08:45:00+00:00,1.21813,1.21820,1.21789,1.21810,1720
2026-06-09T09:00:00+00:00,1.21810,1.21810,1.21786,1.21794,1694
2026-06-09T09:15:00+00:00,1.21794,1.21823,1.21792,1.21823,1582
2026-06-09T09:30:00+00:00,1.21823,1.21843,1.21814,1.21814,903
2026-06-09T09:45:00+00:00,1.21814,1.21818,1.21803,1.21818,902
2026-06-09T10:00:00+00:00,1.21818,1.21818,1.21773,1.21777,1668
2026-06-09T10:15:00+00:00,1.21777,1.21794,1.21773,1.21774,1779
2026-06-09T10:30:00+00:00,1.21774,1.21777,1.21754,1.21758,1633
2026-06-09T10:45:00+00:00,1.21758,1.21758,1.21742,1.21747,577
2026-06-09T11:00:00+00:00,1.21747,1.21754,1.21734,1.21738,1307
2026-06-09T11:15:00+00:00,1.21738,1.21746,1.21715,1.21722,1254
2026-06-09T11:30:00+00:00,1.21722,1.21747,1.21722,1.21747,1181
2026-06-09T11:45:00+00:00,1.21747,1.21804,1.21747,1.21804,707
2026-06-09T12:00:00+00:00,1.21804,1.21882,1.21804,1.21882,1306
2026-06-09T12:15:00+00:00,1.21882,1.21882,1.21814,1.21855,835
2026-06-09T12:30:00+00:00,1.21855,1.21884,1.21841,1.21852,1410
2026-06-09T12:45:00+00:00,1.21852,1.21852,1.21707,1.21707,1572
2026-06-09T13:00:00+00:00,1.21707,1.21751,1.21690,1.21751,1512
2026-06-09T13:15:00+00:00,1.21751,1.21777,1.21692,1.21777,1829
2026-06-09T13:30:00+00:00,1.21777,1.21788,1.21673,1.21673,1820
2026-06-09T13:45:00+00:00,1.21673,1.21695,1.21638,1.21695,2014
2026-06-09T14:00:00+00:00,1.21695,1.21695,1.21645,1.21658,1093
2026-06-09T14:15:00+00:00,1.21658,1.21685,1.21631,1.21631,1293
2026-06-09T14:30:00+00:00,1.21631,1.21696,1.21631,1.21696,1798
2026-06-09T14:45:00+00:00,1.21696,1.21704,1.21647,1.21647,2213
2026-06-09T15:00:00+00:00,1.21647,1.21669,1.21645,1.21645,2451
2026-06-09T15:15:00+00:00,1.21645,1.21645,1.21616,1.21632,1662
2026-06-09T15:30:00+00:00,1.21632,1.21653,1.21632,1.21632,2250
2026-06-09T15:45:00+00:00,1.21632,1.21667,1.21622,1.21622,1314
2026-06-09T16:00:00+00:00,1.21622,1.21622,1.21589,1.21589,1358
2026-06-09T16:15:00+00:00,1.21589,1.21596,1.21575,1.21580,1720
2026-06-09T16:30:00+00:00,1.21580,1.21607,1.21580,1.21606,2152
2026-06-09T16:45:00+00:00,1.21606,1.21613,1.21596,1.21608,2222
2026-06-09T17:00:00+00:00,1.21608,1.21660,1.21608,1.21660,1878
2026-06-09T17:15:00+00:00,1.21660,1.21663,1.21639,1.21639,1247
2026-06-09T17:30:00+00:00,1.21639,1.21640,1.21610,1.21610,1920
2026-06-09T17:45:00+00:00,1.21610,1.21621,1.21608,1.21611,877
2026-06-09T18:00:00+00:00,1.21611,1.21611,1.21584,1.21586,2386
2026-06-09T18:15:00+00:00,1.21586,1.21590,1.21549,1.21569,1069
2026-06-09T18:30:00+00:00,1.21569,1.21569,1.21539,1.21543,985
2026-06-09T18:45:00+00:00,1.21543,1.21543,1.21507,1.21514,1576
2026-06-09T19:00:00+00:00,1.21514,1.21520,1.21505,1.21505,2048
2026-06-09T19:15:00+00:00,1.21505,1.21523,1.21491,1.21491,1247
2026-06-09T19:30:00+00:00,1.21491,1.21507,1.21474,1.21476,1658
2026-06-09T19:45:00+00:00,1.21476,1.21478,1.21464,1.21473,2443
2026-06-09T20:00:00+00:00,1.21473,1.21479,1.21447,1.21454,1606
2026-06-09T20:15:00+00:00,1.21454,1.21454,1.21427,1.21429,792
2026-06-09T20:30:00+00:00,1.21429,1.21461,1.21429,1.21445,2388
2026-06-09T20:45:00+00:00,1.21445,1.21469,1.21445,1.21457,1823
2026-06-09T21:00:00+00:00,1.21457,1.21462,1.21443,1.21444,1728
2026-06-09T21:15:00+00:00,1.21444,1.21466,1.21435,1.21456,2027
2026-06-09T21:30:00+00:00,1.21456,1.21480,1.21456,1.21468,2529
2026-06-09T21:45:00+00:00,1.21468,1.21472,1.21459,1.21459,1836
2026-06-09T22:00:00+00:00,1.21459,1.21471,1.21457,1.21464,1191
2026-06-09T22:15:00+00:00,1.21464,1.21471,1.21452,1.21456,984
2026-06-09T22:30:00+00:00,1.21456,1.21481,1.21452,1.21481,826
2026-06-09T22:45:00+00:00,1.21481,1.21495,1.21478,1.21478,1752
2026-06-09T23:00:00+00:00,1.21478,1.21528,1.21478,1.21512,1826
2026-06-09T23:15:00+00:00,1.21512,1.21527,1.21512,1.21527,1874
2026-06-09T23:30:00+00:00,1.21527,1.21547,1.21511,1.21511,527
2026-06-09T23:45:00+00:00,1.21511,1.21511,1.21490,1.21493,1168
2026-06-10T00:00:00+00:00,1.21493,1.21497,1.21434,1.21434,1328
2026-06-10T00:15:00+00:00,1.21434,1.21475,1.21434,1.21466,2207
2026-06-10T00:30:00+00:00,1.21466,1.21488,1.21466,1.21475,2417
2026-06-10T00:45:00+00:00,1.21475,1.21490,1.21466,1.21466,1270
2026-06-10T01:00:00+00:00,1.21466,1.21466,1.21432,1.21450,1554
2026-06-10T01:15:00+00:00,1.21450,1.21490,1.21413,1.21413,641
2026-06-10T01:30:00+00:00,1.21413,1.21413,1.21379,1.21404,1222
2026-06-10T01:45:00+00:00,1.21404,1.21414,1.21399,1.21408,1681
2026-06-10T02:00:00+00:00,1.21408,1.21408,1.21364,1.21377,555
2026-06-10T02:15:00+00:00,1.21377,1.21414,1.21360,1.21404,1894
2026-06-10T02:30:00+00:00,1.21404,1.21408,1.21355,1.21367,2083
2026-06-10T02:45:00+00:00,1.21367,1.21420,1.21367,1.21420,1381
2026-06-10T03:00:00+00:00,1.21420,1.21463,1.21420,1.21441,2034
2026-06-10T03:15:00+00:00,1.21441,1.21463,1.21441,1.21462,1944
2026-06-10T03:30:00+00:00,1.21462,1.21485,1.21462,1.21476,1825
2026-06-10T03:45:00+00:00,1.21476,1.21486,1.21464,1.21464,1281
2026-06-10T04:00:00+00:00,1.21464,1.21474,1.21452,1.21462,745
2026-06-10T04:15:00+00:00,1.21462,1.21467,1.21431,1.21431,1455
2026-06-10T04:30:00+00:00,1.21431,1.21431,1.21369,1.21369,1972
2026-06-10T04:45:00+00:00,1.21369,1.21375,1.21351,1.21351,2492
2026-06-10T05:00:00+00:00,1.21351,1.21351,1.21342,1.21342,1429
2026-06-10T05:15:00+00:00,1.21342,1.21342,1.21306,1.21306,863
2026-06-10T05:30:00+00:00,1.21306,1.21316,1.21300,1.21306,461
2026-06-10T05:45:00+00:00,1.21306,1.21359,1.21306,1.21334,1791
2026-06-10T06:00:00+00:00,1.21334,1.21334,1.21238,1.21255,1646
2026-06-10T06:15:00+00:00,1.21255,1.21321,1.21212,1.21321,1215
2026-06-10T06:30:00+00:00,1.21321,1.21346,1.21274,1.21319,2744
2026-06-10T06:45:00+00:00,1.21319,1.21379,1.21305,1.21379,2513
2026-06-10T07:00:00+00:00,1.21379,1.21457,1.21373,1.21457,2231
2026-06-10T07:15:00+00:00,1.21457,1.21563,1.21457,1.21555,1163
2026-06-10T07:30:00+00:00,1.21555,1.21765,1.21555,1.21765,670
2026-06-10T07:45:00+00:00,1.21765,1.21782,1.21753,1.21774,1758
2026-06-10T08:00:00+00:00,1.21774,1.21782,1.21721,1.21766,1884
2026-06-10T08:15:00+00:00,1.21766,1.21881,1.21766,1.21864,1556
2026-06-10T08:30:00+00:00,1.21864,1.21956,1.21864,1.21924,1206
2026-06-10T08:45:00+00:00,1.21924,1.21972,1.21924,1.21957,1532
2026-06-10T09:00:00+00:00,1.21957,1.21975,1.21937,1.21937,1423
2026-06-10T09:15:00+00:00,1.21937,1.21937,1.21907,1.21909,1948
2026-06-10T09:30:00+00:00,1.21909,1.21916,1.21898,1.21898,1597
2026-06-10T09:45:00+00:00,1.21898,1.21933,1.21898,1.21929,581
2026-06-10T10:00:00+00:00,1.21929,1.21937,1.21908,1.21908,1676
2026-06-10T10:15:00+00:00,1.21908,1.21920,1.21907,1.21918,328
2026-06-10T10:30:00+00:00,1.21918,1.21930,1.21898,1.21898,1043
2026-06-10T10:45:00+00:00,1.21898,1.21957,1.21898,1.21957,1911
2026-06-10T11:00:00+00:00,1.21957,1.21967,1.21941,1.21941,917
2026-06-10T11:15:00+00:00,1.21941,1.21941,1.21924,1.21940,915
2026-06-10T11:30:00+00:00,1.21940,1.21975,1.21930,1.21975,1364
2026-06-10T11:45:00+00:00,1.21975,1.21997,1.21975,1.21997,2855
2026-06-10T12:00:00+00:00,1.21997,1.22072,1.21997,1.22072,1488
2026-06-10T12:15:00+00:00,1.22072,1.22090,1.22068,1.22079,1754
2026-06-10T12:30:00+00:00,1.22079,1.22079,1.21999,1.22028,1489
2026-06-10T12:45:00+00:00,1.22028,1.22038,1.21993,1.22026,1549
2026-06-10T13:00:00+00:00,1.22026,1.22110,1.21994,1.22110,2008
2026-06-10T13:15:00+00:00,1.22110,1.22165,1.22089,1.22091,1825
2026-06-10T13:30:00+00:00,1.22091,1.22166,1.22044,1.22044,1714
2026-06-10T13:45:00+00:00,1.22044,1.22044,1.21970,1.21970,2213
2026-06-10T14:00:00+00:00,1.21970,1.21970,1.21901,1.21907,2201
2026-06-10T14:15:00+00:00,1.21907,1.22002,1.21907,1.22002,1773
2026-06-10T14:30:00+00:00,1.22002,1.22026,1.22000,1.22000,1166
2026-06-10T14:45:00+00:00,1.22000,1.22057,1.21964,1.22057,1603
2026-06-10T15:00:00+00:00,1.22057,1.22057,1.21966,1.21966,1233
2026-06-10T15:15:00+00:00,1.21966,1.21992,1.21931,1.21992,1576
2026-06-10T15:30:00+00:00,1.21992,1.21998,1.21969,1.21987,1913
2026-06-10T15:45:00+00:00,1.21987,1.22016,1.21987,1.22007,1938
2026-06-10T16:00:00+00:00,1.22007,1.22029,1.22004,1.22029,2330
2026-06-10T16:15:00+00:00,1.22029,1.22030,1.21991,1.21994,2118
2026-06-10T16:30:00+00:00,1.21994,1.22027,1.21988,1.22027,1944
2026-06-10T16:45:00+00:00,1.22027,1.22027,1.21993,1.21993,855
2026-06-10T17:00:00+00:00,1.21993,1.22003,1.21986,1.21998,1896
2026-06-10T17:15:00+00:00,1.21998,1.22009,1.21995,1.22007,835
2026-06-10T17:30:00+00:00,1.22007,1.22028,1.22007,1.22015,521
2026-06-10T17:45:00+00:00,1.22015,1.22015,1.21984,1.21984,1525
2026-06-10T18:00:00+00:00,1.21984,1.22000,1.21974,1.21974,893
2026-06-10T18:15:00+00:00,1.21974,1.21982,1.21970,1.21980,1540
2026-06-10T18:30:00+00:00,1.21980,1.21980,1.21917,1.21917,1759
2026-06-10T18:45:00+00:00,1.21917,1.21917,1.21897,1.21903,1205
2026-06-10T19:00:00+00:00,1.21903,1.21903,1.21858,1.21858,1319
2026-06-10T19:15:00+00:00,1.21858,1.21884,1.21858,1.21878,730
2026-06-10T19:30:00+00:00,1.21878,1.21920,1.21878,1.21920,1221
2026-06-10T19:45:00+00:00,1.21920,1.21932,1.21907,1.21931,1293
2026-06-10T20:00:00+00:00,1.21931,1.21940,1.21926,1.21926,1341
2026-06-10T20:15:00+00:00,1.21926,1.21937,1.21908,1.21921,2449
2026-06-10T20:30:00+00:00,1.21921,1.21950,1.21921,1.21950,1147
2026-06-10T20:45:00+00:00,1.21950,1.21964,1.21950,1.21954,2004
2026-06-10T21:00:00+00:00,1.21954,1.21963,1.21950,1.21956,1105
2026-06-10T21:15:00+00:00,1.21956,1.21975,1.21932,1.21932,1274
2026-06-10T21:30:00+00:00,1.21932,1.21943,1.21905,1.21905,1764
2026-06-10T21:45:00+00:00,1.21905,1.21905,1.21874,1.21874,1485
2026-06-10T22:00:00+00:00,1.21874,1.21874,1.21863,1.21866,2377
2026-06-10T22:15:00+00:00,1.21866,1.21872,1.21857,1.21869,1444
2026-06-10T22:30:00+00:00,1.21869,1.21889,1.21869,1.21889,1587
2026-06-10T22:45:00+00:00,1.21889,1.21904,1.21880,1.21893,1383
2026-06-10T23:00:00+00:00,1.21893,1.21895,1.21873,1.21888,846
2026-06-10T23:15:00+00:00,1.21888,1.21906,1.21888,1.21902,1635
2026-06-10T23:30:00+00:00,1.21902,1.21902,1.21850,1.21850,2270
2026-06-10T23:45:00+00:00,1.21850,1.21869,1.21850,1.21857,1614
2026-06-11T00:00:00+00:00,1.21857,1.21857,1.21820,1.21822,1717
2026-06-11T00:15:00+00:00,1.21822,1.21822,1.21713,1.21713,1649
2026-06-11T00:30:00+00:00,1.21713,1.21713,1.21662,1.21663,1198
2026-06-11T00:45:00+00:00,1.21663,1.21716,1.21663,1.21696,2576
2026-06-11T01:00:00+00:00,1.21696,1.21750,1.21696,1.21721,828
2026-06-11T01:15:00+00:00,1.21721,1.21757,1.21721,1.21757,1991
2026-06-11T01:30:00+00:00,1.21757,1.21780,1.21756,1.21780,1071
2026-06-11T01:45:00+00:00,1.21780,1.21780,1.21732,1.21732,2039
2026-06-11T02:00:00+00:00,1.21732,1.21732,1.21689,1.21689,1964
2026-06-11T02:15:00+00:00,1.21689,1.21745,1.21689,1.21702,824
2026-06-11T02:30:00+00:00,1.21702,1.21702,1.21625,1.21625,2740
2026-06-11T02:45:00+00:00,1.21625,1.21663,1.21625,1.21636,2030
2026-06-11T03:00:00+00:00,1.21636,1.21651,1.21625,1.21643,1512
2026-06-11T03:15:00+00:00,1.21643,1.21653,1.21614,1.21614,1211
2026-06-11T03:30:00+00:00,1.21614,1.21614,1.21599,1.21609,1676
2026-06-11T03:45:00+00:00,1.21609,1.21639,1.21605,1.21622,2499
2026-06-11T04:00:00+00:00,1.21622,1.21622,1.21610,1.21610,1049
2026-06-11T04:15:00+00:00,1.21610,1.21610,1.21580,1.21587,1024
2026-06-11T04:30:00+00:00,1.21587,1.21609,1.21587,1.21609,1922
2026-06-11T04:45:00+00:00,1.21609,1.21616,1.21597,1.21616,2503
2026-06-11T05:00:00+00:00,1.21616,1.21702,1.21616,1.21702,1721
2026-06-11T05:15:00+00:00,1.21702,1.21714,1.21670,1.21670,1014
2026-06-11T05:30:00+00:00,1.21670,1.21684,1.21670,1.21684,2091
2026-06-11T05:45:00+00:00,1.21684,1.21684,1.21654,1.21661,1621
2026-06-11T06:00:00+00:00,1.21661,1.21661,1.21596,1.21596,929
2026-06-11T06:15:00+00:00,1.21596,1.21630,1.21584,1.21605,2697
2026-06-11T06:30:00+00:00,1.21605,1.21694,1.21600,1.21683,1083
2026-06-11T06:45:00+00:00,1.21683,1.21683,1.21626,1.21631,1106
2026-06-11T07:00:00+00:00,1.21631,1.21685,1.21631,1.21657,2614
2026-06-11T07:15:00+00:00,1.21657,1.21675,1.21592,1.21661,1930
2026-06-11T07:30:00+00:00,1.21661,1.21661,1.21553,1.21620,2271
2026-06-11T07:45:00+00:00,1.21620,1.21640,1.21595,1.21620,2103
2026-06-11T08:00:00+00:00,1.21620,1.21683,1.21620,1.21641,2107
2026-06-11T08:15:00+00:00,1.21641,1.21691,1.21564,1.21691,1569
2026-06-11T08:30:00+00:00,1.21691,1.21691,1.21642,1.21644,1812
2026-06-11T08:45:00+00:00,1.21644,1.21706,1.21644,1.21706,2133
2026-06-11T09:00:00+00:00,1.21706,1.21706,1.21679,1.21694,954
2026-06-11T09:15:00+00:00,1.21694,1.21695,1.21675,1.21685,2005
2026-06-11T09:30:00+00:00,1.21685,1.21694,1.21649,1.21649,1425
2026-06-11T09:45:00+00:00,1.21649,1.21678,1.21649,1.21678,2214
2026-06-11T10:00:00+00:00,1.21678,1.21679,1.21637,1.21637,1399
2026-06-11T10:15:00+00:00,1.21637,1.21652,1.21637,1.21644,1504
2026-06-11T10:30:00+00:00,1.21644,1.21647,1.21633,1.21641,1414
2026-06-11T10:45:00+00:00,1.21641,1.21670,1.21641,1.21670,1644
2026-06-11T11:00:00+00:00,1.21670,1.21684,1.21652,1.21668,1868
2026-06-11T11:15:00+00:00,1.21668,1.21682,1.21668,1.21678,1150
2026-06-11T11:30:00+00:00,1.21678,1.21688,1.21667,1.21688,2599
2026-06-11T11:45:00+00:00,1.21688,1.21709,1.21688,1.21705,843
2026-06-11T12:00:00+00:00,1.21705,1.21729,1.21671,1.21721,1456
2026-06-11T12:15:00+00:00,1.21721,1.21721,1.21683,1.21693,1822
2026-06-11T12:30:00+00:00,1.21693,1.21747,1.21662,1.21747,2442
2026-06-11T12:45:00+00:00,1.21747,1.21845,1.21747,1.21845,2162
2026-06-11T13:00:00+00:00,1.21845,1.21923,1.21828,1.21923,1078
2026-06-11T13:15:00+00:00,1.21923,1.21923,1.21873,1.21880,2877
2026-06-11T13:30:00+00:00,1.21880,1.21880,1.21776,1.21825,1066
2026-06-11T13:45:00+00:00,1.21825,1.21865,1.21817,1.21839,1845
2026-06-11T14:00:00+00:00,1.21839,1.21874,1.21822,1.21828,1767
2026-06-11T14:15:00+00:00,1.21828,1.21863,1.21747,1.21863,2858
2026-06-11T14:30:00+00:00,1.21863,1.21976,1.21863,1.21976,1760
2026-06-11T14:45:00+00:00,1.21976,1.21980,1.21950,1.21975,2504
2026-06-11T15:00:00+00:00,1.21975,1.22006,1.21955,1.22006,2308
2026-06-11T15:15:00+00:00,1.22006,1.22033,1.22006,1.22006,563
2026-06-11T15:30:00+00:00,1.22006,1.22015,1.21989,1.21993,1597
2026-06-11T15:45:00+00:00,1.21993,1.22007,1.21993,1.22007,1347
2026-06-11T16:00:00+00:00,1.22007,1.22014,1.21984,1.22001,1431
2026-06-11T16:15:00+00:00,1.22001,1.22001,1.21977,1.21983,742
2026-06-11T16:30:00+00:00,1.21983,1.21983,1.21959,1.21974,2102
2026-06-11T16:45:00+00:00,1.21974,1.21979,1.21970,1.21974,1223
2026-06-11T17:00:00+00:00,1.21974,1.21974,1.21967,1.21974,1031
2026-06-11T17:15:00+00:00,1.21974,1.21983,1.21962,1.21966,1919
2026-06-11T17:30:00+00:00,1.21966,1.21966,1.21937,1.21962,1960
2026-06-11T17:45:00+00:00,1.21962,1.21968,1.21960,1.21962,2936
2026-06-11T18:00:00+00:00,1.21962,1.21992,1.21962,1.21991,1987
2026-06-11T18:15:00+00:00,1.21991,1.22004,1.21981,1.22004,1113
2026-06-11T18:30:00+00:00,1.22004,1.22004,1.21983,1.21994,2310
2026-06-11T18:45:00+00:00,1.21994,1.21994,1.21960,1.21961,1436
2026-06-11T19:00:00+00:00,1.21961,1.21961,1.21942,1.21949,1304
2026-06-11T19:15:00+00:00,1.21949,1.21949,1.21918,1.21918,2125
2026-06-11T19:30:00+00:00,1.21918,1.21940,1.21918,1.21940,1973
2026-06-11T19:45:00+00:00,1.21940,1.21950,1.21937,1.21950,1312
2026-06-11T20:00:00+00:00,1.21950,1.21953,1.21938,1.21938,252
2026-06-11T20:15:00+00:00,1.21938,1.21938,1.21917,1.21928,2436
2026-06-11T20:30:00+00:00,1.21928,1.21942,1.21923,1.21923,1225
2026-06-11T20:45:00+00:00,1.21923,1.21923,1.21906,1.21913,900
2026-06-11T21:00:00+00:00,1.21913,1.21925,1.21911,1.21917,1598
2026-06-11T21:15:00+00:00,1.21917,1.21921,1.21902,1.21921,931
2026-06-11T21:30:00+00:00,1.21921,1.21949,1.21916,1.21949,1339
2026-06-11T21:45:00+00:00,1.21949,1.21956,1.21906,1.21906,1472
2026-06-11T22:00:00+00:00,1.21906,1.21912,1.21881,1.21888,983
2026-06-11T22:15:00+00:00,1.21888,1.21919,1.21888,1.21916,2116
2026-06-11T22:30:00+00:00,1.21916,1.21955,1.21916,1.21955,903
2026-06-11T22:45:00+00:00,1.21955,1.21991,1.21955,1.21978,2367
2026-06-11T23:00:00+00:00,1.21978,1.21978,1.21938,1.21938,2334
2026-06-11T23:15:00+00:00,1.21938,1.21949,1.21931,1.21931,1055
2026-06-11T23:30:00+00:00,1.21931,1.21935,1.21922,1.21926,2199
2026-06-11T23:45:00+00:00,1.21926,1.21943,1.21913,1.21943,1181
2026-06-12T00:00:00+00:00,1.21943,1.21989,1.21934,1.21989,1643
2026-06-12T00:15:00+00:00,1.21989,1.21989,1.21953,1.21960,3091
2026-06-12T00:30:00+00:00,1.21960,1.21984,1.21947,1.21947,1313
2026-06-12T00:45:00+00:00,1.21947,1.21965,1.21936,1.21948,1360
2026-06-12T01:00:00+00:00,1.21948,1.22008,1.21948,1.22008,1671
2026-06-12T01:15:00+00:00,1.22008,1.22038,1.21995,1.21995,1907
2026-06-12T01:30:00+00:00,1.21995,1.22049,1.21995,1.22049,730
2026-06-12T01:45:00+00:00,1.22049,1.22139,1.22049,1.22117,1453
2026-06-12T02:00:00+00:00,1.22117,1.22145,1.22106,1.22141,1876
2026-06-12T02:15:00+00:00,1.22141,1.22159,1.22137,1.22159,987
2026-06-12T02:30:00+00:00,1.22159,1.22194,1.22159,1.22188,1432
2026-06-12T02:45:00+00:00,1.22188,1.22188,1.22149,1.22149,2061
2026-06-12T03:00:00+00:00,1.22149,1.22168,1.22126,1.22168,1420
2026-06-12T03:15:00+00:00,1.22168,1.22195,1.22161,1.22161,1118
2026-06-12T03:30:00+00:00,1.22161,1.22161,1.22097,1.22097,1328
2026-06-12T03:45:00+00:00,1.22097,1.22108,1.22093,1.22105,1306
2026-06-12T04:00:00+00:00,1.22105,1.22105,1.22071,1.22096,681
2026-06-12T04:15:00+00:00,1.22096,1.22138,1.22096,1.22138,2120
2026-06-12T04:30:00+00:00,1.22138,1.22145,1.22133,1.22136,1439
2026-06-12T04:45:00+00:00,1.22136,1.22172,1.22133,1.22171,959
2026-06-12T05:00:00+00:00,1.22171,1.22223,1.22171,1.22223,1165
2026-06-12T05:15:00+00:00,1.22223,1.22243,1.22209,1.22243,2175
2026-06-12T05:30:00+00:00,1.22243,1.22265,1.22230,1.22261,1520
2026-06-12T05:45:00+00:00,1.22261,1.22328,1.22261,1.22328,1675
2026-06-12T06:00:00+00:00,1.22328,1.22328,1.22258,1.22258,1921
2026-06-12T06:15:00+00:00,1.22258,1.22281,1.22240,1.22261,1455
2026-06-12T06:30:00+00:00,1.22261,1.22285,1.22240,1.22278,880
2026-06-12T06:45:00+00:00,1.22278,1.22278,1.22185,1.22218,1759
2026-06-12T07:00:00+00:00,1.22218,1.22324,1.22218,1.22299,1688
2026-06-12T07:15:00+00:00,1.22299,1.22403,1.22299,1.22365,1396
2026-06-12T07:30:00+00:00,1.22365,1.22561,1.22365,1.22539,2154
2026-06-12T07:45:00+00:00,1.22539,1.22539,1.22369,1.22369,1472
2026-06-12T08:00:00+00:00,1.22369,1.22524,1.22369,1.22524,1507
2026-06-12T08:15:00+00:00,1.22524,1.22524,1.22481,1.22500,2132
2026-06-12T08:30:00+00:00,1.22500,1.22500,1.22418,1.22418,1599
2026-06-12T08:45:00+00:00,1.22418,1.22418,1.22390,1.22412,3002
2026-06-12T09:00:00+00:00,1.22412,1.22412,1.22356,1.22356,1448
2026-06-12T09:15:00+00:00,1.22356,1.22356,1.22319,1.22329,1815
2026-06-12T09:30:00+00:00,1.22329,1.22340,1.22308,1.22323,1988
2026-06-12T09:45:00+00:00,1.22323,1.22340,1.22322,1.22340,1927
2026-06-12T10:00:00+00:00,1.22340,1.22340,1.22315,1.22315,1140
2026-06-12T10:15:00+00:00,1.22315,1.22318,1.22298,1.22303,1542
2026-06-12T10:30:00+00:00,1.22303,1.22313,1.22297,1.22313,1126
2026-06-12T10:45:00+00:00,1.22313,1.22324,1.22313,1.22324,1575
2026-06-12T11:00:00+00:00,1.22324,1.22361,1.22324,1.22353,1289
2026-06-12T11:15:00+00:00,1.22353,1.22354,1.22347,1.22351,1386
2026-06-12T11:30:00+00:00,1.22351,1.22353,1.22320,1.22353,1155
2026-06-12T11:45:00+00:00,1.22353,1.22370,1.22328,1.22328,2098
2026-06-12T12:00:00+00:00,1.22328,1.22328,1.22282,1.22308,1268
2026-06-12T12:15:00+00:00,1.22308,1.22439,1.22308,1.22439,1009
2026-06-12T12:30:00+00:00,1.22439,1.22439,1.22377,1.22420,1842
2026-06-12T12:45:00+00:00,1.22420,1.22446,1.22341,1.22377,1859
2026-06-12T13:00:00+00:00,1.22377,1.22507,1.22377,1.22507,1722
2026-06-12T13:15:00+00:00,1.22507,1.22559,1.22507,1.22547,1997
2026-06-12T13:30:00+00:00,1.22547,1.22547,1.22457,1.22499,1656
2026-06-12T13:45:00+00:00,1.22499,1.22619,1.22494,1.22619,2258
2026-06-12T14:00:00+00:00,1.22619,1.22730,1.22611,1.22675,1620
2026-06-12T14:15:00+00:00,1.22675,1.22675,1.22605,1.22605,2045
2026-06-12T14:30:00+00:00,1.22605,1.22605,1.22575,1.22579,2776
2026-06-12T14:45:00+00:00,1.22579,1.22597,1.22569,1.22597,1720
2026-06-12T15:00:00+00:00,1.22597,1.22628,1.22560,1.22628,1305
2026-06-12T15:15:00+00:00,1.22628,1.22630,1.22608,1.22624,1104
2026-06-12T15:30:00+00:00,1.22624,1.22643,1.22607,1.22643,1415
2026-06-12T15:45:00+00:00,1.22643,1.22666,1.22643,1.22650,1773
2026-06-12T16:00:00+00:00,1.22650,1.22700,1.22650,1.22700,1717
2026-06-12T16:15:00+00:00,1.22700,1.22725,1.22700,1.22725,1092
2026-06-12T16:30:00+00:00,1.22725,1.22725,1.22697,1.22700,1674
2026-06-12T16:45:00+00:00,1.22700,1.22714,1.22687,1.22706,1415
2026-06-12T17:00:00+00:00,1.22706,1.22746,1.22706,1.22746,1521
2026-06-12T17:15:00+00:00,1.22746,1.22758,1.22744,1.22755,1329
2026-06-12T17:30:00+00:00,1.22755,1.22767,1.22753,1.22759,1187
2026-06-12T17:45:00+00:00,1.22759,1.22771,1.22752,1.22771,1648
2026-06-12T18:00:00+00:00,1.22771,1.22779,1.22750,1.22750,1728
2026-06-12T18:15:00+00:00,1.22750,1.22771,1.22745,1.22751,2203
2026-06-12T18:30:00+00:00,1.22751,1.22758,1.22746,1.22746,1449
2026-06-12T18:45:00+00:00,1.22746,1.22781,1.22746,1.22766,1355
2026-06-12T19:00:00+00:00,1.22766,1.22776,1.22765,1.22773,2052
2026-06-12T19:15:00+00:00,1.22773,1.22787,1.22771,1.22787,1016
2026-06-12T19:30:00+00:00,1.22787,1.22801,1.22787,1.22801,933
2026-06-12T19:45:00+00:00,1.22801,1.22801,1.22763,1.22763,2032
2026-06-12T20:00:00+00:00,1.22763,1.22800,1.22762,1.22800,1545
2026-06-12T20:15:00+00:00,1.22800,1.22800,1.22783,1.22800,2598
2026-06-12T20:30:00+00:00,1.22800,1.22804,1.22799,1.22803,1329
2026-06-12T20:45:00+00:00,1.22803,1.22809,1.22790,1.22800,710
2026-06-12T21:00:00+00:00,1.22800,1.22810,1.22773,1.22773,1394
2026-06-12T21:15:00+00:00,1.22773,1.22781,1.22763,1.22781,1448
2026-06-12T21:30:00+00:00,1.22781,1.22781,1.22770,1.22773,1405
2026-06-12T21:45:00+00:00,1.22773,1.22811,1.22770,1.22811,1568
2026-06-12T22:00:00+00:00,1.22811,1.22811,1.22791,1.22804,1853
2026-06-12T22:15:00+00:00,1.22804,1.22871,1.22804,1.22871,2253
2026-06-12T22:30:00+00:00,1.22871,1.22880,1.22869,1.22869,1998
2026-06-12T22:45:00+00:00,1.22869,1.22874,1.22855,1.22855,1681
2026-06-12T23:00:00+00:00,1.22855,1.22855,1.22831,1.22845,1755
2026-06-12T23:15:00+00:00,1.22845,1.22845,1.22809,1.22828,2207
2026-06-12T23:30:00+00:00,1.22828,1.22828,1.22803,1.22809,1758
2026-06-12T23:45:00+00:00,1.22809,1.22809,1.22775,1.22777,2569
2026-06-15T00:00:00+00:00,1.22777,1.22819,1.22757,1.22819,2194
2026-06-15T00:15:00+00:00,1.22819,1.22819,1.22756,1.22763,1931
2026-06-15T00:30:00+00:00,1.22763,1.22810,1.22732,1.22810,1484
2026-06-15T00:45:00+00:00,1.22810,1.22847,1.22810,1.22836,1211
2026-06-15T01:00:00+00:00,1.22836,1.22873,1.22824,1.22873,1620
2026-06-15T01:15:00+00:00,1.22873,1.22893,1.22871,1.22891,3032
2026-06-15T01:30:00+00:00,1.22891,1.22930,1.22883,1.22925,890
2026-06-15T01:45:00+00:00,1.22925,1.22944,1.22917,1.22921,2340
2026-06-15T02:00:00+00:00,1.22921,1.22952,1.22912,1.22952,1854
2026-06-15T02:15:00+00:00,1.22952,1.22952,1.22893,1.22893,1580
2026-06-15T02:30:00+00:00,1.22893,1.22923,1.22884,1.22923,1593
2026-06-15T02:45:00+00:00,1.22923,1.22923,1.22891,1.22894,1402
2026-06-15T03:00:00+00:00,1.22894,1.22927,1.22894,1.22927,2248
2026-06-15T03:15:00+00:00,1.22927,1.22981,1.22927,1.22955,1723
2026-06-15T03:30:00+00:00,1.22955,1.22966,1.22946,1.22946,1843
2026-06-15T03:45:00+00:00,1.22946,1.22946,1.22917,1.22930,695
2026-06-15T04:00:00+00:00,1.22930,1.22930,1.22884,1.22891,1058
2026-06-15T04:15:00+00:00,1.22891,1.22896,1.22883,1.22896,1514
2026-06-15T04:30:00+00:00,1.22896,1.22896,1.22865,1.22865,1695
2026-06-15T04:45:00+00:00,1.22865,1.22877,1.22851,1.22877,979
2026-06-15T05:00:00+00:00,1.22877,1.22877,1.22850,1.22874,1647
2026-06-15T05:15:00+00:00,1.22874,1.22901,1.22860,1.22881,1472
2026-06-15T05:30:00+00:00,1.22881,1.22881,1.22797,1.22797,2185
2026-06-15T05:45:00+00:00,1.22797,1.22813,1.22778,1.22791,1613
2026-06-15T06:00:00+00:00,1.22791,1.22795,1.22731,1.22731,2234
2026-06-15T06:15:00+00:00,1.22731,1.22783,1.22731,1.22764,1008
2026-06-15T06:30:00+00:00,1.22764,1.22871,1.22764,1.22836,1616
2026-06-15T06:45:00+00:00,1.22836,1.22842,1.22722,1.22722,1734
2026-06-15T07:00:00+00:00,1.22722,1.22722,1.22566,1.22681,1510
2026-06-15T07:15:00+00:00,1.22681,1.22759,1.22616,1.22759,1519
2026-06-15T07:30:00+00:00,1.22759,1.22759,1.22603,1.22603,1688
2026-06-15T07:45:00+00:00,1.22603,1.22629,1.22572,1.22572,1801
2026-06-15T08:00:00+00:00,1.22572,1.22617,1.22562,1.22562,1846
2026-06-15T08:15:00+00:00,1.22562,1.22562,1.22500,1.22518,1629
2026-06-15T08:30:00+00:00,1.22518,1.22551,1.22501,1.22516,1784
2026-06-15T08:45:00+00:00,1.22516,1.22551,1.22516,1.22529,2803
2026-06-15T09:00:00+00:00,1.22529,1.22534,1.22521,1.22522,1973
2026-06-15T09:15:00+00:00,1.22522,1.22522,1.22487,1.22487,510
2026-06-15T09:30:00+00:00,1.22487,1.22495,1.22465,1.22465,1557
2026-06-15T09:45:00+00:00,1.22465,1.22476,1.22463,1.22463,1201
2026-06-15T10:00:00+00:00,1.22463,1.22469,1.22449,1.22451,1943
2026-06-15T10:15:00+00:00,1.22451,1.22457,1.22432,1.22450,1251
2026-06-15T10:30:00+00:00,1.22450,1.22463,1.22450,1.22463,930
2026-06-15T10:45:00+00:00,1.22463,1.22485,1.22462,1.22474,1092
2026-06-15T11:00:00+00:00,1.22474,1.22483,1.22470,1.22470,2010
2026-06-15T11:15:00+00:00,1.22470,1.22529,1.22470,1.22520,1502
2026-06-15T11:30:00+00:00,1.22520,1.22533,1.22520,1.22520,1445
2026-06-15T11:45:00+00:00,1.22520,1.22530,1.22500,1.22500,992
2026-06-15T12:00:00+00:00,1.22500,1.22503,1.22458,1.22463,1142
2026-06-15T12:15:00+00:00,1.22463,1.22463,1.22387,1.22422,1578
2026-06-15T12:30:00+00:00,1.22422,1.22491,1.22422,1.22471,2021
2026-06-15T12:45:00+00:00,1.22471,1.22471,1.22403,1.22403,1534
2026-06-15T13:00:00+00:00,1.22403,1.22484,1.22403,1.22484,1090
2026-06-15T13:15:00+00:00,1.22484,1.22506,1.22476,1.22478,1349
2026-06-15T13:30:00+00:00,1.22478,1.22621,1.22478,1.22619,1520
2026-06-15T13:45:00+00:00,1.22619,1.22639,1.22579,1.22579,2755
2026-06-15T14:00:00+00:00,1.22579,1.22593,1.22526,1.22526,1361
2026-06-15T14:15:00+00:00,1.22526,1.22529,1.22490,1.22496,2451
2026-06-15T14:30:00+00:00,1.22496,1.22518,1.22450,1.22450,1204
2026-06-15T14:45:00+00:00,1.22450,1.22509,1.22438,1.22509,1419
2026-06-15T15:00:00+00:00,1.22509,1.22537,1.22509,1.22522,1854
2026-06-15T15:15:00+00:00,1.22522,1.22546,1.22491,1.22494,1597
2026-06-15T15:30:00+00:00,1.22494,1.22500,1.22463,1.22478,1245
2026-06-15T15:45:00+00:00,1.22478,1.22503,1.22470,1.22485,2065
2026-06-15T16:00:00+00:00,1.22485,1.22527,1.22485,1.22527,1595
2026-06-15T16:15:00+00:00,1.22527,1.22527,1.22512,1.22515,1762
2026-06-15T16:30:00+00:00,1.22515,1.22515,1.22495,1.22508,1151
2026-06-15T16:45:00+00:00,1.22508,1.22508,1.22479,1.22480,1834
2026-06-15T17:00:00+00:00,1.22480,1.22480,1.22457,1.22457,1666
2026-06-15T17:15:00+00:00,1.22457,1.22462,1.22439,1.22443,1688
2026-06-15T17:30:00+00:00,1.22443,1.22443,1.22424,1.22443,900
2026-06-15T17:45:00+00:00,1.22443,1.22469,1.22443,1.22469,1730
2026-06-15T18:00:00+00:00,1.22469,1.22469,1.22452,1.22465,1672
2026-06-15T18:15:00+00:00,1.22465,1.22469,1.22427,1.22439,1486
2026-06-15T18:30:00+00:00,1.22439,1.22461,1.22434,1.22450,1660
2026-06-15T18:45:00+00:00,1.22450,1.22479,1.22438,1.22479,1239
2026-06-15T19:00:00+00:00,1.22479,1.22487,1.22456,1.22456,1552
2026-06-15T19:15:00+00:00,1.22456,1.22465,1.22444,1.22465,1040
2026-06-15T19:30:00+00:00,1.22465,1.22467,1.22451,1.22464,1874
2026-06-15T19:45:00+00:00,1.22464,1.22464,1.22441,1.22441,1000
2026-06-15T20:00:00+00:00,1.22441,1.22468,1.22439,1.22468,896
2026-06-15T20:15:00+00:00,1.22468,1.22488,1.22468,1.22486,810
2026-06-15T20:30:00+00:00,1.22486,1.22486,1.22468,1.22480,2139
2026-06-15T20:45:00+00:00,1.22480,1.22512,1.22480,1.22511,1203
2026-06-15T21:00:00+00:00,1.22511,1.22550,1.22508,1.22550,1013
2026-06-15T21:15:00+00:00,1.22550,1.22579,1.22550,1.22579,2002
2026-06-15T21:30:00+00:00,1.22579,1.22579,1.22545,1.22554,1228
2026-06-15T21:45:00+00:00,1.22554,1.22563,1.22552,1.22563,2027
2026-06-15T22:00:00+00:00,1.22563,1.22575,1.22557,1.22557,1216
2026-06-15T22:15:00+00:00,1.22557,1.22577,1.22555,1.22555,1666
2026-06-15T22:30:00+00:00,1.22555,1.22574,1.22545,1.22574,1465
2026-06-15T22:45:00+00:00,1.22574,1.22594,1.22563,1.22593,1983
2026-06-15T23:00:00+00:00,1.22593,1.22614,1.22593,1.22602,1471
2026-06-15T23:15:00+00:00,1.22602,1.22641,1.22602,1.22641,1900
2026-06-15T23:30:00+00:00,1.22641,1.22641,1.22585,1.22585,1009
2026-06-15T23:45:00+00:00,1.22585,1.22590,1.22574,1.22579,1536
2026-06-16T00:00:00+00:00,1.22579,1.22579,1.22530,1.22530,458
2026-06-16T00:15:00+00:00,1.22530,1.22596,1.22530,1.22596,2214
2026-06-16T00:30:00+00:00,1.22596,1.22596,1.22563,1.22575,1710
2026-06-16T00:45:00+00:00,1.22575,1.22608,1.22571,1.22601,840
2026-06-16T01:00:00+00:00,1.22601,1.22601,1.22570,1.22570,2133
2026-06-16T01:15:00+00:00,1.22570,1.22611,1.22560,1.22611,1870
2026-06-16T01:30:00+00:00,1.22611,1.22611,1.22575,1.22599,1834
2026-06-16T01:45:00+00:00,1.22599,1.22599,1.22557,1.22557,1581
2026-06-16T02:00:00+00:00,1.22557,1.22566,1.22535,1.22556,1344
2026-06-16T02:15:00+00:00,1.22556,1.22574,1.22547,1.22556,757
2026-06-16T02:30:00+00:00,1.22556,1.22576,1.22532,1.22541,1289
2026-06-16T02:45:00+00:00,1.22541,1.22564,1.22519,1.22564,2324
2026-06-16T03:00:00+00:00,1.22564,1.22570,1.22552,1.22552,2305
2026-06-16T03:15:00+00:00,1.22552,1.22571,1.22549,1.22549,1184
2026-06-16T03:30:00+00:00,1.22549,1.22571,1.22549,1.22562,1289
2026-06-16T03:45:00+00:00,1.22562,1.22562,1.22519,1.22527,2527
2026-06-16T04:00:00+00:00,1.22527,1.22580,1.22512,1.22580,2207
2026-06-16T04:15:00+00:00,1.22580,1.22595,1.22580,1.22589,1650
2026-06-16T04:30:00+00:00,1.22589,1.22635,1.22589,1.22635,2013
2026-06-16T04:45:00+00:00,1.22635,1.22641,1.22633,1.22636,1116
2026-06-16T05:00:00+00:00,1.22636,1.22642,1.22629,1.22629,2142
2026-06-16T05:15:00+00:00,1.22629,1.22634,1.22614,1.22629,1116
2026-06-16T05:30:00+00:00,1.22629,1.22652,1.22629,1.22646,1092
2026-06-16T05:45:00+00:00,1.22646,1.22646,1.22604,1.22624,942
2026-06-16T06:00:00+00:00,1.22624,1.22624,1.22549,1.22549,2166
2026-06-16T06:15:00+00:00,1.22549,1.22618,1.22549,1.22618,1524
2026-06-16T06:30:00+00:00,1.22618,1.22644,1.22551,1.22594,2106
2026-06-16T06:45:00+00:00,1.22594,1.22668,1.22579,1.22582,2131
2026-06-16T07:00:00+00:00,1.22582,1.22602,1.22551,1.22602,2192
2026-06-16T07:15:00+00:00,1.22602,1.22602,1.22459,1.22503,1326
2026-06-16T07:30:00+00:00,1.22503,1.22548,1.22442,1.22442,2020
2026-06-16T07:45:00+00:00,1.22442,1.22442,1.22391,1.22421,2135
2026-06-16T08:00:00+00:00,1.22421,1.22447,1.22409,1.22420,1681
2026-06-16T08:15:00+00:00,1.22420,1.22491,1.22420,1.22491,1049
2026-06-16T08:30:00+00:00,1.22491,1.22491,1.22416,1.22433,795
2026-06-16T08:45:00+00:00,1.22433,1.22433,1.22396,1.22396,1424
2026-06-16T09:00:00+00:00,1.22396,1.22396,1.22367,1.22367,1632
2026-06-16T09:15:00+00:00,1.22367,1.22379,1.22361,1.22370,1481
2026-06-16T09:30:00+00:00,1.22370,1.22370,1.22346,1.22357,1024
2026-06-16T09:45:00+00:00,1.22357,1.22361,1.22314,1.22324,2049
2026-06-16T10:00:00+00:00,1.22324,1.22336,1.22309,1.22336,1166
2026-06-16T10:15:00+00:00,1.22336,1.22336,1.22303,1.22307,977
2026-06-16T10:30:00+00:00,1.22307,1.22307,1.22289,1.22299,718
2026-06-16T10:45:00+00:00,1.22299,1.22322,1.22299,1.22313,1721
2026-06-16T11:00:00+00:00,1.22313,1.22335,1.22313,1.22335,1817
2026-06-16T11:15:00+00:00,1.22335,1.22343,1.22327,1.22335,1302
2026-06-16T11:30:00+00:00,1.22335,1.22335,1.22298,1.22334,2265
2026-06-16T11:45:00+00:00,1.22334,1.22336,1.22312,1.22320,1718
2026-06-16T12:00:00+00:00,1.22320,1.22376,1.22306,1.22376,1472
2026-06-16T12:15:00+00:00,1.22376,1.22444,1.22376,1.22444,1163
2026-06-16T12:30:00+00:00,1.22444,1.22448,1.22398,1.22422,1075
2026-06-16T12:45:00+00:00,1.22422,1.22423,1.22388,1.22401,1492
2026-06-16T13:00:00+00:00,1.22401,1.22516,1.22397,1.22516,1249
2026-06-16T13:15:00+00:00,1.22516,1.22516,1.22391,1.22391,1741
2026-06-16T13:30:00+00:00,1.22391,1.22401,1.22348,1.22378,2508
2026-06-16T13:45:00+00:00,1.22378,1.22411,1.22270,1.22299,2028
2026-06-16T14:00:00+00:00,1.22299,1.22299,1.22148,1.22148,2120
2026-06-16T14:15:00+00:00,1.22148,1.22161,1.22062,1.22062,1567
2026-06-16T14:30:00+00:00,1.22062,1.22062,1.22020,1.22028,1868
2026-06-16T14:45:00+00:00,1.22028,1.22083,1.22028,1.22083,1746
2026-06-16T15:00:00+00:00,1.22083,1.22115,1.22068,1.22115,1088
2026-06-16T15:15:00+00:00,1.22115,1.22115,1.22055,1.22061,2130
2026-06-16T15:30:00+00:00,1.22061,1.22084,1.22051,1.22084,1454
2026-06-16T15:45:00+00:00,1.22084,1.22098,1.22084,1.22095,1081
2026-06-16T16:00:00+00:00,1.22095,1.22125,1.22095,1.22114,2352
2026-06-16T16:15:00+00:00,1.22114,1.22114,1.22079,1.22099,2400
2026-06-16T16:30:00+00:00,1.22099,1.22108,1.22073,1.22098,1063
2026-06-16T16:45:00+00:00,1.22098,1.22117,1.22074,1.22074,1136
2026-06-16T17:00:00+00:00,1.22074,1.22108,1.22074,1.22108,913
2026-06-16T17:15:00+00:00,1.22108,1.22129,1.22108,1.22116,2277
2026-06-16T17:30:00+00:00,1.22116,1.22116,1.22083,1.22083,2178
2026-06-16T17:45:00+00:00,1.22083,1.22109,1.22083,1.22100,1754
2026-06-16T18:00:00+00:00,1.22100,1.22113,1.22090,1.22106,2222
2026-06-16T18:15:00+00:00,1.22106,1.22121,1.22106,1.22109,1247
2026-06-16T18:30:00+00:00,1.22109,1.22144,1.22109,1.22144,2431
2026-06-16T18:45:00+00:00,1.22144,1.22178,1.22144,1.22178,1395
2026-06-16T19:00:00+00:00,1.22178,1.22203,1.22178,1.22192,2007
2026-06-16T19:15:00+00:00,1.22192,1.22192,1.22177,1.22187,1085
2026-06-16T19:30:00+00:00,1.22187,1.22202,1.22174,1.22196,1558
2026-06-16T19:45:00+00:00,1.22196,1.22221,1.22196,1.22211,1801
2026-06-16T20:00:00+00:00,1.22211,1.22217,1.22205,1.22217,1754
2026-06-16T20:15:00+00:00,1.22217,1.22238,1.22217,1.22238,1228
2026-06-16T20:30:00+00:00,1.22238,1.22248,1.22237,1.22242,1976
2026-06-16T20:45:00+00:00,1.22242,1.22286,1.22242,1.22286,1545
2026-06-16T21:00:00+00:00,1.22286,1.22292,1.22264,1.22264,1172
2026-06-16T21:15:00+00:00,1.22264,1.22267,1.22250,1.22267,1072
2026-06-16T21:30:00+00:00,1.22267,1.22267,1.22217,1.22217,1338
2026-06-16T21:45:00+00:00,1.22217,1.22230,1.22217,1.22230,1667
2026-06-16T22:00:00+00:00,1.22230,1.22244,1.22230,1.22244,1298
2026-06-16T22:15:00+00:00,1.22244,1.22257,1.22239,1.22239,709
2026-06-16T22:30:00+00:00,1.22239,1.22239,1.22221,1.22223,893
2026-06-16T22:45:00+00:00,1.22223,1.22235,1.22215,1.22221,1317
2026-06-16T23:00:00+00:00,1.22221,1.22245,1.22221,1.22229,1662
2026-06-16T23:15:00+00:00,1.22229,1.22236,1.22212,1.22212,1624
2026-06-16T23:30:00+00:00,1.22212,1.22269,1.22212,1.22269,1797
2026-06-16T23:45:00+00:00,1.22269,1.22279,1.22250,1.22251,2113
2026-06-17T00:00:00+00:00,1.22251,1.22273,1.22221,1.22273,1321
2026-06-17T00:15:00+00:00,1.22273,1.22273,1.22219,1.22221,1545
2026-06-17T00:30:00+00:00,1.22221,1.22274,1.22219,1.22260,1481
2026-06-17T00:45:00+00:00,1.22260,1.22260,1.22182,1.22210,1162
2026-06-17T01:00:00+00:00,1.22210,1.22285,1.22195,1.22285,1492
2026-06-17T01:15:00+00:00,1.22285,1.22285,1.22223,1.22223,1832
2026-06-17T01:30:00+00:00,1.22223,1.22236,1.22208,1.22236,1313
2026-06-17T01:45:00+00:00,1.22236,1.22297,1.22236,1.22280,1537
2026-06-17T02:00:00+00:00,1.22280,1.22280,1.22240,1.22260,1748
2026-06-17T02:15:00+00:00,1.22260,1.22260,1.22234,1.22234,1728
2026-06-17T02:30:00+00:00,1.22234,1.22264,1.22232,1.22247,1268
2026-06-17T02:45:00+00:00,1.22247,1.22282,1.22247,1.22262,1154
2026-06-17T03:00:00+00:00,1.22262,1.22262,1.22236,1.22236,1783
2026-06-17T03:15:00+00:00,1.22236,1.22236,1.22202,1.22202,2044
2026-06-17T03:30:00+00:00,1.22202,1.22226,1.22189,1.22189,2153
2026-06-17T03:45:00+00:00,1.22189,1.22217,1.22178,1.22178,1050
2026-06-17T04:00:00+00:00,1.22178,1.22184,1.22168,1.22184,1596
2026-06-17T04:15:00+00:00,1.22184,1.22211,1.22180,1.22203,1118
2026-06-17T04:30:00+00:00,1.22203,1.22221,1.22203,1.22214,1271
2026-06-17T04:45:00+00:00,1.22214,1.22214,1.22169,1.22169,1331
2026-06-17T05:00:00+00:00,1.22169,1.22169,1.22143,1.22156,1490
2026-06-17T05:15:00+00:00,1.22156,1.22196,1.22156,1.22156,1779
2026-06-17T05:30:00+00:00,1.22156,1.22172,1.22146,1.22146,2451
2026-06-17T05:45:00+00:00,1.22146,1.22146,1.22094,1.22146,1907
2026-06-17T06:00:00+00:00,1.22146,1.22160,1.22099,1.22105,1846
2026-06-17T06:15:00+00:00,1.22105,1.22162,1.22105,1.22162,585
2026-06-17T06:30:00+00:00,1.22162,1.22213,1.22162,1.22176,1703
2026-06-17T06:45:00+00:00,1.22176,1.22195,1.22120,1.22120,1617
2026-06-17T07:00:00+00:00,1.22120,1.22168,1.22113,1.22128,1854
2026-06-17T07:15:00+00:00,1.22128,1.22171,1.22098,1.22171,1128
2026-06-17T07:30:00+00:00,1.22171,1.22312,1.22171,1.22224,1814
2026-06-17T07:45:00+00:00,1.22224,1.22275,1.22200,1.22263,1618
2026-06-17T08:00:00+00:00,1.22263,1.22446,1.22263,1.22446,1730
2026-06-17T08:15:00+00:00,1.22446,1.22488,1.22446,1.22473,1843
2026-06-17T08:30:00+00:00,1.22473,1.22473,1.22440,1.22459,1814
2026-06-17T08:45:00+00:00,1.22459,1.22480,1.22442,1.22480,2339
2026-06-17T09:00:00+00:00,1.22480,1.22483,1.22456,1.22456,1885
2026-06-17T09:15:00+00:00,1.22456,1.22479,1.22456,1.22479,1765
2026-06-17T09:30:00+00:00,1.22479,1.22492,1.22478,1.22487,2114
2026-06-17T09:45:00+00:00,1.22487,1.22492,1.22473,1.22481,991
2026-06-17T10:00:00+00:00,1.22481,1.22481,1.22443,1.22443,727
2026-06-17T10:15:00+00:00,1.22443,1.22450,1.22417,1.22418,1518
2026-06-17T10:30:00+00:00,1.22418,1.22418,1.22374,1.22374,522
2026-06-17T10:45:00+00:00,1.22374,1.22375,1.22355,1.22375,1969
2026-06-17T11:00:00+00:00,1.22375,1.22375,1.22336,1.22352,1015
2026-06-17T11:15:00+00:00,1.22352,1.22352,1.22311,1.22311,2132
2026-06-17T11:30:00+00:00,1.22311,1.22323,1.22294,1.22298,1623
2026-06-17T11:45:00+00:00,1.22298,1.22320,1.22268,1.22320,1802
2026-06-17T12:00:00+00:00,1.22320,1.22322,1.22257,1.22257,2790
2026-06-17T12:15:00+00:00,1.22257,1.22287,1.22246,1.22246,2220
2026-06-17T12:30:00+00:00,1.22246,1.22267,1.22214,1.22217,1910
2026-06-17T12:45:00+00:00,1.22217,1.22272,1.22196,1.22259,1391
2026-06-17T13:00:00+00:00,1.22259,1.22259,1.22165,1.22197,1998
2026-06-17T13:15:00+00:00,1.22197,1.22246,1.22190,1.22199,918
2026-06-17T13:30:00+00:00,1.22199,1.22199,1.22057,1.22081,2404
2026-06-17T13:45:00+00:00,1.22081,1.22268,1.22081,1.22268,1136
2026-06-17T14:00:00+00:00,1.22268,1.22333,1.22266,1.22333,1472
2026-06-17T14:15:00+00:00,1.22333,1.22346,1.22319,1.22339,1805
2026-06-17T14:30:00+00:00,1.22339,1.22339,1.22237,1.22264,884
2026-06-17T14:45:00+00:00,1.22264,1.22264,1.22235,1.22235,1404
2026-06-17T15:00:00+00:00,1.22235,1.22235,1.22206,1.22219,1200
2026-06-17T15:15:00+00:00,1.22219,1.22244,1.22219,1.22244,1099
2026-06-17T15:30:00+00:00,1.22244,1.22262,1.22239,1.22259,1104
2026-06-17T15:45:00+00:00,1.22259,1.22261,1.22232,1.22249,2100
2026-06-17T16:00:00+00:00,1.22249,1.22270,1.22247,1.22260,1598
2026-06-17T16:15:00+00:00,1.22260,1.22260,1.22243,1.22252,749
2026-06-17T16:30:00+00:00,1.22252,1.22266,1.22249,1.22262,2242
2026-06-17T16:45:00+00:00,1.22262,1.22270,1.22256,1.22263,1210
2026-06-17T17:00:00+00:00,1.22263,1.22277,1.22257,1.22264,1990
2026-06-17T17:15:00+00:00,1.22264,1.22274,1.22255,1.22255,1639
2026-06-17T17:30:00+00:00,1.22255,1.22255,1.22235,1.22243,1717
2026-06-17T17:45:00+00:00,1.22243,1.22292,1.22239,1.22292,1626
2026-06-17T18:00:00+00:00,1.22292,1.22298,1.22273,1.22273,1623
2026-06-17T18:15:00+00:00,1.22273,1.22276,1.22256,1.22256,1441
2026-06-17T18:30:00+00:00,1.22256,1.22261,1.22251,1.22256,1960
2026-06-17T18:45:00+00:00,1.22256,1.22263,1.22252,1.22257,1120
2026-06-17T19:00:00+00:00,1.22257,1.22270,1.22241,1.22268,1491
2026-06-17T19:15:00+00:00,1.22268,1.22300,1.22268,1.22300,1690
2026-06-17T19:30:00+00:00,1.22300,1.22307,1.22270,1.22273,1394
2026-06-17T19:45:00+00:00,1.22273,1.22305,1.22273,1.22305,1692
2026-06-17T20:00:00+00:00,1.22305,1.22305,1.22274,1.22274,969
2026-06-17T20:15:00+00:00,1.22274,1.22332,1.22274,1.22332,1239
2026-06-17T20:30:00+00:00,1.22332,1.22339,1.22322,1.22339,1251
2026-06-17T20:45:00+00:00,1.22339,1.22381,1.22339,1.22381,1129
2026-06-17T21:00:00+00:00,1.22381,1.22382,1.22363,1.22363,1466
2026-06-17T21:15:00+00:00,1.22363,1.22363,1.22321,1.22323,1355
2026-06-17T21:30:00+00:00,1.22323,1.22326,1.22308,1.22308,1277
2026-06-17T21:45:00+00:00,1.22308,1.22336,1.22308,1.22322,2105
2026-06-17T22:00:00+00:00,1.22322,1.22336,1.22320,1.22336,1571
2026-06-17T22:15:00+00:00,1.22336,1.22352,1.22336,1.22352,1946
2026-06-17T22:30:00+00:00,1.22352,1.22354,1.22349,1.22354,1392
2026-06-17T22:45:00+00:00,1.22354,1.22380,1.22354,1.22373,2074
2026-06-17T23:00:00+00:00,1.22373,1.22409,1.22373,1.22408,1649
2026-06-17T23:15:00+00:00,1.22408,1.22410,1.22405,1.22405,1680
2026-06-17T23:30:00+00:00,1.22405,1.22405,1.22366,1.22366,1874
2026-06-17T23:45:00+00:00,1.22366,1.22408,1.22366,1.22408,1466
2026-06-18T00:00:00+00:00,1.22408,1.22438,1.22408,1.22416,1740
2026-06-18T00:15:00+00:00,1.22416,1.22434,1.22407,1.22410,761
2026-06-18T00:30:00+00:00,1.22410,1.22410,1.22373,1.22407,1129
2026-06-18T00:45:00+00:00,1.22407,1.22415,1.22381,1.22394,875
2026-06-18T01:00:00+00:00,1.22394,1.22417,1.22392,1.22395,2523
2026-06-18T01:15:00+00:00,1.22395,1.22425,1.22388,1.22403,1891
2026-06-18T01:30:00+00:00,1.22403,1.22403,1.22346,1.22346,2593
2026-06-18T01:45:00+00:00,1.22346,1.22418,1.22346,1.22418,1923
2026-06-18T02:00:00+00:00,1.22418,1.22431,1.22405,1.22408,1280
2026-06-18T02:15:00+00:00,1.22408,1.22458,1.22408,1.22436,1346
2026-06-18T02:30:00+00:00,1.22436,1.22445,1.22404,1.22429,1584
2026-06-18T02:45:00+00:00,1.22429,1.22492,1.22429,1.22473,1529
2026-06-18T03:00:00+00:00,1.22473,1.22536,1.22473,1.22519,1147
2026-06-18T03:15:00+00:00,1.22519,1.22556,1.22509,1.22556,334
2026-06-18T03:30:00+00:00,1.22556,1.22610,1.22556,1.22586,2779
2026-06-18T03:45:00+00:00,1.22586,1.22593,1.22582,1.22582,2522
2026-06-18T04:00:00+00:00,1.22582,1.22609,1.22572,1.22602,1485
2026-06-18T04:15:00+00:00,1.22602,1.22602,1.22554,1.22554,2065
2026-06-18T04:30:00+00:00,1.22554,1.22590,1.22553,1.22590,170
2026-06-18T04:45:00+00:00,1.22590,1.22590,1.22568,1.22568,1221
2026-06-18T05:00:00+00:00,1.22568,1.22573,1.22551,1.22559,782
2026-06-18T05:15:00+00:00,1.22559,1.22602,1.22559,1.22601,535
2026-06-18T05:30:00+00:00,1.22601,1.22608,1.22581,1.22601,1358
2026-06-18T05:45:00+00:00,1.22601,1.22619,1.22583,1.22613,1659
2026-06-18T06:00:00+00:00,1.22613,1.22653,1.22610,1.22648,2158
2026-06-18T06:15:00+00:00,1.22648,1.22727,1.22648,1.22706,1287
2026-06-18T06:30:00+00:00,1.22706,1.22938,1.22706,1.22938,1975
2026-06-18T06:45:00+00:00,1.22938,1.23018,1.22934,1.23018,1747
2026-06-18T07:00:00+00:00,1.23018,1.23033,1.22955,1.22988,1075
2026-06-18T07:15:00+00:00,1.22988,1.23049,1.22988,1.23044,2181
2026-06-18T07:30:00+00:00,1.23044,1.23055,1.22936,1.22936,1852
2026-06-18T07:45:00+00:00,1.22936,1.22953,1.22877,1.22877,2268
2026-06-18T08:00:00+00:00,1.22877,1.22948,1.22877,1.22917,1210
2026-06-18T08:15:00+00:00,1.22917,1.22920,1.22871,1.22871,2032
2026-06-18T08:30:00+00:00,1.22871,1.22893,1.22861,1.22893,2183
2026-06-18T08:45:00+00:00,1.22893,1.22921,1.22893,1.22902,2253
2026-06-18T09:00:00+00:00,1.22902,1.22902,1.22881,1.22896,1881
2026-06-18T09:15:00+00:00,1.22896,1.22902,1.22873,1.22902,1719
2026-06-18T09:30:00+00:00,1.22902,1.22925,1.22902,1.22909,1688
2026-06-18T09:45:00+00:00,1.22909,1.22933,1.22909,1.22926,129
2026-06-18T10:00:00+00:00,1.22926,1.22931,1.22889,1.22889,1668
2026-06-18T10:15:00+00:00,1.22889,1.22891,1.22863,1.22891,2464
2026-06-18T10:30:00+00:00,1.22891,1.22895,1.22884,1.22884,1260
2026-06-18T10:45:00+00:00,1.22884,1.22906,1.22874,1.22878,1951
2026-06-18T11:00:00+00:00,1.22878,1.22885,1.22874,1.22885,1503
2026-06-18T11:15:00+00:00,1.22885,1.22905,1.22885,1.22898,1495
2026-06-18T11:30:00+00:00,1.22898,1.22914,1.22897,1.22911,1714
2026-06-18T11:45:00+00:00,1.22911,1.22911,1.22887,1.22898,1580
2026-06-18T12:00:00+00:00,1.22898,1.22898,1.22840,1.22887,2254
2026-06-18T12:15:00+00:00,1.22887,1.22894,1.22869,1.22869,2089
2026-06-18T12:30:00+00:00,1.22869,1.22927,1.22869,1.22913,2102
2026-06-18T12:45:00+00:00,1.22913,1.22947,1.22861,1.22915,1871
2026-06-18T13:00:00+00:00,1.22915,1.22944,1.22872,1.22872,2216
2026-06-18T13:15:00+00:00,1.22872,1.22872,1.22777,1.22777,2734
2026-06-18T13:30:00+00:00,1.22777,1.22839,1.22777,1.22824,2034
2026-06-18T13:45:00+00:00,1.22824,1.22887,1.22817,1.22822,1928
2026-06-18T14:00:00+00:00,1.22822,1.22822,1.22769,1.22769,1047
2026-06-18T14:15:00+00:00,1.22769,1.22822,1.22761,1.22761,508
2026-06-18T14:30:00+00:00,1.22761,1.22823,1.22761,1.22823,1585
2026-06-18T14:45:00+00:00,1.22823,1.22849,1.22808,1.22849,1963
2026-06-18T15:00:00+00:00,1.22849,1.22879,1.22849,1.22879,1813
2026-06-18T15:15:00+00:00,1.22879,1.22898,1.22856,1.22856,2040
2026-06-18T15:30:00+00:00,1.22856,1.22905,1.22853,1.22905,1700
2026-06-18T15:45:00+00:00,1.22905,1.22968,1.22899,1.22966,1970
2026-06-18T16:00:00+00:00,1.22966,1.22987,1.22964,1.22964,1496
2026-06-18T16:15:00+00:00,1.22964,1.22984,1.22964,1.22984,1706
2026-06-18T16:30:00+00:00,1.22984,1.22998,1.22973,1.22998,1232
2026-06-18T16:45:00+00:00,1.22998,1.23001,1.22978,1.22978,1755
2026-06-18T17:00:00+00:00,1.22978,1.23000,1.22978,1.22984,1886
2026-06-18T17:15:00+00:00,1.22984,1.23014,1.22984,1.23008,1885
2026-06-18T17:30:00+00:00,1.23008,1.23008,1.22993,1.23001,1016
2026-06-18T17:45:00+00:00,1.23001,1.23009,1.22987,1.22987,1563
2026-06-18T18:00:00+00:00,1.22987,1.22988,1.22961,1.22988,1691
2026-06-18T18:15:00+00:00,1.22988,1.23007,1.22985,1.23007,1401
2026-06-18T18:30:00+00:00,1.23007,1.23024,1.22996,1.23024,1453
2026-06-18T18:45:00+00:00,1.23024,1.23024,1.22961,1.22961,1444
2026-06-18T19:00:00+00:00,1.22961,1.22990,1.22961,1.22965,1923
2026-06-18T19:15:00+00:00,1.22965,1.22967,1.22943,1.22967,1245
2026-06-18T19:30:00+00:00,1.22967,1.22991,1.22967,1.22991,2272
2026-06-18T19:45:00+00:00,1.22991,1.23013,1.22980,1.23013,2550
2026-06-18T20:00:00+00:00,1.23013,1.23036,1.22999,1.22999,1979
2026-06-18T20:15:00+00:00,1.22999,1.23022,1.22999,1.23022,1510
2026-06-18T20:30:00+00:00,1.23022,1.23047,1.23019,1.23047,1284
2026-06-18T20:45:00+00:00,1.23047,1.23051,1.23021,1.23051,733
2026-06-18T21:00:00+00:00,1.23051,1.23074,1.23051,1.23061,807
2026-06-18T21:15:00+00:00,1.23061,1.23073,1.23057,1.23073,834
2026-06-18T21:30:00+00:00,1.23073,1.23087,1.23073,1.23077,2000
2026-06-18T21:45:00+00:00,1.23077,1.23080,1.23077,1.23079,2176
2026-06-18T22:00:00+00:00,1.23079,1.23116,1.23079,1.23116,1561
2026-06-18T22:15:00+00:00,1.23116,1.23158,1.23116,1.23158,2288
2026-06-18T22:30:00+00:00,1.23158,1.23173,1.23156,1.23163,1388
2026-06-18T22:45:00+00:00,1.23163,1.23171,1.23154,1.23157,990
2026-06-18T23:00:00+00:00,1.23157,1.23189,1.23157,1.23189,1969
2026-06-18T23:15:00+00:00,1.23189,1.23189,1.23148,1.23155,553
2026-06-18T23:30:00+00:00,1.23155,1.23164,1.23131,1.23131,1175
2026-06-18T23:45:00+00:00,1.23131,1.23140,1.23110,1.23139,1819
2026-06-19T00:00:00+00:00,1.23139,1.23139,1.23105,1.23137,1638
2026-06-19T00:15:00+00:00,1.23137,1.23205,1.23137,1.23197,1807
2026-06-19T00:30:00+00:00,1.23197,1.23223,1.23188,1.23223,622
2026-06-19T00:45:00+00:00,1.23223,1.23223,1.23187,1.23187,1876
2026-06-19T01:00:00+00:00,1.23187,1.23187,1.23108,1.23108,2432
2026-06-19T01:15:00+00:00,1.23108,1.23143,1.23101,1.23101,1114
2026-06-19T01:30:00+00:00,1.23101,1.23120,1.23066,1.23066,1319
2026-06-19T01:45:00+00:00,1.23066,1.23085,1.23041,1.23085,1762
2026-06-19T02:00:00+00:00,1.23085,1.23088,1.23054,1.23058,1201
2026-06-19T02:15:00+00:00,1.23058,1.23089,1.23048,1.23089,2009
2026-06-19T02:30:00+00:00,1.23089,1.23120,1.23089,1.23111,1570
2026-06-19T02:45:00+00:00,1.23111,1.23132,1.23089,1.23108,1676
2026-06-19T03:00:00+00:00,1.23108,1.23109,1.23095,1.23095,1690
2026-06-19T03:15:00+00:00,1.23095,1.23095,1.23062,1.23065,1576
2026-06-19T03:30:00+00:00,1.23065,1.23074,1.23043,1.23070,1314
2026-06-19T03:45:00+00:00,1.23070,1.23084,1.23055,1.23073,1659
2026-06-19T04:00:00+00:00,1.23073,1.23073,1.23009,1.23011,1394
2026-06-19T04:15:00+00:00,1.23011,1.23039,1.23006,1.23039,912
2026-06-19T04:30:00+00:00,1.23039,1.23061,1.23039,1.23061,1223
2026-06-19T04:45:00+00:00,1.23061,1.23088,1.23059,1.23088,587
2026-06-19T05:00:00+00:00,1.23088,1.23094,1.23065,1.23065,1826
2026-06-19T05:15:00+00:00,1.23065,1.23073,1.23039,1.23073,1613
2026-06-19T05:30:00+00:00,1.23073,1.23119,1.23073,1.23116,1442
2026-06-19T05:45:00+00:00,1.23116,1.23116,1.23083,1.23116,1209
2026-06-19T06:00:00+00:00,1.23116,1.23209,1.23116,1.23209,775
2026-06-19T06:15:00+00:00,1.23209,1.23248,1.23209,1.23228,1957
2026-06-19T06:30:00+00:00,1.23228,1.23350,1.23224,1.23350,1872
2026-06-19T06:45:00+00:00,1.23350,1.23372,1.23280,1.23305,1741
2026-06-19T07:00:00+00:00,1.23305,1.23305,1.23183,1.23183,1758
2026-06-19T07:15:00+00:00,1.23183,1.23259,1.23167,1.23259,1569
2026-06-19T07:30:00+00:00,1.23259,1.23279,1.23201,1.23276,2164
2026-06-19T07:45:00+00:00,1.23276,1.23311,1.23163,1.23165,2062
2026-06-19T08:00:00+00:00,1.23165,1.23230,1.23094,1.23202,1940
2026-06-19T08:15:00+00:00,1.23202,1.23202,1.23096,1.23096,1282
2026-06-19T08:30:00+00:00,1.23096,1.23096,1.23077,1.23090,2057
2026-06-19T08:45:00+00:00,1.23090,1.23121,1.23090,1.23095,1597
2026-06-19T09:00:00+00:00,1.23095,1.23095,1.23056,1.23075,1250
2026-06-19T09:15:00+00:00,1.23075,1.23081,1.23052,1.23052,2126
2026-06-19T09:30:00+00:00,1.23052,1.23052,1.23019,1.23021,1551
2026-06-19T09:45:00+00:00,1.23021,1.23049,1.23021,1.23043,1371
2026-06-19T10:00:00+00:00,1.23043,1.23065,1.23043,1.23056,1540
2026-06-19T10:15:00+00:00,1.23056,1.23057,1.23030,1.23053,1725
2026-06-19T10:30:00+00:00,1.23053,1.23057,1.23038,1.23057,2424
2026-06-19T10:45:00+00:00,1.23057,1.23057,1.23031,1.23035,1067
2026-06-19T11:00:00+00:00,1.23035,1.23057,1.23019,1.23057,1744
2026-06-19T11:15:00+00:00,1.23057,1.23071,1.23049,1.23055,1716
2026-06-19T11:30:00+00:00,1.23055,1.23076,1.23039,1.23047,1781
2026-06-19T11:45:00+00:00,1.23047,1.23090,1.23047,1.23090,1388
2026-06-19T12:00:00+00:00,1.23090,1.23099,1.23081,1.23083,1562
2026-06-19T12:15:00+00:00,1.23083,1.23101,1.23047,1.23096,2542
2026-06-19T12:30:00+00:00,1.23096,1.23100,1.23050,1.23079,1218
2026-06-19T12:45:00+00:00,1.23079,1.23167,1.23079,1.23156,1516
2026-06-19T13:00:00+00:00,1.23156,1.23204,1.23144,1.23144,2306
2026-06-19T13:15:00+00:00,1.23144,1.23206,1.23119,1.23128,1966
2026-06-19T13:30:00+00:00,1.23128,1.23244,1.23128,1.23155,2458
2026-06-19T13:45:00+00:00,1.23155,1.23190,1.23119,1.23189,1324
2026-06-19T14:00:00+00:00,1.23189,1.23285,1.23189,1.23281,1186
2026-06-19T14:15:00+00:00,1.23281,1.23306,1.23281,1.23306,1636
2026-06-19T14:30:00+00:00,1.23306,1.23306,1.23244,1.23264,1911
2026-06-19T14:45:00+00:00,1.23264,1.23264,1.23216,1.23220,1677
2026-06-19T15:00:00+00:00,1.23220,1.23220,1.23169,1.23173,2425
2026-06-19T15:15:00+00:00,1.23173,1.23223,1.23173,1.23202,1680
2026-06-19T15:30:00+00:00,1.23202,1.23221,1.23184,1.23221,1872
2026-06-19T15:45:00+00:00,1.23221,1.23242,1.23206,1.23233,1905
2026-06-19T16:00:00+00:00,1.23233,1.23233,1.23217,1.23217,1469
2026-06-19T16:15:00+00:00,1.23217,1.23239,1.23216,1.23223,1243
2026-06-19T16:30:00+00:00,1.23223,1.23235,1.23205,1.23230,1447
2026-06-19T16:45:00+00:00,1.23230,1.23237,1.23207,1.23207,1975
2026-06-19T17:00:00+00:00,1.23207,1.23207,1.23177,1.23177,1394
2026-06-19T17:15:00+00:00,1.23177,1.23211,1.23177,1.23195,2393
2026-06-19T17:30:00+00:00,1.23195,1.23195,1.23168,1.23182,1814
2026-06-19T17:45:00+00:00,1.23182,1.23204,1.23182,1.23198,1544
2026-06-19T18:00:00+00:00,1.23198,1.23205,1.23183,1.23203,891
2026-06-19T18:15:00+00:00,1.23203,1.23248,1.23203,1.23244,1645
2026-06-19T18:30:00+00:00,1.23244,1.23299,1.23244,1.23296,1583
2026-06-19T18:45:00+00:00,1.23296,1.23302,1.23263,1.23277,1483
2026-06-19T19:00:00+00:00,1.23277,1.23277,1.23223,1.23227,1417
2026-06-19T19:15:00+00:00,1.23227,1.23227,1.23192,1.23192,1788
2026-06-19T19:30:00+00:00,1.23192,1.23197,1.23172,1.23179,1693
2026-06-19T19:45:00+00:00,1.23179,1.23204,1.23179,1.23202,1928
2026-06-19T20:00:00+00:00,1.23202,1.23204,1.23180,1.23185,1267
2026-06-19T20:15:00+00:00,1.23185,1.23208,1.23185,1.23208,2219
2026-06-19T20:30:00+00:00,1.23208,1.23219,1.23192,1.23192,897
2026-06-19T20:45:00+00:00,1.23192,1.23204,1.23168,1.23175,1604
2026-06-19T21:00:00+00:00,1.23175,1.23189,1.23160,1.23189,950
2026-06-19T21:15:00+00:00,1.23189,1.23207,1.23189,1.23202,989
2026-06-19T21:30:00+00:00,1.23202,1.23202,1.23171,1.23174,1902
2026-06-19T21:45:00+00:00,1.23174,1.23183,1.23157,1.23181,1261
2026-06-19T22:00:00+00:00,1.23181,1.23229,1.23181,1.23229,1402
2026-06-19T22:15:00+00:00,1.23229,1.23234,1.23190,1.23190,2045
2026-06-19T22:30:00+00:00,1.23190,1.23219,1.23190,1.23219,1890
2026-06-19T22:45:00+00:00,1.23219,1.23253,1.23219,1.23253,1675
2026-06-19T23:00:00+00:00,1.23253,1.23253,1.23229,1.23229,1350
2026-06-19T23:15:00+00:00,1.23229,1.23260,1.23229,1.23260,2362
2026-06-19T23:30:00+00:00,1.23260,1.23305,1.23260,1.23305,1472
2026-06-19T23:45:00+00:00,1.23305,1.23310,1.23299,1.23300,1927
2026-06-22T00:00:00+00:00,1.23300,1.23309,1.23276,1.23309,1584
2026-06-22T00:15:00+00:00,1.23309,1.23327,1.23296,1.23327,1592
2026-06-22T00:30:00+00:00,1.23327,1.23376,1.23327,1.23376,1354
2026-06-22T00:45:00+00:00,1.23376,1.23376,1.23297,1.23297,2085
2026-06-22T01:00:00+00:00,1.23297,1.23300,1.23261,1.23261,1566
2026-06-22T01:15:00+00:00,1.23261,1.23290,1.23258,1.23290,1375
2026-06-22T01:30:00+00:00,1.23290,1.23290,1.23261,1.23261,1199
2026-06-22T01:45:00+00:00,1.23261,1.23359,1.23261,1.23359,1766
2026-06-22T02:00:00+00:00,1.23359,1.23382,1.23340,1.23340,1405
2026-06-22T02:15:00+00:00,1.23340,1.23390,1.23340,1.23382,1449
2026-06-22T02:30:00+00:00,1.23382,1.23416,1.23381,1.23383,979
2026-06-22T02:45:00+00:00,1.23383,1.23383,1.23358,1.23362,2305
2026-06-22T03:00:00+00:00,1.23362,1.23408,1.23362,1.23394,1586
2026-06-22T03:15:00+00:00,1.23394,1.23439,1.23394,1.23439,917
2026-06-22T03:30:00+00:00,1.23439,1.23502,1.23439,1.23502,1894
2026-06-22T03:45:00+00:00,1.23502,1.23502,1.23454,1.23483,2267
2026-06-22T04:00:00+00:00,1.23483,1.23483,1.23432,1.23449,2045
2026-06-22T04:15:00+00:00,1.23449,1.23460,1.23403,1.23403,1686
2026-06-22T04:30:00+00:00,1.23403,1.23447,1.23403,1.23447,1616
2026-06-22T04:45:00+00:00,1.23447,1.23453,1.23441,1.23446,2114
2026-06-22T05:00:00+00:00,1.23446,1.23506,1.23446,1.23506,1405
2026-06-22T05:15:00+00:00,1.23506,1.23546,1.23506,1.23522,2022
2026-06-22T05:30:00+00:00,1.23522,1.23530,1.23453,1.23474,1911
2026-06-22T05:45:00+00:00,1.23474,1.23493,1.23444,1.23493,1208
2026-06-22T06:00:00+00:00,1.23493,1.23528,1.23493,1.23500,1365
2026-06-22T06:15:00+00:00,1.23500,1.23585,1.23500,1.23565,1586
2026-06-22T06:30:00+00:00,1.23565,1.23613,1.23460,1.23460,2348
2026-06-22T06:45:00+00:00,1.23460,1.23460,1.23345,1.23433,932
2026-06-22T07:00:00+00:00,1.23433,1.23475,1.23424,1.23437,1208
2026-06-22T07:15:00+00:00,1.23437,1.23437,1.23333,1.23357,2203
2026-06-22T07:30:00+00:00,1.23357,1.23442,1.23357,1.23364,1314
2026-06-22T07:45:00+00:00,1.23364,1.23433,1.23364,1.23433,1723
2026-06-22T08:00:00+00:00,1.23433,1.23494,1.23433,1.23445,1767
2026-06-22T08:15:00+00:00,1.23445,1.23457,1.23416,1.23427,1870
2026-06-22T08:30:00+00:00,1.23427,1.23427,1.23401,1.23413,1729
2026-06-22T08:45:00+00:00,1.23413,1.23419,1.23391,1.23395,813
2026-06-22T09:00:00+00:00,1.23395,1.23439,1.23395,1.23439,1549
2026-06-22T09:15:00+00:00,1.23439,1.23480,1.23439,1.23462,1947
2026-06-22T09:30:00+00:00,1.23462,1.23462,1.23436,1.23436,1175
2026-06-22T09:45:00+00:00,1.23436,1.23470,1.23436,1.23437,1686
2026-06-22T10:00:00+00:00,1.23437,1.23450,1.23437,1.23450,560
2026-06-22T10:15:00+00:00,1.23450,1.23453,1.23423,1.23423,1483
2026-06-22T10:30:00+00:00,1.23423,1.23423,1.23395,1.23407,2941
2026-06-22T10:45:00+00:00,1.23407,1.23407,1.23379,1.23379,1807
2026-06-22T11:00:00+00:00,1.23379,1.23401,1.23379,1.23391,975
2026-06-22T11:15:00+00:00,1.23391,1.23403,1.23387,1.23391,2055
2026-06-22T11:30:00+00:00,1.23391,1.23461,1.23391,1.23461,1504
2026-06-22T11:45:00+00:00,1.23461,1.23461,1.23422,1.23422,417
2026-06-22T12:00:00+00:00,1.23422,1.23447,1.23407,1.23407,1753
2026-06-22T12:15:00+00:00,1.23407,1.23435,1.23387,1.23435,946
2026-06-22T12:30:00+00:00,1.23435,1.23435,1.23401,1.23401,1641
2026-06-22T12:45:00+00:00,1.23401,1.23553,1.23379,1.23553,1028
2026-06-22T13:00:00+00:00,1.23553,1.23690,1.23553,1.23690,1703
2026-06-22T13:15:00+00:00,1.23690,1.23763,1.23644,1.23763,2024
2026-06-22T13:30:00+00:00,1.23763,1.23763,1.23681,1.23681,1725
2026-06-22T13:45:00+00:00,1.23681,1.23749,1.23564,1.23564,1498
2026-06-22T14:00:00+00:00,1.23564,1.23580,1.23555,1.23558,2318
2026-06-22T14:15:00+00:00,1.23558,1.23648,1.23558,1.23648,2121
2026-06-22T14:30:00+00:00,1.23648,1.23671,1.23592,1.23671,1514
2026-06-22T14:45:00+00:00,1.23671,1.23695,1.23669,1.23672,1695
2026-06-22T15:00:00+00:00,1.23672,1.23680,1.23660,1.23660,1930
2026-06-22T15:15:00+00:00,1.23660,1.23703,1.23646,1.23699,1575
2026-06-22T15:30:00+00:00,1.23699,1.23699,1.23682,1.23698,1573
2026-06-22T15:45:00+00:00,1.23698,1.23725,1.23696,1.23718,1462
2026-06-22T16:00:00+00:00,1.23718,1.23718,1.23674,1.23674,1531
2026-06-22T16:15:00+00:00,1.23674,1.23678,1.23607,1.23607,1867
2026-06-22T16:30:00+00:00,1.23607,1.23607,1.23579,1.23583,2103
2026-06-22T16:45:00+00:00,1.23583,1.23590,1.23565,1.23590,1268
2026-06-22T17:00:00+00:00,1.23590,1.23602,1.23586,1.23586,1315
2026-06-22T17:15:00+00:00,1.23586,1.23593,1.23570,1.23593,1160
2026-06-22T17:30:00+00:00,1.23593,1.23609,1.23592,1.23592,1439
2026-06-22T17:45:00+00:00,1.23592,1.23620,1.23592,1.23620,1741
2026-06-22T18:00:00+00:00,1.23620,1.23659,1.23620,1.23658,1110
2026-06-22T18:15:00+00:00,1.23658,1.23675,1.23658,1.23664,2480
2026-06-22T18:30:00+00:00,1.23664,1.23665,1.23653,1.23654,2294
2026-06-22T18:45:00+00:00,1.23654,1.23654,1.23624,1.23626,1339
2026-06-22T19:00:00+00:00,1.23626,1.23626,1.23595,1.23613,2457
2026-06-22T19:15:00+00:00,1.23613,1.23619,1.23604,1.23619,960
2026-06-22T19:30:00+00:00,1.23619,1.23642,1.23619,1.23642,1564
2026-06-22T19:45:00+00:00,1.23642,1.23650,1.23638,1.23646,1763
2026-06-22T20:00:00+00:00,1.23646,1.23646,1.23600,1.23602,894
2026-06-22T20:15:00+00:00,1.23602,1.23615,1.23599,1.23599,1809
2026-06-22T20:30:00+00:00,1.23599,1.23599,1.23578,1.23592,2628
2026-06-22T20:45:00+00:00,1.23592,1.23592,1.23570,1.23587,923
2026-06-22T21:00:00+00:00,1.23587,1.23613,1.23586,1.23613,1312
2026-06-22T21:15:00+00:00,1.23613,1.23630,1.23613,1.23625,1624
2026-06-22T21:30:00+00:00,1.23625,1.23625,1.23600,1.23607,1314
2026-06-22T21:45:00+00:00,1.23607,1.23611,1.23581,1.23597,2130
2026-06-22T22:00:00+00:00,1.23597,1.23627,1.23597,1.23627,2143
2026-06-22T22:15:00+00:00,1.23627,1.23627,1.23615,1.23621,2154
2026-06-22T22:30:00+00:00,1.23621,1.23621,1.23612,1.23619,1381
2026-06-22T22:45:00+00:00,1.23619,1.23632,1.23619,1.23631,1523
2026-06-22T23:00:00+00:00,1.23631,1.23634,1.23609,1.23624,1714
2026-06-22T23:15:00+00:00,1.23624,1.23642,1.23615,1.23639,1072
2026-06-22T23:30:00+00:00,1.23639,1.23653,1.23633,1.23650,1376
2026-06-22T23:45:00+00:00,1.23650,1.23659,1.23645,1.23647,978
2026-06-23T00:00:00+00:00,1.23647,1.23670,1.23622,1.23622,2422
2026-06-23T00:15:00+00:00,1.23622,1.23625,1.23601,1.23601,2004
2026-06-23T00:30:00+00:00,1.23601,1.23607,1.23598,1.23607,1780
2026-06-23T00:45:00+00:00,1.23607,1.23673,1.23607,1.23673,1328
2026-06-23T01:00:00+00:00,1.23673,1.23735,1.23669,1.23735,1874
2026-06-23T01:15:00+00:00,1.23735,1.23753,1.23719,1.23719,2119
2026-06-23T01:30:00+00:00,1.23719,1.23730,1.23692,1.23701,604
2026-06-23T01:45:00+00:00,1.23701,1.23701,1.23659,1.23670,1485
2026-06-23T02:00:00+00:00,1.23670,1.23685,1.23652,1.23685,898
2026-06-23T02:15:00+00:00,1.23685,1.23685,1.23655,1.23657,1509
2026-06-23T02:30:00+00:00,1.23657,1.23657,1.23633,1.23652,2070
2026-06-23T02:45:00+00:00,1.23652,1.23664,1.23614,1.23649,2135
2026-06-23T03:00:00+00:00,1.23649,1.23677,1.23642,1.23677,749
2026-06-23T03:15:00+00:00,1.23677,1.23688,1.23660,1.23667,2234
2026-06-23T03:30:00+00:00,1.23667,1.23689,1.23663,1.23689,2484
2026-06-23T03:45:00+00:00,1.23689,1.23730,1.23689,1.23729,608
2026-06-23T04:00:00+00:00,1.23729,1.23754,1.23729,1.23754,523
2026-06-23T04:15:00+00:00,1.23754,1.23766,1.23750,1.23766,1620
2026-06-23T04:30:00+00:00,1.23766,1.23775,1.23735,1.23735,1812
2026-06-23T04:45:00+00:00,1.23735,1.23814,1.23735,1.23814,2025
2026-06-23T05:00:00+00:00,1.23814,1.23843,1.23807,1.23843,1891
2026-06-23T05:15:00+00:00,1.23843,1.23843,1.23803,1.23803,2501
2026-06-23T05:30:00+00:00,1.23803,1.23805,1.23764,1.23797,1691
2026-06-23T05:45:00+00:00,1.23797,1.23800,1.23773,1.23800,1341
2026-06-23T06:00:00+00:00,1.23800,1.23815,1.23742,1.23747,1834
2026-06-23T06:15:00+00:00,1.23747,1.23804,1.23747,1.23797,1819
2026-06-23T06:30:00+00:00,1.23797,1.23936,1.23797,1.23889,675
2026-06-23T06:45:00+00:00,1.23889,1.23965,1.23881,1.23965,2617
2026-06-23T07:00:00+00:00,1.23965,1.24089,1.23965,1.24089,1183
2026-06-23T07:15:00+00:00,1.24089,1.24089,1.24025,1.24025,1894
2026-06-23T07:30:00+00:00,1.24025,1.24047,1.23976,1.23976,1269
2026-06-23T07:45:00+00:00,1.23976,1.24167,1.23976,1.24161,2759
2026-06-23T08:00:00+00:00,1.24161,1.24161,1.24068,1.24118,765
2026-06-23T08:15:00+00:00,1.24118,1.24129,1.24102,1.24121,1502
2026-06-23T08:30:00+00:00,1.24121,1.24144,1.24087,1.24144,1587
2026-06-23T08:45:00+00:00,1.24144,1.24202,1.24144,1.24202,2047
2026-06-23T09:00:00+00:00,1.24202,1.24228,1.24177,1.24228,1792
2026-06-23T09:15:00+00:00,1.24228,1.24232,1.24214,1.24225,844
2026-06-23T09:30:00+00:00,1.24225,1.24244,1.24212,1.24238,1396
2026-06-23T09:45:00+00:00,1.24238,1.24243,1.24215,1.24215,1644
2026-06-23T10:00:00+00:00,1.24215,1.24243,1.24215,1.24243,1036
2026-06-23T10:15:00+00:00,1.24243,1.24243,1.24218,1.24228,1031
2026-06-23T10:30:00+00:00,1.24228,1.24228,1.24183,1.24193,1967
2026-06-23T10:45:00+00:00,1.24193,1.24212,1.24193,1.24212,1493
2026-06-23T11:00:00+00:00,1.24212,1.24227,1.24212,1.24227,1099
2026-06-23T11:15:00+00:00,1.24227,1.24260,1.24221,1.24221,1403
2026-06-23T11:30:00+00:00,1.24221,1.24221,1.24201,1.24201,1619
2026-06-23T11:45:00+00:00,1.24201,1.24252,1.24201,1.24252,2069
2026-06-23T12:00:00+00:00,1.24252,1.24284,1.24242,1.24284,1520
2026-06-23T12:15:00+00:00,1.24284,1.24287,1.24273,1.24274,1755
2026-06-23T12:30:00+00:00,1.24274,1.24346,1.24274,1.24323,2013
2026-06-23T12:45:00+00:00,1.24323,1.24323,1.24186,1.24186,1467
2026-06-23T13:00:00+00:00,1.24186,1.24280,1.24171,1.24239,464
2026-06-23T13:15:00+00:00,1.24239,1.24278,1.24162,1.24162,1703
2026-06-23T13:30:00+00:00,1.24162,1.24167,1.24056,1.24056,1579
2026-06-23T13:45:00+00:00,1.24056,1.24233,1.24056,1.24192,1260
2026-06-23T14:00:00+00:00,1.24192,1.24221,1.24189,1.24210,1639
2026-06-23T14:15:00+00:00,1.24210,1.24210,1.24142,1.24162,2290
2026-06-23T14:30:00+00:00,1.24162,1.24162,1.24069,1.24069,1400
2026-06-23T14:45:00+00:00,1.24069,1.24127,1.24055,1.24127,1524
2026-06-23T15:00:00+00:00,1.24127,1.24127,1.24064,1.24064,891
2026-06-23T15:15:00+00:00,1.24064,1.24097,1.24059,1.24097,1725
2026-06-23T15:30:00+00:00,1.24097,1.24172,1.24094,1.24172,1486
2026-06-23T15:45:00+00:00,1.24172,1.24193,1.24172,1.24188,2412
2026-06-23T16:00:00+00:00,1.24188,1.24188,1.24136,1.24136,815
2026-06-23T16:15:00+00:00,1.24136,1.24197,1.24136,1.24197,2029
2026-06-23T16:30:00+00:00,1.24197,1.24204,1.24175,1.24179,1689
2026-06-23T16:45:00+00:00,1.24179,1.24195,1.24179,1.24188,1086
2026-06-23T17:00:00+00:00,1.24188,1.24214,1.24188,1.24214,1601
2026-06-23T17:15:00+00:00,1.24214,1.24214,1.24179,1.24179,1735
2026-06-23T17:30:00+00:00,1.24179,1.24179,1.24140,1.24140,1203
2026-06-23T17:45:00+00:00,1.24140,1.24140,1.24110,1.24110,932
2026-06-23T18:00:00+00:00,1.24110,1.24112,1.24091,1.24091,1867
2026-06-23T18:15:00+00:00,1.24091,1.24092,1.24067,1.24067,1448
2026-06-23T18:30:00+00:00,1.24067,1.24093,1.24067,1.24093,2775
2026-06-23T18:45:00+00:00,1.24093,1.24093,1.24077,1.24085,2077
2026-06-23T19:00:00+00:00,1.24085,1.24085,1.24063,1.24063,579
2026-06-23T19:15:00+00:00,1.24063,1.24063,1.24016,1.24016,1244
2026-06-23T19:30:00+00:00,1.24016,1.24055,1.24016,1.24050,1133
2026-06-23T19:45:00+00:00,1.24050,1.24072,1.24050,1.24068,1378
2026-06-23T20:00:00+00:00,1.24068,1.24074,1.24048,1.24057,1634
2026-06-23T20:15:00+00:00,1.24057,1.24057,1.24037,1.24039,1603
2026-06-23T20:30:00+00:00,1.24039,1.24067,1.24039,1.24056,1955
2026-06-23T20:45:00+00:00,1.24056,1.24065,1.24034,1.24035,1135
2026-06-23T21:00:00+00:00,1.24035,1.24063,1.24035,1.24063,633
2026-06-23T21:15:00+00:00,1.24063,1.24063,1.24037,1.24037,1459
2026-06-23T21:30:00+00:00,1.24037,1.24070,1.24037,1.24067,1467
2026-06-23T21:45:00+00:00,1.24067,1.24068,1.24042,1.24042,2241
2026-06-23T22:00:00+00:00,1.24042,1.24047,1.24032,1.24034,778
2026-06-23T22:15:00+00:00,1.24034,1.24080,1.24034,1.24071,1724
2026-06-23T22:30:00+00:00,1.24071,1.24071,1.24036,1.24036,1493
2026-06-23T22:45:00+00:00,1.24036,1.24036,1.23980,1.23980,1369
2026-06-23T23:00:00+00:00,1.23980,1.23995,1.23975,1.23975,1902
2026-06-23T23:15:00+00:00,1.23975,1.23993,1.23975,1.23985,2104
2026-06-23T23:30:00+00:00,1.23985,1.23990,1.23976,1.23988,1509
2026-06-23T23:45:00+00:00,1.23988,1.23996,1.23965,1.23965,1552
2026-06-24T00:00:00+00:00,1.23965,1.23965,1.23938,1.23963,1808
2026-06-24T00:15:00+00:00,1.23963,1.23985,1.23953,1.23970,650
2026-06-24T00:30:00+00:00,1.23970,1.23981,1.23962,1.23977,1856
2026-06-24T00:45:00+00:00,1.23977,1.24012,1.23977,1.23991,2134
2026-06-24T01:00:00+00:00,1.23991,1.23991,1.23925,1.23925,1005
2026-06-24T01:15:00+00:00,1.23925,1.23927,1.23907,1.23907,2331
2026-06-24T01:30:00+00:00,1.23907,1.23909,1.23874,1.23874,1022
2026-06-24T01:45:00+00:00,1.23874,1.23967,1.23874,1.23967,1442
2026-06-24T02:00:00+00:00,1.23967,1.23967,1.23938,1.23945,2471
2026-06-24T02:15:00+00:00,1.23945,1.23945,1.23918,1.23926,1720
2026-06-24T02:30:00+00:00,1.23926,1.23926,1.23884,1.23896,2170
2026-06-24T02:45:00+00:00,1.23896,1.23910,1.23896,1.23910,555
2026-06-24T03:00:00+00:00,1.23910,1.23911,1.23887,1.23887,807
2026-06-24T03:15:00+00:00,1.23887,1.23907,1.23884,1.23906,1389
2026-06-24T03:30:00+00:00,1.23906,1.23906,1.23874,1.23874,556
2026-06-24T03:45:00+00:00,1.23874,1.23919,1.23874,1.23906,983
2026-06-24T04:00:00+00:00,1.23906,1.23906,1.23872,1.23877,1755
2026-06-24T04:15:00+00:00,1.23877,1.23892,1.23874,1.23885,1258
2026-06-24T04:30:00+00:00,1.23885,1.23913,1.23882,1.23913,941
2026-06-24T04:45:00+00:00,1.23913,1.23913,1.23886,1.23886,1583
2026-06-24T05:00:00+00:00,1.23886,1.23911,1.23886,1.23908,997
2026-06-24T05:15:00+00:00,1.23908,1.23953,1.23904,1.23953,2084
2026-06-24T05:30:00+00:00,1.23953,1.23961,1.23913,1.23913,1998
2026-06-24T05:45:00+00:00,1.23913,1.23913,1.23884,1.23895,2580
2026-06-24T06:00:00+00:00,1.23895,1.23924,1.23865,1.23865,537
2026-06-24T06:15:00+00:00,1.23865,1.23942,1.23865,1.23933,1371
2026-06-24T06:30:00+00:00,1.23933,1.23933,1.23839,1.23863,1803
2026-06-24T06:45:00+00:00,1.23863,1.23977,1.23831,1.23977,1491
2026-06-24T07:00:00+00:00,1.23977,1.23986,1.23857,1.23857,2666
2026-06-24T07:15:00+00:00,1.23857,1.23857,1.23688,1.23693,2074
2026-06-24T07:30:00+00:00,1.23693,1.23904,1.23693,1.23879,2150
2026-06-24T07:45:00+00:00,1.23879,1.23984,1.23842,1.23984,1518
2026-06-24T08:00:00+00:00,1.23984,1.24054,1.23977,1.24054,2981
2026-06-24T08:15:00+00:00,1.24054,1.24095,1.24053,1.24084,1590
2026-06-24T08:30:00+00:00,1.24084,1.24099,1.24052,1.24099,1976
2026-06-24T08:45:00+00:00,1.24099,1.24107,1.24083,1.24086,1897
2026-06-24T09:00:00+00:00,1.24086,1.24123,1.24077,1.24123,1780
2026-06-24T09:15:00+00:00,1.24123,1.24148,1.24122,1.24148,1574
2026-06-24T09:30:00+00:00,1.24148,1.24172,1.24148,1.24153,1809
2026-06-24T09:45:00+00:00,1.24153,1.24190,1.24150,1.24190,1932
2026-06-24T10:00:00+00:00,1.24190,1.24208,1.24190,1.24206,2160
2026-06-24T10:15:00+00:00,1.24206,1.24206,1.24191,1.24196,2436
2026-06-24T10:30:00+00:00,1.24196,1.24196,1.24174,1.24195,1134
2026-06-24T10:45:00+00:00,1.24195,1.24195,1.24138,1.24159,998
2026-06-24T11:00:00+00:00,1.24159,1.24184,1.24159,1.24184,1047
2026-06-24T11:15:00+00:00,1.24184,1.24201,1.24173,1.24173,2168
2026-06-24T11:30:00+00:00,1.24173,1.24173,1.24132,1.24143,1418
2026-06-24T11:45:00+00:00,1.24143,1.24157,1.24118,1.24118,1648
2026-06-24T12:00:00+00:00,1.24118,1.24123,1.24088,1.24123,1796
2026-06-24T12:15:00+00:00,1.24123,1.24136,1.24105,1.24119,1687
2026-06-24T12:30:00+00:00,1.24119,1.24168,1.24090,1.24090,1611
2026-06-24T12:45:00+00:00,1.24090,1.24310,1.24066,1.24310,1770
2026-06-24T13:00:00+00:00,1.24310,1.24358,1.24302,1.24318,2195
2026-06-24T13:15:00+00:00,1.24318,1.24318,1.24204,1.24204,2172
2026-06-24T13:30:00+00:00,1.24204,1.24319,1.24204,1.24319,2444
2026-06-24T13:45:00+00:00,1.24319,1.24337,1.24228,1.24228,1835
2026-06-24T14:00:00+00:00,1.24228,1.24237,1.24171,1.24171,2192
2026-06-24T14:15:00+00:00,1.24171,1.24337,1.24167,1.24337,1590
2026-06-24T14:30:00+00:00,1.24337,1.24413,1.24337,1.24363,1760
2026-06-24T14:45:00+00:00,1.24363,1.24499,1.24348,1.24499,1985
2026-06-24T15:00:00+00:00,1.24499,1.24513,1.24495,1.24495,1092
2026-06-24T15:15:00+00:00,1.24495,1.24522,1.24492,1.24493,1852
2026-06-24T15:30:00+00:00,1.24493,1.24493,1.24444,1.24458,1047
2026-06-24T15:45:00+00:00,1.24458,1.24503,1.24458,1.24484,1688
2026-06-24T16:00:00+00:00,1.24484,1.24484,1.24460,1.24460,1688
2026-06-24T16:15:00+00:00,1.24460,1.24468,1.24446,1.24446,1384
2026-06-24T16:30:00+00:00,1.24446,1.24457,1.24430,1.24430,1417
2026-06-24T16:45:00+00:00,1.24430,1.24441,1.24407,1.24441,1531
2026-06-24T17:00:00+00:00,1.24441,1.24480,1.24430,1.24480,1608
2026-06-24T17:15:00+00:00,1.24480,1.24486,1.24477,1.24479,1823
2026-06-24T17:30:00+00:00,1.24479,1.24499,1.24477,1.24477,2093
2026-06-24T17:45:00+00:00,1.24477,1.24480,1.24459,1.24480,1640
2026-06-24T18:00:00+00:00,1.24480,1.24533,1.24480,1.24533,1677
2026-06-24T18:15:00+00:00,1.24533,1.24533,1.24494,1.24494,2337
2026-06-24T18:30:00+00:00,1.24494,1.24494,1.24468,1.24468,1021
2026-06-24T18:45:00+00:00,1.24468,1.24483,1.24444,1.24444,1119
2026-06-24T19:00:00+00:00,1.24444,1.24445,1.24432,1.24440,1100
2026-06-24T19:15:00+00:00,1.24440,1.24468,1.24440,1.24468,1683
2026-06-24T19:30:00+00:00,1.24468,1.24468,1.24437,1.24437,1019
2026-06-24T19:45:00+00:00,1.24437,1.24439,1.24431,1.24435,942
2026-06-24T20:00:00+00:00,1.24435,1.24441,1.24434,1.24434,2400
2026-06-24T20:15:00+00:00,1.24434,1.24478,1.24434,1.24478,1806
2026-06-24T20:30:00+00:00,1.24478,1.24478,1.24460,1.24468,2120
2026-06-24T20:45:00+00:00,1.24468,1.24483,1.24458,1.24474,1719
2026-06-24T21:00:00+00:00,1.24474,1.24489,1.24466,1.24489,576
2026-06-24T21:15:00+00:00,1.24489,1.24489,1.24437,1.24437,2104
2026-06-24T21:30:00+00:00,1.24437,1.24437,1.24402,1.24408,2085
2026-06-24T21:45:00+00:00,1.24408,1.24438,1.24404,1.24438,918
2026-06-24T22:00:00+00:00,1.24438,1.24458,1.24438,1.24458,1171
2026-06-24T22:15:00+00:00,1.24458,1.24473,1.24442,1.24442,1216
2026-06-24T22:30:00+00:00,1.24442,1.24458,1.24440,1.24453,1500
2026-06-24T22:45:00+00:00,1.24453,1.24464,1.24453,1.24458,1033
2026-06-24T23:00:00+00:00,1.24458,1.24458,1.24426,1.24429,1860
2026-06-24T23:15:00+00:00,1.24429,1.24435,1.24420,1.24429,1963
2026-06-24T23:30:00+00:00,1.24429,1.24433,1.24420,1.24420,1941
2026-06-24T23:45:00+00:00,1.24420,1.24423,1.24398,1.24407,1168
2026-06-25T00:00:00+00:00,1.24407,1.24407,1.24342,1.24342,1619
2026-06-25T00:15:00+00:00,1.24342,1.24364,1.24342,1.24354,2064
2026-06-25T00:30:00+00:00,1.24354,1.24389,1.24339,1.24339,1768
2026-06-25T00:45:00+00:00,1.24339,1.24339,1.24299,1.24299,1376
2026-06-25T01:00:00+00:00,1.24299,1.24333,1.24299,1.24333,1008
2026-06-25T01:15:00+00:00,1.24333,1.24347,1.24326,1.24346,1233
2026-06-25T01:30:00+00:00,1.24346,1.24372,1.24339,1.24369,1580
2026-06-25T01:45:00+00:00,1.24369,1.24448,1.24369,1.24448,922
2026-06-25T02:00:00+00:00,1.24448,1.24484,1.24448,1.24484,1686
2026-06-25T02:15:00+00:00,1.24484,1.24488,1.24461,1.24478,472
2026-06-25T02:30:00+00:00,1.24478,1.24504,1.24465,1.24500,1268
2026-06-25T02:45:00+00:00,1.24500,1.24500,1.24435,1.24435,1575
2026-06-25T03:00:00+00:00,1.24435,1.24435,1.24382,1.24382,1205
2026-06-25T03:15:00+00:00,1.24382,1.24382,1.24355,1.24366,1868
2026-06-25T03:30:00+00:00,1.24366,1.24430,1.24366,1.24424,1244
2026-06-25T03:45:00+00:00,1.24424,1.24429,1.24386,1.24388,1378
2026-06-25T04:00:00+00:00,1.24388,1.24408,1.24388,1.24391,834
2026-06-25T04:15:00+00:00,1.24391,1.24404,1.24383,1.24383,1549
2026-06-25T04:30:00+00:00,1.24383,1.24404,1.24383,1.24401,1699
2026-06-25T04:45:00+00:00,1.24401,1.24404,1.24376,1.24384,1731
2026-06-25T05:00:00+00:00,1.24384,1.24398,1.24370,1.24398,1949
2026-06-25T05:15:00+00:00,1.24398,1.24398,1.24364,1.24373,499
2026-06-25T05:30:00+00:00,1.24373,1.24404,1.24373,1.24404,1254
2026-06-25T05:45:00+00:00,1.24404,1.24423,1.24375,1.24423,955
2026-06-25T06:00:00+00:00,1.24423,1.24429,1.24330,1.24330,1609
2026-06-25T06:15:00+00:00,1.24330,1.24415,1.24298,1.24415,2197
2026-06-25T06:30:00+00:00,1.24415,1.24465,1.24379,1.24465,1726
2026-06-25T06:45:00+00:00,1.24465,1.24516,1.24465,1.24503,2219
2026-06-25T07:00:00+00:00,1.24503,1.24619,1.24488,1.24564,1213
2026-06-25T07:15:00+00:00,1.24564,1.24710,1.24534,1.24710,1825
2026-06-25T07:30:00+00:00,1.24710,1.24734,1.24680,1.24734,2051
2026-06-25T07:45:00+00:00,1.24734,1.24803,1.24703,1.24709,2328
2026-06-25T08:00:00+00:00,1.24709,1.24804,1.24709,1.24804,1395
2026-06-25T08:15:00+00:00,1.24804,1.24804,1.24730,1.24730,2121
2026-06-25T08:30:00+00:00,1.24730,1.24741,1.24675,1.24741,2551
2026-06-25T08:45:00+00:00,1.24741,1.24878,1.24741,1.24878,1017
2026-06-25T09:00:00+00:00,1.24878,1.24890,1.24868,1.24873,1324
2026-06-25T09:15:00+00:00,1.24873,1.24873,1.24853,1.24857,1490
2026-06-25T09:30:00+00:00,1.24857,1.24857,1.24835,1.24835,769
2026-06-25T09:45:00+00:00,1.24835,1.24850,1.24829,1.24844,1189
2026-06-25T10:00:00+00:00,1.24844,1.24844,1.24826,1.24826,1623
2026-06-25T10:15:00+00:00,1.24826,1.24830,1.24809,1.24809,1237
2026-06-25T10:30:00+00:00,1.24809,1.24840,1.24809,1.24838,1071
2026-06-25T10:45:00+00:00,1.24838,1.24851,1.24838,1.24848,1489
2026-06-25T11:00:00+00:00,1.24848,1.24862,1.24843,1.24862,1765
2026-06-25T11:15:00+00:00,1.24862,1.24864,1.24853,1.24864,2077
2026-06-25T11:30:00+00:00,1.24864,1.24918,1.24864,1.24918,1377
2026-06-25T11:45:00+00:00,1.24918,1.24933,1.24878,1.24879,1488
2026-06-25T12:00:00+00:00,1.24879,1.24930,1.24873,1.24907,1142
2026-06-25T12:15:00+00:00,1.24907,1.24924,1.24905,1.24905,1302
2026-06-25T12:30:00+00:00,1.24905,1.24928,1.24884,1.24884,1145
2026-06-25T12:45:00+00:00,1.24884,1.24964,1.24873,1.24964,1788
2026-06-25T13:00:00+00:00,1.24964,1.25035,1.24964,1.24983,2352
2026-06-25T13:15:00+00:00,1.24983,1.25041,1.24920,1.25041,1404
2026-06-25T13:30:00+00:00,1.25041,1.25044,1.24964,1.24964,986
2026-06-25T13:45:00+00:00,1.24964,1.25021,1.24944,1.25021,1051
2026-06-25T14:00:00+00:00,1.25021,1.25022,1.24952,1.24952,2781
2026-06-25T14:15:00+00:00,1.24952,1.24991,1.24934,1.24991,2268
2026-06-25T14:30:00+00:00,1.24991,1.24991,1.24916,1.24923,883
2026-06-25T14:45:00+00:00,1.24923,1.24923,1.24796,1.24796,1631
2026-06-25T15:00:00+00:00,1.24796,1.24827,1.24763,1.24795,895
2026-06-25T15:15:00+00:00,1.24795,1.24834,1.24795,1.24825,2273
2026-06-25T15:30:00+00:00,1.24825,1.24865,1.24819,1.24865,1519
2026-06-25T15:45:00+00:00,1.24865,1.24883,1.24860,1.24871,1694
2026-06-25T16:00:00+00:00,1.24871,1.24891,1.24844,1.24888,1196
2026-06-25T16:15:00+00:00,1.24888,1.24923,1.24888,1.24923,1262
2026-06-25T16:30:00+00:00,1.24923,1.24934,1.24921,1.24932,1822
2026-06-25T16:45:00+00:00,1.24932,1.24958,1.24927,1.24958,1752
2026-06-25T17:00:00+00:00,1.24958,1.24962,1.24948,1.24962,1824
2026-06-25T17:15:00+00:00,1.24962,1.24970,1.24936,1.24936,1406
2026-06-25T17:30:00+00:00,1.24936,1.24968,1.24936,1.24968,1190
2026-06-25T17:45:00+00:00,1.24968,1.24989,1.24964,1.24977,1711
2026-06-25T18:00:00+00:00,1.24977,1.24986,1.24960,1.24960,1731
2026-06-25T18:15:00+00:00,1.24960,1.25013,1.24960,1.25013,2104
2026-06-25T18:30:00+00:00,1.25013,1.25013,1.24975,1.24978,1280
2026-06-25T18:45:00+00:00,1.24978,1.24978,1.24957,1.24962,1447
2026-06-25T19:00:00+00:00,1.24962,1.24962,1.24940,1.24946,2289
2026-06-25T19:15:00+00:00,1.24946,1.24959,1.24946,1.24959,1299
2026-06-25T19:30:00+00:00,1.24959,1.24988,1.24950,1.24988,1583
2026-06-25T19:45:00+00:00,1.24988,1.25017,1.24988,1.25015,1261
2026-06-25T20:00:00+00:00,1.25015,1.25015,1.24981,1.25000,1326
2026-06-25T20:15:00+00:00,1.25000,1.25011,1.24996,1.25011,908
2026-06-25T20:30:00+00:00,1.25011,1.25024,1.25011,1.25020,702
2026-06-25T20:45:00+00:00,1.25020,1.25025,1.25013,1.25015,2623
2026-06-25T21:00:00+00:00,1.25015,1.25042,1.25015,1.25042,1923
2026-06-25T21:15:00+00:00,1.25042,1.25060,1.25031,1.25052,1118
2026-06-25T21:30:00+00:00,1.25052,1.25057,1.25048,1.25053,1279
2026-06-25T21:45:00+00:00,1.25053,1.25065,1.25014,1.25014,1591
2026-06-25T22:00:00+00:00,1.25014,1.25053,1.25010,1.25053,1230
2026-06-25T22:15:00+00:00,1.25053,1.25054,1.25045,1.25045,1509
2026-06-25T22:30:00+00:00,1.25045,1.25048,1.25034,1.25045,1627
2026-06-25T22:45:00+00:00,1.25045,1.25056,1.25027,1.25027,1641
2026-06-25T23:00:00+00:00,1.25027,1.25029,1.25010,1.25010,914
2026-06-25T23:15:00+00:00,1.25010,1.25024,1.25005,1.25024,399
2026-06-25T23:30:00+00:00,1.25024,1.25024,1.25001,1.25001,2001
2026-06-25T23:45:00+00:00,1.25001,1.25012,1.24997,1.24997,1276
2026-06-26T00:00:00+00:00,1.24997,1.25025,1.24994,1.25003,1070
2026-06-26T00:15:00+00:00,1.25003,1.25030,1.25003,1.25010,1100
2026-06-26T00:30:00+00:00,1.25010,1.25016,1.24976,1.25016,1257
2026-06-26T00:45:00+00:00,1.25016,1.25074,1.24981,1.25074,2449
2026-06-26T01:00:00+00:00,1.25074,1.25126,1.25074,1.25123,2013
2026-06-26T01:15:00+00:00,1.25123,1.25123,1.25104,1.25109,1492
2026-06-26T01:30:00+00:00,1.25109,1.25155,1.25086,1.25155,1428
2026-06-26T01:45:00+00:00,1.25155,1.25216,1.25155,1.25209,1203
2026-06-26T02:00:00+00:00,1.25209,1.25209,1.25171,1.25198,1516
2026-06-26T02:15:00+00:00,1.25198,1.25203,1.25180,1.25203,2993
2026-06-26T02:30:00+00:00,1.25203,1.25203,1.25121,1.25121,1023
2026-06-26T02:45:00+00:00,1.25121,1.25137,1.25109,1.25137,1959
2026-06-26T03:00:00+00:00,1.25137,1.25153,1.25131,1.25131,2204
2026-06-26T03:15:00+00:00,1.25131,1.25131,1.25114,1.25127,1775
2026-06-26T03:30:00+00:00,1.25127,1.25127,1.25082,1.25093,2717
2026-06-26T03:45:00+00:00,1.25093,1.25093,1.25042,1.25057,1930
2026-06-26T04:00:00+00:00,1.25057,1.25069,1.25057,1.25067,926
2026-06-26T04:15:00+00:00,1.25067,1.25067,1.25043,1.25047,1385
2026-06-26T04:30:00+00:00,1.25047,1.25070,1.25047,1.25063,1831
2026-06-26T04:45:00+00:00,1.25063,1.25063,1.25042,1.25046,1213
2026-06-26T05:00:00+00:00,1.25046,1.25046,1.25004,1.25036,1801
2026-06-26T05:15:00+00:00,1.25036,1.25120,1.25036,1.25119,2072
2026-06-26T05:30:00+00:00,1.25119,1.25119,1.25099,1.25107,2224
2026-06-26T05:45:00+00:00,1.25107,1.25107,1.25028,1.25028,2243
2026-06-26T06:00:00+00:00,1.25028,1.25037,1.24985,1.24985,2131
2026-06-26T06:15:00+00:00,1.24985,1.25023,1.24985,1.25008,1254
2026-06-26T06:30:00+00:00,1.25008,1.25112,1.25008,1.25079,1965
2026-06-26T06:45:00+00:00,1.25079,1.25178,1.25079,1.25125,2785
2026-06-26T07:00:00+00:00,1.25125,1.25290,1.25095,1.25290,2341
2026-06-26T07:15:00+00:00,1.25290,1.25290,1.25179,1.25208,1764
2026-06-26T07:30:00+00:00,1.25208,1.25208,1.25098,1.25107,2261
2026-06-26T07:45:00+00:00,1.25107,1.25107,1.25035,1.25083,1873
2026-06-26T08:00:00+00:00,1.25083,1.25202,1.25059,1.25197,2176
2026-06-26T08:15:00+00:00,1.25197,1.25262,1.25193,1.25262,2570
2026-06-26T08:30:00+00:00,1.25262,1.25297,1.25223,1.25297,1756
2026-06-26T08:45:00+00:00,1.25297,1.25345,1.25274,1.25274,1956
2026-06-26T09:00:00+00:00,1.25274,1.25274,1.25178,1.25189,1028
2026-06-26T09:15:00+00:00,1.25189,1.25208,1.25170,1.25170,1815
2026-06-26T09:30:00+00:00,1.25170,1.25212,1.25170,1.25207,907
2026-06-26T09:45:00+00:00,1.25207,1.25214,1.25199,1.25199,1786
2026-06-26T10:00:00+00:00,1.25199,1.25223,1.25199,1.25220,1787
2026-06-26T10:15:00+00:00,1.25220,1.25236,1.25208,1.25208,906
2026-06-26T10:30:00+00:00,1.25208,1.25208,1.25183,1.25183,800
2026-06-26T10:45:00+00:00,1.25183,1.25194,1.25173,1.25173,1452
2026-06-26T11:00:00+00:00,1.25173,1.25177,1.25158,1.25177,564
2026-06-26T11:15:00+00:00,1.25177,1.25199,1.25177,1.25190,1977
2026-06-26T11:30:00+00:00,1.25190,1.25229,1.25190,1.25225,1202
2026-06-26T11:45:00+00:00,1.25225,1.25264,1.25206,1.25264,1029
2026-06-26T12:00:00+00:00,1.25264,1.25321,1.25263,1.25302,1550
2026-06-26T12:15:00+00:00,1.25302,1.25327,1.25287,1.25327,1930
2026-06-26T12:30:00+00:00,1.25327,1.25374,1.25297,1.25306,2803
2026-06-26T12:45:00+00:00,1.25306,1.25306,1.25240,1.25240,1670
2026-06-26T13:00:00+00:00,1.25240,1.25240,1.25053,1.25053,1329
2026-06-26T13:15:00+00:00,1.25053,1.25115,1.25018,1.25018,1788
2026-06-26T13:30:00+00:00,1.25018,1.25018,1.24855,1.24855,1117
2026-06-26T13:45:00+00:00,1.24855,1.24908,1.24855,1.24866,1885
2026-06-26T14:00:00+00:00,1.24866,1.24971,1.24866,1.24931,1850
2026-06-26T14:15:00+00:00,1.24931,1.24954,1.24862,1.24862,1754
2026-06-26T14:30:00+00:00,1.24862,1.24916,1.24831,1.24831,1091
2026-06-26T14:45:00+00:00,1.24831,1.24841,1.24818,1.24841,1287
2026-06-26T15:00:00+00:00,1.24841,1.24881,1.24841,1.24881,1900
2026-06-26T15:15:00+00:00,1.24881,1.24902,1.24881,1.24890,1747
2026-06-26T15:30:00+00:00,1.24890,1.24898,1.24885,1.24885,1204
2026-06-26T15:45:00+00:00,1.24885,1.24897,1.24871,1.24892,1207
2026-06-26T16:00:00+00:00,1.24892,1.24923,1.24880,1.24923,2661
2026-06-26T16:15:00+00:00,1.24923,1.24923,1.24893,1.24902,2540
2026-06-26T16:30:00+00:00,1.24902,1.24909,1.24886,1.24887,2042
2026-06-26T16:45:00+00:00,1.24887,1.24887,1.24875,1.24882,1202
2026-06-26T17:00:00+00:00,1.24882,1.24888,1.24882,1.24882,875
2026-06-26T17:15:00+00:00,1.24882,1.24888,1.24868,1.24873,1714
2026-06-26T17:30:00+00:00,1.24873,1.24894,1.24873,1.24877,1994
2026-06-26T17:45:00+00:00,1.24877,1.24884,1.24867,1.24878,1626
2026-06-26T18:00:00+00:00,1.24878,1.24901,1.24878,1.24882,1142
2026-06-26T18:15:00+00:00,1.24882,1.24905,1.24872,1.24905,2730
2026-06-26T18:30:00+00:00,1.24905,1.24905,1.24863,1.24863,1142
2026-06-26T18:45:00+00:00,1.24863,1.24888,1.24863,1.24873,1809
2026-06-26T19:00:00+00:00,1.24873,1.24886,1.24855,1.24886,312
2026-06-26T19:15:00+00:00,1.24886,1.24895,1.24879,1.24895,1559
2026-06-26T19:30:00+00:00,1.24895,1.24897,1.24879,1.24897,931
2026-06-26T19:45:00+00:00,1.24897,1.24897,1.24877,1.24897,1149
2026-06-26T20:00:00+00:00,1.24897,1.24916,1.24890,1.24916,1836
2026-06-26T20:15:00+00:00,1.24916,1.24952,1.24913,1.24952,1356
2026-06-26T20:30:00+00:00,1.24952,1.24952,1.24927,1.24943,1071
2026-06-26T20:45:00+00:00,1.24943,1.24948,1.24933,1.24941,1380
2026-06-26T21:00:00+00:00,1.24941,1.24942,1.24923,1.24936,1328
2026-06-26T21:15:00+00:00,1.24936,1.24936,1.24877,1.24877,2676
2026-06-26T21:30:00+00:00,1.24877,1.24881,1.24866,1.24876,2303
2026-06-26T21:45:00+00:00,1.24876,1.24876,1.24843,1.24845,1415
2026-06-26T22:00:00+00:00,1.24845,1.24845,1.24806,1.24815,1875
2026-06-26T22:15:00+00:00,1.24815,1.24832,1.24805,1.24832,1087
2026-06-26T22:30:00+00:00,1.24832,1.24874,1.24832,1.24874,2670
2026-06-26T22:45:00+00:00,1.24874,1.24896,1.24874,1.24886,2260
2026-06-26T23:00:00+00:00,1.24886,1.24886,1.24867,1.24870,1898
2026-06-26T23:15:00+00:00,1.24870,1.24877,1.24848,1.24877,982
2026-06-26T23:30:00+00:00,1.24877,1.24889,1.24877,1.24884,2310
2026-06-26T23:45:00+00:00,1.24884,1.24887,1.24871,1.24883,1058
2026-06-29T00:00:00+00:00,1.24883,1.24883,1.24832,1.24876,1248
2026-06-29T00:15:00+00:00,1.24876,1.24876,1.24835,1.24838,1327
2026-06-29T00:30:00+00:00,1.24838,1.24838,1.24808,1.24824,1079
2026-06-29T00:45:00+00:00,1.24824,1.24848,1.24824,1.24837,1743
2026-06-29T01:00:00+00:00,1.24837,1.24837,1.24783,1.24788,2035
2026-06-29T01:15:00+00:00,1.24788,1.24829,1.24767,1.24829,1910
2026-06-29T01:30:00+00:00,1.24829,1.24850,1.24817,1.24850,324
2026-06-29T01:45:00+00:00,1.24850,1.24899,1.24850,1.24867,1151
2026-06-29T02:00:00+00:00,1.24867,1.24890,1.24863,1.24884,1797
2026-06-29T02:15:00+00:00,1.24884,1.24930,1.24884,1.24928,1811
2026-06-29T02:30:00+00:00,1.24928,1.24931,1.24900,1.24921,1731
2026-06-29T02:45:00+00:00,1.24921,1.24929,1.24902,1.24929,2065
2026-06-29T03:00:00+00:00,1.24929,1.24944,1.24913,1.24929,1219
2026-06-29T03:15:00+00:00,1.24929,1.24929,1.24908,1.24918,1504
2026-06-29T03:30:00+00:00,1.24918,1.24931,1.24911,1.24911,825
2026-06-29T03:45:00+00:00,1.24911,1.24917,1.24904,1.24917,1054
2026-06-29T04:00:00+00:00,1.24917,1.24928,1.24872,1.24872,1655
2026-06-29T04:15:00+00:00,1.24872,1.24887,1.24845,1.24887,748
2026-06-29T04:30:00+00:00,1.24887,1.24896,1.24869,1.24869,1170
2026-06-29T04:45:00+00:00,1.24869,1.24900,1.24867,1.24900,1528
2026-06-29T05:00:00+00:00,1.24900,1.24900,1.24879,1.24880,1396
2026-06-29T05:15:00+00:00,1.24880,1.24892,1.24866,1.24874,1776
2026-06-29T05:30:00+00:00,1.24874,1.24874,1.24802,1.24802,1751
2026-06-29T05:45:00+00:00,1.24802,1.24810,1.24788,1.24797,1334
2026-06-29T06:00:00+00:00,1.24797,1.24892,1.24797,1.24851,1148
2026-06-29T06:15:00+00:00,1.24851,1.24939,1.24851,1.24919,1211
2026-06-29T06:30:00+00:00,1.24919,1.25041,1.24919,1.25021,1450
2026-06-29T06:45:00+00:00,1.25021,1.25075,1.24982,1.25008,1988
2026-06-29T07:00:00+00:00,1.25008,1.25061,1.24929,1.24929,1499
2026-06-29T07:15:00+00:00,1.24929,1.24929,1.24770,1.24772,1945
2026-06-29T07:30:00+00:00,1.24772,1.24772,1.24675,1.24684,2409
2026-06-29T07:45:00+00:00,1.24684,1.24797,1.24660,1.24797,1766
2026-06-29T08:00:00+00:00,1.24797,1.24880,1.24797,1.24868,1248
2026-06-29T08:15:00+00:00,1.24868,1.24877,1.24816,1.24843,2847
2026-06-29T08:30:00+00:00,1.24843,1.24843,1.24780,1.24780,1513
2026-06-29T08:45:00+00:00,1.24780,1.24824,1.24780,1.24815,2126
2026-06-29T09:00:00+00:00,1.24815,1.24845,1.24807,1.24845,942
2026-06-29T09:15:00+00:00,1.24845,1.24860,1.24833,1.24833,1878
2026-06-29T09:30:00+00:00,1.24833,1.24833,1.24818,1.24818,1478
2026-06-29T09:45:00+00:00,1.24818,1.24836,1.24810,1.24836,2400
2026-06-29T10:00:00+00:00,1.24836,1.24836,1.24817,1.24826,1380
2026-06-29T10:15:00+00:00,1.24826,1.24837,1.24825,1.24828,2515
2026-06-29T10:30:00+00:00,1.24828,1.24829,1.24807,1.24807,1176
2026-06-29T10:45:00+00:00,1.24807,1.24809,1.24795,1.24801,1127
2026-06-29T11:00:00+00:00,1.24801,1.24801,1.24773,1.24773,2293
2026-06-29T11:15:00+00:00,1.24773,1.24773,1.24736,1.24736,1365
2026-06-29T11:30:00+00:00,1.24736,1.24736,1.24671,1.24671,2456
2026-06-29T11:45:00+00:00,1.24671,1.24677,1.24629,1.24629,1562
2026-06-29T12:00:00+00:00,1.24629,1.24629,1.24544,1.24544,1823
2026-06-29T12:15:00+00:00,1.24544,1.24569,1.24496,1.24496,1262
2026-06-29T12:30:00+00:00,1.24496,1.24525,1.24439,1.24519,1544
2026-06-29T12:45:00+00:00,1.24519,1.24519,1.24456,1.24513,2118
2026-06-29T13:00:00+00:00,1.24513,1.24665,1.24513,1.24652,1272
2026-06-29T13:15:00+00:00,1.24652,1.24685,1.24578,1.24581,2154
2026-06-29T13:30:00+00:00,1.24581,1.24596,1.24547,1.24582,1517
2026-06-29T13:45:00+00:00,1.24582,1.24629,1.24553,1.24629,1450
2026-06-29T14:00:00+00:00,1.24629,1.24630,1.24512,1.24512,949
2026-06-29T14:15:00+00:00,1.24512,1.24536,1.24484,1.24533,2060
2026-06-29T14:30:00+00:00,1.24533,1.24533,1.24505,1.24514,1815
2026-06-29T14:45:00+00:00,1.24514,1.24528,1.24473,1.24473,2117
2026-06-29T15:00:00+00:00,1.24473,1.24497,1.24463,1.24472,1222
2026-06-29T15:15:00+00:00,1.24472,1.24472,1.24437,1.24437,804
2026-06-29T15:30:00+00:00,1.24437,1.24437,1.24418,1.24430,1588
2026-06-29T15:45:00+00:00,1.24430,1.24431,1.24396,1.24419,1646
2026-06-29T16:00:00+00:00,1.24419,1.24437,1.24391,1.24437,1757
2026-06-29T16:15:00+00:00,1.24437,1.24457,1.24436,1.24436,1173
2026-06-29T16:30:00+00:00,1.24436,1.24442,1.24432,1.24434,1906
2026-06-29T16:45:00+00:00,1.24434,1.24434,1.24366,1.24366,1844
2026-06-29T17:00:00+00:00,1.24366,1.24366,1.24327,1.24335,969
2026-06-29T17:15:00+00:00,1.24335,1.24384,1.24335,1.24384,2079
2026-06-29T17:30:00+00:00,1.24384,1.24391,1.24361,1.24389,1157
2026-06-29T17:45:00+00:00,1.24389,1.24393,1.24382,1.24383,2058
2026-06-29T18:00:00+00:00,1.24383,1.24388,1.24374,1.24388,1860
2026-06-29T18:15:00+00:00,1.24388,1.24397,1.24378,1.24378,2183
2026-06-29T18:30:00+00:00,1.24378,1.24378,1.24309,1.24309,1016
2026-06-29T18:45:00+00:00,1.24309,1.24309,1.24297,1.24301,1637
2026-06-29T19:00:00+00:00,1.24301,1.24301,1.24286,1.24296,1472
2026-06-29T19:15:00+00:00,1.24296,1.24296,1.24271,1.24271,2071
2026-06-29T19:30:00+00:00,1.24271,1.24273,1.24253,1.24273,2020
2026-06-29T19:45:00+00:00,1.24273,1.24280,1.24256,1.24256,1447
2026-06-29T20:00:00+00:00,1.24256,1.24277,1.24244,1.24244,953
2026-06-29T20:15:00+00:00,1.24244,1.24254,1.24222,1.24222,1605
2026-06-29T20:30:00+00:00,1.24222,1.24229,1.24211,1.24228,2011
2026-06-29T20:45:00+00:00,1.24228,1.24228,1.24206,1.24206,1375
2026-06-29T21:00:00+00:00,1.24206,1.24206,1.24194,1.24196,1176
2026-06-29T21:15:00+00:00,1.24196,1.24213,1.24196,1.24202,1203
2026-06-29T21:30:00+00:00,1.24202,1.24209,1.24185,1.24208,1809
2026-06-29T21:45:00+00:00,1.24208,1.24223,1.24208,1.24211,1713
2026-06-29T22:00:00+00:00,1.24211,1.24218,1.24204,1.24218,1159
2026-06-29T22:15:00+00:00,1.24218,1.24231,1.24206,1.24206,1750
2026-06-29T22:30:00+00:00,1.24206,1.24206,1.24175,1.24180,2049
2026-06-29T22:45:00+00:00,1.24180,1.24187,1.24176,1.24182,1399
2026-06-29T23:00:00+00:00,1.24182,1.24182,1.24165,1.24165,1165
2026-06-29T23:15:00+00:00,1.24165,1.24174,1.24135,1.24135,1077
2026-06-29T23:30:00+00:00,1.24135,1.24146,1.24120,1.24120,1421
2026-06-29T23:45:00+00:00,1.24120,1.24121,1.24109,1.24115,1176
2026-06-30T00:00:00+00:00,1.24115,1.24115,1.24069,1.24069,1406
2026-06-30T00:15:00+00:00,1.24069,1.24099,1.24069,1.24099,1528
2026-06-30T00:30:00+00:00,1.24099,1.24154,1.24099,1.24154,1284
2026-06-30T00:45:00+00:00,1.24154,1.24171,1.24145,1.24171,2478
2026-06-30T01:00:00+00:00,1.24171,1.24180,1.24159,1.24174,1394
2026-06-30T01:15:00+00:00,1.24174,1.24215,1.24174,1.24215,469
2026-06-30T01:30:00+00:00,1.24215,1.24237,1.24177,1.24180,2430
2026-06-30T01:45:00+00:00,1.24180,1.24250,1.24180,1.24250,1702
2026-06-30T02:00:00+00:00,1.24250,1.24265,1.24217,1.24223,1677
2026-06-30T02:15:00+00:00,1.24223,1.24224,1.24204,1.24204,1783
2026-06-30T02:30:00+00:00,1.24204,1.24236,1.24204,1.24225,933
2026-06-30T02:45:00+00:00,1.24225,1.24225,1.24184,1.24209,1507
2026-06-30T03:00:00+00:00,1.24209,1.24247,1.24209,1.24211,1971
2026-06-30T03:15:00+00:00,1.24211,1.24262,1.24211,1.24262,2030
2026-06-30T03:30:00+00:00,1.24262,1.24288,1.24248,1.24288,434
2026-06-30T03:45:00+00:00,1.24288,1.24297,1.24277,1.24279,1894
2026-06-30T04:00:00+00:00,1.24279,1.24286,1.24268,1.24268,1200
2026-06-30T04:15:00+00:00,1.24268,1.24280,1.24227,1.24227,1698
2026-06-30T04:30:00+00:00,1.24227,1.24270,1.24227,1.24270,2284
2026-06-30T04:45:00+00:00,1.24270,1.24270,1.24258,1.24266,837
2026-06-30T05:00:00+00:00,1.24266,1.24266,1.24255,1.24257,1623
2026-06-30T05:15:00+00:00,1.24257,1.24257,1.24209,1.24221,1097
2026-06-30T05:30:00+00:00,1.24221,1.24227,1.24185,1.24185,2008
2026-06-30T05:45:00+00:00,1.24185,1.24253,1.24185,1.24234,677
2026-06-30T06:00:00+00:00,1.24234,1.24261,1.24222,1.24256,2089
2026-06-30T06:15:00+00:00,1.24256,1.24356,1.24256,1.24356,923
2026-06-30T06:30:00+00:00,1.24356,1.24356,1.24314,1.24314,1707
2026-06-30T06:45:00+00:00,1.24314,1.24338,1.24212,1.24212,1687
2026-06-30T07:00:00+00:00,1.24212,1.24361,1.24207,1.24361,2728
2026-06-30T07:15:00+00:00,1.24361,1.24421,1.24330,1.24351,2096
2026-06-30T07:30:00+00:00,1.24351,1.24352,1.24318,1.24318,2650
2026-06-30T07:45:00+00:00,1.24318,1.24330,1.24297,1.24330,2534
2026-06-30T08:00:00+00:00,1.24330,1.24344,1.24266,1.24321,1490
2026-06-30T08:15:00+00:00,1.24321,1.24369,1.24321,1.24348,2876
2026-06-30T08:30:00+00:00,1.24348,1.24372,1.24343,1.24372,1466
2026-06-30T08:45:00+00:00,1.24372,1.24390,1.24367,1.24378,1959
2026-06-30T09:00:00+00:00,1.24378,1.24378,1.24357,1.24365,2383
2026-06-30T09:15:00+00:00,1.24365,1.24369,1.24339,1.24339,1991
2026-06-30T09:30:00+00:00,1.24339,1.24339,1.24309,1.24326,1995
2026-06-30T09:45:00+00:00,1.24326,1.24331,1.24307,1.24331,1535
2026-06-30T10:00:00+00:00,1.24331,1.24350,1.24314,1.24323,2218
2026-06-30T10:15:00+00:00,1.24323,1.24336,1.24321,1.24325,1346
2026-06-30T10:30:00+00:00,1.24325,1.24329,1.24307,1.24307,1914
2026-06-30T10:45:00+00:00,1.24307,1.24318,1.24295,1.24311,763
2026-06-30T11:00:00+00:00,1.24311,1.24319,1.24310,1.24319,826
2026-06-30T11:15:00+00:00,1.24319,1.24379,1.24319,1.24370,2129
2026-06-30T11:30:00+00:00,1.24370,1.24377,1.24335,1.24335,786
2026-06-30T11:45:00+00:00,1.24335,1.24391,1.24335,1.24391,2275
2026-06-30T12:00:00+00:00,1.24391,1.24431,1.24371,1.24430,2229
2026-06-30T12:15:00+00:00,1.24430,1.24430,1.24290,1.24290,2366
2026-06-30T12:30:00+00:00,1.24290,1.24440,1.24290,1.24440,1937
2026-06-30T12:45:00+00:00,1.24440,1.24539,1.24440,1.24537,1934
2026-06-30T13:00:00+00:00,1.24537,1.24632,1.24528,1.24632,1855
2026-06-30T13:15:00+00:00,1.24632,1.24690,1.24599,1.24690,1640
2026-06-30T13:30:00+00:00,1.24690,1.24690,1.24538,1.24538,2522
2026-06-30T13:45:00+00:00,1.24538,1.24595,1.24523,1.24551,2146
2026-06-30T14:00:00+00:00,1.24551,1.24580,1.24523,1.24558,1433
2026-06-30T14:15:00+00:00,1.24558,1.24558,1.24478,1.24490,1313
2026-06-30T14:30:00+00:00,1.24490,1.24571,1.24490,1.24571,2443
2026-06-30T14:45:00+00:00,1.24571,1.24600,1.24531,1.24565,1935
2026-06-30T15:00:00+00:00,1.24565,1.24626,1.24558,1.24626,1517
2026-06-30T15:15:00+00:00,1.24626,1.24642,1.24611,1.24642,2219
2026-06-30T15:30:00+00:00,1.24642,1.24671,1.24633,1.24645,1330
2026-06-30T15:45:00+00:00,1.24645,1.24645,1.24610,1.24610,1291
2026-06-30T16:00:00+00:00,1.24610,1.24627,1.24596,1.24610,1641
2026-06-30T16:15:00+00:00,1.24610,1.24647,1.24610,1.24647,2081
2026-06-30T16:30:00+00:00,1.24647,1.24654,1.24620,1.24644,1049
2026-06-30T16:45:00+00:00,1.24644,1.24651,1.24636,1.24651,1527
2026-06-30T17:00:00+00:00,1.24651,1.24660,1.24639,1.24660,270
2026-06-30T17:15:00+00:00,1.24660,1.24677,1.24660,1.24671,1746
2026-06-30T17:30:00+00:00,1.24671,1.24671,1.24647,1.24647,666
2026-06-30T17:45:00+00:00,1.24647,1.24647,1.24611,1.24614,1558
2026-06-30T18:00:00+00:00,1.24614,1.24614,1.24575,1.24575,1461
2026-06-30T18:15:00+00:00,1.24575,1.24580,1.24562,1.24571,952
2026-06-30T18:30:00+00:00,1.24571,1.24603,1.24571,1.24595,1403
2026-06-30T18:45:00+00:00,1.24595,1.24612,1.24588,1.24600,1290
2026-06-30T19:00:00+00:00,1.24600,1.24647,1.24598,1.24647,1571
2026-06-30T19:15:00+00:00,1.24647,1.24647,1.24625,1.24642,1356
2026-06-30T19:30:00+00:00,1.24642,1.24682,1.24642,1.24673,1476
2026-06-30T19:45:00+00:00,1.24673,1.24707,1.24673,1.24707,1737
2026-06-30T20:00:00+00:00,1.24707,1.24716,1.24692,1.24692,1216
2026-06-30T20:15:00+00:00,1.24692,1.24719,1.24692,1.24701,190
2026-06-30T20:30:00+00:00,1.24701,1.24703,1.24685,1.24689,1531
2026-06-30T20:45:00+00:00,1.24689,1.24696,1.24684,1.24696,1759
2026-06-30T21:00:00+00:00,1.24696,1.24698,1.24670,1.24674,783
2026-06-30T21:15:00+00:00,1.24674,1.24674,1.24652,1.24671,1181
2026-06-30T21:30:00+00:00,1.24671,1.24698,1.24671,1.24698,2575
2026-06-30T21:45:00+00:00,1.24698,1.24718,1.24698,1.24718,1941
2026-06-30T22:00:00+00:00,1.24718,1.24753,1.24718,1.24753,1812
2026-06-30T22:15:00+00:00,1.24753,1.24773,1.24753,1.24759,1676
2026-06-30T22:30:00+00:00,1.24759,1.24759,1.24726,1.24726,1264
2026-06-30T22:45:00+00:00,1.24726,1.24737,1.24726,1.24734,1387
2026-06-30T23:00:00+00:00,1.24734,1.24734,1.24719,1.24725,1370
2026-06-30T23:15:00+00:00,1.24725,1.24754,1.24725,1.24742,1154
2026-06-30T23:30:00+00:00,1.24742,1.24745,1.24736,1.24745,2688
2026-06-30T23:45:00+00:00,1.24745,1.24771,1.24745,1.24761,1968
2026-07-01T00:00:00+00:00,1.24761,1.24821,1.24761,1.24821,1136
2026-07-01T00:15:00+00:00,1.24821,1.24836,1.24792,1.24792,625
2026-07-01T00:30:00+00:00,1.24792,1.24826,1.24792,1.24823,1523
2026-07-01T00:45:00+00:00,1.24823,1.24825,1.24784,1.24784,1266
2026-07-01T01:00:00+00:00,1.24784,1.24840,1.24784,1.24818,1689
2026-07-01T01:15:00+00:00,1.24818,1.24883,1.24818,1.24860,1382
2026-07-01T01:30:00+00:00,1.24860,1.24862,1.24839,1.24854,1717
2026-07-01T01:45:00+00:00,1.24854,1.24871,1.24834,1.24834,1295
2026-07-01T02:00:00+00:00,1.24834,1.24887,1.24834,1.24866,2176
2026-07-01T02:15:00+00:00,1.24866,1.24896,1.24866,1.24896,2541
2026-07-01T02:30:00+00:00,1.24896,1.24901,1.24828,1.24828,1377
2026-07-01T02:45:00+00:00,1.24828,1.24828,1.24790,1.24825,2187
2026-07-01T03:00:00+00:00,1.24825,1.24825,1.24791,1.24801,1024
2026-07-01T03:15:00+00:00,1.24801,1.24801,1.24772,1.24772,1802
2026-07-01T03:30:00+00:00,1.24772,1.24785,1.24767,1.24785,2385
2026-07-01T03:45:00+00:00,1.24785,1.24795,1.24774,1.24790,2068
2026-07-01T04:00:00+00:00,1.24790,1.24793,1.24754,1.24768,1303
2026-07-01T04:15:00+00:00,1.24768,1.24777,1.24742,1.24777,2199
2026-07-01T04:30:00+00:00,1.24777,1.24840,1.24775,1.24837,1926
2026-07-01T04:45:00+00:00,1.24837,1.24864,1.24837,1.24848,1737
2026-07-01T05:00:00+00:00,1.24848,1.24868,1.24847,1.24847,1578
2026-07-01T05:15:00+00:00,1.24847,1.24847,1.24812,1.24814,1120
2026-07-01T05:30:00+00:00,1.24814,1.24828,1.24812,1.24816,1912
2026-07-01T05:45:00+00:00,1.24816,1.24832,1.24802,1.24813,807
2026-07-01T06:00:00+00:00,1.24813,1.24813,1.24746,1.24778,1894
2026-07-01T06:15:00+00:00,1.24778,1.24817,1.24763,1.24785,2606
2026-07-01T06:30:00+00:00,1.24785,1.24882,1.24785,1.24858,1264
2026-07-01T06:45:00+00:00,1.24858,1.24987,1.24858,1.24975,1839
2026-07-01T07:00:00+00:00,1.24975,1.25059,1.24975,1.25059,2804
2026-07-01T07:15:00+00:00,1.25059,1.25148,1.25059,1.25148,1896
2026-07-01T07:30:00+00:00,1.25148,1.25148,1.25035,1.25035,1633
2026-07-01T07:45:00+00:00,1.25035,1.25035,1.24986,1.24986,1941
2026-07-01T08:00:00+00:00,1.24986,1.25019,1.24939,1.25011,1862
2026-07-01T08:15:00+00:00,1.25011,1.25018,1.24958,1.24962,2187
2026-07-01T08:30:00+00:00,1.24962,1.24996,1.24961,1.24996,1412
2026-07-01T08:45:00+00:00,1.24996,1.25037,1.24965,1.25037,1013
2026-07-01T09:00:00+00:00,1.25037,1.25062,1.25037,1.25058,1879
2026-07-01T09:15:00+00:00,1.25058,1.25058,1.25039,1.25039,1053
2026-07-01T09:30:00+00:00,1.25039,1.25048,1.25027,1.25040,1359
2026-07-01T09:45:00+00:00,1.25040,1.25057,1.25040,1.25044,771
2026-07-01T10:00:00+00:00,1.25044,1.25058,1.25039,1.25058,1177
2026-07-01T10:15:00+00:00,1.25058,1.25080,1.25050,1.25053,979
2026-07-01T10:30:00+00:00,1.25053,1.25078,1.25045,1.25071,1550
2026-07-01T10:45:00+00:00,1.25071,1.25075,1.25047,1.25061,2380
2026-07-01T11:00:00+00:00,1.25061,1.25061,1.25032,1.25032,1656
2026-07-01T11:15:00+00:00,1.25032,1.25043,1.25028,1.25029,1808
2026-07-01T11:30:00+00:00,1.25029,1.25031,1.25023,1.25026,1565
2026-07-01T11:45:00+00:00,1.25026,1.25067,1.25026,1.25061,1414
2026-07-01T12:00:00+00:00,1.25061,1.25061,1.25031,1.25031,1485
2026-07-01T12:15:00+00:00,1.25031,1.25086,1.25031,1.25071,1526
2026-07-01T12:30:00+00:00,1.25071,1.25071,1.25021,1.25036,2128
2026-07-01T12:45:00+00:00,1.25036,1.25114,1.25005,1.25068,1999
2026-07-01T13:00:00+00:00,1.25068,1.25247,1.25068,1.25247,1891
2026-07-01T13:15:00+00:00,1.25247,1.25293,1.25227,1.25227,1532
2026-07-01T13:30:00+00:00,1.25227,1.25246,1.25159,1.25238,2023
2026-07-01T13:45:00+00:00,1.25238,1.25304,1.25236,1.25236,2296
2026-07-01T14:00:00+00:00,1.25236,1.25236,1.25136,1.25141,1647
2026-07-01T14:15:00+00:00,1.25141,1.25163,1.25088,1.25088,1156
2026-07-01T14:30:00+00:00,1.25088,1.25163,1.25088,1.25161,1956
2026-07-01T14:45:00+00:00,1.25161,1.25180,1.25141,1.25180,1892
2026-07-01T15:00:00+00:00,1.25180,1.25199,1.25165,1.25199,2284
2026-07-01T15:15:00+00:00,1.25199,1.25199,1.25186,1.25196,1701
2026-07-01T15:30:00+00:00,1.25196,1.25218,1.25189,1.25218,1362
2026-07-01T15:45:00+00:00,1.25218,1.25218,1.25160,1.25160,1447
2026-07-01T16:00:00+00:00,1.25160,1.25160,1.25111,1.25111,2374
2026-07-01T16:15:00+00:00,1.25111,1.25111,1.25096,1.25098,1655
2026-07-01T16:30:00+00:00,1.25098,1.25105,1.25079,1.25079,2178
2026-07-01T16:45:00+00:00,1.25079,1.25139,1.25079,1.25139,1915
2026-07-01T17:00:00+00:00,1.25139,1.25139,1.25126,1.25137,1314
2026-07-01T17:15:00+00:00,1.25137,1.25150,1.25137,1.25140,651
2026-07-01T17:30:00+00:00,1.25140,1.25169,1.25140,1.25169,1694
2026-07-01T17:45:00+00:00,1.25169,1.25192,1.25167,1.25178,1540
2026-07-01T18:00:00+00:00,1.25178,1.25184,1.25171,1.25178,1857
2026-07-01T18:15:00+00:00,1.25178,1.25178,1.25142,1.25147,2508
2026-07-01T18:30:00+00:00,1.25147,1.25170,1.25147,1.25162,1065
2026-07-01T18:45:00+00:00,1.25162,1.25163,1.25148,1.25149,1683
2026-07-01T19:00:00+00:00,1.25149,1.25154,1.25126,1.25126,1860
2026-07-01T19:15:00+00:00,1.25126,1.25129,1.25111,1.25111,1449
2026-07-01T19:30:00+00:00,1.25111,1.25147,1.25111,1.25139,1297
2026-07-01T19:45:00+00:00,1.25139,1.25140,1.25125,1.25125,1093
2026-07-01T20:00:00+00:00,1.25125,1.25147,1.25125,1.25137,1495
2026-07-01T20:15:00+00:00,1.25137,1.25158,1.25137,1.25153,1100
2026-07-01T20:30:00+00:00,1.25153,1.25154,1.25129,1.25129,2179
2026-07-01T20:45:00+00:00,1.25129,1.25148,1.25121,1.25148,1425
2026-07-01T21:00:00+00:00,1.25148,1.25155,1.25143,1.25155,579
2026-07-01T21:15:00+00:00,1.25155,1.25176,1.25155,1.25176,1036
2026-07-01T21:30:00+00:00,1.25176,1.25221,1.25176,1.25221,2322
2026-07-01T21:45:00+00:00,1.25221,1.25223,1.25206,1.25206,2528
2026-07-01T22:00:00+00:00,1.25206,1.25211,1.25193,1.25211,1652
2026-07-01T22:15:00+00:00,1.25211,1.25218,1.25198,1.25208,879
2026-07-01T22:30:00+00:00,1.25208,1.25232,1.25206,1.25232,2284
2026-07-01T22:45:00+00:00,1.25232,1.25279,1.25232,1.25277,729
2026-07-01T23:00:00+00:00,1.25277,1.25301,1.25270,1.25284,2164
2026-07-01T23:15:00+00:00,1.25284,1.25284,1.25257,1.25270,1778
2026-07-01T23:30:00+00:00,1.25270,1.25270,1.25252,1.25261,688
2026-07-01T23:45:00+00:00,1.25261,1.25261,1.25217,1.25221,1351
2026-07-02T00:00:00+00:00,1.25221,1.25237,1.25215,1.25233,844
2026-07-02T00:15:00+00:00,1.25233,1.25277,1.25233,1.25268,1808
2026-07-02T00:30:00+00:00,1.25268,1.25296,1.25268,1.25295,2407
2026-07-02T00:45:00+00:00,1.25295,1.25295,1.25236,1.25236,1525
2026-07-02T01:00:00+00:00,1.25236,1.25251,1.25209,1.25226,2355
2026-07-02T01:15:00+00:00,1.25226,1.25226,1.25189,1.25204,1357
2026-07-02T01:30:00+00:00,1.25204,1.25227,1.25183,1.25213,2080
2026-07-02T01:45:00+00:00,1.25213,1.25233,1.25213,1.25224,1146
2026-07-02T02:00:00+00:00,1.25224,1.25224,1.25205,1.25215,1011
2026-07-02T02:15:00+00:00,1.25215,1.25215,1.25148,1.25162,923
2026-07-02T02:30:00+00:00,1.25162,1.25162,1.25098,1.25098,2060
2026-07-02T02:45:00+00:00,1.25098,1.25101,1.25053,1.25053,2093
2026-07-02T03:00:00+00:00,1.25053,1.25085,1.25053,1.25085,1518
2026-07-02T03:15:00+00:00,1.25085,1.25111,1.25082,1.25111,1828
2026-07-02T03:30:00+00:00,1.25111,1.25185,1.25111,1.25181,1982
2026-07-02T03:45:00+00:00,1.25181,1.25189,1.25175,1.25175,1336
2026-07-02T04:00:00+00:00,1.25175,1.25189,1.25151,1.25151,1951
2026-07-02T04:15:00+00:00,1.25151,1.25154,1.25144,1.25153,1966
2026-07-02T04:30:00+00:00,1.25153,1.25192,1.25153,1.25179,1911
2026-07-02T04:45:00+00:00,1.25179,1.25182,1.25165,1.25165,1462
2026-07-02T05:00:00+00:00,1.25165,1.25178,1.25158,1.25172,1930
2026-07-02T05:15:00+00:00,1.25172,1.25196,1.25172,1.25196,1487
2026-07-02T05:30:00+00:00,1.25196,1.25196,1.25165,1.25169,3026
2026-07-02T05:45:00+00:00,1.25169,1.25218,1.25169,1.25174,1557
2026-07-02T06:00:00+00:00,1.25174,1.25174,1.25088,1.25088,1237
2026-07-02T06:15:00+00:00,1.25088,1.25088,1.25000,1.25004,1299
2026-07-02T06:30:00+00:00,1.25004,1.25004,1.24944,1.24986,1197
2026-07-02T06:45:00+00:00,1.24986,1.25190,1.24986,1.25190,1542
2026-07-02T07:00:00+00:00,1.25190,1.25359,1.25143,1.25359,995
2026-07-02T07:15:00+00:00,1.25359,1.25472,1.25359,1.25472,2280
2026-07-02T07:30:00+00:00,1.25472,1.25472,1.25247,1.25278,1995
2026-07-02T07:45:00+00:00,1.25278,1.25445,1.25278,1.25411,1651
2026-07-02T08:00:00+00:00,1.25411,1.25499,1.25411,1.25499,1383
2026-07-02T08:15:00+00:00,1.25499,1.25499,1.25451,1.25460,1275
2026-07-02T08:30:00+00:00,1.25460,1.25525,1.25460,1.25525,1019
2026-07-02T08:45:00+00:00,1.25525,1.25525,1.25442,1.25442,1236
2026-07-02T09:00:00+00:00,1.25442,1.25464,1.25431,1.25463,2397
2026-07-02T09:15:00+00:00,1.25463,1.25468,1.25441,1.25450,1248
2026-07-02T09:30:00+00:00,1.25450,1.25457,1.25443,1.25457,1685
2026-07-02T09:45:00+00:00,1.25457,1.25463,1.25426,1.25426,2120
2026-07-02T10:00:00+00:00,1.25426,1.25461,1.25426,1.25461,1275
2026-07-02T10:15:00+00:00,1.25461,1.25461,1.25433,1.25434,1601
2026-07-02T10:30:00+00:00,1.25434,1.25440,1.25417,1.25436,1332
2026-07-02T10:45:00+00:00,1.25436,1.25453,1.25436,1.25451,882
2026-07-02T11:00:00+00:00,1.25451,1.25471,1.25439,1.25439,2190
2026-07-02T11:15:00+00:00,1.25439,1.25453,1.25439,1.25451,359
2026-07-02T11:30:00+00:00,1.25451,1.25455,1.25430,1.25455,1634
2026-07-02T11:45:00+00:00,1.25455,1.25485,1.25455,1.25466,1761
2026-07-02T12:00:00+00:00,1.25466,1.25478,1.25442,1.25467,2520
2026-07-02T12:15:00+00:00,1.25467,1.25506,1.25467,1.25506,1838
2026-07-02T12:30:00+00:00,1.25506,1.25506,1.25446,1.25482,2311
2026-07-02T12:45:00+00:00,1.25482,1.25506,1.25434,1.25494,1527
2026-07-02T13:00:00+00:00,1.25494,1.25617,1.25494,1.25617,2192
2026-07-02T13:15:00+00:00,1.25617,1.25643,1.25598,1.25643,2117
2026-07-02T13:30:00+00:00,1.25643,1.25726,1.25640,1.25718,2686
2026-07-02T13:45:00+00:00,1.25718,1.25788,1.25684,1.25788,1536
2026-07-02T14:00:00+00:00,1.25788,1.25881,1.25788,1.25858,2107
2026-07-02T14:15:00+00:00,1.25858,1.25876,1.25821,1.25821,1563
2026-07-02T14:30:00+00:00,1.25821,1.25821,1.25711,1.25755,1660
2026-07-02T14:45:00+00:00,1.25755,1.25837,1.25755,1.25837,1856
2026-07-02T15:00:00+00:00,1.25837,1.25837,1.25746,1.25757,1403
2026-07-02T15:15:00+00:00,1.25757,1.25757,1.25725,1.25725,1486
2026-07-02T15:30:00+00:00,1.25725,1.25740,1.25719,1.25719,1467
2026-07-02T15:45:00+00:00,1.25719,1.25719,1.25682,1.25682,905
2026-07-02T16:00:00+00:00,1.25682,1.25696,1.25682,1.25691,1281
2026-07-02T16:15:00+00:00,1.25691,1.25714,1.25686,1.25714,1765
2026-07-02T16:30:00+00:00,1.25714,1.25715,1.25696,1.25696,1606
2026-07-02T16:45:00+00:00,1.25696,1.25723,1.25695,1.25720,1786
2026-07-02T17:00:00+00:00,1.25720,1.25730,1.25685,1.25685,1077
2026-07-02T17:15:00+00:00,1.25685,1.25704,1.25674,1.25674,2392
2026-07-02T17:30:00+00:00,1.25674,1.25686,1.25644,1.25644,1497
2026-07-02T17:45:00+00:00,1.25644,1.25649,1.25630,1.25649,1370
2026-07-02T18:00:00+00:00,1.25649,1.25662,1.25646,1.25646,1861
2026-07-02T18:15:00+00:00,1.25646,1.25651,1.25632,1.25637,2078
2026-07-02T18:30:00+00:00,1.25637,1.25644,1.25616,1.25616,2055
2026-07-02T18:45:00+00:00,1.25616,1.25635,1.25616,1.25619,1430
2026-07-02T19:00:00+00:00,1.25619,1.25640,1.25618,1.25618,1779
2026-07-02T19:15:00+00:00,1.25618,1.25619,1.25605,1.25619,1586
2026-07-02T19:30:00+00:00,1.25619,1.25636,1.25610,1.25629,2887
2026-07-02T19:45:00+00:00,1.25629,1.25648,1.25629,1.25648,892
2026-07-02T20:00:00+00:00,1.25648,1.25652,1.25641,1.25652,1549
2026-07-02T20:15:00+00:00,1.25652,1.25681,1.25652,1.25677,1456
2026-07-02T20:30:00+00:00,1.25677,1.25677,1.25654,1.25668,1433
2026-07-02T20:45:00+00:00,1.25668,1.25668,1.25645,1.25645,2030
2026-07-02T21:00:00+00:00,1.25645,1.25645,1.25611,1.25612,1625
2026-07-02T21:15:00+00:00,1.25612,1.25612,1.25594,1.25594,1655
2026-07-02T21:30:00+00:00,1.25594,1.25594,1.25568,1.25577,2587
2026-07-02T21:45:00+00:00,1.25577,1.25580,1.25553,1.25565,1349
2026-07-02T22:00:00+00:00,1.25565,1.25565,1.25541,1.25541,1945
2026-07-02T22:15:00+00:00,1.25541,1.25550,1.25532,1.25549,2628
2026-07-02T22:30:00+00:00,1.25549,1.25571,1.25549,1.25567,1635
2026-07-02T22:45:00+00:00,1.25567,1.25569,1.25554,1.25569,1578
2026-07-02T23:00:00+00:00,1.25569,1.25588,1.25545,1.25545,1179
2026-07-02T23:15:00+00:00,1.25545,1.25547,1.25533,1.25547,2836
2026-07-02T23:30:00+00:00,1.25547,1.25547,1.25511,1.25511,1212
2026-07-02T23:45:00+00:00,1.25511,1.25562,1.25511,1.25559,1210
2026-07-03T00:00:00+00:00,1.25559,1.25559,1.25537,1.25546,1360
2026-07-03T00:15:00+00:00,1.25546,1.25564,1.25506,1.25526,1392
2026-07-03T00:30:00+00:00,1.25526,1.25557,1.25526,1.25541,1686
2026-07-03T00:45:00+00:00,1.25541,1.25569,1.25541,1.25564,2142
2026-07-03T01:00:00+00:00,1.25564,1.25570,1.25541,1.25552,2042
2026-07-03T01:15:00+00:00,1.25552,1.25552,1.25539,1.25541,1670
2026-07-03T01:30:00+00:00,1.25541,1.25592,1.25540,1.25565,1700
2026-07-03T01:45:00+00:00,1.25565,1.25565,1.25526,1.25554,2996
2026-07-03T02:00:00+00:00,1.25554,1.25584,1.25554,1.25584,1113
2026-07-03T02:15:00+00:00,1.25584,1.25595,1.25556,1.25556,1325
2026-07-03T02:30:00+00:00,1.25556,1.25624,1.25556,1.25624,1158
2026-07-03T02:45:00+00:00,1.25624,1.25631,1.25598,1.25598,1717
2026-07-03T03:00:00+00:00,1.25598,1.25599,1.25579,1.25586,1122
2026-07-03T03:15:00+00:00,1.25586,1.25593,1.25574,1.25593,1552
2026-07-03T03:30:00+00:00,1.25593,1.25598,1.25567,1.25577,1673
2026-07-03T03:45:00+00:00,1.25577,1.25604,1.25577,1.25604,1676
2026-07-03T04:00:00+00:00,1.25604,1.25612,1.25598,1.25601,1016
2026-07-03T04:15:00+00:00,1.25601,1.25601,1.25563,1.25582,2067
2026-07-03T04:30:00+00:00,1.25582,1.25582,1.25554,1.25555,921
2026-07-03T04:45:00+00:00,1.25555,1.25597,1.25555,1.25597,1438
2026-07-03T05:00:00+00:00,1.25597,1.25617,1.25583,1.25583,1787
2026-07-03T05:15:00+00:00,1.25583,1.25595,1.25565,1.25565,898
2026-07-03T05:30:00+00:00,1.25565,1.25565,1.25521,1.25521,2556
2026-07-03T05:45:00+00:00,1.25521,1.25521,1.25476,1.25476,1153
2026-07-03T06:00:00+00:00,1.25476,1.25499,1.25453,1.25453,1711
2026-07-03T06:15:00+00:00,1.25453,1.25453,1.25404,1.25415,2116
2026-07-03T06:30:00+00:00,1.25415,1.25453,1.25413,1.25417,1752
2026-07-03T06:45:00+00:00,1.25417,1.25571,1.25417,1.25561,2018
2026-07-03T07:00:00+00:00,1.25561,1.25591,1.25518,1.25541,1662
2026-07-03T07:15:00+00:00,1.25541,1.25632,1.25503,1.25586,2433
2026-07-03T07:30:00+00:00,1.25586,1.25799,1.25586,1.25799,1663
2026-07-03T07:45:00+00:00,1.25799,1.25799,1.25741,1.25782,1722
2026-07-03T08:00:00+00:00,1.25782,1.25826,1.25762,1.25798,2221
2026-07-03T08:15:00+00:00,1.25798,1.25880,1.25798,1.25863,675
2026-07-03T08:30:00+00:00,1.25863,1.25863,1.25781,1.25786,1774
2026-07-03T08:45:00+00:00,1.25786,1.25853,1.25786,1.25832,923
2026-07-03T09:00:00+00:00,1.25832,1.25873,1.25832,1.25847,1406
2026-07-03T09:15:00+00:00,1.25847,1.25863,1.25837,1.25863,1002
2026-07-03T09:30:00+00:00,1.25863,1.25875,1.25863,1.25875,667
2026-07-03T09:45:00+00:00,1.25875,1.25879,1.25836,1.25843,1860
2026-07-03T10:00:00+00:00,1.25843,1.25847,1.25792,1.25792,1171
2026-07-03T10:15:00+00:00,1.25792,1.25851,1.25792,1.25850,1156
2026-07-03T10:30:00+00:00,1.25850,1.25850,1.25817,1.25820,1542
2026-07-03T10:45:00+00:00,1.25820,1.25820,1.25792,1.25806,1777
2026-07-03T11:00:00+00:00,1.25806,1.25828,1.25799,1.25799,898
2026-07-03T11:15:00+00:00,1.25799,1.25824,1.25799,1.25821,1532
2026-07-03T11:30:00+00:00,1.25821,1.25821,1.25810,1.25818,796
2026-07-03T11:45:00+00:00,1.25818,1.25834,1.25798,1.25834,1400
2026-07-03T12:00:00+00:00,1.25834,1.25844,1.25811,1.25821,1372
2026-07-03T12:15:00+00:00,1.25821,1.25947,1.25821,1.25947,1356
2026-07-03T12:30:00+00:00,1.25947,1.25947,1.25878,1.25896,358
2026-07-03T12:45:00+00:00,1.25896,1.25896,1.25808,1.25808,1631
2026-07-03T13:00:00+00:00,1.25808,1.25808,1.25713,1.25751,1932
2026-07-03T13:15:00+00:00,1.25751,1.25782,1.25751,1.25761,1823
2026-07-03T13:30:00+00:00,1.25761,1.25856,1.25761,1.25856,1643
2026-07-03T13:45:00+00:00,1.25856,1.25856,1.25780,1.25780,2504
2026-07-03T14:00:00+00:00,1.25780,1.25786,1.25674,1.25674,2120
2026-07-03T14:15:00+00:00,1.25674,1.25705,1.25623,1.25705,1555
2026-07-03T14:30:00+00:00,1.25705,1.25797,1.25705,1.25763,2397
2026-07-03T14:45:00+00:00,1.25763,1.25763,1.25704,1.25718,1445
2026-07-03T15:00:00+00:00,1.25718,1.25731,1.25640,1.25640,2146
2026-07-03T15:15:00+00:00,1.25640,1.25690,1.25640,1.25666,1723
2026-07-03T15:30:00+00:00,1.25666,1.25679,1.25647,1.25679,1675
2026-07-03T15:45:00+00:00,1.25679,1.25742,1.25670,1.25742,1661
2026-07-03T16:00:00+00:00,1.25742,1.25754,1.25713,1.25713,1829
2026-07-03T16:15:00+00:00,1.25713,1.25730,1.25706,1.25706,1322
2026-07-03T16:30:00+00:00,1.25706,1.25742,1.25700,1.25725,1207
2026-07-03T16:45:00+00:00,1.25725,1.25742,1.25724,1.25732,1479
2026-07-03T17:00:00+00:00,1.25732,1.25760,1.25727,1.25760,864
2026-07-03T17:15:00+00:00,1.25760,1.25785,1.25760,1.25772,1918
2026-07-03T17:30:00+00:00,1.25772,1.25772,1.25740,1.25747,1632
2026-07-03T17:45:00+00:00,1.25747,1.25758,1.25745,1.25745,1468
2026-07-03T18:00:00+00:00,1.25745,1.25745,1.25716,1.25725,2372
2026-07-03T18:15:00+00:00,1.25725,1.25731,1.25723,1.25728,1815
2026-07-03T18:30:00+00:00,1.25728,1.25734,1.25708,1.25734,1886
2026-07-03T18:45:00+00:00,1.25734,1.25746,1.25711,1.25711,1849
2026-07-03T19:00:00+00:00,1.25711,1.25728,1.25709,1.25709,777
2026-07-03T19:15:00+00:00,1.25709,1.25737,1.25709,1.25737,1706
2026-07-03T19:30:00+00:00,1.25737,1.25737,1.25722,1.25737,1724
2026-07-03T19:45:00+00:00,1.25737,1.25737,1.25696,1.25696,1083
2026-07-03T20:00:00+00:00,1.25696,1.25723,1.25696,1.25715,1268
2026-07-03T20:15:00+00:00,1.25715,1.25746,1.25715,1.25719,1011
2026-07-03T20:30:00+00:00,1.25719,1.25727,1.25715,1.25727,1405
2026-07-03T20:45:00+00:00,1.25727,1.25758,1.25727,1.25747,1873
2026-07-03T21:00:00+00:00,1.25747,1.25762,1.25747,1.25761,1834
2026-07-03T21:15:00+00:00,1.25761,1.25788,1.25761,1.25775,1975
2026-07-03T21:30:00+00:00,1.25775,1.25786,1.25765,1.25786,1598
2026-07-03T21:45:00+00:00,1.25786,1.25815,1.25780,1.25803,1111
2026-07-03T22:00:00+00:00,1.25803,1.25803,1.25767,1.25767,1395
2026-07-03T22:15:00+00:00,1.25767,1.25767,1.25721,1.25721,827
2026-07-03T22:30:00+00:00,1.25721,1.25746,1.25721,1.25739,828
2026-07-03T22:45:00+00:00,1.25739,1.25756,1.25739,1.25756,2497
2026-07-03T23:00:00+00:00,1.25756,1.25792,1.25756,1.25792,1581
2026-07-03T23:15:00+00:00,1.25792,1.25812,1.25792,1.25806,2418
2026-07-03T23:30:00+00:00,1.25806,1.25843,1.25806,1.25843,1088
2026-07-03T23:45:00+00:00,1.25843,1.25869,1.25843,1.25853,1494
2026-07-06T00:00:00+00:00,1.25853,1.25853,1.25815,1.25830,1529
2026-07-06T00:15:00+00:00,1.25830,1.25830,1.25794,1.25799,1601
2026-07-06T00:30:00+00:00,1.25799,1.25799,1.25736,1.25736,1416
2026-07-06T00:45:00+00:00,1.25736,1.25736,1.25665,1.25675,1817
2026-07-06T01:00:00+00:00,1.25675,1.25677,1.25623,1.25662,1543
2026-07-06T01:15:00+00:00,1.25662,1.25662,1.25590,1.25597,1273
2026-07-06T01:30:00+00:00,1.25597,1.25602,1.25562,1.25569,1382
2026-07-06T01:45:00+00:00,1.25569,1.25569,1.25515,1.25545,761
2026-07-06T02:00:00+00:00,1.25545,1.25545,1.25507,1.25532,1763
2026-07-06T02:15:00+00:00,1.25532,1.25549,1.25488,1.25494,1591
2026-07-06T02:30:00+00:00,1.25494,1.25520,1.25456,1.25456,1970
2026-07-06T02:45:00+00:00,1.25456,1.25456,1.25389,1.25389,1784
2026-07-06T03:00:00+00:00,1.25389,1.25430,1.25389,1.25430,1197
2026-07-06T03:15:00+00:00,1.25430,1.25430,1.25366,1.25366,710
2026-07-06T03:30:00+00:00,1.25366,1.25366,1.25336,1.25336,2017
2026-07-06T03:45:00+00:00,1.25336,1.25336,1.25296,1.25296,774
2026-07-06T04:00:00+00:00,1.25296,1.25301,1.25289,1.25294,1723
2026-07-06T04:15:00+00:00,1.25294,1.25316,1.25294,1.25316,2124
2026-07-06T04:30:00+00:00,1.25316,1.25316,1.25289,1.25290,1602
2026-07-06T04:45:00+00:00,1.25290,1.25328,1.25290,1.25328,1319
2026-07-06T05:00:00+00:00,1.25328,1.25348,1.25327,1.25327,1535
2026-07-06T05:15:00+00:00,1.25327,1.25340,1.25327,1.25332,1370
2026-07-06T05:30:00+00:00,1.25332,1.25332,1.25319,1.25322,1429
2026-07-06T05:45:00+00:00,1.25322,1.25343,1.25304,1.25343,1240
2026-07-06T06:00:00+00:00,1.25343,1.25343,1.25238,1.25257,2032
2026-07-06T06:15:00+00:00,1.25257,1.25274,1.25241,1.25263,1362
2026-07-06T06:30:00+00:00,1.25263,1.25263,1.25149,1.25149,2015
2026-07-06T06:45:00+00:00,1.25149,1.25214,1.25149,1.25214,1990
2026-07-06T07:00:00+00:00,1.25214,1.25291,1.25214,1.25291,1497
2026-07-06T07:15:00+00:00,1.25291,1.25368,1.25291,1.25362,2440
2026-07-06T07:30:00+00:00,1.25362,1.25513,1.25362,1.25513,1452
2026-07-06T07:45:00+00:00,1.25513,1.25587,1.25483,1.25587,727
2026-07-06T08:00:00+00:00,1.25587,1.25587,1.25520,1.25570,1519
2026-07-06T08:15:00+00:00,1.25570,1.25667,1.25570,1.25667,2426
2026-07-06T08:30:00+00:00,1.25667,1.25706,1.25659,1.25706,1132
2026-07-06T08:45:00+00:00,1.25706,1.25706,1.25624,1.25633,1658
2026-07-06T09:00:00+00:00,1.25633,1.25633,1.25593,1.25616,2004
2026-07-06T09:15:00+00:00,1.25616,1.25616,1.25563,1.25592,1514
2026-07-06T09:30:00+00:00,1.25592,1.25599,1.25582,1.25599,1067
2026-07-06T09:45:00+00:00,1.25599,1.25612,1.25590,1.25590,1578
2026-07-06T10:00:00+00:00,1.25590,1.25605,1.25580,1.25582,1871
2026-07-06T10:15:00+00:00,1.25582,1.25606,1.25575,1.25606,1605
2026-07-06T10:30:00+00:00,1.25606,1.25629,1.25606,1.25628,907
2026-07-06T10:45:00+00:00,1.25628,1.25659,1.25628,1.25659,1578
2026-07-06T11:00:00+00:00,1.25659,1.25659,1.25635,1.25641,2252
2026-07-06T11:15:00+00:00,1.25641,1.25681,1.25641,1.25646,1446
2026-07-06T11:30:00+00:00,1.25646,1.25694,1.25646,1.25688,1412
2026-07-06T11:45:00+00:00,1.25688,1.25688,1.25659,1.25664,1613
2026-07-06T12:00:00+00:00,1.25664,1.25729,1.25664,1.25729,2105
2026-07-06T12:15:00+00:00,1.25729,1.25770,1.25709,1.25728,1639
2026-07-06T12:30:00+00:00,1.25728,1.25728,1.25649,1.25705,2236
2026-07-06T12:45:00+00:00,1.25705,1.25753,1.25688,1.25688,2233
2026-07-06T13:00:00+00:00,1.25688,1.25796,1.25688,1.25796,2028
2026-07-06T13:15:00+00:00,1.25796,1.26006,1.25773,1.26006,1429
2026-07-06T13:30:00+00:00,1.26006,1.26006,1.25923,1.25923,1827
2026-07-06T13:45:00+00:00,1.25923,1.25923,1.25798,1.25798,1191
2026-07-06T14:00:00+00:00,1.25798,1.25798,1.25729,1.25757,1418
2026-07-06T14:15:00+00:00,1.25757,1.25797,1.25743,1.25745,941
2026-07-06T14:30:00+00:00,1.25745,1.25749,1.25651,1.25651,1072
2026-07-06T14:45:00+00:00,1.25651,1.25729,1.25651,1.25712,959
2026-07-06T15:00:00+00:00,1.25712,1.25712,1.25594,1.25594,1541
2026-07-06T15:15:00+00:00,1.25594,1.25594,1.25558,1.25558,1668
2026-07-06T15:30:00+00:00,1.25558,1.25606,1.25558,1.25596,612
2026-07-06T15:45:00+00:00,1.25596,1.25626,1.25584,1.25619,1739
2026-07-06T16:00:00+00:00,1.25619,1.25656,1.25619,1.25642,1156
2026-07-06T16:15:00+00:00,1.25642,1.25642,1.25611,1.25614,2396
2026-07-06T16:30:00+00:00,1.25614,1.25652,1.25614,1.25650,692
2026-07-06T16:45:00+00:00,1.25650,1.25651,1.25628,1.25651,270
2026-07-06T17:00:00+00:00,1.25651,1.25670,1.25651,1.25657,2697
2026-07-06T17:15:00+00:00,1.25657,1.25663,1.25618,1.25618,1579
2026-07-06T17:30:00+00:00,1.25618,1.25631,1.25603,1.25603,580
2026-07-06T17:45:00+00:00,1.25603,1.25603,1.25581,1.25581,2603
2026-07-06T18:00:00+00:00,1.25581,1.25595,1.25564,1.25566,2034
2026-07-06T18:15:00+00:00,1.25566,1.25566,1.25548,1.25548,1917
2026-07-06T18:30:00+00:00,1.25548,1.25583,1.25548,1.25576,1912
2026-07-06T18:45:00+00:00,1.25576,1.25597,1.25573,1.25593,1031
2026-07-06T19:00:00+00:00,1.25593,1.25641,1.25593,1.25641,1268
2026-07-06T19:15:00+00:00,1.25641,1.25656,1.25633,1.25633,1105
2026-07-06T19:30:00+00:00,1.25633,1.25633,1.25601,1.25601,2617
2026-07-06T19:45:00+00:00,1.25601,1.25601,1.25565,1.25578,2118
2026-07-06T20:00:00+00:00,1.25578,1.25632,1.25578,1.25625,668
2026-07-06T20:15:00+00:00,1.25625,1.25650,1.25620,1.25637,1830
2026-07-06T20:30:00+00:00,1.25637,1.25654,1.25636,1.25636,1888
2026-07-06T20:45:00+00:00,1.25636,1.25648,1.25617,1.25628,1923
2026-07-06T21:00:00+00:00,1.25628,1.25628,1.25603,1.25618,2765
2026-07-06T21:15:00+00:00,1.25618,1.25618,1.25592,1.25592,1461
2026-07-06T21:30:00+00:00,1.25592,1.25639,1.25592,1.25632,1918
2026-07-06T21:45:00+00:00,1.25632,1.25654,1.25630,1.25654,486
2026-07-06T22:00:00+00:00,1.25654,1.25654,1.25631,1.25640,2005
2026-07-06T22:15:00+00:00,1.25640,1.25649,1.25625,1.25649,2164
2026-07-06T22:30:00+00:00,1.25649,1.25649,1.25632,1.25632,1976
2026-07-06T22:45:00+00:00,1.25632,1.25674,1.25630,1.25674,1125
2026-07-06T23:00:00+00:00,1.25674,1.25694,1.25674,1.25676,1453
2026-07-06T23:15:00+00:00,1.25676,1.25707,1.25676,1.25707,1811
2026-07-06T23:30:00+00:00,1.25707,1.25728,1.25707,1.25726,1056
2026-07-06T23:45:00+00:00,1.25726,1.25733,1.25673,1.25673,2109
2026-07-07T00:00:00+00:00,1.25673,1.25673,1.25645,1.25671,2438
2026-07-07T00:15:00+00:00,1.25671,1.25671,1.25648,1.25648,1134
2026-07-07T00:30:00+00:00,1.25648,1.25648,1.25594,1.25594,1453
2026-07-07T00:45:00+00:00,1.25594,1.25599,1.25574,1.25586,1599
2026-07-07T01:00:00+00:00,1.25586,1.25609,1.25582,1.25609,1812
2026-07-07T01:15:00+00:00,1.25609,1.25617,1.25590,1.25608,1645
2026-07-07T01:30:00+00:00,1.25608,1.25638,1.25608,1.25613,1694
2026-07-07T01:45:00+00:00,1.25613,1.25671,1.25613,1.25671,1949
2026-07-07T02:00:00+00:00,1.25671,1.25683,1.25626,1.25626,1831
2026-07-07T02:15:00+00:00,1.25626,1.25656,1.25626,1.25656,1056
2026-07-07T02:30:00+00:00,1.25656,1.25702,1.25656,1.25688,2496
2026-07-07T02:45:00+00:00,1.25688,1.25722,1.25684,1.25722,1480
2026-07-07T03:00:00+00:00,1.25722,1.25741,1.25717,1.25741,2126
2026-07-07T03:15:00+00:00,1.25741,1.25741,1.25679,1.25703,1890
2026-07-07T03:30:00+00:00,1.25703,1.25703,1.25650,1.25661,1352
2026-07-07T03:45:00+00:00,1.25661,1.25694,1.25661,1.25680,1916
2026-07-07T04:00:00+00:00,1.25680,1.25680,1.25642,1.25658,1389
2026-07-07T04:15:00+00:00,1.25658,1.25678,1.25658,1.25672,1859
2026-07-07T04:30:00+00:00,1.25672,1.25682,1.25655,1.25656,2235
2026-07-07T04:45:00+00:00,1.25656,1.25680,1.25656,1.25658,1845
2026-07-07T05:00:00+00:00,1.25658,1.25668,1.25648,1.25667,780
2026-07-07T05:15:00+00:00,1.25667,1.25670,1.25641,1.25655,1857
2026-07-07T05:30:00+00:00,1.25655,1.25686,1.25655,1.25686,2541
2026-07-07T05:45:00+00:00,1.25686,1.25733,1.25686,1.25722,1623
2026-07-07T06:00:00+00:00,1.25722,1.25722,1.25687,1.25697,1591
2026-07-07T06:15:00+00:00,1.25697,1.25825,1.25697,1.25825,1717
2026-07-07T06:30:00+00:00,1.25825,1.25826,1.25787,1.25787,2664
2026-07-07T06:45:00+00:00,1.25787,1.25837,1.25761,1.25764,867
2026-07-07T07:00:00+00:00,1.25764,1.25896,1.25764,1.25896,1665
2026-07-07T07:15:00+00:00,1.25896,1.25899,1.25775,1.25866,2388
2026-07-07T07:30:00+00:00,1.25866,1.25914,1.25866,1.25900,1990
2026-07-07T07:45:00+00:00,1.25900,1.25900,1.25736,1.25775,1471
2026-07-07T08:00:00+00:00,1.25775,1.25817,1.25775,1.25794,2785
2026-07-07T08:15:00+00:00,1.25794,1.25794,1.25669,1.25669,1893
2026-07-07T08:30:00+00:00,1.25669,1.25727,1.25669,1.25696,2095
2026-07-07T08:45:00+00:00,1.25696,1.25696,1.25623,1.25658,1502
2026-07-07T09:00:00+00:00,1.25658,1.25704,1.25658,1.25704,607
2026-07-07T09:15:00+00:00,1.25704,1.25704,1.25683,1.25696,2182
2026-07-07T09:30:00+00:00,1.25696,1.25714,1.25690,1.25690,685
2026-07-07T09:45:00+00:00,1.25690,1.25702,1.25686,1.25702,1841
2026-07-07T10:00:00+00:00,1.25702,1.25724,1.25698,1.25705,1043
2026-07-07T10:15:00+00:00,1.25705,1.25726,1.25705,1.25711,1435
2026-07-07T10:30:00+00:00,1.25711,1.25724,1.25711,1.25723,1720
2026-07-07T10:45:00+00:00,1.25723,1.25748,1.25723,1.25748,1502
2026-07-07T11:00:00+00:00,1.25748,1.25766,1.25748,1.25766,1422
2026-07-07T11:15:00+00:00,1.25766,1.25805,1.25766,1.25772,1303
2026-07-07T11:30:00+00:00,1.25772,1.25792,1.25764,1.25792,1733
2026-07-07T11:45:00+00:00,1.25792,1.25810,1.25792,1.25810,1568
2026-07-07T12:00:00+00:00,1.25810,1.25824,1.25798,1.25798,2160
2026-07-07T12:15:00+00:00,1.25798,1.25848,1.25788,1.25848,1262
2026-07-07T12:30:00+00:00,1.25848,1.25848,1.25810,1.25829,1634
2026-07-07T12:45:00+00:00,1.25829,1.25865,1.25806,1.25865,2413
2026-07-07T13:00:00+00:00,1.25865,1.25865,1.25785,1.25785,1160
2026-07-07T13:15:00+00:00,1.25785,1.25927,1.25785,1.25887,1513
2026-07-07T13:30:00+00:00,1.25887,1.25958,1.25887,1.25952,1743
2026-07-07T13:45:00+00:00,1.25952,1.25992,1.25905,1.25946,2915
2026-07-07T14:00:00+00:00,1.25946,1.25972,1.25923,1.25945,2436
2026-07-07T14:15:00+00:00,1.25945,1.26033,1.25945,1.25990,1861
2026-07-07T14:30:00+00:00,1.25990,1.26034,1.25990,1.26033,1181
2026-07-07T14:45:00+00:00,1.26033,1.26058,1.26008,1.26008,1948
2026-07-07T15:00:00+00:00,1.26008,1.26008,1.25919,1.25919,1022
2026-07-07T15:15:00+00:00,1.25919,1.25956,1.25919,1.25956,1641
2026-07-07T15:30:00+00:00,1.25956,1.25983,1.25940,1.25983,1662
2026-07-07T15:45:00+00:00,1.25983,1.26020,1.25983,1.26020,1198
2026-07-07T16:00:00+00:00,1.26020,1.26020,1.25986,1.25997,933
2026-07-07T16:15:00+00:00,1.25997,1.26007,1.25982,1.26007,1080
2026-07-07T16:30:00+00:00,1.26007,1.26025,1.26007,1.26014,965
2026-07-07T16:45:00+00:00,1.26014,1.26030,1.26007,1.26030,1239
2026-07-07T17:00:00+00:00,1.26030,1.26071,1.26030,1.26071,1723
2026-07-07T17:15:00+00:00,1.26071,1.26104,1.26071,1.26095,1979
2026-07-07T17:30:00+00:00,1.26095,1.26095,1.26083,1.26092,1313
2026-07-07T17:45:00+00:00,1.26092,1.26092,1.26063,1.26063,1554
2026-07-07T18:00:00+00:00,1.26063,1.26063,1.26037,1.26037,1128
2026-07-07T18:15:00+00:00,1.26037,1.26037,1.26024,1.26034,2520
2026-07-07T18:30:00+00:00,1.26034,1.26034,1.26010,1.26010,2143
2026-07-07T18:45:00+00:00,1.26010,1.26011,1.25999,1.25999,1838
2026-07-07T19:00:00+00:00,1.25999,1.26003,1.25994,1.26003,1526
2026-07-07T19:15:00+00:00,1.26003,1.26013,1.25983,1.26013,1234
2026-07-07T19:30:00+00:00,1.26013,1.26017,1.25982,1.25986,1911
2026-07-07T19:45:00+00:00,1.25986,1.26032,1.25986,1.26032,2280
2026-07-07T20:00:00+00:00,1.26032,1.26032,1.25987,1.25987,485
2026-07-07T20:15:00+00:00,1.25987,1.25987,1.25954,1.25970,1316
2026-07-07T20:30:00+00:00,1.25970,1.25971,1.25956,1.25958,2901
2026-07-07T20:45:00+00:00,1.25958,1.25959,1.25934,1.25934,1553
2026-07-07T21:00:00+00:00,1.25934,1.25959,1.25934,1.25952,2346
2026-07-07T21:15:00+00:00,1.25952,1.25977,1.25949,1.25977,2231
2026-07-07T21:30:00+00:00,1.25977,1.25993,1.25977,1.25982,1393
2026-07-07T21:45:00+00:00,1.25982,1.26032,1.25982,1.26032,1230
2026-07-07T22:00:00+00:00,1.26032,1.26044,1.26031,1.26039,1150
2026-07-07T22:15:00+00:00,1.26039,1.26039,1.26021,1.26021,1064
2026-07-07T22:30:00+00:00,1.26021,1.26021,1.25992,1.25992,2085
2026-07-07T22:45:00+00:00,1.25992,1.25998,1.25985,1.25990,1257
2026-07-07T23:00:00+00:00,1.25990,1.26037,1.25981,1.26037,2473
2026-07-07T23:15:00+00:00,1.26037,1.26045,1.26028,1.26038,1319
2026-07-07T23:30:00+00:00,1.26038,1.26072,1.26038,1.26064,2006
2026-07-07T23:45:00+00:00,1.26064,1.26077,1.26064,1.26076,1761
2026-07-08T00:00:00+00:00,1.26076,1.26149,1.26068,1.26149,1650
2026-07-08T00:15:00+00:00,1.26149,1.26166,1.26134,1.26144,1750
2026-07-08T00:30:00+00:00,1.26144,1.26145,1.26113,1.26145,1709
2026-07-08T00:45:00+00:00,1.26145,1.26176,1.26145,1.26167,1308
2026-07-08T01:00:00+00:00,1.26167,1.26179,1.26142,1.26142,1466
2026-07-08T01:15:00+00:00,1.26142,1.26176,1.26142,1.26165,1283
2026-07-08T01:30:00+00:00,1.26165,1.26212,1.26158,1.26212,2095
2026-07-08T01:45:00+00:00,1.26212,1.26229,1.26200,1.26206,1206
2026-07-08T02:00:00+00:00,1.26206,1.26223,1.26194,1.26221,2355
2026-07-08T02:15:00+00:00,1.26221,1.26257,1.26221,1.26235,1693
2026-07-08T02:30:00+00:00,1.26235,1.26272,1.26232,1.26232,1546
2026-07-08T02:45:00+00:00,1.26232,1.26232,1.26190,1.26190,386
2026-07-08T03:00:00+00:00,1.26190,1.26190,1.26162,1.26178,1813
2026-07-08T03:15:00+00:00,1.26178,1.26195,1.26178,1.26195,1002
2026-07-08T03:30:00+00:00,1.26195,1.26198,1.26163,1.26163,1885
2026-07-08T03:45:00+00:00,1.26163,1.26183,1.26150,1.26183,738
2026-07-08T04:00:00+00:00,1.26183,1.26183,1.26148,1.26148,1594
2026-07-08T04:15:00+00:00,1.26148,1.26148,1.26116,1.26116,1338
2026-07-08T04:30:00+00:00,1.26116,1.26118,1.26089,1.26101,1406
2026-07-08T04:45:00+00:00,1.26101,1.26126,1.26101,1.26119,1170
2026-07-08T05:00:00+00:00,1.26119,1.26127,1.26105,1.26107,2583
2026-07-08T05:15:00+00:00,1.26107,1.26151,1.26107,1.26151,2143
2026-07-08T05:30:00+00:00,1.26151,1.26156,1.26131,1.26156,1249
2026-07-08T05:45:00+00:00,1.26156,1.26184,1.26137,1.26184,2732
2026-07-08T06:00:00+00:00,1.26184,1.26242,1.26184,1.26242,1495
2026-07-08T06:15:00+00:00,1.26242,1.26305,1.26242,1.26269,1317
2026-07-08T06:30:00+00:00,1.26269,1.26310,1.26141,1.26141,2236
2026-07-08T06:45:00+00:00,1.26141,1.26141,1.25923,1.25926,1824
2026-07-08T07:00:00+00:00,1.25926,1.25941,1.25767,1.25767,1794
2026-07-08T07:15:00+00:00,1.25767,1.25814,1.25671,1.25671,2388
2026-07-08T07:30:00+00:00,1.25671,1.25671,1.25510,1.25550,1851
2026-07-08T07:45:00+00:00,1.25550,1.25627,1.25471,1.25627,2523
2026-07-08T08:00:00+00:00,1.25627,1.25750,1.25627,1.25750,1665
2026-07-08T08:15:00+00:00,1.25750,1.25807,1.25704,1.25807,2219
2026-07-08T08:30:00+00:00,1.25807,1.25891,1.25803,1.25846,946
2026-07-08T08:45:00+00:00,1.25846,1.25892,1.25846,1.25892,2008
2026-07-08T09:00:00+00:00,1.25892,1.25892,1.25853,1.25853,1893
2026-07-08T09:15:00+00:00,1.25853,1.25853,1.25832,1.25852,1537
2026-07-08T09:30:00+00:00,1.25852,1.25857,1.25832,1.25857,2020
2026-07-08T09:45:00+00:00,1.25857,1.25872,1.25854,1.25854,2100
2026-07-08T10:00:00+00:00,1.25854,1.25896,1.25854,1.25881,1549
2026-07-08T10:15:00+00:00,1.25881,1.25883,1.25826,1.25852,1989
2026-07-08T10:30:00+00:00,1.25852,1.25862,1.25837,1.25837,1393
2026-07-08T10:45:00+00:00,1.25837,1.25837,1.25823,1.25836,1600
2026-07-08T11:00:00+00:00,1.25836,1.25862,1.25836,1.25840,2036
2026-07-08T11:15:00+00:00,1.25840,1.25840,1.25813,1.25827,3048
2026-07-08T11:30:00+00:00,1.25827,1.25880,1.25827,1.25880,1219
2026-07-08T11:45:00+00:00,1.25880,1.25880,1.25806,1.25806,2277
2026-07-08T12:00:00+00:00,1.25806,1.25871,1.25806,1.25871,2111
2026-07-08T12:15:00+00:00,1.25871,1.25903,1.25848,1.25848,1815
2026-07-08T12:30:00+00:00,1.25848,1.25894,1.25844,1.25875,1545
2026-07-08T12:45:00+00:00,1.25875,1.25891,1.25823,1.25823,2086
2026-07-08T13:00:00+00:00,1.25823,1.25963,1.25823,1.25894,1022
2026-07-08T13:15:00+00:00,1.25894,1.25907,1.25870,1.25907,1857
2026-07-08T13:30:00+00:00,1.25907,1.25966,1.25872,1.25966,2725
2026-07-08T13:45:00+00:00,1.25966,1.26044,1.25960,1.26044,1567
2026-07-08T14:00:00+00:00,1.26044,1.26119,1.26034,1.26105,1433
2026-07-08T14:15:00+00:00,1.26105,1.26160,1.26105,1.26145,777
2026-07-08T14:30:00+00:00,1.26145,1.26197,1.26133,1.26133,1275
2026-07-08T14:45:00+00:00,1.26133,1.26133,1.26072,1.26100,2424
2026-07-08T15:00:00+00:00,1.26100,1.26100,1.25967,1.25967,1597
2026-07-08T15:15:00+00:00,1.25967,1.25983,1.25962,1.25971,1550
2026-07-08T15:30:00+00:00,1.25971,1.25976,1.25960,1.25976,1406
2026-07-08T15:45:00+00:00,1.25976,1.25976,1.25944,1.25946,1979
2026-07-08T16:00:00+00:00,1.25946,1.25959,1.25938,1.25945,2418
2026-07-08T16:15:00+00:00,1.25945,1.25994,1.25944,1.25994,1227
2026-07-08T16:30:00+00:00,1.25994,1.26006,1.25983,1.25983,2147
2026-07-08T16:45:00+00:00,1.25983,1.25983,1.25925,1.25925,2163
2026-07-08T17:00:00+00:00,1.25925,1.25925,1.25902,1.25902,1661
2026-07-08T17:15:00+00:00,1.25902,1.25902,1.25868,1.25868,1025
2026-07-08T17:30:00+00:00,1.25868,1.25888,1.25858,1.25879,1047
2026-07-08T17:45:00+00:00,1.25879,1.25888,1.25876,1.25884,1498
2026-07-08T18:00:00+00:00,1.25884,1.25884,1.25858,1.25860,2193
2026-07-08T18:15:00+00:00,1.25860,1.25879,1.25860,1.25879,1214
2026-07-08T18:30:00+00:00,1.25879,1.25908,1.25879,1.25902,1793
2026-07-08T18:45:00+00:00,1.25902,1.25910,1.25896,1.25899,1308
2026-07-08T19:00:00+00:00,1.25899,1.25914,1.25890,1.25914,1552
2026-07-08T19:15:00+00:00,1.25914,1.25926,1.25912,1.25926,1714
2026-07-08T19:30:00+00:00,1.25926,1.25934,1.25901,1.25908,819
2026-07-08T19:45:00+00:00,1.25908,1.25908,1.25885,1.25885,401
2026-07-08T20:00:00+00:00,1.25885,1.25885,1.25840,1.25867,1444
2026-07-08T20:15:00+00:00,1.25867,1.25873,1.25851,1.25851,1335
2026-07-08T20:30:00+00:00,1.25851,1.25859,1.25840,1.25840,724
2026-07-08T20:45:00+00:00,1.25840,1.25849,1.25839,1.25839,1005
2026-07-08T21:00:00+00:00,1.25839,1.25877,1.25839,1.25877,1937
2026-07-08T21:15:00+00:00,1.25877,1.25886,1.25871,1.25879,2106
2026-07-08T21:30:00+00:00,1.25879,1.25879,1.25852,1.25868,1428
2026-07-08T21:45:00+00:00,1.25868,1.25884,1.25868,1.25868,1729
2026-07-08T22:00:00+00:00,1.25868,1.25869,1.25840,1.25840,1502
2026-07-08T22:15:00+00:00,1.25840,1.25850,1.25839,1.25840,1730
2026-07-08T22:30:00+00:00,1.25840,1.25865,1.25840,1.25847,1267
2026-07-08T22:45:00+00:00,1.25847,1.25853,1.25832,1.25850,1612
2026-07-08T23:00:00+00:00,1.25850,1.25868,1.25849,1.25868,1882
2026-07-08T23:15:00+00:00,1.25868,1.25874,1.25852,1.25852,770
2026-07-08T23:30:00+00:00,1.25852,1.25860,1.25831,1.25831,1705
2026-07-08T23:45:00+00:00,1.25831,1.25846,1.25820,1.25820,1493
2026-07-09T00:00:00+00:00,1.25820,1.25850,1.25820,1.25840,831
2026-07-09T00:15:00+00:00,1.25840,1.25862,1.25821,1.25821,1250
2026-07-09T00:30:00+00:00,1.25821,1.25832,1.25794,1.25794,1666
2026-07-09T00:45:00+00:00,1.25794,1.25852,1.25790,1.25852,1733
2026-07-09T01:00:00+00:00,1.25852,1.25900,1.25852,1.25900,1790
2026-07-09T01:15:00+00:00,1.25900,1.25900,1.25838,1.25838,2016
2026-07-09T01:30:00+00:00,1.25838,1.25876,1.25834,1.25834,1866
2026-07-09T01:45:00+00:00,1.25834,1.25877,1.25831,1.25877,1348
2026-07-09T02:00:00+00:00,1.25877,1.25877,1.25838,1.25838,1486
2026-07-09T02:15:00+00:00,1.25838,1.25876,1.25838,1.25876,1650
2026-07-09T02:30:00+00:00,1.25876,1.25876,1.25853,1.25874,2604
2026-07-09T02:45:00+00:00,1.25874,1.25898,1.25874,1.25886,2002
2026-07-09T03:00:00+00:00,1.25886,1.25909,1.25886,1.25905,925
2026-07-09T03:15:00+00:00,1.25905,1.25906,1.25888,1.25893,939
2026-07-09T03:30:00+00:00,1.25893,1.25908,1.25888,1.25908,2264
2026-07-09T03:45:00+00:00,1.25908,1.25908,1.25893,1.25899,2491
2026-07-09T04:00:00+00:00,1.25899,1.25919,1.25899,1.25914,2011
2026-07-09T04:15:00+00:00,1.25914,1.25962,1.25914,1.25958,772
2026-07-09T04:30:00+00:00,1.25958,1.25985,1.25954,1.25974,1505
2026-07-09T04:45:00+00:00,1.25974,1.25998,1.25974,1.25998,1531
2026-07-09T05:00:00+00:00,1.25998,1.26040,1.25993,1.26018,1887
2026-07-09T05:15:00+00:00,1.26018,1.26088,1.26018,1.26088,1330
2026-07-09T05:30:00+00:00,1.26088,1.26096,1.26076,1.26096,1788
2026-07-09T05:45:00+00:00,1.26096,1.26096,1.26065,1.26065,1455
2026-07-09T06:00:00+00:00,1.26065,1.26120,1.26065,1.26107,967
2026-07-09T06:15:00+00:00,1.26107,1.26229,1.26107,1.26229,1840
2026-07-09T06:30:00+00:00,1.26229,1.26245,1.26160,1.26160,792
2026-07-09T06:45:00+00:00,1.26160,1.26205,1.26151,1.26187,2990
2026-07-09T07:00:00+00:00,1.26187,1.26335,1.26187,1.26335,1846
2026-07-09T07:15:00+00:00,1.26335,1.26522,1.26335,1.26522,2111
2026-07-09T07:30:00+00:00,1.26522,1.26638,1.26486,1.26638,2252
2026-07-09T07:45:00+00:00,1.26638,1.26638,1.26423,1.26443,1872
2026-07-09T08:00:00+00:00,1.26443,1.26507,1.26443,1.26507,1271
2026-07-09T08:15:00+00:00,1.26507,1.26522,1.26415,1.26415,916
2026-07-09T08:30:00+00:00,1.26415,1.26422,1.26382,1.26382,2100
2026-07-09T08:45:00+00:00,1.26382,1.26397,1.26380,1.26389,1492
2026-07-09T09:00:00+00:00,1.26389,1.26416,1.26389,1.26398,2553
2026-07-09T09:15:00+00:00,1.26398,1.26398,1.26357,1.26359,2433
2026-07-09T09:30:00+00:00,1.26359,1.26383,1.26350,1.26383,1583
2026-07-09T09:45:00+00:00,1.26383,1.26408,1.26383,1.26403,1876
2026-07-09T10:00:00+00:00,1.26403,1.26438,1.26391,1.26438,2262
2026-07-09T10:15:00+00:00,1.26438,1.26457,1.26427,1.26427,1957
2026-07-09T10:30:00+00:00,1.26427,1.26460,1.26427,1.26458,941
2026-07-09T10:45:00+00:00,1.26458,1.26471,1.26450,1.26471,1724
2026-07-09T11:00:00+00:00,1.26471,1.26488,1.26451,1.26462,2344
2026-07-09T11:15:00+00:00,1.26462,1.26465,1.26450,1.26460,2192
2026-07-09T11:30:00+00:00,1.26460,1.26488,1.26460,1.26485,1440
2026-07-09T11:45:00+00:00,1.26485,1.26507,1.26453,1.26507,1534
2026-07-09T12:00:00+00:00,1.26507,1.26518,1.26478,1.26492,1964
2026-07-09T12:15:00+00:00,1.26492,1.26538,1.26463,1.26538,1129
2026-07-09T12:30:00+00:00,1.26538,1.26538,1.26474,1.26476,1709
2026-07-09T12:45:00+00:00,1.26476,1.26476,1.26360,1.26360,2528
2026-07-09T13:00:00+00:00,1.26360,1.26373,1.26290,1.26353,1746
2026-07-09T13:15:00+00:00,1.26353,1.26353,1.26282,1.26282,2393
2026-07-09T13:30:00+00:00,1.26282,1.26289,1.26231,1.26278,1823
2026-07-09T13:45:00+00:00,1.26278,1.26364,1.26278,1.26364,2136
2026-07-09T14:00:00+00:00,1.26364,1.26364,1.26312,1.26337,2126
2026-07-09T14:15:00+00:00,1.26337,1.26363,1.26323,1.26354,1201
2026-07-09T14:30:00+00:00,1.26354,1.26354,1.26223,1.26223,1710
2026-07-09T14:45:00+00:00,1.26223,1.26226,1.26195,1.26206,2059
2026-07-09T15:00:00+00:00,1.26206,1.26276,1.26206,1.26263,1564
2026-07-09T15:15:00+00:00,1.26263,1.26274,1.26196,1.26196,2496
2026-07-09T15:30:00+00:00,1.26196,1.26217,1.26196,1.26217,1304
2026-07-09T15:45:00+00:00,1.26217,1.26217,1.26143,1.26145,1209
2026-07-09T16:00:00+00:00,1.26145,1.26145,1.26112,1.26112,718
2026-07-09T16:15:00+00:00,1.26112,1.26112,1.26069,1.26069,1801
2026-07-09T16:30:00+00:00,1.26069,1.26082,1.26069,1.26073,1681
2026-07-09T16:45:00+00:00,1.26073,1.26082,1.26073,1.26082,1311
2026-07-09T17:00:00+00:00,1.26082,1.26109,1.26082,1.26109,1671
2026-07-09T17:15:00+00:00,1.26109,1.26112,1.26097,1.26098,1262
2026-07-09T17:30:00+00:00,1.26098,1.26098,1.26071,1.26084,1234
2026-07-09T17:45:00+00:00,1.26084,1.26084,1.26060,1.26080,1402
2026-07-09T18:00:00+00:00,1.26080,1.26080,1.26059,1.26060,887
2026-07-09T18:15:00+00:00,1.26060,1.26071,1.26053,1.26064,1281
2026-07-09T18:30:00+00:00,1.26064,1.26090,1.26064,1.26090,1225
2026-07-09T18:45:00+00:00,1.26090,1.26095,1.26083,1.26083,1938
2026-07-09T19:00:00+00:00,1.26083,1.26108,1.26083,1.26106,701
2026-07-09T19:15:00+00:00,1.26106,1.26136,1.26097,1.26136,1300
2026-07-09T19:30:00+00:00,1.26136,1.26146,1.26111,1.26125,1292
2026-07-09T19:45:00+00:00,1.26125,1.26144,1.26125,1.26144,1708
2026-07-09T20:00:00+00:00,1.26144,1.26182,1.26143,1.26182,2062
2026-07-09T20:15:00+00:00,1.26182,1.26193,1.26179,1.26190,1402
2026-07-09T20:30:00+00:00,1.26190,1.26190,1.26159,1.26167,1794
2026-07-09T20:45:00+00:00,1.26167,1.26184,1.26167,1.26180,2132
2026-07-09T21:00:00+00:00,1.26180,1.26180,1.26154,1.26162,1381
2026-07-09T21:15:00+00:00,1.26162,1.26173,1.26153,1.26162,871
2026-07-09T21:30:00+00:00,1.26162,1.26181,1.26157,1.26172,1688
2026-07-09T21:45:00+00:00,1.26172,1.26178,1.26165,1.26165,1620
2026-07-09T22:00:00+00:00,1.26165,1.26199,1.26157,1.26199,877
2026-07-09T22:15:00+00:00,1.26199,1.26204,1.26174,1.26174,1442
2026-07-09T22:30:00+00:00,1.26174,1.26178,1.26168,1.26177,1977
2026-07-09T22:45:00+00:00,1.26177,1.26193,1.26169,1.26169,1683
2026-07-09T23:00:00+00:00,1.26169,1.26195,1.26169,1.26195,1276
2026-07-09T23:15:00+00:00,1.26195,1.26203,1.26187,1.26196,1700
2026-07-09T23:30:00+00:00,1.26196,1.26220,1.26196,1.26209,2681
2026-07-09T23:45:00+00:00,1.26209,1.26209,1.26178,1.26178,400
2026-07-10T00:00:00+00:00,1.26178,1.26178,1.26132,1.26132,1954
2026-07-10T00:15:00+00:00,1.26132,1.26202,1.26119,1.26202,2029
2026-07-10T00:30:00+00:00,1.26202,1.26206,1.26163,1.26163,1937
2026-07-10T00:45:00+00:00,1.26163,1.26200,1.26154,1.26200,1690
2026-07-10T01:00:00+00:00,1.26200,1.26200,1.26159,1.26159,1232
2026-07-10T01:15:00+00:00,1.26159,1.26161,1.26147,1.26147,2092
2026-07-10T01:30:00+00:00,1.26147,1.26188,1.26147,1.26147,1911
2026-07-10T01:45:00+00:00,1.26147,1.26147,1.26124,1.26124,923
2026-07-10T02:00:00+00:00,1.26124,1.26166,1.26092,1.26166,2341
2026-07-10T02:15:00+00:00,1.26166,1.26166,1.26122,1.26144,2323
2026-07-10T02:30:00+00:00,1.26144,1.26177,1.26141,1.26141,1447
2026-07-10T02:45:00+00:00,1.26141,1.26176,1.26125,1.26176,1267
2026-07-10T03:00:00+00:00,1.26176,1.26225,1.26176,1.26224,1746
2026-07-10T03:15:00+00:00,1.26224,1.26242,1.26218,1.26242,1859
2026-07-10T03:30:00+00:00,1.26242,1.26242,1.26210,1.26213,1961
2026-07-10T03:45:00+00:00,1.26213,1.26222,1.26211,1.26214,2188
2026-07-10T04:00:00+00:00,1.26214,1.26214,1.26156,1.26156,613
2026-07-10T04:15:00+00:00,1.26156,1.26156,1.26130,1.26130,1851
2026-07-10T04:30:00+00:00,1.26130,1.26176,1.26130,1.26168,1832
2026-07-10T04:45:00+00:00,1.26168,1.26181,1.26161,1.26161,1376
2026-07-10T05:00:00+00:00,1.26161,1.26182,1.26157,1.26157,731
2026-07-10T05:15:00+00:00,1.26157,1.26157,1.26123,1.26123,1987
2026-07-10T05:30:00+00:00,1.26123,1.26153,1.26109,1.26153,1587
2026-07-10T05:45:00+00:00,1.26153,1.26178,1.26149,1.26178,1623
2026-07-10T06:00:00+00:00,1.26178,1.26185,1.26152,1.26177,2309
2026-07-10T06:15:00+00:00,1.26177,1.26221,1.26165,1.26165,1074
2026-07-10T06:30:00+00:00,1.26165,1.26179,1.26125,1.26144,2581
2026-07-10T06:45:00+00:00,1.26144,1.26157,1.26062,1.26157,1931
2026-07-10T07:00:00+00:00,1.26157,1.26186,1.26145,1.26186,2398
2026-07-10T07:15:00+00:00,1.26186,1.26228,1.26119,1.26221,1824
2026-07-10T07:30:00+00:00,1.26221,1.26252,1.26158,1.26252,1223
2026-07-10T07:45:00+00:00,1.26252,1.26252,1.26127,1.26155,2150
2026-07-10T08:00:00+00:00,1.26155,1.26161,1.26134,1.26161,1624
2026-07-10T08:15:00+00:00,1.26161,1.26265,1.26161,1.26244,1440
2026-07-10T08:30:00+00:00,1.26244,1.26304,1.26244,1.26287,1737
2026-07-10T08:45:00+00:00,1.26287,1.26317,1.26260,1.26317,1342
2026-07-10T09:00:00+00:00,1.26317,1.26340,1.26301,1.26340,1593
2026-07-10T09:15:00+00:00,1.26340,1.26341,1.26313,1.26313,1685
2026-07-10T09:30:00+00:00,1.26313,1.26319,1.26283,1.26306,1190
2026-07-10T09:45:00+00:00,1.26306,1.26323,1.26299,1.26323,149
2026-07-10T10:00:00+00:00,1.26323,1.26334,1.26315,1.26333,2235
2026-07-10T10:15:00+00:00,1.26333,1.26356,1.26333,1.26347,1260
2026-07-10T10:30:00+00:00,1.26347,1.26396,1.26347,1.26396,912
2026-07-10T10:45:00+00:00,1.26396,1.26423,1.26396,1.26413,831
2026-07-10T11:00:00+00:00,1.26413,1.26440,1.26404,1.26440,1248
2026-07-10T11:15:00+00:00,1.26440,1.26440,1.26421,1.26421,2463
2026-07-10T11:30:00+00:00,1.26421,1.26429,1.26407,1.26418,2387
2026-07-10T11:45:00+00:00,1.26418,1.26424,1.26401,1.26424,2112
2026-07-10T12:00:00+00:00,1.26424,1.26429,1.26400,1.26427,1130
2026-07-10T12:15:00+00:00,1.26427,1.26436,1.26387,1.26387,2369
2026-07-10T12:30:00+00:00,1.26387,1.26397,1.26363,1.26390,2302
2026-07-10T12:45:00+00:00,1.26390,1.26394,1.26336,1.26336,1953
2026-07-10T13:00:00+00:00,1.26336,1.26363,1.26304,1.26363,1256
2026-07-10T13:15:00+00:00,1.26363,1.26448,1.26363,1.26414,1052
2026-07-10T13:30:00+00:00,1.26414,1.26463,1.26402,1.26433,1668
2026-07-10T13:45:00+00:00,1.26433,1.26433,1.26336,1.26359,1345
2026-07-10T14:00:00+00:00,1.26359,1.26472,1.26359,1.26472,2062
2026-07-10T14:15:00+00:00,1.26472,1.26555,1.26472,1.26545,1722
2026-07-10T14:30:00+00:00,1.26545,1.26565,1.26528,1.26565,1737
2026-07-10T14:45:00+00:00,1.26565,1.26663,1.26565,1.26659,1416
2026-07-10T15:00:00+00:00,1.26659,1.26663,1.26630,1.26630,1635
2026-07-10T15:15:00+00:00,1.26630,1.26703,1.26630,1.26692,1099
2026-07-10T15:30:00+00:00,1.26692,1.26692,1.26665,1.26665,1992
2026-07-10T15:45:00+00:00,1.26665,1.26677,1.26642,1.26642,1923
2026-07-10T16:00:00+00:00,1.26642,1.26668,1.26640,1.26640,1048
2026-07-10T16:15:00+00:00,1.26640,1.26660,1.26639,1.26658,1885
2026-07-10T16:30:00+00:00,1.26658,1.26679,1.26655,1.26655,715
2026-07-10T16:45:00+00:00,1.26655,1.26675,1.26655,1.26675,1368
2026-07-10T17:00:00+00:00,1.26675,1.26675,1.26665,1.26671,1405
2026-07-10T17:15:00+00:00,1.26671,1.26676,1.26671,1.26676,1737
2026-07-10T17:30:00+00:00,1.26676,1.26689,1.26673,1.26673,1374
2026-07-10T17:45:00+00:00,1.26673,1.26686,1.26673,1.26684,2259
2026-07-10T18:00:00+00:00,1.26684,1.26684,1.26634,1.26647,871
2026-07-10T18:15:00+00:00,1.26647,1.26663,1.26647,1.26663,1758
2026-07-10T18:30:00+00:00,1.26663,1.26683,1.26663,1.26683,2033
2026-07-10T18:45:00+00:00,1.26683,1.26683,1.26660,1.26664,2305
2026-07-10T19:00:00+00:00,1.26664,1.26677,1.26662,1.26677,1437
2026-07-10T19:15:00+00:00,1.26677,1.26682,1.26656,1.26656,1718
2026-07-10T19:30:00+00:00,1.26656,1.26656,1.26641,1.26648,2434
2026-07-10T19:45:00+00:00,1.26648,1.26682,1.26648,1.26682,1350
2026-07-10T20:00:00+00:00,1.26682,1.26690,1.26672,1.26690,1517
2026-07-10T20:15:00+00:00,1.26690,1.26714,1.26690,1.26699,1460
2026-07-10T20:30:00+00:00,1.26699,1.26719,1.26697,1.26716,1305
2026-07-10T20:45:00+00:00,1.26716,1.26716,1.26693,1.26709,1478
2026-07-10T21:00:00+00:00,1.26709,1.26720,1.26701,1.26701,1886
2026-07-10T21:15:00+00:00,1.26701,1.26726,1.26701,1.26726,1406
2026-07-10T21:30:00+00:00,1.26726,1.26741,1.26726,1.26726,1489
2026-07-10T21:45:00+00:00,1.26726,1.26729,1.26718,1.26718,1657
2026-07-10T22:00:00+00:00,1.26718,1.26718,1.26672,1.26672,1404
2026-07-10T22:15:00+00:00,1.26672,1.26711,1.26672,1.26711,1638
2026-07-10T22:30:00+00:00,1.26711,1.26711,1.26658,1.26669,1554
2026-07-10T22:45:00+00:00,1.26669,1.26681,1.26662,1.26662,1049
2026-07-10T23:00:00+00:00,1.26662,1.26662,1.26622,1.26622,1678
2026-07-10T23:15:00+00:00,1.26622,1.26636,1.26610,1.26610,2137
2026-07-10T23:30:00+00:00,1.26610,1.26610,1.26579,1.26579,1918
2026-07-10T23:45:00+00:00,1.26579,1.26609,1.26579,1.26595,1860
2026-07-13T00:00:00+00:00,1.26595,1.26595,1.26571,1.26571,1218
2026-07-13T00:15:00+00:00,1.26571,1.26583,1.26557,1.26583,2149
2026-07-13T00:30:00+00:00,1.26583,1.26591,1.26552,1.26591,1699
2026-07-13T00:45:00+00:00,1.26591,1.26668,1.26591,1.26666,1908
2026-07-13T01:00:00+00:00,1.26666,1.26692,1.26649,1.26649,1559
2026-07-13T01:15:00+00:00,1.26649,1.26679,1.26625,1.26625,1348
2026-07-13T01:30:00+00:00,1.26625,1.26699,1.26625,1.26699,1510
2026-07-13T01:45:00+00:00,1.26699,1.26729,1.26699,1.26712,2050
2026-07-13T02:00:00+00:00,1.26712,1.26723,1.26657,1.26657,2002
2026-07-13T02:15:00+00:00,1.26657,1.26700,1.26651,1.26692,1641
2026-07-13T02:30:00+00:00,1.26692,1.26717,1.26692,1.26703,2032
2026-07-13T02:45:00+00:00,1.26703,1.26703,1.26667,1.26681,2204
2026-07-13T03:00:00+00:00,1.26681,1.26681,1.26657,1.26668,1705
2026-07-13T03:15:00+00:00,1.26668,1.26679,1.26651,1.26671,2026
2026-07-13T03:30:00+00:00,1.26671,1.26700,1.26671,1.26677,1315
2026-07-13T03:45:00+00:00,1.26677,1.26677,1.26647,1.26647,1820
2026-07-13T04:00:00+00:00,1.26647,1.26672,1.26647,1.26662,1498
2026-07-13T04:15:00+00:00,1.26662,1.26671,1.26652,1.26656,2107
2026-07-13T04:30:00+00:00,1.26656,1.26656,1.26583,1.26583,1583
2026-07-13T04:45:00+00:00,1.26583,1.26583,1.26563,1.26567,1461
2026-07-13T05:00:00+00:00,1.26567,1.26567,1.26533,1.26545,1464
2026-07-13T05:15:00+00:00,1.26545,1.26578,1.26545,1.26578,2317
2026-07-13T05:30:00+00:00,1.26578,1.26590,1.26564,1.26590,1955
2026-07-13T05:45:00+00:00,1.26590,1.26620,1.26557,1.26557,2016
2026-07-13T06:00:00+00:00,1.26557,1.26659,1.26557,1.26627,2038
2026-07-13T06:15:00+00:00,1.26627,1.26652,1.26560,1.26572,1933
2026-07-13T06:30:00+00:00,1.26572,1.26572,1.26436,1.26463,937
2026-07-13T06:45:00+00:00,1.26463,1.26463,1.26382,1.26450,1607
2026-07-13T07:00:00+00:00,1.26450,1.26464,1.26425,1.26430,2029
2026-07-13T07:15:00+00:00,1.26430,1.26552,1.26425,1.26425,1935
2026-07-13T07:30:00+00:00,1.26425,1.26425,1.26270,1.26304,2264
2026-07-13T07:45:00+00:00,1.26304,1.26367,1.26304,1.26332,2004
2026-07-13T08:00:00+00:00,1.26332,1.26333,1.26241,1.26241,1633
2026-07-13T08:15:00+00:00,1.26241,1.26241,1.26120,1.26120,891
2026-07-13T08:30:00+00:00,1.26120,1.26120,1.26073,1.26074,1727
2026-07-13T08:45:00+00:00,1.26074,1.26113,1.26074,1.26098,2219
2026-07-13T09:00:00+00:00,1.26098,1.26130,1.26098,1.26123,2007
2026-07-13T09:15:00+00:00,1.26123,1.26192,1.26123,1.26192,1814
2026-07-13T09:30:00+00:00,1.26192,1.26204,1.26187,1.26204,980
2026-07-13T09:45:00+00:00,1.26204,1.26223,1.26201,1.26216,1092
2026-07-13T10:00:00+00:00,1.26216,1.26216,1.26179,1.26214,718
2026-07-13T10:15:00+00:00,1.26214,1.26241,1.26213,1.26241,748
2026-07-13T10:30:00+00:00,1.26241,1.26241,1.26206,1.26207,1843
2026-07-13T10:45:00+00:00,1.26207,1.26207,1.26175,1.26175,764
2026-07-13T11:00:00+00:00,1.26175,1.26234,1.26175,1.26234,1885
2026-07-13T11:15:00+00:00,1.26234,1.26284,1.26233,1.26266,542
2026-07-13T11:30:00+00:00,1.26266,1.26266,1.26241,1.26259,1133
2026-07-13T11:45:00+00:00,1.26259,1.26291,1.26242,1.26242,2619
2026-07-13T12:00:00+00:00,1.26242,1.26295,1.26235,1.26235,2303
2026-07-13T12:15:00+00:00,1.26235,1.26276,1.26217,1.26276,701
2026-07-13T12:30:00+00:00,1.26276,1.26313,1.26239,1.26239,1856
2026-07-13T12:45:00+00:00,1.26239,1.26239,1.26148,1.26191,1990
2026-07-13T13:00:00+00:00,1.26191,1.26220,1.26191,1.26220,1886
2026-07-13T13:15:00+00:00,1.26220,1.26231,1.26159,1.26181,2345
2026-07-13T13:30:00+00:00,1.26181,1.26200,1.26175,1.26185,2220
2026-07-13T13:45:00+00:00,1.26185,1.26252,1.26139,1.26252,1115
2026-07-13T14:00:00+00:00,1.26252,1.26374,1.26252,1.26278,1319
2026-07-13T14:15:00+00:00,1.26278,1.26331,1.26239,1.26294,2226
2026-07-13T14:30:00+00:00,1.26294,1.26347,1.26294,1.26334,1255
2026-07-13T14:45:00+00:00,1.26334,1.26380,1.26314,1.26380,1277
2026-07-13T15:00:00+00:00,1.26380,1.26413,1.26376,1.26413,1362
2026-07-13T15:15:00+00:00,1.26413,1.26413,1.26343,1.26372,1693
2026-07-13T15:30:00+00:00,1.26372,1.26372,1.26348,1.26365,1537
2026-07-13T15:45:00+00:00,1.26365,1.26412,1.26365,1.26402,904
2026-07-13T16:00:00+00:00,1.26402,1.26406,1.26392,1.26403,1213
2026-07-13T16:15:00+00:00,1.26403,1.26425,1.26403,1.26418,2144
2026-07-13T16:30:00+00:00,1.26418,1.26426,1.26403,1.26403,2333
2026-07-13T16:45:00+00:00,1.26403,1.26410,1.26395,1.26410,2290
2026-07-13T17:00:00+00:00,1.26410,1.26419,1.26408,1.26411,1505
2026-07-13T17:15:00+00:00,1.26411,1.26442,1.26411,1.26436,1762
2026-07-13T17:30:00+00:00,1.26436,1.26436,1.26383,1.26383,1858
2026-07-13T17:45:00+00:00,1.26383,1.26383,1.26357,1.26381,1084
2026-07-13T18:00:00+00:00,1.26381,1.26386,1.26368,1.26374,1778
2026-07-13T18:15:00+00:00,1.26374,1.26390,1.26357,1.26357,1217
2026-07-13T18:30:00+00:00,1.26357,1.26359,1.26348,1.26348,1668
2026-07-13T18:45:00+00:00,1.26348,1.26349,1.26319,1.26349,1961
2026-07-13T19:00:00+00:00,1.26349,1.26353,1.26340,1.26351,2664
2026-07-13T19:15:00+00:00,1.26351,1.26377,1.26346,1.26377,1495
2026-07-13T19:30:00+00:00,1.26377,1.26378,1.26367,1.26367,670
2026-07-13T19:45:00+00:00,1.26367,1.26367,1.26305,1.26305,2117
2026-07-13T20:00:00+00:00,1.26305,1.26305,1.26277,1.26277,1195
2026-07-13T20:15:00+00:00,1.26277,1.26285,1.26272,1.26280,1397
2026-07-13T20:30:00+00:00,1.26280,1.26288,1.26259,1.26278,1798
2026-07-13T20:45:00+00:00,1.26278,1.26281,1.26258,1.26258,1960
2026-07-13T21:00:00+00:00,1.26258,1.26277,1.26255,1.26268,844
2026-07-13T21:15:00+00:00,1.26268,1.26295,1.26268,1.26281,1796
2026-07-13T21:30:00+00:00,1.26281,1.26281,1.26215,1.26215,1395
2026-07-13T21:45:00+00:00,1.26215,1.26216,1.26169,1.26169,659
2026-07-13T22:00:00+00:00,1.26169,1.26169,1.26140,1.26164,677
2026-07-13T22:15:00+00:00,1.26164,1.26172,1.26147,1.26165,1465
2026-07-13T22:30:00+00:00,1.26165,1.26166,1.26154,1.26159,2045
2026-07-13T22:45:00+00:00,1.26159,1.26180,1.26159,1.26174,1634
2026-07-13T23:00:00+00:00,1.26174,1.26174,1.26151,1.26162,1415
2026-07-13T23:15:00+00:00,1.26162,1.26193,1.26162,1.26193,1591
2026-07-13T23:30:00+00:00,1.26193,1.26207,1.26187,1.26207,1328
2026-07-13T23:45:00+00:00,1.26207,1.26219,1.26192,1.26200,2164
2026-07-14T00:00:00+00:00,1.26200,1.26233,1.26196,1.26217,1582
2026-07-14T00:15:00+00:00,1.26217,1.26274,1.26217,1.26259,1274
2026-07-14T00:30:00+00:00,1.26259,1.26299,1.26259,1.26275,1180
2026-07-14T00:45:00+00:00,1.26275,1.26307,1.26275,1.26288,1333
2026-07-14T01:00:00+00:00,1.26288,1.26332,1.26288,1.26295,1065
2026-07-14T01:15:00+00:00,1.26295,1.26325,1.26282,1.26325,442
2026-07-14T01:30:00+00:00,1.26325,1.26329,1.26268,1.26268,1204
2026-07-14T01:45:00+00:00,1.26268,1.26276,1.26251,1.26276,2543
2026-07-14T02:00:00+00:00,1.26276,1.26284,1.26226,1.26226,1696
2026-07-14T02:15:00+00:00,1.26226,1.26265,1.26226,1.26262,2151
2026-07-14T02:30:00+00:00,1.26262,1.26273,1.26245,1.26245,2198
2026-07-14T02:45:00+00:00,1.26245,1.26249,1.26219,1.26234,1798
2026-07-14T03:00:00+00:00,1.26234,1.26235,1.26213,1.26235,2041
2026-07-14T03:15:00+00:00,1.26235,1.26244,1.26223,1.26244,1497
2026-07-14T03:30:00+00:00,1.26244,1.26257,1.26235,1.26257,1168
2026-07-14T03:45:00+00:00,1.26257,1.26276,1.26257,1.26271,2194
2026-07-14T04:00:00+00:00,1.26271,1.26271,1.26224,1.26230,1952
2026-07-14T04:15:00+00:00,1.26230,1.26238,1.26211,1.26219,1127
2026-07-14T04:30:00+00:00,1.26219,1.26219,1.26167,1.26167,1693
2026-07-14T04:45:00+00:00,1.26167,1.26208,1.26167,1.26208,1261
2026-07-14T05:00:00+00:00,1.26208,1.26219,1.26207,1.26217,1435
2026-07-14T05:15:00+00:00,1.26217,1.26217,1.26177,1.26177,830
2026-07-14T05:30:00+00:00,1.26177,1.26177,1.26094,1.26094,2416
2026-07-14T05:45:00+00:00,1.26094,1.26136,1.26086,1.26136,1892
2026-07-14T06:00:00+00:00,1.26136,1.26159,1.26104,1.26155,1672
2026-07-14T06:15:00+00:00,1.26155,1.26207,1.26141,1.26151,1780
2026-07-14T06:30:00+00:00,1.26151,1.26160,1.26103,1.26103,2465
2026-07-14T06:45:00+00:00,1.26103,1.26155,1.26101,1.26138,1700
2026-07-14T07:00:00+00:00,1.26138,1.26173,1.26103,1.26118,2126
2026-07-14T07:15:00+00:00,1.26118,1.26215,1.26118,1.26215,1902
2026-07-14T07:30:00+00:00,1.26215,1.26329,1.26215,1.26329,1824
2026-07-14T07:45:00+00:00,1.26329,1.26366,1.26315,1.26366,2092
2026-07-14T08:00:00+00:00,1.26366,1.26397,1.26342,1.26397,821
2026-07-14T08:15:00+00:00,1.26397,1.26436,1.26384,1.26413,2106
2026-07-14T08:30:00+00:00,1.26413,1.26457,1.26410,1.26450,2395
2026-07-14T08:45:00+00:00,1.26450,1.26461,1.26436,1.26461,1396
2026-07-14T09:00:00+00:00,1.26461,1.26506,1.26461,1.26506,1426
2026-07-14T09:15:00+00:00,1.26506,1.26506,1.26483,1.26483,2007
2026-07-14T09:30:00+00:00,1.26483,1.26493,1.26479,1.26487,1335
2026-07-14T09:45:00+00:00,1.26487,1.26511,1.26487,1.26488,909
2026-07-14T10:00:00+00:00,1.26488,1.26499,1.26477,1.26491,1496
2026-07-14T10:15:00+00:00,1.26491,1.26491,1.26477,1.26486,1757
2026-07-14T10:30:00+00:00,1.26486,1.26503,1.26484,1.26503,1840
2026-07-14T10:45:00+00:00,1.26503,1.26503,1.26461,1.26484,849
2026-07-14T11:00:00+00:00,1.26484,1.26485,1.26461,1.26485,779
2026-07-14T11:15:00+00:00,1.26485,1.26505,1.26474,1.26479,1843
2026-07-14T11:30:00+00:00,1.26479,1.26506,1.26476,1.26506,696
2026-07-14T11:45:00+00:00,1.26506,1.26546,1.26506,1.26546,2559
2026-07-14T12:00:00+00:00,1.26546,1.26558,1.26519,1.26546,1252
2026-07-14T12:15:00+00:00,1.26546,1.26596,1.26540,1.26596,1820
2026-07-14T12:30:00+00:00,1.26596,1.26596,1.26514,1.26514,2427
2026-07-14T12:45:00+00:00,1.26514,1.26524,1.26479,1.26524,1833
2026-07-14T13:00:00+00:00,1.26524,1.26567,1.26493,1.26493,1662
2026-07-14T13:15:00+00:00,1.26493,1.26496,1.26467,1.26467,3002
2026-07-14T13:30:00+00:00,1.26467,1.26467,1.26380,1.26380,2026
2026-07-14T13:45:00+00:00,1.26380,1.26426,1.26364,1.26378,1469
2026-07-14T14:00:00+00:00,1.26378,1.26478,1.26323,1.26323,1006
2026-07-14T14:15:00+00:00,1.26323,1.26323,1.26269,1.26305,2338
2026-07-14T14:30:00+00:00,1.26305,1.26309,1.26235,1.26257,1051
2026-07-14T14:45:00+00:00,1.26257,1.26282,1.26240,1.26245,1083
2026-07-14T15:00:00+00:00,1.26245,1.26245,1.26209,1.26218,1824
2026-07-14T15:15:00+00:00,1.26218,1.26229,1.26199,1.26208,2620
2026-07-14T15:30:00+00:00,1.26208,1.26256,1.26208,1.26242,1249
2026-07-14T15:45:00+00:00,1.26242,1.26285,1.26233,1.26285,1400
2026-07-14T16:00:00+00:00,1.26285,1.26322,1.26285,1.26322,1965
2026-07-14T16:15:00+00:00,1.26322,1.26330,1.26312,1.26319,1562
2026-07-14T16:30:00+00:00,1.26319,1.26349,1.26319,1.26329,1180
2026-07-14T16:45:00+00:00,1.26329,1.26336,1.26319,1.26336,904
2026-07-14T17:00:00+00:00,1.26336,1.26375,1.26336,1.26343,758
2026-07-14T17:15:00+00:00,1.26343,1.26379,1.26343,1.26379,1320
2026-07-14T17:30:00+00:00,1.26379,1.26440,1.26379,1.26440,1381
2026-07-14T17:45:00+00:00,1.26440,1.26441,1.26430,1.26441,955
2026-07-14T18:00:00+00:00,1.26441,1.26441,1.26395,1.26395,1593
2026-07-14T18:15:00+00:00,1.26395,1.26415,1.26394,1.26394,2591
2026-07-14T18:30:00+00:00,1.26394,1.26394,1.26363,1.26369,1504
2026-07-14T18:45:00+00:00,1.26369,1.26380,1.26369,1.26380,2117
2026-07-14T19:00:00+00:00,1.26380,1.26402,1.26380,1.26400,1724
2026-07-14T19:15:00+00:00,1.26400,1.26415,1.26400,1.26400,1206
2026-07-14T19:30:00+00:00,1.26400,1.26462,1.26398,1.26462,1854
2026-07-14T19:45:00+00:00,1.26462,1.26471,1.26449,1.26471,538
2026-07-14T20:00:00+00:00,1.26471,1.26471,1.26430,1.26438,1195
2026-07-14T20:15:00+00:00,1.26438,1.26438,1.26412,1.26415,1978
2026-07-14T20:30:00+00:00,1.26415,1.26427,1.26409,1.26409,1480
2026-07-14T20:45:00+00:00,1.26409,1.26429,1.26405,1.26412,1823
2026-07-14T21:00:00+00:00,1.26412,1.26415,1.26407,1.26413,1288
2026-07-14T21:15:00+00:00,1.26413,1.26413,1.26389,1.26400,1530
2026-07-14T21:30:00+00:00,1.26400,1.26411,1.26394,1.26394,1881
2026-07-14T21:45:00+00:00,1.26394,1.26416,1.26393,1.26416,1242
2026-07-14T22:00:00+00:00,1.26416,1.26416,1.26396,1.26396,1777
2026-07-14T22:15:00+00:00,1.26396,1.26429,1.26387,1.26429,903
2026-07-14T22:30:00+00:00,1.26429,1.26444,1.26429,1.26441,940
2026-07-14T22:45:00+00:00,1.26441,1.26489,1.26441,1.26487,2404
2026-07-14T23:00:00+00:00,1.26487,1.26499,1.26479,1.26493,2017
2026-07-14T23:15:00+00:00,1.26493,1.26493,1.26451,1.26451,1581
2026-07-14T23:30:00+00:00,1.26451,1.26459,1.26434,1.26459,526
2026-07-14T23:45:00+00:00,1.26459,1.26481,1.26459,1.26467,1974
2026-07-15T00:00:00+00:00,1.26467,1.26467,1.26438,1.26441,1715
2026-07-15T00:15:00+00:00,1.26441,1.26441,1.26368,1.26368,1016
2026-07-15T00:30:00+00:00,1.26368,1.26422,1.26368,1.26413,2548
2026-07-15T00:45:00+00:00,1.26413,1.26443,1.26413,1.26441,2073
2026-07-15T01:00:00+00:00,1.26441,1.26441,1.26368,1.26401,1864
2026-07-15T01:15:00+00:00,1.26401,1.26413,1.26373,1.26382,1269
2026-07-15T01:30:00+00:00,1.26382,1.26394,1.26371,1.26390,1791
2026-07-15T01:45:00+00:00,1.26390,1.26470,1.26390,1.26462,1690
2026-07-15T02:00:00+00:00,1.26462,1.26476,1.26442,1.26476,2009
2026-07-15T02:15:00+00:00,1.26476,1.26505,1.26476,1.26504,1411
2026-07-15T02:30:00+00:00,1.26504,1.26527,1.26504,1.26527,1970
2026-07-15T02:45:00+00:00,1.26527,1.26554,1.26527,1.26544,1363
2026-07-15T03:00:00+00:00,1.26544,1.26577,1.26544,1.26577,2374
2026-07-15T03:15:00+00:00,1.26577,1.26617,1.26577,1.26609,1748
2026-07-15T03:30:00+00:00,1.26609,1.26609,1.26552,1.26552,1584
2026-07-15T03:45:00+00:00,1.26552,1.26586,1.26552,1.26564,1960
2026-07-15T04:00:00+00:00,1.26564,1.26596,1.26559,1.26596,1845
2026-07-15T04:15:00+00:00,1.26596,1.26609,1.26579,1.26609,1518
2026-07-15T04:30:00+00:00,1.26609,1.26609,1.26586,1.26586,1536
2026-07-15T04:45:00+00:00,1.26586,1.26605,1.26585,1.26605,1486
2026-07-15T05:00:00+00:00,1.26605,1.26613,1.26586,1.26586,2135
2026-07-15T05:15:00+00:00,1.26586,1.26586,1.26542,1.26542,1806
2026-07-15T05:30:00+00:00,1.26542,1.26561,1.26519,1.26561,2279
2026-07-15T05:45:00+00:00,1.26561,1.26566,1.26533,1.26538,1521
2026-07-15T06:00:00+00:00,1.26538,1.26539,1.26505,1.26505,1054
2026-07-15T06:15:00+00:00,1.26505,1.26574,1.26505,1.26566,1336
2026-07-15T06:30:00+00:00,1.26566,1.26603,1.26548,1.26554,2049
2026-07-15T06:45:00+00:00,1.26554,1.26581,1.26536,1.26567,1011
2026-07-15T07:00:00+00:00,1.26567,1.26640,1.26567,1.26640,1743
2026-07-15T07:15:00+00:00,1.26640,1.26748,1.26640,1.26741,1674
2026-07-15T07:30:00+00:00,1.26741,1.26812,1.26741,1.26800,1488
2026-07-15T07:45:00+00:00,1.26800,1.26827,1.26701,1.26701,1395
2026-07-15T08:00:00+00:00,1.26701,1.26704,1.26685,1.26698,1887
2026-07-15T08:15:00+00:00,1.26698,1.26699,1.26656,1.26659,1899
2026-07-15T08:30:00+00:00,1.26659,1.26725,1.26659,1.26698,1298
2026-07-15T08:45:00+00:00,1.26698,1.26762,1.26698,1.26724,1116
2026-07-15T09:00:00+00:00,1.26724,1.26748,1.26694,1.26723,1332
2026-07-15T09:15:00+00:00,1.26723,1.26752,1.26723,1.26744,1229
2026-07-15T09:30:00+00:00,1.26744,1.26769,1.26744,1.26769,2035
2026-07-15T09:45:00+00:00,1.26769,1.26769,1.26746,1.26757,1663
2026-07-15T10:00:00+00:00,1.26757,1.26763,1.26747,1.26747,388
2026-07-15T10:15:00+00:00,1.26747,1.26760,1.26745,1.26760,1369
2026-07-15T10:30:00+00:00,1.26760,1.26760,1.26742,1.26760,1644
2026-07-15T10:45:00+00:00,1.26760,1.26760,1.26716,1.26716,959
2026-07-15T11:00:00+00:00,1.26716,1.26727,1.26711,1.26718,1007
2026-07-15T11:15:00+00:00,1.26718,1.26755,1.26707,1.26754,400
2026-07-15T11:30:00+00:00,1.26754,1.26754,1.26731,1.26735,1417
2026-07-15T11:45:00+00:00,1.26735,1.26794,1.26735,1.26767,2189
2026-07-15T12:00:00+00:00,1.26767,1.26809,1.26753,1.26809,2153
2026-07-15T12:15:00+00:00,1.26809,1.26815,1.26785,1.26802,1224
2026-07-15T12:30:00+00:00,1.26802,1.26802,1.26658,1.26661,1811
2026-07-15T12:45:00+00:00,1.26661,1.26734,1.26633,1.26635,2068
2026-07-15T13:00:00+00:00,1.26635,1.26648,1.26596,1.26609,1805
2026-07-15T13:15:00+00:00,1.26609,1.26609,1.26562,1.26593,1563
2026-07-15T13:30:00+00:00,1.26593,1.26593,1.26537,1.26542,1397
2026-07-15T13:45:00+00:00,1.26542,1.26581,1.26448,1.26448,446
2026-07-15T14:00:00+00:00,1.26448,1.26542,1.26417,1.26519,1481
2026-07-15T14:15:00+00:00,1.26519,1.26659,1.26519,1.26659,1407
2026-07-15T14:30:00+00:00,1.26659,1.26659,1.26616,1.26623,1500
2026-07-15T14:45:00+00:00,1.26623,1.26633,1.26563,1.26563,1799
2026-07-15T15:00:00+00:00,1.26563,1.26640,1.26563,1.26640,1959
2026-07-15T15:15:00+00:00,1.26640,1.26640,1.26588,1.26588,1620
2026-07-15T15:30:00+00:00,1.26588,1.26588,1.26522,1.26522,1475
2026-07-15T15:45:00+00:00,1.26522,1.26531,1.26495,1.26495,861
2026-07-15T16:00:00+00:00,1.26495,1.26519,1.26495,1.26519,1863
2026-07-15T16:15:00+00:00,1.26519,1.26541,1.26507,1.26507,1570
2026-07-15T16:30:00+00:00,1.26507,1.26550,1.26507,1.26550,1469
2026-07-15T16:45:00+00:00,1.26550,1.26564,1.26546,1.26546,852
2026-07-15T17:00:00+00:00,1.26546,1.26554,1.26541,1.26541,2624
2026-07-15T17:15:00+00:00,1.26541,1.26562,1.26517,1.26517,1309
2026-07-15T17:30:00+00:00,1.26517,1.26523,1.26500,1.26500,1491
2026-07-15T17:45:00+00:00,1.26500,1.26502,1.26481,1.26489,1243
2026-07-15T18:00:00+00:00,1.26489,1.26508,1.26480,1.26508,296
2026-07-15T18:15:00+00:00,1.26508,1.26513,1.26491,1.26493,658
2026-07-15T18:30:00+00:00,1.26493,1.26516,1.26489,1.26516,1258
2026-07-15T18:45:00+00:00,1.26516,1.26516,1.26495,1.26503,918
2026-07-15T19:00:00+00:00,1.26503,1.26521,1.26503,1.26504,2117
2026-07-15T19:15:00+00:00,1.26504,1.26530,1.26496,1.26530,2196
2026-07-15T19:30:00+00:00,1.26530,1.26530,1.26509,1.26512,2854
2026-07-15T19:45:00+00:00,1.26512,1.26531,1.26512,1.26531,1340
2026-07-15T20:00:00+00:00,1.26531,1.26576,1.26531,1.26576,2104
2026-07-15T20:15:00+00:00,1.26576,1.26599,1.26576,1.26595,1183
2026-07-15T20:30:00+00:00,1.26595,1.26595,1.26589,1.26591,1056
2026-07-15T20:45:00+00:00,1.26591,1.26592,1.26558,1.26558,1320
2026-07-15T21:00:00+00:00,1.26558,1.26580,1.26550,1.26580,789
2026-07-15T21:15:00+00:00,1.26580,1.26594,1.26576,1.26580,1374
2026-07-15T21:30:00+00:00,1.26580,1.26593,1.26575,1.26575,401
2026-07-15T21:45:00+00:00,1.26575,1.26575,1.26563,1.26566,1182
2026-07-15T22:00:00+00:00,1.26566,1.26566,1.26544,1.26544,1652
2026-07-15T22:15:00+00:00,1.26544,1.26552,1.26528,1.26528,1699
2026-07-15T22:30:00+00:00,1.26528,1.26528,1.26507,1.26507,1686
2026-07-15T22:45:00+00:00,1.26507,1.26528,1.26503,1.26528,960
2026-07-15T23:00:00+00:00,1.26528,1.26537,1.26520,1.26537,1596
2026-07-15T23:15:00+00:00,1.26537,1.26552,1.26476,1.26476,1263
2026-07-15T23:30:00+00:00,1.26476,1.26492,1.26461,1.26461,2092
2026-07-15T23:45:00+00:00,1.26461,1.26467,1.26441,1.26460,1147
2026-07-16T00:00:00+00:00,1.26460,1.26509,1.26460,1.26486,1599
2026-07-16T00:15:00+00:00,1.26486,1.26504,1.26466,1.26504,1697
2026-07-16T00:30:00+00:00,1.26504,1.26522,1.26497,1.26508,2122
2026-07-16T00:45:00+00:00,1.26508,1.26562,1.26508,1.26534,2110
2026-07-16T01:00:00+00:00,1.26534,1.26561,1.26527,1.26560,1731
2026-07-16T01:15:00+00:00,1.26560,1.26597,1.26560,1.26588,1711
2026-07-16T01:30:00+00:00,1.26588,1.26600,1.26571,1.26600,2003
2026-07-16T01:45:00+00:00,1.26600,1.26614,1.26561,1.26561,992
2026-07-16T02:00:00+00:00,1.26561,1.26593,1.26550,1.26566,945
2026-07-16T02:15:00+00:00,1.26566,1.26595,1.26493,1.26493,1108
2026-07-16T02:30:00+00:00,1.26493,1.26493,1.26441,1.26441,1825
2026-07-16T02:45:00+00:00,1.26441,1.26441,1.26404,1.26424,1722
2026-07-16T03:00:00+00:00,1.26424,1.26443,1.26418,1.26421,1723
2026-07-16T03:15:00+00:00,1.26421,1.26430,1.26403,1.26404,1173
2026-07-16T03:30:00+00:00,1.26404,1.26428,1.26404,1.26419,1979
2026-07-16T03:45:00+00:00,1.26419,1.26421,1.26399,1.26399,1830
2026-07-16T04:00:00+00:00,1.26399,1.26425,1.26393,1.26425,2261
2026-07-16T04:15:00+00:00,1.26425,1.26425,1.26413,1.26413,973
2026-07-16T04:30:00+00:00,1.26413,1.26475,1.26413,1.26475,1949
2026-07-16T04:45:00+00:00,1.26475,1.26475,1.26437,1.26437,1669
2026-07-16T05:00:00+00:00,1.26437,1.26437,1.26402,1.26402,1199
2026-07-16T05:15:00+00:00,1.26402,1.26402,1.26368,1.26374,1473
2026-07-16T05:30:00+00:00,1.26374,1.26392,1.26346,1.26346,1384
2026-07-16T05:45:00+00:00,1.26346,1.26378,1.26346,1.26372,1990
2026-07-16T06:00:00+00:00,1.26372,1.26380,1.26366,1.26366,936
2026-07-16T06:15:00+00:00,1.26366,1.26366,1.26305,1.26321,711
2026-07-16T06:30:00+00:00,1.26321,1.26371,1.26303,1.26303,2116
2026-07-16T06:45:00+00:00,1.26303,1.26370,1.26294,1.26370,1763
2026-07-16T07:00:00+00:00,1.26370,1.26448,1.26367,1.26448,1335
2026-07-16T07:15:00+00:00,1.26448,1.26544,1.26448,1.26519,1965
2026-07-16T07:30:00+00:00,1.26519,1.26586,1.26494,1.26586,2380
2026-07-16T07:45:00+00:00,1.26586,1.26631,1.26586,1.26599,2255
2026-07-16T08:00:00+00:00,1.26599,1.26633,1.26521,1.26521,1732
2026-07-16T08:15:00+00:00,1.26521,1.26555,1.26505,1.26549,1412
2026-07-16T08:30:00+00:00,1.26549,1.26555,1.26514,1.26536,1326
2026-07-16T08:45:00+00:00,1.26536,1.26536,1.26454,1.26474,1621
2026-07-16T09:00:00+00:00,1.26474,1.26476,1.26426,1.26426,1571
2026-07-16T09:15:00+00:00,1.26426,1.26454,1.26425,1.26454,1479
2026-07-16T09:30:00+00:00,1.26454,1.26489,1.26454,1.26489,1957
2026-07-16T09:45:00+00:00,1.26489,1.26519,1.26489,1.26512,2179
2026-07-16T10:00:00+00:00,1.26512,1.26525,1.26512,1.26513,2282
2026-07-16T10:15:00+00:00,1.26513,1.26519,1.26500,1.26507,1198
2026-07-16T10:30:00+00:00,1.26507,1.26546,1.26506,1.26530,1977
2026-07-16T10:45:00+00:00,1.26530,1.26530,1.26510,1.26524,929
2026-07-16T11:00:00+00:00,1.26524,1.26524,1.26495,1.26507,1889
2026-07-16T11:15:00+00:00,1.26507,1.26560,1.26507,1.26546,983
2026-07-16T11:30:00+00:00,1.26546,1.26550,1.26505,1.26516,1189
2026-07-16T11:45:00+00:00,1.26516,1.26546,1.26507,1.26546,1784
2026-07-16T12:00:00+00:00,1.26546,1.26556,1.26523,1.26546,1534
2026-07-16T12:15:00+00:00,1.26546,1.26546,1.26423,1.26423,2182
2026-07-16T12:30:00+00:00,1.26423,1.26464,1.26373,1.26373,988
2026-07-16T12:45:00+00:00,1.26373,1.26402,1.26330,1.26402,1626
2026-07-16T13:00:00+00:00,1.26402,1.26525,1.26402,1.26525,1527
2026-07-16T13:15:00+00:00,1.26525,1.26557,1.26505,1.26505,1719
2026-07-16T13:30:00+00:00,1.26505,1.26534,1.26479,1.26479,1915
2026-07-16T13:45:00+00:00,1.26479,1.26622,1.26479,1.26572,2095
2026-07-16T14:00:00+00:00,1.26572,1.26572,1.26518,1.26518,1370
2026-07-16T14:15:00+00:00,1.26518,1.26518,1.26448,1.26497,1791
2026-07-16T14:30:00+00:00,1.26497,1.26530,1.26496,1.26496,1298
2026-07-16T14:45:00+00:00,1.26496,1.26566,1.26496,1.26566,2524
2026-07-16T15:00:00+00:00,1.26566,1.26594,1.26550,1.26552,2243
2026-07-16T15:15:00+00:00,1.26552,1.26606,1.26552,1.26559,1456
2026-07-16T15:30:00+00:00,1.26559,1.26572,1.26556,1.26559,2020
2026-07-16T15:45:00+00:00,1.26559,1.26563,1.26555,1.26563,2027
2026-07-16T16:00:00+00:00,1.26563,1.26608,1.26563,1.26608,1408
2026-07-16T16:15:00+00:00,1.26608,1.26615,1.26592,1.26615,1458
2026-07-16T16:30:00+00:00,1.26615,1.26630,1.26615,1.26618,1245
2026-07-16T16:45:00+00:00,1.26618,1.26651,1.26618,1.26649,1489
2026-07-16T17:00:00+00:00,1.26649,1.26649,1.26635,1.26642,563
2026-07-16T17:15:00+00:00,1.26642,1.26642,1.26600,1.26600,1044
2026-07-16T17:30:00+00:00,1.26600,1.26600,1.26571,1.26594,1632
2026-07-16T17:45:00+00:00,1.26594,1.26613,1.26586,1.26586,1790
2026-07-16T18:00:00+00:00,1.26586,1.26612,1.26577,1.26611,1008
2026-07-16T18:15:00+00:00,1.26611,1.26636,1.26604,1.26626,1549
2026-07-16T18:30:00+00:00,1.26626,1.26653,1.26611,1.26611,1878
2026-07-16T18:45:00+00:00,1.26611,1.26628,1.26599,1.26599,1075
2026-07-16T19:00:00+00:00,1.26599,1.26606,1.26572,1.26578,1155
2026-07-16T19:15:00+00:00,1.26578,1.26578,1.26545,1.26545,510
2026-07-16T19:30:00+00:00,1.26545,1.26558,1.26545,1.26558,2418
2026-07-16T19:45:00+00:00,1.26558,1.26565,1.26552,1.26554,1027
2026-07-16T20:00:00+00:00,1.26554,1.26561,1.26547,1.26558,2107
2026-07-16T20:15:00+00:00,1.26558,1.26590,1.26558,1.26580,1521
2026-07-16T20:30:00+00:00,1.26580,1.26580,1.26560,1.26563,1910
2026-07-16T20:45:00+00:00,1.26563,1.26590,1.26563,1.26588,1823
2026-07-16T21:00:00+00:00,1.26588,1.26588,1.26562,1.26562,1066
2026-07-16T21:15:00+00:00,1.26562,1.26568,1.26550,1.26550,1667
2026-07-16T21:30:00+00:00,1.26550,1.26574,1.26550,1.26555,184
2026-07-16T21:45:00+00:00,1.26555,1.26571,1.26544,1.26571,1670
2026-07-16T22:00:00+00:00,1.26571,1.26612,1.26571,1.26612,1656
2026-07-16T22:15:00+00:00,1.26612,1.26614,1.26588,1.26588,838
2026-07-16T22:30:00+00:00,1.26588,1.26588,1.26546,1.26546,1903
2026-07-16T22:45:00+00:00,1.26546,1.26559,1.26537,1.26559,1835
2026-07-16T23:00:00+00:00,1.26559,1.26569,1.26552,1.26567,1821
2026-07-16T23:15:00+00:00,1.26567,1.26582,1.26567,1.26582,1793
2026-07-16T23:30:00+00:00,1.26582,1.26623,1.26582,1.26610,2212
2026-07-16T23:45:00+00:00,1.26610,1.26620,1.26601,1.26601,1508
2026-07-17T00:00:00+00:00,1.26601,1.26625,1.26601,1.26612,1536
2026-07-17T00:15:00+00:00,1.26612,1.26612,1.26556,1.26556,1818
2026-07-17T00:30:00+00:00,1.26556,1.26556,1.26501,1.26534,1880
2026-07-17T00:45:00+00:00,1.26534,1.26555,1.26498,1.26555,899
2026-07-17T01:00:00+00:00,1.26555,1.26613,1.26555,1.26594,1630
2026-07-17T01:15:00+00:00,1.26594,1.26628,1.26594,1.26602,2164
2026-07-17T01:30:00+00:00,1.26602,1.26663,1.26602,1.26663,1131
2026-07-17T01:45:00+00:00,1.26663,1.26689,1.26663,1.26687,1155
2026-07-17T02:00:00+00:00,1.26687,1.26763,1.26687,1.26762,1280
2026-07-17T02:15:00+00:00,1.26762,1.26801,1.26762,1.26798,1079
2026-07-17T02:30:00+00:00,1.26798,1.26798,1.26775,1.26786,1961
2026-07-17T02:45:00+00:00,1.26786,1.26830,1.26786,1.26826,1205
2026-07-17T03:00:00+00:00,1.26826,1.26827,1.26811,1.26827,2037
2026-07-17T03:15:00+00:00,1.26827,1.26827,1.26775,1.26775,1042
2026-07-17T03:30:00+00:00,1.26775,1.26798,1.26775,1.26791,777
2026-07-17T03:45:00+00:00,1.26791,1.26817,1.26791,1.26810,1133
2026-07-17T04:00:00+00:00,1.26810,1.26817,1.26806,1.26806,1424
2026-07-17T04:15:00+00:00,1.26806,1.26807,1.26797,1.26807,1359
2026-07-17T04:30:00+00:00,1.26807,1.26830,1.26807,1.26825,1190
2026-07-17T04:45:00+00:00,1.26825,1.26841,1.26823,1.26841,2337
2026-07-17T05:00:00+00:00,1.26841,1.26841,1.26817,1.26826,1811
2026-07-17T05:15:00+00:00,1.26826,1.26832,1.26820,1.26831,1404
2026-07-17T05:30:00+00:00,1.26831,1.26831,1.26813,1.26813,2282
2026-07-17T05:45:00+00:00,1.26813,1.26840,1.26808,1.26840,821
2026-07-17T06:00:00+00:00,1.26840,1.26905,1.26840,1.26897,1537
2026-07-17T06:15:00+00:00,1.26897,1.26897,1.26880,1.26888,1512
2026-07-17T06:30:00+00:00,1.26888,1.26898,1.26832,1.26839,1598
2026-07-17T06:45:00+00:00,1.26839,1.26839,1.26680,1.26726,1439
2026-07-17T07:00:00+00:00,1.26726,1.26735,1.26692,1.26692,1672
2026-07-17T07:15:00+00:00,1.26692,1.26802,1.26692,1.26802,1665
2026-07-17T07:30:00+00:00,1.26802,1.26838,1.26730,1.26730,2064
2026-07-17T07:45:00+00:00,1.26730,1.26730,1.26656,1.26683,1750
2026-07-17T08:00:00+00:00,1.26683,1.26725,1.26660,1.26660,544
2026-07-17T08:15:00+00:00,1.26660,1.26660,1.26614,1.26636,1326
2026-07-17T08:30:00+00:00,1.26636,1.26680,1.26636,1.26680,1694
2026-07-17T08:45:00+00:00,1.26680,1.26723,1.26680,1.26722,1637
2026-07-17T09:00:00+00:00,1.26722,1.26727,1.26668,1.26668,1154
2026-07-17T09:15:00+00:00,1.26668,1.26678,1.26663,1.26678,884
2026-07-17T09:30:00+00:00,1.26678,1.26678,1.26663,1.26672,2316
2026-07-17T09:45:00+00:00,1.26672,1.26725,1.26672,1.26725,953
2026-07-17T10:00:00+00:00,1.26725,1.26778,1.26716,1.26778,1518
2026-07-17T10:15:00+00:00,1.26778,1.26785,1.26777,1.26781,1465
2026-07-17T10:30:00+00:00,1.26781,1.26781,1.26764,1.26779,955
2026-07-17T10:45:00+00:00,1.26779,1.26787,1.26762,1.26762,1475
2026-07-17T11:00:00+00:00,1.26762,1.26767,1.26739,1.26767,2343
2026-07-17T11:15:00+00:00,1.26767,1.26767,1.26748,1.26755,904
2026-07-17T11:30:00+00:00,1.26755,1.26755,1.26724,1.26744,1560
2026-07-17T11:45:00+00:00,1.26744,1.26744,1.26713,1.26736,709
2026-07-17T12:00:00+00:00,1.26736,1.26736,1.26708,1.26715,2993
2026-07-17T12:15:00+00:00,1.26715,1.26751,1.26699,1.26699,2192
2026-07-17T12:30:00+00:00,1.26699,1.26742,1.26699,1.26742,2729
2026-07-17T12:45:00+00:00,1.26742,1.26742,1.26611,1.26616,1550
2026-07-17T13:00:00+00:00,1.26616,1.26747,1.26616,1.26701,2075
2026-07-17T13:15:00+00:00,1.26701,1.26713,1.26611,1.26710,1321
2026-07-17T13:30:00+00:00,1.26710,1.26710,1.26643,1.26643,2440
2026-07-17T13:45:00+00:00,1.26643,1.26692,1.26599,1.26692,1607
2026-07-17T14:00:00+00:00,1.26692,1.26731,1.26685,1.26691,1925
2026-07-17T14:15:00+00:00,1.26691,1.26691,1.26590,1.26593,1509
2026-07-17T14:30:00+00:00,1.26593,1.26620,1.26565,1.26619,926
2026-07-17T14:45:00+00:00,1.26619,1.26636,1.26521,1.26521,2147
2026-07-17T15:00:00+00:00,1.26521,1.26553,1.26521,1.26552,1580
2026-07-17T15:15:00+00:00,1.26552,1.26587,1.26552,1.26583,1286
2026-07-17T15:30:00+00:00,1.26583,1.26641,1.26583,1.26641,2136
2026-07-17T15:45:00+00:00,1.26641,1.26641,1.26602,1.26602,1542
2026-07-17T16:00:00+00:00,1.26602,1.26602,1.26587,1.26592,2135
2026-07-17T16:15:00+00:00,1.26592,1.26606,1.26592,1.26606,1160
2026-07-17T16:30:00+00:00,1.26606,1.26623,1.26604,1.26604,753
2026-07-17T16:45:00+00:00,1.26604,1.26612,1.26586,1.26596,2115
2026-07-17T17:00:00+00:00,1.26596,1.26600,1.26591,1.26598,1135
2026-07-17T17:15:00+00:00,1.26598,1.26611,1.26586,1.26586,1772
2026-07-17T17:30:00+00:00,1.26586,1.26619,1.26583,1.26615,2239
2026-07-17T17:45:00+00:00,1.26615,1.26642,1.26604,1.26642,1984
2026-07-17T18:00:00+00:00,1.26642,1.26647,1.26622,1.26641,1074
2026-07-17T18:15:00+00:00,1.26641,1.26656,1.26629,1.26629,1919
2026-07-17T18:30:00+00:00,1.26629,1.26642,1.26608,1.26608,1356
2026-07-17T18:45:00+00:00,1.26608,1.26617,1.26605,1.26605,1427
2026-07-17T19:00:00+00:00,1.26605,1.26622,1.26605,1.26608,1271
2026-07-17T19:15:00+00:00,1.26608,1.26618,1.26592,1.26618,1920
2026-07-17T19:30:00+00:00,1.26618,1.26639,1.26618,1.26629,2400
2026-07-17T19:45:00+00:00,1.26629,1.26629,1.26601,1.26606,1929
2026-07-17T20:00:00+00:00,1.26606,1.26606,1.26576,1.26576,1217
2026-07-17T20:15:00+00:00,1.26576,1.26582,1.26576,1.26579,3037
2026-07-17T20:30:00+00:00,1.26579,1.26590,1.26575,1.26575,1000
2026-07-17T20:45:00+00:00,1.26575,1.26576,1.26559,1.26562,1179
2026-07-17T21:00:00+00:00,1.26562,1.26562,1.26535,1.26535,2242
2026-07-17T21:15:00+00:00,1.26535,1.26548,1.26531,1.26540,1762
2026-07-17T21:30:00+00:00,1.26540,1.26566,1.26540,1.26558,841
2026-07-17T21:45:00+00:00,1.26558,1.26558,1.26508,1.26508,956
2026-07-17T22:00:00+00:00,1.26508,1.26508,1.26484,1.26484,1497
2026-07-17T22:15:00+00:00,1.26484,1.26518,1.26484,1.26518,1675
2026-07-17T22:30:00+00:00,1.26518,1.26518,1.26489,1.26500,2110
2026-07-17T22:45:00+00:00,1.26500,1.26500,1.26476,1.26493,2109
2026-07-17T23:00:00+00:00,1.26493,1.26542,1.26476,1.26542,1477
2026-07-17T23:15:00+00:00,1.26542,1.26563,1.26537,1.26552,1800
2026-07-17T23:30:00+00:00,1.26552,1.26563,1.26535,1.26535,1221
2026-07-17T23:45:00+00:00,1.26535,1.26542,1.26533,1.26540,1241
2026-07-20T00:00:00+00:00,1.26540,1.26575,1.26539,1.26575,371
2026-07-20T00:15:00+00:00,1.26575,1.26616,1.26575,1.26609,1420
2026-07-20T00:30:00+00:00,1.26609,1.26609,1.26511,1.26511,537
2026-07-20T00:45:00+00:00,1.26511,1.26550,1.26511,1.26513,687
2026-07-20T01:00:00+00:00,1.26513,1.26517,1.26497,1.26513,660
2026-07-20T01:15:00+00:00,1.26513,1.26554,1.26493,1.26554,2117
2026-07-20T01:30:00+00:00,1.26554,1.26604,1.26554,1.26585,912
2026-07-20T01:45:00+00:00,1.26585,1.26585,1.26547,1.26583,1648
2026-07-20T02:00:00+00:00,1.26583,1.26603,1.26571,1.26571,1704
2026-07-20T02:15:00+00:00,1.26571,1.26585,1.26557,1.26583,1873
2026-07-20T02:30:00+00:00,1.26583,1.26583,1.26541,1.26541,1634
2026-07-20T02:45:00+00:00,1.26541,1.26545,1.26513,1.26521,1103
2026-07-20T03:00:00+00:00,1.26521,1.26521,1.26493,1.26493,1083
2026-07-20T03:15:00+00:00,1.26493,1.26503,1.26490,1.26498,1695
2026-07-20T03:30:00+00:00,1.26498,1.26521,1.26479,1.26479,1334
2026-07-20T03:45:00+00:00,1.26479,1.26481,1.26462,1.26462,1534
2026-07-20T04:00:00+00:00,1.26462,1.26481,1.26445,1.26477,1720
2026-07-20T04:15:00+00:00,1.26477,1.26482,1.26467,1.26477,1563
2026-07-20T04:30:00+00:00,1.26477,1.26525,1.26473,1.26525,1376
2026-07-20T04:45:00+00:00,1.26525,1.26528,1.26509,1.26528,1719
2026-07-20T05:00:00+00:00,1.26528,1.26528,1.26485,1.26485,1617
2026-07-20T05:15:00+00:00,1.26485,1.26504,1.26484,1.26504,846
2026-07-20T05:30:00+00:00,1.26504,1.26517,1.26489,1.26508,2184
2026-07-20T05:45:00+00:00,1.26508,1.26543,1.26508,1.26534,1570
2026-07-20T06:00:00+00:00,1.26534,1.26575,1.26496,1.26496,1894
2026-07-20T06:15:00+00:00,1.26496,1.26551,1.26496,1.26535,1231
2026-07-20T06:30:00+00:00,1.26535,1.26590,1.26535,1.26567,1130
2026-07-20T06:45:00+00:00,1.26567,1.26637,1.26567,1.26582,2019
2026-07-20T07:00:00+00:00,1.26582,1.26582,1.26466,1.26498,1744
2026-07-20T07:15:00+00:00,1.26498,1.26498,1.26381,1.26381,1033
2026-07-20T07:30:00+00:00,1.26381,1.26385,1.26319,1.26385,1672
2026-07-20T07:45:00+00:00,1.26385,1.26412,1.26374,1.26412,1912
2026-07-20T08:00:00+00:00,1.26412,1.26412,1.26382,1.26383,2094
2026-07-20T08:15:00+00:00,1.26383,1.26477,1.26383,1.26459,1863
2026-07-20T08:30:00+00:00,1.26459,1.26479,1.26431,1.26479,1851
2026-07-20T08:45:00+00:00,1.26479,1.26547,1.26474,1.26547,2048
2026-07-20T09:00:00+00:00,1.26547,1.26547,1.26497,1.26508,607
2026-07-20T09:15:00+00:00,1.26508,1.26508,1.26480,1.26484,1471
2026-07-20T09:30:00+00:00,1.26484,1.26494,1.26463,1.26463,1451
2026-07-20T09:45:00+00:00,1.26463,1.26463,1.26427,1.26437,846
2026-07-20T10:00:00+00:00,1.26437,1.26437,1.26411,1.26424,562
2026-07-20T10:15:00+00:00,1.26424,1.26469,1.26424,1.26449,1836
2026-07-20T10:30:00+00:00,1.26449,1.26465,1.26449,1.26453,1526
2026-07-20T10:45:00+00:00,1.26453,1.26454,1.26428,1.26428,1237
2026-07-20T11:00:00+00:00,1.26428,1.26443,1.26390,1.26390,1723
2026-07-20T11:15:00+00:00,1.26390,1.26424,1.26388,1.26403,487
2026-07-20T11:30:00+00:00,1.26403,1.26403,1.26376,1.26377,2518
2026-07-20T11:45:00+00:00,1.26377,1.26436,1.26377,1.26404,1118
2026-07-20T12:00:00+00:00,1.26404,1.26419,1.26397,1.26397,1502
2026-07-20T12:15:00+00:00,1.26397,1.26397,1.26327,1.26327,627
2026-07-20T12:30:00+00:00,1.26327,1.26376,1.26309,1.26309,734
2026-07-20T12:45:00+00:00,1.26309,1.26387,1.26309,1.26387,2744
2026-07-20T13:00:00+00:00,1.26387,1.26440,1.26371,1.26371,1350
2026-07-20T13:15:00+00:00,1.26371,1.26393,1.26350,1.26393,1378
2026-07-20T13:30:00+00:00,1.26393,1.26511,1.26373,1.26511,1364
2026-07-20T13:45:00+00:00,1.26511,1.26511,1.26437,1.26437,1512
2026-07-20T14:00:00+00:00,1.26437,1.26437,1.26410,1.26410,1398
2026-07-20T14:15:00+00:00,1.26410,1.26586,1.26410,1.26586,1084
2026-07-20T14:30:00+00:00,1.26586,1.26586,1.26508,1.26508,923
2026-07-20T14:45:00+00:00,1.26508,1.26508,1.26395,1.26395,2018
2026-07-20T15:00:00+00:00,1.26395,1.26413,1.26388,1.26411,1278
2026-07-20T15:15:00+00:00,1.26411,1.26437,1.26410,1.26437,1506
2026-07-20T15:30:00+00:00,1.26437,1.26453,1.26437,1.26437,2200
2026-07-20T15:45:00+00:00,1.26437,1.26449,1.26430,1.26430,1106
2026-07-20T16:00:00+00:00,1.26430,1.26456,1.26428,1.26429,1106
2026-07-20T16:15:00+00:00,1.26429,1.26460,1.26425,1.26441,1792
2026-07-20T16:30:00+00:00,1.26441,1.26452,1.26437,1.26450,820
2026-07-20T16:45:00+00:00,1.26450,1.26479,1.26450,1.26479,1557
2026-07-20T17:00:00+00:00,1.26479,1.26498,1.26455,1.26455,1912
2026-07-20T17:15:00+00:00,1.26455,1.26503,1.26455,1.26493,2000
2026-07-20T17:30:00+00:00,1.26493,1.26500,1.26469,1.26470,1237
2026-07-20T17:45:00+00:00,1.26470,1.26501,1.26470,1.26501,1860
2026-07-20T18:00:00+00:00,1.26501,1.26516,1.26498,1.26516,1684
2026-07-20T18:15:00+00:00,1.26516,1.26517,1.26511,1.26515,1008
2026-07-20T18:30:00+00:00,1.26515,1.26515,1.26502,1.26507,2356
2026-07-20T18:45:00+00:00,1.26507,1.26532,1.26504,1.26504,1439
2026-07-20T19:00:00+00:00,1.26504,1.26510,1.26478,1.26510,774
2026-07-20T19:15:00+00:00,1.26510,1.26546,1.26510,1.26539,1743
2026-07-20T19:30:00+00:00,1.26539,1.26550,1.26531,1.26531,1057
2026-07-20T19:45:00+00:00,1.26531,1.26558,1.26531,1.26545,660
2026-07-20T20:00:00+00:00,1.26545,1.26545,1.26527,1.26527,1479
2026-07-20T20:15:00+00:00,1.26527,1.26541,1.26527,1.26541,1761
2026-07-20T20:30:00+00:00,1.26541,1.26541,1.26519,1.26538,1173
2026-07-20T20:45:00+00:00,1.26538,1.26538,1.26486,1.26498,1650
2026-07-20T21:00:00+00:00,1.26498,1.26499,1.26481,1.26484,1296
2026-07-20T21:15:00+00:00,1.26484,1.26490,1.26471,1.26471,579
2026-07-20T21:30:00+00:00,1.26471,1.26486,1.26461,1.26479,1877
2026-07-20T21:45:00+00:00,1.26479,1.26500,1.26479,1.26494,1341
2026-07-20T22:00:00+00:00,1.26494,1.26496,1.26485,1.26485,1604
2026-07-20T22:15:00+00:00,1.26485,1.26485,1.26435,1.26435,1791
2026-07-20T22:30:00+00:00,1.26435,1.26473,1.26435,1.26460,1812
2026-07-20T22:45:00+00:00,1.26460,1.26463,1.26443,1.26443,1248
2026-07-20T23:00:00+00:00,1.26443,1.26446,1.26434,1.26442,2035
2026-07-20T23:15:00+00:00,1.26442,1.26442,1.26426,1.26432,1057
2026-07-20T23:30:00+00:00,1.26432,1.26486,1.26432,1.26486,1777
2026-07-20T23:45:00+00:00,1.26486,1.26491,1.26475,1.26475,1665
2026-07-21T00:00:00+00:00,1.26475,1.26533,1.26467,1.26518,1293
2026-07-21T00:15:00+00:00,1.26518,1.26518,1.26478,1.26478,2106
2026-07-21T00:30:00+00:00,1.26478,1.26483,1.26448,1.26448,2284
2026-07-21T00:45:00+00:00,1.26448,1.26456,1.26425,1.26456,2674
2026-07-21T01:00:00+00:00,1.26456,1.26456,1.26383,1.26383,1829
2026-07-21T01:15:00+00:00,1.26383,1.26424,1.26377,1.26386,1856
2026-07-21T01:30:00+00:00,1.26386,1.26386,1.26329,1.26350,1196
2026-07-21T01:45:00+00:00,1.26350,1.26359,1.26320,1.26346,2169
2026-07-21T02:00:00+00:00,1.26346,1.26348,1.26329,1.26343,1688
2026-07-21T02:15:00+00:00,1.26343,1.26354,1.26332,1.26348,776
2026-07-21T02:30:00+00:00,1.26348,1.26348,1.26330,1.26331,1594
2026-07-21T02:45:00+00:00,1.26331,1.26335,1.26320,1.26327,2370
2026-07-21T03:00:00+00:00,1.26327,1.26327,1.26294,1.26301,1451
2026-07-21T03:15:00+00:00,1.26301,1.26325,1.26301,1.26318,2265
2026-07-21T03:30:00+00:00,1.26318,1.26346,1.26309,1.26319,2067
2026-07-21T03:45:00+00:00,1.26319,1.26325,1.26311,1.26325,1470
2026-07-21T04:00:00+00:00,1.26325,1.26354,1.26325,1.26346,584
2026-07-21T04:15:00+00:00,1.26346,1.26374,1.26346,1.26361,668
2026-07-21T04:30:00+00:00,1.26361,1.26361,1.26316,1.26328,999
2026-07-21T04:45:00+00:00,1.26328,1.26328,1.26300,1.26300,2140
2026-07-21T05:00:00+00:00,1.26300,1.26318,1.26293,1.26310,1987
2026-07-21T05:15:00+00:00,1.26310,1.26352,1.26310,1.26319,1279
2026-07-21T05:30:00+00:00,1.26319,1.26361,1.26315,1.26361,2104
2026-07-21T05:45:00+00:00,1.26361,1.26417,1.26361,1.26398,2482
2026-07-21T06:00:00+00:00,1.26398,1.26434,1.26398,1.26434,1569
2026-07-21T06:15:00+00:00,1.26434,1.26434,1.26266,1.26268,972
2026-07-21T06:30:00+00:00,1.26268,1.26268,1.26223,1.26244,1933
2026-07-21T06:45:00+00:00,1.26244,1.26350,1.26244,1.26350,1431
2026-07-21T07:00:00+00:00,1.26350,1.26552,1.26350,1.26552,2441
2026-07-21T07:15:00+00:00,1.26552,1.26602,1.26485,1.26602,2541
2026-07-21T07:30:00+00:00,1.26602,1.26642,1.26593,1.26609,1368
2026-07-21T07:45:00+00:00,1.26609,1.26648,1.26547,1.26648,1822
2026-07-21T08:00:00+00:00,1.26648,1.26672,1.26584,1.26672,2217
2026-07-21T08:15:00+00:00,1.26672,1.26861,1.26672,1.26861,2024
2026-07-21T08:30:00+00:00,1.26861,1.26980,1.26861,1.26980,912
2026-07-21T08:45:00+00:00,1.26980,1.27003,1.26966,1.26997,1296
2026-07-21T09:00:00+00:00,1.26997,1.27068,1.26997,1.27068,2333
2026-07-21T09:15:00+00:00,1.27068,1.27121,1.27068,1.27090,1472
2026-07-21T09:30:00+00:00,1.27090,1.27094,1.27075,1.27075,828
2026-07-21T09:45:00+00:00,1.27075,1.27075,1.27056,1.27062,1253
2026-07-21T10:00:00+00:00,1.27062,1.27091,1.27062,1.27082,2008
2026-07-21T10:15:00+00:00,1.27082,1.27094,1.27080,1.27089,1506
2026-07-21T10:30:00+00:00,1.27089,1.27108,1.27080,1.27080,1761
2026-07-21T10:45:00+00:00,1.27080,1.27094,1.27064,1.27094,1365
2026-07-21T11:00:00+00:00,1.27094,1.27094,1.27066,1.27076,1433
2026-07-21T11:15:00+00:00,1.27076,1.27100,1.27072,1.27072,1224
2026-07-21T11:30:00+00:00,1.27072,1.27080,1.27063,1.27063,1534
2026-07-21T11:45:00+00:00,1.27063,1.27064,1.27033,1.27064,1872
2026-07-21T12:00:00+00:00,1.27064,1.27064,1.27013,1.27033,1219
2026-07-21T12:15:00+00:00,1.27033,1.27042,1.27000,1.27039,1313
2026-07-21T12:30:00+00:00,1.27039,1.27153,1.27039,1.27153,614
2026-07-21T12:45:00+00:00,1.27153,1.27208,1.27114,1.27114,1917
2026-07-21T13:00:00+00:00,1.27114,1.27114,1.26944,1.26944,2133
2026-07-21T13:15:00+00:00,1.26944,1.26944,1.26837,1.26837,880
2026-07-21T13:30:00+00:00,1.26837,1.26837,1.26749,1.26777,1979
2026-07-21T13:45:00+00:00,1.26777,1.26790,1.26750,1.26759,1592
2026-07-21T14:00:00+00:00,1.26759,1.26759,1.26708,1.26708,1420
2026-07-21T14:15:00+00:00,1.26708,1.26711,1.26627,1.26711,1996
2026-07-21T14:30:00+00:00,1.26711,1.26728,1.26580,1.26580,2055
2026-07-21T14:45:00+00:00,1.26580,1.26627,1.26580,1.26625,1824
2026-07-21T15:00:00+00:00,1.26625,1.26675,1.26615,1.26675,1830
2026-07-21T15:15:00+00:00,1.26675,1.26689,1.26666,1.26671,1671
2026-07-21T15:30:00+00:00,1.26671,1.26671,1.26631,1.26650,1126
2026-07-21T15:45:00+00:00,1.26650,1.26695,1.26650,1.26690,2972
2026-07-21T16:00:00+00:00,1.26690,1.26690,1.26652,1.26652,1390
2026-07-21T16:15:00+00:00,1.26652,1.26660,1.26649,1.26649,998
2026-07-21T16:30:00+00:00,1.26649,1.26659,1.26646,1.26650,1188
2026-07-21T16:45:00+00:00,1.26650,1.26680,1.26650,1.26672,1689
2026-07-21T17:00:00+00:00,1.26672,1.26673,1.26652,1.26652,1573
2026-07-21T17:15:00+00:00,1.26652,1.26652,1.26641,1.26648,1380
2026-07-21T17:30:00+00:00,1.26648,1.26648,1.26628,1.26634,1372
2026-07-21T17:45:00+00:00,1.26634,1.26634,1.26599,1.26614,2332
2026-07-21T18:00:00+00:00,1.26614,1.26630,1.26613,1.26627,1874
2026-07-21T18:15:00+00:00,1.26627,1.26630,1.26600,1.26600,1211
2026-07-21T18:30:00+00:00,1.26600,1.26650,1.26600,1.26650,1662
2026-07-21T18:45:00+00:00,1.26650,1.26650,1.26613,1.26638,1421
2026-07-21T19:00:00+00:00,1.26638,1.26638,1.26610,1.26610,1691
2026-07-21T19:15:00+00:00,1.26610,1.26624,1.26586,1.26586,1278
2026-07-21T19:30:00+00:00,1.26586,1.26586,1.26557,1.26557,1906
2026-07-21T19:45:00+00:00,1.26557,1.26560,1.26551,1.26558,1500
2026-07-21T20:00:00+00:00,1.26558,1.26570,1.26549,1.26549,1621
2026-07-21T20:15:00+00:00,1.26549,1.26559,1.26546,1.26557,2157
2026-07-21T20:30:00+00:00,1.26557,1.26573,1.26555,1.26557,2309
2026-07-21T20:45:00+00:00,1.26557,1.26586,1.26549,1.26586,1685
2026-07-21T21:00:00+00:00,1.26586,1.26586,1.26561,1.26578,424
2026-07-21T21:15:00+00:00,1.26578,1.26598,1.26557,1.26598,1210
2026-07-21T21:30:00+00:00,1.26598,1.26619,1.26595,1.26619,1688
2026-07-21T21:45:00+00:00,1.26619,1.26650,1.26612,1.26612,2564
2026-07-21T22:00:00+00:00,1.26612,1.26650,1.26612,1.26649,1180
2026-07-21T22:15:00+00:00,1.26649,1.26649,1.26626,1.26626,739
2026-07-21T22:30:00+00:00,1.26626,1.26646,1.26626,1.26646,1169
2026-07-21T22:45:00+00:00,1.26646,1.26656,1.26637,1.26637,1100
2026-07-21T23:00:00+00:00,1.26637,1.26637,1.26609,1.26611,1436
2026-07-21T23:15:00+00:00,1.26611,1.26648,1.26609,1.26648,2672
2026-07-21T23:30:00+00:00,1.26648,1.26661,1.26647,1.26651,2266
2026-07-21T23:45:00+00:00,1.26651,1.26651,1.26643,1.26647,849
2026-07-22T00:00:00+00:00,1.26647,1.26661,1.26617,1.26617,2042
2026-07-22T00:15:00+00:00,1.26617,1.26660,1.26605,1.26605,1757
2026-07-22T00:30:00+00:00,1.26605,1.26605,1.26570,1.26580,1815
2026-07-22T00:45:00+00:00,1.26580,1.26595,1.26571,1.26571,1420
2026-07-22T01:00:00+00:00,1.26571,1.26571,1.26525,1.26531,1003
2026-07-22T01:15:00+00:00,1.26531,1.26546,1.26510,1.26546,1978
2026-07-22T01:30:00+00:00,1.26546,1.26569,1.26539,1.26544,1863
2026-07-22T01:45:00+00:00,1.26544,1.26544,1.26521,1.26528,1913
2026-07-22T02:00:00+00:00,1.26528,1.26546,1.26524,1.26546,1340
2026-07-22T02:15:00+00:00,1.26546,1.26567,1.26526,1.26567,1233
2026-07-22T02:30:00+00:00,1.26567,1.26567,1.26537,1.26543,2048
2026-07-22T02:45:00+00:00,1.26543,1.26595,1.26543,1.26558,898
2026-07-22T03:00:00+00:00,1.26558,1.26576,1.26536,1.26573,2250
2026-07-22T03:15:00+00:00,1.26573,1.26573,1.26532,1.26532,2021
2026-07-22T03:30:00+00:00,1.26532,1.26532,1.26479,1.26484,1181
2026-07-22T03:45:00+00:00,1.26484,1.26501,1.26464,1.26464,777
2026-07-22T04:00:00+00:00,1.26464,1.26464,1.26409,1.26409,2195
2026-07-22T04:15:00+00:00,1.26409,1.26417,1.26389,1.26417,1939
2026-07-22T04:30:00+00:00,1.26417,1.26417,1.26399,1.26412,1786
2026-07-22T04:45:00+00:00,1.26412,1.26423,1.26399,1.26419,2004
2026-07-22T05:00:00+00:00,1.26419,1.26423,1.26402,1.26402,1067
2026-07-22T05:15:00+00:00,1.26402,1.26402,1.26381,1.26383,842
2026-07-22T05:30:00+00:00,1.26383,1.26400,1.26375,1.26394,426
2026-07-22T05:45:00+00:00,1.26394,1.26400,1.26362,1.26362,1864
2026-07-22T06:00:00+00:00,1.26362,1.26362,1.26309,1.26311,1985
2026-07-22T06:15:00+00:00,1.26311,1.26311,1.26197,1.26217,2093
2026-07-22T06:30:00+00:00,1.26217,1.26260,1.26213,1.26260,2385
2026-07-22T06:45:00+00:00,1.26260,1.26433,1.26260,1.26433,2038
2026-07-22T07:00:00+00:00,1.26433,1.26547,1.26433,1.26522,1443
2026-07-22T07:15:00+00:00,1.26522,1.26681,1.26484,1.26681,2066
2026-07-22T07:30:00+00:00,1.26681,1.26730,1.26628,1.26712,1708
2026-07-22T07:45:00+00:00,1.26712,1.26762,1.26646,1.26762,1777
2026-07-22T08:00:00+00:00,1.26762,1.26762,1.26700,1.26731,2275
2026-07-22T08:15:00+00:00,1.26731,1.26781,1.26731,1.26781,1185
2026-07-22T08:30:00+00:00,1.26781,1.26812,1.26781,1.26787,1571
2026-07-22T08:45:00+00:00,1.26787,1.26787,1.26677,1.26677,1534
2026-07-22T09:00:00+00:00,1.26677,1.26707,1.26677,1.26703,1060
2026-07-22T09:15:00+00:00,1.26703,1.26703,1.26639,1.26639,1614
2026-07-22T09:30:00+00:00,1.26639,1.26689,1.26638,1.26689,1103
2026-07-22T09:45:00+00:00,1.26689,1.26711,1.26689,1.26694,1230
2026-07-22T10:00:00+00:00,1.26694,1.26694,1.26670,1.26676,2383
2026-07-22T10:15:00+00:00,1.26676,1.26676,1.26653,1.26671,2035
2026-07-22T10:30:00+00:00,1.26671,1.26684,1.26670,1.26678,1401
2026-07-22T10:45:00+00:00,1.26678,1.26683,1.26672,1.26672,1453
2026-07-22T11:00:00+00:00,1.26672,1.26672,1.26603,1.26603,2425
2026-07-22T11:15:00+00:00,1.26603,1.26618,1.26574,1.26598,1747
2026-07-22T11:30:00+00:00,1.26598,1.26610,1.26562,1.26562,1748
2026-07-22T11:45:00+00:00,1.26562,1.26570,1.26530,1.26539,1238
2026-07-22T12:00:00+00:00,1.26539,1.26539,1.26486,1.26495,1120
2026-07-22T12:15:00+00:00,1.26495,1.26507,1.26481,1.26488,2233
2026-07-22T12:30:00+00:00,1.26488,1.26488,1.26424,1.26428,1469
2026-07-22T12:45:00+00:00,1.26428,1.26481,1.26410,1.26410,1663
2026-07-22T13:00:00+00:00,1.26410,1.26442,1.26396,1.26396,1415
2026-07-22T13:15:00+00:00,1.26396,1.26462,1.26396,1.26433,1657
2026-07-22T13:30:00+00:00,1.26433,1.26448,1.26380,1.26428,2126
2026-07-22T13:45:00+00:00,1.26428,1.26428,1.26376,1.26376,1224
2026-07-22T14:00:00+00:00,1.26376,1.26391,1.26336,1.26391,2349
2026-07-22T14:15:00+00:00,1.26391,1.26391,1.26316,1.26341,1851
2026-07-22T14:30:00+00:00,1.26341,1.26369,1.26336,1.26348,663
2026-07-22T14:45:00+00:00,1.26348,1.26351,1.26282,1.26282,1321
2026-07-22T15:00:00+00:00,1.26282,1.26303,1.26282,1.26293,1518
2026-07-22T15:15:00+00:00,1.26293,1.26349,1.26293,1.26322,1602
2026-07-22T15:30:00+00:00,1.26322,1.26322,1.26300,1.26300,1193
2026-07-22T15:45:00+00:00,1.26300,1.26300,1.26234,1.26241,1468
2026-07-22T16:00:00+00:00,1.26241,1.26268,1.26241,1.26263,946
2026-07-22T16:15:00+00:00,1.26263,1.26263,1.26244,1.26257,2319
2026-07-22T16:30:00+00:00,1.26257,1.26257,1.26213,1.26213,1597
2026-07-22T16:45:00+00:00,1.26213,1.26230,1.26195,1.26228,2202
2026-07-22T17:00:00+00:00,1.26228,1.26280,1.26228,1.26275,2445
2026-07-22T17:15:00+00:00,1.26275,1.26290,1.26275,1.26284,1618
2026-07-22T17:30:00+00:00,1.26284,1.26287,1.26254,1.26254,1249
2026-07-22T17:45:00+00:00,1.26254,1.26271,1.26244,1.26270,2349
2026-07-22T18:00:00+00:00,1.26270,1.26291,1.26241,1.26241,2282
2026-07-22T18:15:00+00:00,1.26241,1.26285,1.26241,1.26285,2446
2026-07-22T18:30:00+00:00,1.26285,1.26322,1.26285,1.26319,1175
2026-07-22T18:45:00+00:00,1.26319,1.26319,1.26292,1.26292,1731
2026-07-22T19:00:00+00:00,1.26292,1.26309,1.26284,1.26309,1856
2026-07-22T19:15:00+00:00,1.26309,1.26327,1.26309,1.26315,1647
2026-07-22T19:30:00+00:00,1.26315,1.26315,1.26267,1.26267,1600
2026-07-22T19:45:00+00:00,1.26267,1.26274,1.26267,1.26270,1260
2026-07-22T20:00:00+00:00,1.26270,1.26270,1.26257,1.26257,2210
2026-07-22T20:15:00+00:00,1.26257,1.26276,1.26257,1.26265,982
2026-07-22T20:30:00+00:00,1.26265,1.26275,1.26263,1.26268,1847
2026-07-22T20:45:00+00:00,1.26268,1.26268,1.26225,1.26225,1945
2026-07-22T21:00:00+00:00,1.26225,1.26225,1.26176,1.26176,1915
2026-07-22T21:15:00+00:00,1.26176,1.26193,1.26154,1.26193,2353
2026-07-22T21:30:00+00:00,1.26193,1.26217,1.26193,1.26197,1983
2026-07-22T21:45:00+00:00,1.26197,1.26197,1.26177,1.26188,2008
2026-07-22T22:00:00+00:00,1.26188,1.26205,1.26188,1.26203,750
2026-07-22T22:15:00+00:00,1.26203,1.26216,1.26202,1.26216,1282
2026-07-22T22:30:00+00:00,1.26216,1.26235,1.26216,1.26228,2145
2026-07-22T22:45:00+00:00,1.26228,1.26246,1.26228,1.26246,1516
2026-07-22T23:00:00+00:00,1.26246,1.26246,1.26228,1.26234,2243
2026-07-22T23:15:00+00:00,1.26234,1.26257,1.26234,1.26242,1331
2026-07-22T23:30:00+00:00,1.26242,1.26242,1.26223,1.26223,1438
2026-07-22T23:45:00+00:00,1.26223,1.26274,1.26223,1.26271,1992
2026-07-23T00:00:00+00:00,1.26271,1.26277,1.26240,1.26263,1782
2026-07-23T00:15:00+00:00,1.26263,1.26288,1.26259,1.26274,2013
2026-07-23T00:30:00+00:00,1.26274,1.26307,1.26260,1.26307,744
2026-07-23T00:45:00+00:00,1.26307,1.26321,1.26291,1.26304,1210
2026-07-23T01:00:00+00:00,1.26304,1.26318,1.26301,1.26314,992
2026-07-23T01:15:00+00:00,1.26314,1.26355,1.26314,1.26355,1134
2026-07-23T01:30:00+00:00,1.26355,1.26355,1.26293,1.26308,1687
2026-07-23T01:45:00+00:00,1.26308,1.26334,1.26308,1.26329,944
2026-07-23T02:00:00+00:00,1.26329,1.26329,1.26252,1.26252,1609
2026-07-23T02:15:00+00:00,1.26252,1.26278,1.26242,1.26263,2341
2026-07-23T02:30:00+00:00,1.26263,1.26298,1.26259,1.26298,1755
2026-07-23T02:45:00+00:00,1.26298,1.26335,1.26296,1.26330,2438
2026-07-23T03:00:00+00:00,1.26330,1.26340,1.26286,1.26286,2305
2026-07-23T03:15:00+00:00,1.26286,1.26296,1.26282,1.26291,1064
2026-07-23T03:30:00+00:00,1.26291,1.26298,1.26268,1.26274,1113
2026-07-23T03:45:00+00:00,1.26274,1.26278,1.26261,1.26261,819
2026-07-23T04:00:00+00:00,1.26261,1.26267,1.26248,1.26248,2110
2026-07-23T04:15:00+00:00,1.26248,1.26248,1.26204,1.26207,1001
2026-07-23T04:30:00+00:00,1.26207,1.26209,1.26191,1.26207,1702
2026-07-23T04:45:00+00:00,1.26207,1.26207,1.26178,1.26192,1006
2026-07-23T05:00:00+00:00,1.26192,1.26212,1.26187,1.26212,1536
2026-07-23T05:15:00+00:00,1.26212,1.26244,1.26212,1.26238,1053
2026-07-23T05:30:00+00:00,1.26238,1.26258,1.26238,1.26255,2090
2026-07-23T05:45:00+00:00,1.26255,1.26256,1.26234,1.26245,1133
2026-07-23T06:00:00+00:00,1.26245,1.26334,1.26244,1.26321,1389
2026-07-23T06:15:00+00:00,1.26321,1.26321,1.26243,1.26243,1332
2026-07-23T06:30:00+00:00,1.26243,1.26264,1.26163,1.26264,2324
2026-07-23T06:45:00+00:00,1.26264,1.26316,1.26264,1.26274,2252
2026-07-23T07:00:00+00:00,1.26274,1.26358,1.26274,1.26329,2541
2026-07-23T07:15:00+00:00,1.26329,1.26383,1.26329,1.26370,2092
2026-07-23T07:30:00+00:00,1.26370,1.26370,1.26348,1.26359,1644
2026-07-23T07:45:00+00:00,1.26359,1.26418,1.26359,1.26362,2930
2026-07-23T08:00:00+00:00,1.26362,1.26362,1.26319,1.26319,1631
2026-07-23T08:15:00+00:00,1.26319,1.26319,1.26238,1.26238,2306
2026-07-23T08:30:00+00:00,1.26238,1.26310,1.26238,1.26295,1560
2026-07-23T08:45:00+00:00,1.26295,1.26327,1.26295,1.26321,1386
2026-07-23T09:00:00+00:00,1.26321,1.26337,1.26321,1.26324,1034
2026-07-23T09:15:00+00:00,1.26324,1.26374,1.26324,1.26374,1260
2026-07-23T09:30:00+00:00,1.26374,1.26398,1.26374,1.26398,1662
2026-07-23T09:45:00+00:00,1.26398,1.26423,1.26392,1.26421,932
2026-07-23T10:00:00+00:00,1.26421,1.26421,1.26406,1.26419,945
2026-07-23T10:15:00+00:00,1.26419,1.26450,1.26415,1.26450,1886
2026-07-23T10:30:00+00:00,1.26450,1.26450,1.26418,1.26418,1566
2026-07-23T10:45:00+00:00,1.26418,1.26428,1.26417,1.26425,1541
2026-07-23T11:00:00+00:00,1.26425,1.26438,1.26417,1.26423,1689
2026-07-23T11:15:00+00:00,1.26423,1.26430,1.26417,1.26419,1496
2026-07-23T11:30:00+00:00,1.26419,1.26422,1.26401,1.26401,2267
2026-07-23T11:45:00+00:00,1.26401,1.26401,1.26353,1.26353,1105
2026-07-23T12:00:00+00:00,1.26353,1.26356,1.26336,1.26348,821
2026-07-23T12:15:00+00:00,1.26348,1.26348,1.26246,1.26246,2107
2026-07-23T12:30:00+00:00,1.26246,1.26350,1.26246,1.26350,2402
2026-07-23T12:45:00+00:00,1.26350,1.26425,1.26350,1.26400,1648
2026-07-23T13:00:00+00:00,1.26400,1.26413,1.26361,1.26361,1560
2026-07-23T13:15:00+00:00,1.26361,1.26445,1.26245,1.26245,2155
2026-07-23T13:30:00+00:00,1.26245,1.26258,1.26193,1.26227,1789
2026-07-23T13:45:00+00:00,1.26227,1.26232,1.26201,1.26221,2898
2026-07-23T14:00:00+00:00,1.26221,1.26237,1.26148,1.26148,2262
2026-07-23T14:15:00+00:00,1.26148,1.26148,1.26083,1.26113,1861
2026-07-23T14:30:00+00:00,1.26113,1.26227,1.26113,1.26224,2180
2026-07-23T14:45:00+00:00,1.26224,1.26224,1.26123,1.26167,2590
2026-07-23T15:00:00+00:00,1.26167,1.26202,1.26167,1.26196,1854
2026-07-23T15:15:00+00:00,1.26196,1.26250,1.26178,1.26239,1708
2026-07-23T15:30:00+00:00,1.26239,1.26255,1.26239,1.26240,1573
2026-07-23T15:45:00+00:00,1.26240,1.26251,1.26222,1.26224,1836
2026-07-23T16:00:00+00:00,1.26224,1.26230,1.26208,1.26216,2302
2026-07-23T16:15:00+00:00,1.26216,1.26216,1.26193,1.26196,1785
2026-07-23T16:30:00+00:00,1.26196,1.26201,1.26134,1.26134,1609
2026-07-23T16:45:00+00:00,1.26134,1.26134,1.26119,1.26128,1122
2026-07-23T17:00:00+00:00,1.26128,1.26154,1.26122,1.26154,1351
2026-07-23T17:15:00+00:00,1.26154,1.26173,1.26154,1.26171,1295
2026-07-23T17:30:00+00:00,1.26171,1.26171,1.26145,1.26145,1610
2026-07-23T17:45:00+00:00,1.26145,1.26157,1.26140,1.26149,1765
2026-07-23T18:00:00+00:00,1.26149,1.26152,1.26141,1.26152,1218
2026-07-23T18:15:00+00:00,1.26152,1.26158,1.26140,1.26158,1410
2026-07-23T18:30:00+00:00,1.26158,1.26182,1.26154,1.26182,1426
2026-07-23T18:45:00+00:00,1.26182,1.26182,1.26153,1.26158,2525
2026-07-23T19:00:00+00:00,1.26158,1.26180,1.26149,1.26173,2213
2026-07-23T19:15:00+00:00,1.26173,1.26180,1.26166,1.26166,655
2026-07-23T19:30:00+00:00,1.26166,1.26166,1.26139,1.26144,1088
2026-07-23T19:45:00+00:00,1.26144,1.26144,1.26103,1.26104,1922
2026-07-23T20:00:00+00:00,1.26104,1.26106,1.26095,1.26104,1115
2026-07-23T20:15:00+00:00,1.26104,1.26109,1.26103,1.26108,2181
2026-07-23T20:30:00+00:00,1.26108,1.26108,1.26079,1.26090,684
2026-07-23T20:45:00+00:00,1.26090,1.26110,1.26088,1.26088,1086
2026-07-23T21:00:00+00:00,1.26088,1.26102,1.26080,1.26102,1309
2026-07-23T21:15:00+00:00,1.26102,1.26116,1.26102,1.26108,1941
2026-07-23T21:30:00+00:00,1.26108,1.26121,1.26108,1.26121,1361
2026-07-23T21:45:00+00:00,1.26121,1.26122,1.26087,1.26087,2360
2026-07-23T22:00:00+00:00,1.26087,1.26098,1.26087,1.26088,1361
2026-07-23T22:15:00+00:00,1.26088,1.26102,1.26070,1.26070,2186
2026-07-23T22:30:00+00:00,1.26070,1.26117,1.26070,1.26117,984
2026-07-23T22:45:00+00:00,1.26117,1.26117,1.26088,1.26116,2624
2026-07-23T23:00:00+00:00,1.26116,1.26116,1.26070,1.26071,1231
2026-07-23T23:15:00+00:00,1.26071,1.26080,1.26071,1.26079,2002
2026-07-23T23:30:00+00:00,1.26079,1.26092,1.26074,1.26092,1281
2026-07-23T23:45:00+00:00,1.26092,1.26112,1.26092,1.26108,1564
2026-07-24T00:00:00+00:00,1.26108,1.26123,1.26076,1.26095,1723
2026-07-24T00:15:00+00:00,1.26095,1.26117,1.26085,1.26117,1955
2026-07-24T00:30:00+00:00,1.26117,1.26117,1.26079,1.26081,1681
2026-07-24T00:45:00+00:00,1.26081,1.26107,1.26081,1.26084,2935
2026-07-24T01:00:00+00:00,1.26084,1.26112,1.26074,1.26112,2620
2026-07-24T01:15:00+00:00,1.26112,1.26112,1.26081,1.26082,2093
2026-07-24T01:30:00+00:00,1.26082,1.26133,1.26082,1.26131,1445
2026-07-24T01:45:00+00:00,1.26131,1.26137,1.26106,1.26106,1233
2026-07-24T02:00:00+00:00,1.26106,1.26111,1.26087,1.26099,1287
2026-07-24T02:15:00+00:00,1.26099,1.26153,1.26087,1.26153,1946
2026-07-24T02:30:00+00:00,1.26153,1.26174,1.26142,1.26142,1616
2026-07-24T02:45:00+00:00,1.26142,1.26207,1.26142,1.26187,576
2026-07-24T03:00:00+00:00,1.26187,1.26199,1.26151,1.26153,1821
2026-07-24T03:15:00+00:00,1.26153,1.26153,1.26121,1.26122,948
2026-07-24T03:30:00+00:00,1.26122,1.26136,1.26116,1.26120,1669
2026-07-24T03:45:00+00:00,1.26120,1.26135,1.26103,1.26119,1676
2026-07-24T04:00:00+00:00,1.26119,1.26155,1.26118,1.26155,1746
2026-07-24T04:15:00+00:00,1.26155,1.26158,1.26133,1.26133,1693
2026-07-24T04:30:00+00:00,1.26133,1.26167,1.26123,1.26123,1497
2026-07-24T04:45:00+00:00,1.26123,1.26127,1.26086,1.26086,1493
2026-07-24T05:00:00+00:00,1.26086,1.26086,1.26069,1.26078,645
2026-07-24T05:15:00+00:00,1.26078,1.26102,1.26078,1.26082,1682
2026-07-24T05:30:00+00:00,1.26082,1.26110,1.26082,1.26110,1940
2026-07-24T05:45:00+00:00,1.26110,1.26141,1.26108,1.26108,2649
2026-07-24T06:00:00+00:00,1.26108,1.26148,1.26106,1.26148,1876
2026-07-24T06:15:00+00:00,1.26148,1.26234,1.26145,1.26213,2046
2026-07-24T06:30:00+00:00,1.26213,1.26236,1.26150,1.26152,2748
2026-07-24T06:45:00+00:00,1.26152,1.26225,1.26138,1.26225,2235
2026-07-24T07:00:00+00:00,1.26225,1.26376,1.26153,1.26376,1665
2026-07-24T07:15:00+00:00,1.26376,1.26376,1.26267,1.26336,2784
2026-07-24T07:30:00+00:00,1.26336,1.26396,1.26233,1.26233,1488
2026-07-24T07:45:00+00:00,1.26233,1.26265,1.26183,1.26265,2761
2026-07-24T08:00:00+00:00,1.26265,1.26278,1.26189,1.26278,1116
2026-07-24T08:15:00+00:00,1.26278,1.26328,1.26265,1.26286,1854
2026-07-24T08:30:00+00:00,1.26286,1.26286,1.26250,1.26250,1784
2026-07-24T08:45:00+00:00,1.26250,1.26251,1.26185,1.26189,1043
2026-07-24T09:00:00+00:00,1.26189,1.26205,1.26183,1.26183,2063
2026-07-24T09:15:00+00:00,1.26183,1.26195,1.26170,1.26195,2621
2026-07-24T09:30:00+00:00,1.26195,1.26211,1.26188,1.26209,1454
2026-07-24T09:45:00+00:00,1.26209,1.26234,1.26209,1.26234,2093
2026-07-24T10:00:00+00:00,1.26234,1.26262,1.26234,1.26262,1032
2026-07-24T10:15:00+00:00,1.26262,1.26273,1.26259,1.26263,1773
2026-07-24T10:30:00+00:00,1.26263,1.26288,1.26258,1.26280,852
2026-07-24T10:45:00+00:00,1.26280,1.26298,1.26272,1.26298,1747
2026-07-24T11:00:00+00:00,1.26298,1.26340,1.26298,1.26337,1811
2026-07-24T11:15:00+00:00,1.26337,1.26337,1.26295,1.26295,1240
2026-07-24T11:30:00+00:00,1.26295,1.26307,1.26248,1.26248,2177
2026-07-24T11:45:00+00:00,1.26248,1.26262,1.26222,1.26251,1277
2026-07-24T12:00:00+00:00,1.26251,1.26251,1.26216,1.26216,2118
2026-07-24T12:15:00+00:00,1.26216,1.26269,1.26216,1.26257,1670
2026-07-24T12:30:00+00:00,1.26257,1.26257,1.26219,1.26247,2723
2026-07-24T12:45:00+00:00,1.26247,1.26279,1.26242,1.26278,1444
2026-07-24T13:00:00+00:00,1.26278,1.26306,1.26250,1.26306,1916
2026-07-24T13:15:00+00:00,1.26306,1.26368,1.26226,1.26226,2137
2026-07-24T13:30:00+00:00,1.26226,1.26226,1.26054,1.26054,2015
2026-07-24T13:45:00+00:00,1.26054,1.26054,1.25961,1.25961,1393
2026-07-24T14:00:00+00:00,1.25961,1.26135,1.25961,1.26130,1805
2026-07-24T14:15:00+00:00,1.26130,1.26260,1.26130,1.26240,983
2026-07-24T14:30:00+00:00,1.26240,1.26244,1.26153,1.26153,1746
2026-07-24T14:45:00+00:00,1.26153,1.26153,1.26113,1.26117,1636
2026-07-24T15:00:00+00:00,1.26117,1.26119,1.26055,1.26055,1862
2026-07-24T15:15:00+00:00,1.26055,1.26055,1.26028,1.26049,1707
2026-07-24T15:30:00+00:00,1.26049,1.26103,1.26049,1.26103,1039
2026-07-24T15:45:00+00:00,1.26103,1.26124,1.26101,1.26120,1900
2026-07-24T16:00:00+00:00,1.26120,1.26166,1.26120,1.26144,1821
2026-07-24T16:15:00+00:00,1.26144,1.26156,1.26140,1.26140,1578
2026-07-24T16:30:00+00:00,1.26140,1.26140,1.26106,1.26109,2921
2026-07-24T16:45:00+00:00,1.26109,1.26115,1.26098,1.26115,1668
2026-07-24T17:00:00+00:00,1.26115,1.26124,1.26108,1.26108,884
2026-07-24T17:15:00+00:00,1.26108,1.26117,1.26099,1.26099,1699
2026-07-24T17:30:00+00:00,1.26099,1.26131,1.26099,1.26131,2063
2026-07-24T17:45:00+00:00,1.26131,1.26131,1.26116,1.26129,1286
2026-07-24T18:00:00+00:00,1.26129,1.26131,1.26107,1.26115,2018
2026-07-24T18:15:00+00:00,1.26115,1.26121,1.26112,1.26112,1398
2026-07-24T18:30:00+00:00,1.26112,1.26125,1.26112,1.26119,581
2026-07-24T18:45:00+00:00,1.26119,1.26134,1.26098,1.26098,1954
2026-07-24T19:00:00+00:00,1.26098,1.26129,1.26098,1.26122,1285
2026-07-24T19:15:00+00:00,1.26122,1.26132,1.26118,1.26120,1567
2026-07-24T19:30:00+00:00,1.26120,1.26120,1.26081,1.26081,825
2026-07-24T19:45:00+00:00,1.26081,1.26101,1.26081,1.26101,2200
2026-07-24T20:00:00+00:00,1.26101,1.26128,1.26098,1.26098,2008
2026-07-24T20:15:00+00:00,1.26098,1.26115,1.26098,1.26115,1933
2026-07-24T20:30:00+00:00,1.26115,1.26128,1.26111,1.26111,1519
2026-07-24T20:45:00+00:00,1.26111,1.26111,1.26083,1.26083,1289
2026-07-24T21:00:00+00:00,1.26083,1.26096,1.26075,1.26075,2238
2026-07-24T21:15:00+00:00,1.26075,1.26102,1.26075,1.26102,974
2026-07-24T21:30:00+00:00,1.26102,1.26114,1.26093,1.26105,1838
2026-07-24T21:45:00+00:00,1.26105,1.26118,1.26105,1.26118,702
2026-07-24T22:00:00+00:00,1.26118,1.26129,1.26118,1.26126,1161
2026-07-24T22:15:00+00:00,1.26126,1.26133,1.26100,1.26103,1107
2026-07-24T22:30:00+00:00,1.26103,1.26106,1.26084,1.26086,1312
2026-07-24T22:45:00+00:00,1.26086,1.26088,1.26079,1.26079,1189
2026-07-24T23:00:00+00:00,1.26079,1.26082,1.26060,1.26072,1099
2026-07-24T23:15:00+00:00,1.26072,1.26072,1.26047,1.26054,1268
2026-07-24T23:30:00+00:00,1.26054,1.26070,1.26052,1.26069,1551
2026-07-24T23:45:00+00:00,1.26069,1.26087,1.26068,1.26069,2018
